smiles,value
[*]C=C([*])c1ccc(NC=O)cc1,0.071
[*]CCCCCC[N+]([*])(C)C,0.0738
[*]C=C([*])c1ccccc1,0.0933
[*]CCCCCC[N+](C)(C)CCCCC[N+]([*])(C)C,0.1118
[*]C=C1C=C([*])C[N+](CCCCCCCC)(CCCCS(=O)(=O)O)C1,0.1701
[*]C=C([*])c1ccc(C#C)cc1,0.2213
[*]C=C([*])c1ccc(N)cc1,0.2334
[*]C=c1ccc(=c2ccc(=Cc3ccc([*])s3)s2)s1,0.6103
[*]C#CC(=C([*])c1cnc2ccccc2c1)c1cnc2ccccc2c1,0.7215
[*]c1cc2c(s1)-c1sc([*])cc1C2=C(C#N)C#N,0.7226
[*]/C=C\C=C[*],0.7763
[*]C=CC=CC=CC=C([*])CCS(=O)(=O)O,0.8154
[*]c1sc([*])c2nc(-c3ccccc3)c(CCCCCCC)nc12,0.8340000000000001
[*]C=c1ccc(=c2ccc(=Cc3ccc(-c4ccc([*])s4)s3)s2)s1,0.8779
[*]C#CC(=C([*])c1ccccc1)c1ccccc1,0.8844
[*]c1sc([*])c2nc(CCCCCC)c(CCCCCC)nc12,0.8923
[*]C=C([*])C#N,0.9111
[*]C=C([*])c1cccc(C#C)c1,0.9119
[*]c1ccc(-n2c(=O)c3ccc4c5cc6c([*])ccc6n5c(=O)c-4cc3c2=O)cc1C,0.9421
[*]=C=C=C(CCCCOC(=O)NC(C)C)C(=[*])CCCCOC(=O)NC(C)C,0.9608
[*]c1cc2c(s1)-c1sc(-c3sc(-c4sc([*])c5c4OCCO5)c4c3OCCO4)cc1C2=C(C#N)C#N,0.9689
[*]C=Cc1sc([*])c2c1OC(CCCCCC)CO2,0.9769
[*]NC(=S)NO[*],0.9802
[*]c1sc([*])c2nc(CCCCCCCCCCC)c(CCCCCCCCCCC)nc12,0.9973
[*]C#CC(CCCCOC(=O)NCCC)=C([*])CCCCOC(=O)NCCC,1.0016
[*]c1sc(-c2sc(-c3sc([*])c4nccnc34)c3c2OCCO3)c2c1OCCO2,1.021
[*]Oc1ccc(C(=Nc2ccc(N=C(c3ccccc3)c3ccc(On4c(=O)c5c(F)c6c(=O)n([*])c(=O)c6c(F)c5c4=O)cc3)cc2)c2ccccc2)cc1,1.0253
[*]NC(=S)C(C=C1)=CC=C1C(=S)[*],1.0789
[*]C(c1cccs1)=c1ccc(=c2ccc(=C(c3cccs3)c3ccc(-c4ccc([*])s4)s3)s2)s1,1.0912
[*]C=C([*])c1cccc(C#C)n1,1.0964
[*]C=C([*])c1cccc2ccccc12,1.1157
[*]c1sc(-c2cc(OCCCCC)c([*])s2)cc1OCCCCC,1.1386
[*]C=C([*])c1ccc([N+](=O)[O-])cc1,1.15
[*]c1cc2c(s1)-c1sc([*])cc1C2=O,1.1662
[*]C1=CC2=CC([*])=NC2=N1,1.1879
[*]c1cc2c(s1)-c1sc(-c3sc(-c4sc([*])c5c4OCCO5)c4c3OCCO4)cc1C2=O,1.2082
[*]c1sc(-c2sc(-c3sc([*])c4nccnc34)c3c2OC(CCCCCC)CO3)c2c1OCC(CCCCCC)O2,1.2188
[*]C#CC=C[*],1.2297
[*]CC([*])C(=O)n1sc2ccccc2c1=O,1.2332
[*]c1cc2c(s1)-c1sc([*])cc1C2=C1c2ccsc2-c2sccc21,1.2481
[*]c1sc([*])c2ccccc12,1.2499
[*]c1sc([*])c(CCCCCCN(CC)c2ccc(N=Nc3ccc([N+](=O)[O-])cc3)cc2)c1CCCCCC,1.2631
[*]c1cc(CCN(CC)c2ccc(N=Nc3ccc(C=C(C#N)C#N)cc3)cc2)c([*])s1,1.2692
[*]c1ccc(C(=O)Nc2ccc(-c3ccc(NC(=O)c4ccc(-n5c(=O)c6sc7c(=O)n([*])c(=O)c7sc6c5=O)cc4)cc3)cc2)cc1,1.3147
[*]c1cc(OCCCCCCC)c([*])s1,1.3206
[*]C#CC(CO)=C([*])n1c2ccccc2c2ccccc21,1.3335
[*]c1sc([*])c2c1OCCO2,1.338
[*]CC(=S)C(=O)C(=S)[*],1.354
[*]C1=C(CCCCCC)C(CCCCCC)=C(c2sc(-c3sc([*])c4c3OCCO4)c3c2OCCO3)S1(=O)=O,1.3578
[*]C1=CC2=NC([*])=CC2=N1,1.3597
[*]C=CC1=C(O)C(O)=C([*])C1,1.3602
[*]c1ccc(-c2ccc(-c3sc([*])c4c3OCCO4)s2)s1,1.3711
[*]c1cc(OCCOCCOC)c([*])s1,1.3804
[*]c1cc2c(s1)-c1sc(-c3cc4c(s3)-c3sc([*])cc3C4(CC(CC)CCCC)CC(CC)CCCC)cc1C2=O,1.3805
[*]c1sc([*])c(OCCCC)c1OCCCC,1.381
[*]C=C([*])c1cccc(Cl)c1,1.3963
[*]c1cc(SCCCCCCCCCCCC)c([*])s1,1.4145
[*]c1cc(OCCOC)c([*])s1,1.4267
[*]c1cc(-c2cc(C)c(Br)cc2C)c([*])s1,1.4380000000000002
[*]C=Cc1ccc([*])n1C,1.4458
[*]c1sc(-c2cc(CCCCCCCCCC)c([*])s2)cc1CCCCCCCCCC,1.4512
[*]C(S1)=CC=C1C(S2)=CC=C2C(S3)=CC=C3C(=S)[*],1.4704
[*]c1ccc(-c2cc(CCCCCCCCCCCC)c([*])s2)s1,1.4731
[*]C=C[*],1.4732
[*]C(c1ccccc1)=c1ccc(=c2ccc(=C(c3ccccc3)c3ccc(-c4ccc([*])s4)s3)s2)s1,1.4792
[*]c1ccc(-c2ccc(-c3ccc([*])s3)s2)o1,1.4999
[*]N=Cc1ccc(C=Nc2sc([*])c(C#N)c2C#N)cc1,1.5069
[*]c1cc(CCCCCCOC(=O)COC)c([*])s1,1.5263
[*]c1ccc(C(=O)Nc2ccc(NC(=O)c3ccc(-n4c(=O)c5sc6c(=O)n([*])c(=O)c6sc5c4=O)cc3)cc2)cc1,1.5265
[*]c1sc([*])c2c1OCC(CCCCCCCCCCCC)O2,1.5289
[*]c1cc(SC)c([*])s1,1.5295
[*]c1sc(-c2cc(SCC(C)CC)c([*])s2)cc1SCC(C)CC,1.5342
[*]C=Cc1ccc([*])n1CCCCCCCCCCCC,1.5362
[*]c1sc([*])c([2H])c1[2H],1.5424
[*]c1sc([*])c(OCCOCCCC)c1C,1.5443
[*]c1cc(SCCCCCC)c([*])s1,1.5446
[*]C#Cc1cc(CCCCCC)c([*])s1,1.5455
[*]c1ccc([*])s1,1.5514
[*]c1sc(-c2cc(CCCCCC)c([*])s2)cc1CCCCCC,1.5552
[*]C=C([*])c1cccc(Br)c1,1.5553
[*]c1sc([*])c(CCCCCCN(CC)c2ccccc2)c1CCCCCC,1.5590000000000002
[*]C#CC#Cc1cc2sc([*])cc2s1,1.561
[*]c1ccc(-c2cc(-c3ccc(CCCCCCCC)cc3)c([*])s2)s1,1.564
[*]c1cc(CCOC(=O)NCCCC)c([*])s1,1.5835
[*]c1cc(CC(=O)OCC)c([*])s1,1.589
[*]C=Cc1ccc([*])n1CCCCCC,1.5933
[*]c1ccc(-c2ccn3sc4nc5nc6c(cc5oc-4cc-3nc2)Nc2nc3ccc([*])cc3nc2O6)cc1,1.5944
[*]C#CC#Cc1ccc([*])s1,1.5989
[*]Oc1ccc2nc3oc4cc5oc6c7c(cn6ccc5on4cnc3c12)nc1c([*])ccccc17,1.6019
[*]C#CC#Cc1ccc(-c2ccc([*])s2)s1,1.6029
[*]C=CC(C)=C(C)C=Cc1ccc(-c2ccc([*])s2)s1,1.6111
[*]c1cc(COCCOCCOC)c(-c2cc(CCCCCCCCCCCC)c([*])s2)s1,1.6134
[*]c1cc(-c2cc(CCCCCCCC)ccc2CCCCCCCC)c([*])s1,1.6153
[*]c1ccc(N(c2ccc(C#N)cc2)c2ccc(-n3c(=O)c4cc5c(=O)n([*])c(=O)c5cc4c3=O)cc2)cc1,1.6309
[*]c1ccc(-c2cc(CCCCCCCCCCC)c([*])s2)s1,1.6329
[*]C#Cc1ccc([*])s1,1.6401
[*]C=Cc1cc(OC)c(C=Cc2ccc([*])s2)cc1OC,1.6407
[*]c1cc(C)c([*])s1,1.644
[*]c1cc(C#N)c([*])s1,1.6457
[*]N=CC(C)=CC=CC=C(C)C=Nc1nc(-c2csc([*])n2)cs1,1.6482
[*]c1ccc(C(=O)Nc2ccc(Oc3ccc(NC(=O)c4ccc(-n5c(=O)c6cc7c(=O)n([*])c(=O)c7cc6c5=O)cc4)cc3)cc2)cc1,1.6551
[*]CC(=S)C(C=C1)=CC=C1C(=S)[*],1.6553
[*]c1cc2sc([*])cc2s1,1.6684
[*]CC([*])C(=O)c1ccccc1O,1.6926
[*]c1ccc(Nc2ccc(-n3c(=O)c4cc5c(=O)n([*])c(=O)c5cc4c3=O)cc2)cc1,1.6941
[*]c1cc2sc3cc([*])sc3c2s1,1.6985
[*]C=Cc1cc(CCCCCC)c(-c2sc([*])cc2CCCCCC)s1,1.7047
[*]C=Cc1ccc([*])c2occc12,1.7116
[*]c1sc([*])c2c1OCC(CCCCS(=O)(=O)O)O2,1.7125
[*]C#Cc1sc(-c2sc([*])c3c2OCCO3)c2c1OCCO2,1.714
[*]C1=C2OCCOC2=C(c2sc(-c3sc([*])c4c3OCCO4)c3c2OCCO3)S1(=O)=O,1.7225
[*]C#Cc1cc(CCCCCC)c(C#Cc2sc([*])c([N+](=O)[O-])c2[N+](=O)[O-])s1,1.7301
[*]c1ccc(-c2ccc(-c3ccc([*])s3)o2)o1,1.7382
[*]C#Cc1cc(OCCCCCCCCCCCC)c([*])cc1OCCCCCCCCCCCC,1.7402
[*]C1=CC=C(c2sc(-c3sc([*])c4c3OCCO4)c3c2OCCO3)S1(=O)=O,1.7641
[*]N=Nc1ccc([*])cc1,1.7681
[*]NC(S1)=CC=C1C(=S)C(S2)=CC=C2[*],1.771
[*]c1cc(CC(=O)OC)c([*])s1,1.7719999999999998
[*]C=Cc1ccc([*])c(OC)c1,1.7776
[*]c1ccc(-c2ccc(-c3cc(OCCCCCCCCCCCC)c([*])s3)s2)s1,1.7783
[*]c1ccc([*])o1,1.7785
[*]C#Cc1cc(OCCCCCCCCCC)c([*])cc1OCCCCCCCCCC,1.7935
[*]c1ccc(-c2cc(CCCCCCBr)c([*])s2)s1,1.8008
[*]c1cc(C(=O)OCCCCCCCC)c([*])s1,1.8008
[*]CC([*])n1ccc2ccccc21,1.8061
[*]c1cc(CCCC(F)(F)C(F)(F)C(F)(F)C(F)(F)F)c([*])s1,1.8122
[*]C1=C2OCCOC2=C(c2ccc(-c3ccc([*])s3)s2)S1(=O)=O,1.8236
[*]c1ccc(-c2cc(CCCCCCCCCF)c([*])s2)s1,1.8341
[*]c1nc(CCCCCC)c(-c2sc([*])nc2CCCCCC)s1,1.8419
[*]c1cnc([*])s1,1.8622
[*]N=C1c2ccccc2C(=Nc2ccc([*])cc2)c2ccccc21,1.8734
[*]c1cc(-c2sc(-c3cc(C)c([*])s3)cc2C)c2cccccc1-2,1.8844
[*]c1cc(CCOc2ccc(N=Nc3ccc(C#N)cc3)cc2)c([*])s1,1.8862
[*]c1ccc(-c2ccc(-c3ccc([*])n3C)o2)s1,1.8872
[*]C(=O)c1ccc2c(c1)C(=O)N(c1ccc(N(c3ccc(C#N)cc3)c3ccc(N4C(=O)c5ccc([*])cc5C4=O)cc3)cc1)C2=O,1.8892
[*]C=C([*])c1ccccc1C(F)(F)F,1.8895
[*]c1ccc(Oc2ccc(-n3c(=O)c4cc5c(=O)n(-c6ncc([*])s6)c(=O)c5cc4c3=O)cc2)cc1,1.8896
[*]N=Nc1ccc(C=Cc2ccc([*])cc2)cc1,1.8934
[*]C(=O)C(S1)=CC=C1C(S2)=CC=C2C(S3)=CC=C3[*],1.9059
[*]NC(=O)C(=S)C(S1)=CC=C1[*],1.9091
[*]c1ccc(-c2ccc(-c3ccc([*])s3)s2)cc1,1.9121
[*]CC([*])OC(=O)c1ccccc1Cl,1.9134
[*]C=CC=CC=Cc1cc(CCCCCCC)c([*])cc1CCCCCCC,1.9218
[*]C=C([*])c1ccc2ccc3cccc4ccc1c2c34,1.9286
[*]c1ccc(Nc2cccc(-n3c(=O)c4cc5c(=O)n([*])c(=O)c5cc4c3=O)c2)cc1,1.9399
[*]CC([*])c1cccs1,1.9401
[*]c1ccc(Oc2ccc(-n3c(=O)c4c(Oc5ccc(OCCCC)cc5)c5c(=O)n([*])c(=O)c5c(Oc5ccc(OCCCC)cc5)c4c3=O)cc2)cc1,1.9436
[*]C#Cc1ccc(C#Cc2sc([*])c([N+](=O)[O-])c2[N+](=O)[O-])cc1,1.9456
[*]Nc1cc([N+](=O)[O-])c(NC(=O)c2ccc(C([*])=O)cc2)cc1C=Cc1ccc(N(C)C)cc1,1.9467
[*]C=Cc1ccc([*])nc1,1.9477
[*]c1ccc(-c2cc(CCCCCCOC(=O)COc3ccccc3)c([*])s2)s1,1.9503
[*]c1cc(CCCCCCCCCCCC(=O)Oc2ccc([N+](=O)[O-])cc2)c([*])s1,1.9537
[*]C=Cc1cc(OC)c([*])cc1Br,1.9552
[*]c1ccc(-c2ccc(-n3c(=O)c4c(F)c5c(=O)n([*])c(=O)c5c(F)c4c3=O)cc2OC)c(OC)c1,1.9563
[*]c1ccc(Oc2ccc(Oc3ccc(-n4c(=O)c5cc6c(=O)n([*])c(=O)c6cc5c4=O)cc3)cc2C(C)(C)C)cc1,1.9571
[*]c1ccc(Oc2ccc(-n3c(=O)c4c(Oc5ccc(OC)cc5)c5c(=O)n([*])c(=O)c5c(Oc5ccc(OC)cc5)c4c3=O)cc2)cc1,1.9581
[*]CC(O)CN([*])c1ccc(N=Nc2ccc(C#N)cc2)cc1,1.9599
[*]N=Cc1ccc(-c2ccc(C=Nc3ccc4c(c3)c3cc([*])ccc3n4CC)s2)s1,1.9698
[*]C=Cc1ccc(C=Cc2nc3cc4sc([*])nc4cc3s2)cc1,1.971
[*]C(C=C1)=CC=C1C(S2)=CC=C2C(S3)=CC=C3C(S4)=CC=C4[*],1.9732
[*]NC1=CC(=O)C([*])=CC1=O,1.9806
[*]C=Cc1ccc(C=Cc2nc3cc4nc([*])[nH]c4cc3[nH]2)cc1,1.9821
[*]CCCCCn1c(=O)c2ccc3c4ccc5c(=O)n([*])c(=O)c6ccc(c7ccc(c1=O)c2c37)c4c56,1.9843
[*]c1ccc(Oc2ccc(N3C(=O)c4ccc(C(=O)c5ccc6c(c5)C(=O)N(c5ncc([*])s5)C6=O)cc4C3=O)cc2)cc1,1.988
[*]CC(=O)C(=S)C(=O)[*],1.9894
[*]c1ccc(-c2ccc3nc4oc5cc6[nH]c7nc8cc([*])ccc8nc7nc-6[nH]c=5n-4ccc3c2)cc1,1.9943
[*]c1cc(-c2sc(-c3cc(CCCC)c([*])s3)cc2CCCC)c2cccccc1-2,1.9953
[*]c1ccc(Oc2cccc3c(Oc4ccc(-n5c(=O)c6cc7c(=O)n([*])c(=O)c7cc6c5=O)cc4)cccc23)cc1,2.0006
[*]CCCCCCCCn1c(=O)c2ccc3c4ccc5c(=O)n([*])c(=O)c6ccc(c7ccc(c1=O)c2c37)c4c56,2.0018
[*]c1cc(OCCOCCOC)c(-c2sc([*])c3c2OCCO3)s1,2.0039
[*]c1ccc(SSc2ccc(-n3c(=O)c4cc5c(=O)n([*])c(=O)c5cc4c3=O)cc2)cc1,2.0072
[*]Nc1ccc(Cc2ccc(NC(=O)c3cc(C([*])=O)cc(N4C(=O)C=CC4=O)c3)cc2)cc1,2.0132
[*]Nc1ccc(C=Cc2ccc(NC(=C(C#N)C#N)c3ccc(C([*])=C(C#N)C#N)cc3)cc2)cc1,2.0183
[*]c1cc(C=NC(=S)Nc2ccc(-n3c(=O)c4cc5c(=O)n([*])c(=O)c5cc4c3=O)cc2)ccc1Cl,2.0258
[*]C(C=C1)=CC=C1C(=S)C(S2)=CC=C2C(=S)[*],2.0305
[*]c1ccc([*])n1CCC(=O)OC(C)C(=O)OCC,2.0323
[*]c1cc(CC)c([*])s1,2.0436
[*]Nc1cc([N+](=O)[O-])c(NC(=O)c2c(F)cc(C([*])=O)cc2F)cc1C=Cc1ccc(N(C)C)cc1,2.0452
[*]C#Cc1cc(OCCCCCCCCCCCC)c(C#Cc2ccc([*])c([N+](=O)[O-])c2)cc1OCCCCCCCCCCCC,2.0462
[*]c1ccc(-c2ccc(-c3ccc([*])s3)s2)[nH]1,2.0469
[*]C(C=C1)=CC=C1C(S2)=CC=C2C(=S)C(S3)=CC=C3[*],2.0488
[*]C(=O)C(S1)=CC=C1C(S2)=CC=C2C(=S)[*],2.0567
[*]N=NNc1ccc(NN=Nc2ccc([*])cc2)cc1,2.0596
[*]c1ccc(-c2ccc(-c3cc([*])c4cccccc3-4)s2)s1,2.0596
[*]c1ccc(N(c2ccc(C#N)cc2)c2ccc(N3C(=O)c4ccc(-c5ccc6c(c5)C(=O)N([*])C6=O)cc4C3=O)cc2)cc1,2.0603
[*]C=Nc1ccc(N=Cc2ccc(-c3ccc([*])o3)o2)cc1,2.0682
[*]C(=O)c1ccc2c(c1)C(=O)N(c1ccc(C=Cc3ccc(N4C(=O)c5ccc([*])cc5C4=O)cc3)cc1)C2=O,2.0708
[*]c1ccc(-c2ccc(-c3ccc(-c4ccc(-c5ccc([*])n5CCCCCCCCCCCC)s4)s3)s2)s1,2.0759
[*]c1ccc(Oc2ccc(-n3c(=O)c4c(F)c5c(=O)n([*])c(=O)c5c(F)c4c3=O)cc2)cc1,2.0806
[*]C(C=C1)=CC=C1C(=S)C(S2)=CC=C2C(S3)=CC=C3[*],2.0836
[*]c1cc2c(s1)-c1sc([*])cc1C2CCCCCCN,2.0844
[*]c1ccc(-c2ccc(-c3ccc(-c4ccc([*])n4CCCCCCCCCCCC)s3)s2)s1,2.0944
[*]c1cc(CCOC(=O)C(C)Br)c([*])s1,2.0981
[*]c1ccc(-n2c(=O)c3cc4c(=O)n(-n5c6ccc([*])cc6c6cccnc65)c(=O)c4cc3c2=O)cc1,2.0994
[*]C#CC#Cc1ccc([*])cc1,2.103
[*]C=Cc1ccc([*])c2sccc12,2.1063
[*]c1ccc(Oc2ccc3ccc(Oc4ccc(-n5c(=O)c6cc7c(=O)n([*])c(=O)c7cc6c5=O)cc4)cc3c2)cc1,2.1084
[*]CC([*])OC(=O)c1ccc(Cl)cc1,2.1125
[*]c1sc([*])c(OCCCC)c1C,2.1145
[*]c1cc(-c2nc3ccccc3[nH]2)cc(-n2c(=O)c3cc4c(=O)n([*])c(=O)c4cc3c2=O)c1,2.1187
[*]C=Cc1ccc([*])c(F)c1,2.119
[*]C(=O)c1ccc2c(c1)C(=O)N(c1ccc(Oc3ccc(-c4ccc(Oc5ccc(N6C(=O)c7ccc([*])cc7C6=O)cc5)cc4)cc3)cc1)C2=O,2.13
[*]c1ccc(C(=O)CNc2cccc(NCC(=O)c3ccc(S([*])(=O)=O)cc3)c2)cc1,2.133
[*]c1ccc(Oc2ccc(C(C)(C)c3ccc(Oc4ccc(-n5c(=O)c6cc7c(=O)n([*])c(=O)c7cc6c5=O)cc4)cc3)cc2)cc1,2.1376
[*]CC([*])c1ccc(F)cc1,2.1384
[*]C=Cc1ccc(-c2ccc([*])s2)s1,2.1384
[*]c1ccc(-c2ccc(-c3ccc(-n4c(=O)c5cc6c(=O)n([*])c(=O)c6cc5c4=O)cc3)cc2)cc1,2.1393
[*]c1ccc2c(c1)nc1c3cc4c(=O)n5c6cc([*])ccc6nc5c4cc3c(=O)n21,2.1402
[*]c1ccc2c(c1)Cc1cc(-n3c(=O)c4cc5c(=O)n([*])c(=O)c5cc4c3=O)ccc1-2,2.1465
[*]CC([*])c1cc(O)ccc1O,2.1475
[*]C=CC=Cc1nc2cc3sc([*])nc3cc2s1,2.1517
[*]SC([*])=S,2.1529
[*]N=Nc1ccc(-c2ccc([*])c(C)c2)cc1C,2.1576
[*]CC([*])c1ccccc1C(=O)Oc1ccccc1,2.1638
[*]N=C1c2ccccc2C(=Nc2ccc([*])cc2)c2ccc(C(C)(C)C)cc21,2.1672
[*]c1ccc(Oc2cc3ccccc3cc2Oc2ccc(-n3c(=O)c4cc5c(=O)n([*])c(=O)c5cc4c3=O)cc2)cc1,2.1718
[*]Sc1c(F)c(F)c([*])c(F)c1F,2.1722
[*]Nc1ccc(-c2ccc(NC3=CC(=O)C([*])=CC3=O)cc2)cc1,2.1743
[*]NC(S1)=CC=C1C(S2)=CC=C2C(=S)[*],2.1763
[*]C(=O)c1ccc2c(c1)C(=O)N(c1ccc(Sc3ccc(N4C(=O)c5ccc([*])cc5C4=O)cn3)nc1)C2=O,2.1786
[*]c1ccc([*])n1C(=O)OCC,2.1791
[*]CC(=O)Nc1ccc(Oc2cccc(NC(=O)CN3C(=O)c4ccc(C(=O)c5ccc6c(c5)C(=O)N([*])C6=O)cc4C3=O)c2)cc1,2.1817
[*]C(=O)C(S1)=CC=C1C(=S)C(S2)=CC=C2[*],2.182
[*]c1c2ccccc2c([*])n1C,2.1822
[*]C#Cc1cc(OCCOCCOC)c(C#Cc2ccc([*])c([N+](=O)[O-])c2)cc1OCCOCCOC,2.1853
[*]N=c1c(=Nc2ccc([*])cc2)c2cccc3cccc1c32,2.1865
[*]c1ccc(-c2nc3cc(-n4c(=O)c5cc6c(=O)n([*])c(=O)c6cc5c4=O)ccc3[nH]2)cc1,2.1869
[*]NC(S1)=CC=C1C(=O)C(=S)[*],2.196
[*]c1ccc(-c2ccc(-c3ccc([*])s3)s2)cn1,2.2046
[*]c1ccc(Oc2ccc(-n3c(=O)c4cc5c(=O)n([*])c(=O)c5cc4c3=O)cc2-c2ccccc2)cc1,2.2077
[*]CC(=S)C(S1)=CC=C1C(=S)[*],2.2116
[*]c1cc(CCCc2ccccc2)c([*])s1,2.2134
[*]c1nc2cc3nc(-c4ccc([*])o4)[nH]c3cc2[nH]1,2.2148
[*]c1ccc(-c2ccc(-n3c(=O)c4cc5c(=O)n([*])c(=O)c5cc4c3=O)cc2)cc1,2.2166
[*]CC(=O)Nc1ccc(Cc2ccc(NC(=O)CN3C(=O)c4ccc(C(=O)c5ccc6c(c5)C(=O)N([*])C6=O)cc4C3=O)cc2)cc1,2.2184
[*]C(C=C1)=CC=C1C(C=C2)=CC=C2C(S3)=CC=C3C(S4)=CC=C4[*],2.2233
[*]c1cc(-n2c(=O)c3cc4c(=O)n(-c5ccc(-c6nnc([*])n6N)cc5)c(=O)c4cc3c2=O)c(-c2c(Cl)cccc2Cl)s1,2.2264
[*]NC(S1)=CC=C1C(S2)=CC=C2C(S3)=CC=C3[*],2.2308
[*]NC(=O)C(=S)C(=O)[*],2.2323
[*]CC([*])c1ccc(Br)cc1,2.235
[*]NC(S1)=CC=C1C(S2)=CC=C2C(=O)[*],2.2351
[*]c1ccc(Oc2ccc(Oc3ccc(-n4c(=O)c5cc6c(=O)n([*])c(=O)c6cc5c4=O)cc3)cc2)cc1,2.2398
[*]NC(S1)=CC=C1C(=O)C(S2)=CC=C2[*],2.2404
[*]C(C)=C(C)c1ccc(-c2ccc([*])s2)s1,2.2477
[*]c1ccc(-c2ccc(-c3ccc([*])n3C)o2)o1,2.2511
[*]C(=O)C(S1)=CC=C1C(=O)C(=S)[*],2.2532
[*]c1ccc(-c2ccc(-n3c(=O)c4cc5c(=O)n([*])c(=O)c5cc4c3=O)cc2OC)c(OC)c1,2.2535
[*]Oc1ccc(NC2=C(Cl)C(=O)C(Nc3ccc([*])cc3)=C(Cl)C2=O)cc1,2.2616
[*]c1cc(CCCCCCCCCCBr)c([*])s1,2.2633
[*]c1[nH]c([*])c2c1CCC2,2.2689
[*]c1ccc(Oc2ccccc2Oc2ccc(-n3c(=O)c4cc5c(=O)n([*])c(=O)c5cc4c3=O)cc2)cc1,2.2739
[*]Oc1ccc(N=C2c3ccccc3C(=Nc3ccc([*])cc3)c3ccccc32)cc1,2.2831
[*]C(=O)Oc1ccc(OC(=O)c2ccc3c(c2)C(=O)N(c2ccc(Oc4ccc(Oc5ccc(N6C(=O)c7ccc([*])cc7C6=O)cc5)cc4)cc2)C3=O)cc1,2.2849
[*]C1=CSC(=C2SC=C(c3ccc([*])cc3)S2)S1,2.2854
[*]Nc1ccc([*])c2cc3ccccc3cc12,2.2861
[*]c1ccc(-c2ccc(-c3nc(CCCCCCCCCCCC)c(-c4sc([*])nc4CCCCCCCCCCCC)s3)s2)s1,2.29
[*]c1cc(CCCCCCCCCC(O)CO)c([*])s1,2.2905
[*]c1ccc(N(c2ccc(C#N)cc2)c2ccc(N3C(=O)c4ccc(Oc5ccc6c(c5)C(=O)N([*])C6=O)cc4C3=O)cc2)cc1,2.2952
[*]c1cc(COCCCCCCCCOc2ccc(-c3ccc(OC)cc3)cc2)c([*])s1,2.2969
[*]C#Cc1sc(C#Cc2ccc([*])nc2)c([N+](=O)[O-])c1[N+](=O)[O-],2.3098
[*]CCN1C(=O)C(=CC=C2SC(=S)N([*])C2=O)SC1=S,2.3105
[*]c1ccc2ccc3c([*])cc(C#CC#C[Si](C)(C)C)c4ccc1c2c34,2.3122
[*]c1cc(CCS(=O)(=O)O)c([*])s1,2.3139
[*]C#Cc1cc(OCCCCCCCC)c(C#Cc2ccc([*])s2)cc1OCCCCCCCC,2.3184
[*]c1cc(CCCCCCCCCCCCCCCCCCCCCC)c([*])s1,2.319
[*]c1cc(CCCCCCCCCCCC)c([*])s1,2.3195
[*]C(=O)Nc1ccc(Nc2ccc(N3C(=O)c4ccc([*])cc4C3=O)cc2)cc1,2.3212
[*]c1cc(CCCC)c([*])s1,2.3242
[*]NC(C=C1)=CC=C1C(=S)C(C=C2)=CC=C2[*],2.3252
[*]C(=O)c1ccc2c(c1)C(=O)N(c1ccc(Oc3cc(C(C)(C)C)c(Oc4ccc(N5C(=O)c6ccc([*])cc6C5=O)cc4)cc3C(C)(C)C)cc1)C2=O,2.3313
[*]NC(S1)=CC=C1C(=S)C(C=C2)=CC=C2[*],2.3315
[*]C(=O)c1ccc2c(c1)C(=O)N(c1cccc(C(=O)N(C)c3ccc(N4C(=O)c5ccc([*])cc5C4=O)cc3)c1)C2=O,2.3323
[*]c1ccc([*])n1C(=O)NO,2.3343
[*]c1cc(COCCCCCCOc2ccc(-c3ccc(C#N)cc3)cc2)c([*])s1,2.3352
[*]C(C=C1)=CC=C1C(C=C2)=CC=C2C(S3)=CC=C3C(=S)[*],2.3377
[*]c1cc(CCCCCCCCC)c([*])s1,2.3395
[*]c1ccc2ccc3c([*])cc(C#CC=C)c4ccc1c2c34,2.3431
[*]C(=O)c1ccc2c(c1)C(=O)N(c1ccc(-c3ccc(-c4ccc(N5C(=O)c6ccc([*])cc6C5=O)cc4)cc3)cc1)C2=O,2.3433
[*]C(=O)c1ccc2c(c1)C(=O)N(c1ccc3c(c1)Cc1cc(N4C(=O)c5ccc([*])cc5C4=O)ccc1-3)C2=O,2.344
[*]C(=O)Nc1ccc(NC(=O)c2ccc3[nH]c(-c4cc(-c5nc6cc([*])ccc6[nH]5)cc(N5C(=O)c6ccccc6C5=O)c4)nc3c2)cc1,2.347
[*]C(=O)c1ccc2c(c1)C(=O)N(c1cc(-c3nc4ccccc4[nH]3)cc(N3C(=O)c4ccc([*])cc4C3=O)c1)C2=O,2.3475
[*]c1cc(CCCCCCO[Si](C)(C)C)c([*])s1,2.352
[*]c1cc(CCCCC)c([*])s1,2.3523
[*]c1ccc(OCC2CCC(COc3ccc(-n4c(=O)c5cc6c(=O)n([*])c(=O)c6cc5c4=O)cc3)CC2)cc1,2.3532
[*]c1cc(CCCCCC)c([*])s1,2.3549
[*]C(=O)C(C=C1)=CC=C1C(S2)=CC=C2C(=S)[*],2.3581
[*]C(=O)C(S1)=CC=C1C(C=C2)=CC=C2C(=S)[*],2.3582
[*]C(C=C1)=CC=C1C(S2)=CC=C2C(C=C3)=CC=C3C(=S)[*],2.359
[*]c1ccc(-c2ccc(-c3cc(CCCCCCCC)c([*])s3)s2)s1,2.3617
[*]c1ccc(Oc2ccc(-n3c(=O)c4cc5c(=O)n([*])c(=O)c5cc4c3=O)cc2)cc1,2.3618
[*]c1ccc([*])[nH]1,2.3622
[*]c1cc(CCCCCCCC)c([*])s1,2.3638
[*]C(=O)C(C=C1)=CC=C1C(=S)C(S2)=CC=C2[*],2.3694
[*]CC(=O)Nc1ccc(Oc2ccc(Oc3ccc(NC(=O)CN4C(=O)c5ccc(C(=O)c6ccc7c(c6)C(=O)N([*])C7=O)cc5C4=O)cc3)cc2)cc1,2.3703
[*]C(=O)c1ccc2c(c1)C(=O)N(c1ccc(C3(c4ccc(N5C(=O)c6ccc([*])cc6C5=O)cc4)c4ccccc4-c4ccccc43)cc1)C2=O,2.372
[*]c1[nH]c([*])c(OC)c1OC,2.3766
[*]c1ccc(Oc2ccc(C(=O)c3ccc(Oc4ccc(-n5c(=O)c6cc7c(=O)n([*])c(=O)c7cc6c5=O)cc4)cc3)cc2)cc1,2.3791
[*]C(=O)Nc1ccc(Oc2ccc(NC(=O)c3ccc(N4C(=O)c5ccc([*])cc5C4=O)cc3)cc2)cc1,2.3807
[*]c1cc(CCCCCCCCCC)c([*])s1,2.3836
[*]c1ccc(C(c2ccccc2)c2ccc(-n3c(=O)c4cc5c(=O)n([*])c(=O)c5cc4c3=O)cc2)cc1,2.3874
[*]Nc1ccc(NC(=O)c2cc(NC(=O)c3ccc(NC(=O)C(C)N4C(=O)c5ccccc5C4=O)cc3)cc(C([*])=O)c2)cc1C,2.3973
[*]c1ccc([*])n1C(C(=O)NO)n1ccc2ccccc21,2.3998
[*]c1ccc(C(=O)Nc2ccc(-n3c(=O)c4cc5c(=O)n([*])c(=O)c5cc4c3=O)cc2)cc1,2.402
[*]c1ccc(Oc2ccc(C(=O)c3cccc(C(=O)c4ccc(Oc5ccc(-n6c(=O)c7cc8c(=O)n([*])c(=O)c8cc7c6=O)cc5)cc4)c3)cc2)cc1,2.403
[*]CCCCCCOC(=O)C(CCCCCCOc1ccc(-c2ccc(OCc3ccc([N+](=O)[O-])cc3)cc2)cc1)C(=O)O[*],2.4032
[*]c1ccc(C(c2ccc(-n3c(=O)c4cc5c(=O)n([*])c(=O)c5cc4c3=O)cc2)C(C)C)cc1,2.4053
[*]c1cc(CC(=O)OCCCCCCOc2ccc(N=Nc3ccc(C#N)cc3)cc2)c([*])s1,2.4068
[*]C=CC(=O)C=Cc1ccc(Sc2ccc([*])o2)o1,2.4101
[*]c1ccc(Sc2ccc(-n3c(=O)c4cc5c(=O)n([*])c(=O)c5cc4c3=O)cn2)nc1,2.4134
[*]c1cc(CCCCBr)c([*])s1,2.4191
[*]C(=O)Nc1ccc(-c2ccc(NC(=O)c3ccc4c(c3)C(=O)N(c3ccc(S(=O)(=O)c5ccc(N6C(=O)c7ccc([*])cc7C6=O)cc5)cc3)C4=O)cc2)cc1,2.4206
[*]c1cc(CCCCCCBr)c([*])s1,2.4253
[*]C(S1)=CC=C1C(=S)OC(=S)[*],2.4259
[*]C(=O)c1ccc2c(c1)C(=O)N(c1ccc(C(=O)N(C)c3ccc(N4C(=O)c5ccc([*])cc5C4=O)cc3)cc1)C2=O,2.4262
[*]c1cccc(C(=O)Nc2ccc(NC(=O)c3cccc(N4C(=O)c5ccc(-c6cccc7c6C(=O)N([*])C7=O)cc5C4=O)c3)cc2)c1,2.4291
[*]CNC(S1)=CC=C1C(=S)[*],2.4293
[*]c1ccc(Oc2cc(C(C)(C)C)ccc2Oc2ccc(-n3c(=O)c4cc5c(=O)n([*])c(=O)c5cc4c3=O)cc2)cc1,2.4295
[*]c1cc(CCCCCCCCCCCCCCC)c([*])s1,2.4326
[*]C=Nc1ccccc1N=Cc1ccc(Sc2ccc([*])o2)o1,2.4355
[*]c1ccc(Oc2ccc(Oc3ccc(-n4c(=O)c5cc6c(=O)n([*])c(=O)c6cc5c4=O)cc3)cc2C)cc1,2.4366
[*]c1cc(CCCCCCCCCC2COC(=O)O2)c([*])s1,2.4372
[*]c1ccc(C(C)c2ccc(-n3c(=O)c4cc5c(=O)n([*])c(=O)c5cc4c3=O)cc2)cc1,2.4372
[*]c1cc(CCCCCCCCCCCC)c(-c2sc([*])c3c2OCCO3)s1,2.4379
[*]c1ccc(C(CCCCCCCC)c2ccc(-n3c(=O)c4cc5c(=O)n([*])c(=O)c5cc4c3=O)cc2)cc1,2.4391
[*]c1ccc(Oc2cccc(Oc3ccc(-n4c(=O)c5cc6c(=O)n([*])c(=O)c6cc5c4=O)cc3)c2)cc1,2.4395
[*]C(=O)Nc1ccc(Oc2ccc(NC(=O)c3ccc4c(c3)C(=O)N(c3ccc(S(=O)(=O)c5ccc(N6C(=O)c7ccc([*])cc7C6=O)cc5)cc3)C4=O)cc2)cc1,2.4414
[*]c1ccc(C(=O)Nc2ccc(-n3c(=O)c4cc5c(=O)n([*])c(=O)c5cc4c3=O)cc2C(=O)OCC)cc1,2.4414
[*]c1cc(C)c([*])[nH]1,2.4417
[*]c1ccc(-c2cc(C(=O)OCCCCCCCCCCCC)c([*])s2)s1,2.4434
[*]c1ccc2nc3[nH]c4cc5[nH]c6nc7ccc([*])cc7nc6sc5cc4sc3nc2c1,2.4457
[*]c1cc(CC(=O)Cl)c([*])s1,2.4457
[*]c1sc([*])c2nc(-c3ccccc3)c(C)nc12,2.4458
[*]c1cc(COCCCCCCCCCCCCOc2ccc(-c3ccc(OC)cc3)cc2)c([*])s1,2.4465
[*]NC(C=C1)=CC=C1C(S2)=CC=C2C(=S)[*],2.4469
[*]c1cc(CC(=O)O)c([*])s1,2.4489
[*]C=Cc1ccc([*])c2ccc(CCCCCC)cc12,2.4493
[*]CC([*])c1ccc(Cl)c(Cl)c1,2.4525
[*]c1ccc(-c2sc(-c3cc(SCCCCCCCC)c([*])s3)cc2SCCCCCCCC)cc1,2.4582
[*]c1cc(C(c2ccc(O)c(-n3c(=O)c4cc5c(=O)n([*])c(=O)c5cc4c3=O)c2)(C(F)(F)F)C(F)(F)F)ccc1O,2.4596
[*]C(=O)Nc1ccc(Cc2ccc(NC(=O)c3ccc4c(c3)C(=O)N(c3ccc(S(=O)(=O)c5ccc(N6C(=O)c7ccc([*])cc7C6=O)cc5)cc3)C4=O)cc2)cc1,2.4615
[*]c1ccc(-c2sc(-c3cc(SCCCC)c([*])s3)cc2SCCCC)cc1,2.4618
[*]c1ccc(N2C(=O)c3ccc(C(=O)c4ccc5c(c4)C(=O)N(c4ccc6[nH]c([*])nc6c4)C5=O)cc3C2=O)cc1,2.4631
[*]C(=O)Oc1ccc(OC(=O)c2ccc3c(c2)C(=O)N(c2ccc(Oc4ccc(N5C(=O)c6ccc([*])cc6C5=O)cc4)cc2)C3=O)cc1,2.4658
[*]C(=O)c1ccc2c(c1)C(=O)n1c-2nc2ccc(-c3ccc4c(c3)nc3n4C(=O)c4ccc([*])cc4-3)cc21,2.4671
[*]C(=O)c1ccc2c(c1)C(=O)N(c1ccc(Oc3cccc(N4C(=O)c5ccc([*])cc5C4=O)c3)cc1)C2=O,2.4674
[*]c1cc(-c2nc3ccccc3s2)cc(-n2c(=O)c3cc4c(=O)n([*])c(=O)c4cc3c2=O)c1,2.4675
[*]c1ccc([*])n1CC(=O)OC,2.4705
[*]c1cc(-c2ccc(F)cc2)c([*])s1,2.4749
[*]Nc1cc2cccc3c([*])cc4cccc1c4c23,2.4765
[*]C(=O)c1ccc2c(c1)C(=O)N(c1ccc(OCCOc3ccc(N4C(=O)c5ccc([*])cc5C4=O)cc3)cc1)C2=O,2.4765
[*]c1ccc(C(=O)Nc2cccc(-n3c(=O)c4cc5c(=O)n([*])c(=O)c5cc4c3=O)c2)cc1,2.4772
[*]C(=O)C(C=C1)=CC=C1C(C=C2)=CC=C2C(=S)[*],2.4786
[*]CC(S1)=CC=C1C(S2)=CC=C2C(=S)[*],2.4788
[*]NC(=O)C(S1)=CC=C1C(=S)[*],2.4802
[*]C(=O)c1ccc2c(c1)C(=O)N(c1ccc(C(C)(C)c3ccc(C(C)(C)c4ccc(N5C(=O)c6ccc([*])cc6C5=O)cc4)cc3)cc1)C2=O,2.4803
[*]c1ccc(-c2cnc3cc4nc([*])cnc4cc3n2)cc1,2.4806
[*]c1ccc2ccc3c([*])cc(C#C)c4ccc1c2c34,2.4817
[*]c1ccc(C(C)(C)c2ccc(-n3c(=O)c4cc5c(=O)n([*])c(=O)c5cc4c3=O)cc2)cc1,2.4821
[*]C=C([*])c1nc2ccccc2n1C,2.4824
[*]c1cc(-c2nc3ccccc3o2)cc(-n2c(=O)c3cc4c(=O)n([*])c(=O)c4cc3c2=O)c1,2.4828
[*]c1cc(CCCCCCOC(=O)COc2ccccc2)c([*])s1,2.4829
[*]c1ccc(Cc2ccccc2-n2c(=O)c3cc4c(=O)n([*])c(=O)c4cc3c2=O)cc1,2.4833
[*]C=Cc1ccc([*])c2ccc(CCCCCCCCCCC)cc12,2.485
[*]C(=O)c1ccc2c(c1)C(=O)N(c1cccc(Nc3nc(Nc4cccc(N5C(=O)c6ccc([*])cc6C5=O)c4)nc(N(C)C)n3)c1)C2=O,2.4856
[*]c9ccc(C8(c5ccc(n4c(=O)c3ccc(C(=O)c2ccc1c(=O)n([*])c(=O)c1c2)cc3c4=O)cc5)c6ccccc6c7ccccc78)cc9,2.4881
[*]c1ccc(Sc2ccc(-n3c(=O)c4cc5c(=O)n([*])c(=O)c5cc4c3=O)cc2)cc1,2.4894
[*]C(=O)c1ccc2c(c1O)C(=O)N(c1ccc(Oc3ccc(N4C(=O)c5ccc([*])c(O)c5C4=O)cc3)cc1)C2=O,2.4908
[*]c1ccc(C(C=CC)c2ccc(-n3c(=O)c4cc5c(=O)n([*])c(=O)c5cc4c3=O)cc2)cc1,2.4911
[*]c1ccc(Oc2ccc(-n3c(=O)c4cc5c(=O)n([*])c(=O)c5cc4c3=O)cc2Br)c(Br)c1,2.495
[*]c1ccc2c(c1)C(=O)N(c1ccc(Oc3ccc(N4C(=O)c5ccc(C(F)(F)C(F)(F)C(F)(F)C(F)(F)C(F)(F)C(F)(F)C(F)(F)C([*])(F)F)cc5C4=O)cc3)cc1)C2=O,2.4961
[*]c1ccc(-c2ccc(-n3c(=O)c4c(F)c5c(=O)n([*])c(=O)c5c(F)c4c3=O)cc2C)c(C)c1,2.4968
[*]NC(C=C1)=CC=C1C(=O)C(=S)[*],2.4969
[*]CC(=O)Nc1ccc(NC(=O)c2ccc3c(c2)C(=O)N([*])C3=O)cc1,2.4976
[*]C(=O)c1ccc2c(c1)C(=O)N(c1ccc(Oc3cc4ccccc4cc3Oc3ccc(N4C(=O)c5ccc([*])cc5C4=O)cc3)cc1)C2=O,2.4977
[*]c1cc(CCCC(=O)OCC)c([*])[nH]1,2.4986
[*]C(=O)C(S1)=CC=C1C(C=C2)=CC=C2C(S3)=CC=C3[*],2.499
[*]Nc1cc(-c2ccc(-c3ccc4nc5c6cccc7c([*])ccc(c(=O)n5c4c3)c76)cc2)ccc1O,2.4994
[*]c1ccc(-c2ccc(-c3ccc([*])n3C)s2)s1,2.4998
[*]C(=O)c1ccc2c(c1)C(=O)N(c1cccc(Nc3ncnc(Nc4cccc(N5C(=O)c6ccc([*])cc6C5=O)c4)n3)c1)C2=O,2.5005
[*]C(C=C1)=CC=C1C(C=C2)=CC=C2C(C=C3)=CC=C3C(C=C4)=CC=C4[*],2.5019
[*]CC(S1)=CC=C1C(=S)C(S2)=CC=C2[*],2.5053
[*]c1ccc(N2C(=O)c3ccc(-c4ccc5c(c4)C(=O)N(c4ccc6[nH]c([*])nc6c4)C5=O)cc3C2=O)cc1,2.5083
[*]C(=O)c1ccc2c(c1)C(=O)N(c1ccc(C(=O)Nc3ccc(N4C(=O)c5ccc([*])cc5C4=O)cc3)cc1)C2=O,2.5101
[*]CC(=O)C(=S)C(S1)=CC=C1[*],2.5116
[*]c1ccc(C(c2ccc(-n3c(=O)c4cc5c(=O)n([*])c(=O)c5cc4c3=O)cc2)(C(F)(F)F)C(F)(F)F)cc1,2.5118
[*]c1ccc(-c2ccc(-c3sc(-c4cc(C(=O)CCCCCCCCCCCC)c([*])s4)cc3C(=O)OCCCCCCCCCCCC)s2)s1,2.5131
[*]c1cc(N=Nc2ccc(C#N)cc2)cc([*])c1O,2.5143
[*]C=C([*])c1ccc(C(=O)Oc2c(F)c(F)c(F)c(F)c2F)cc1,2.5164
[*]c1cc(CCCCCCCCCC2COC(C)(C)O2)c([*])s1,2.5181
[*]CCN(CCOC(=O)c1cccc(C(=O)O[*])c1)c1ccc(N=Nc2ccc(-c3nc4ccc([N+](=O)[O-])cc4n3CC)cc2)cc1,2.5182
[*]c1ccc([*])n1C,2.5204
[*]N=C1C=CC(=NC2=CC(=O)C([*])=CC2=O)C=C1,2.5206
[*]c1cc(-c2ccc(CCCCCCCC)cc2)c([*])s1,2.521
[*]C(S1)=CC=C1C(S2)=CC=C2C(S3)=CC=C3O[*],2.521
[*]CC([*])C=C,2.5214
[*]C([2H])([2H])C([*])([2H])C([2H])=C([2H])[2H],2.522
[*]Oc1cccc(Oc2ccc3c(=O)n4c5cc(Oc6ccc7c(c6)nc6c8ccc([*])c9cccc(c(=O)n76)c98)ccc5nc4c4cccc2c34)c1,2.5225
[*]C(=O)c1ccc2c(c1)C(=O)N(c1ccc(OCCOCCOc3ccc(N4C(=O)c5ccc([*])cc5C4=O)cc3)cc1)C2=O,2.5244
[*]C=C([*])c1cc(C(F)(F)F)oc1C(F)(F)F,2.5257
[*]C(OC)=C(OC)c1ccc([*])s1,2.5277
[*]CC([*])c1ccccc1Cl,2.5286
[*]c1cc(-c2ccc(OCCCCCC)cc2)c([*])s1,2.5288
[*]c1ccc(NC(=O)c2cccc(C(=O)Nc3ccc(-n4c(=O)c5cc6c(=O)n([*])c(=O)c6cc5c4=O)cc3)c2)cc1,2.5291
[*]C(=O)c1ccc2c(c1)C(=O)N(c1ccc(-c3ccc(N4C(=O)c5ccc([*])cc5C4=O)cc3)cc1)C2=O,2.5342
[*]C(=O)c1ccc2c(c1)C(=O)N(c1cccc(C#Cc3cccc(N4C(=O)c5ccc([*])cc5C4=O)c3)c1)C2=O,2.5356
[*]N=C1C=CC(=NC2=CC(=O)C([*])=CC2=O)c2ccccc21,2.537
[*]C(=O)c1ccc2c(c1)C(=O)N(c1cccc(Nc3nc(N)nc(Nc4cccc(N5C(=O)c6ccc([*])cc6C5=O)c4)n3)c1)C2=O,2.5377
[*]C(=O)c1ccc2c(c1)C(=O)N(c1cccc(C(=O)Nc3ccc(N4C(=O)c5ccc([*])cc5C4=O)cc3)c1)C2=O,2.5378
[*]c1ccc(-c2ccc([*])n2C#Cc2ccc(CCCCCC)cc2)s1,2.5380000000000003
O([*])c1c(c1ccccc1)cc(c(c1ccccc1)c1)([*]),2.5386
[*]C=Cc1cc(OCCCCCC)c([*])cc1OC,2.5439
[*]c1ccc(NC(=O)c2ccc(C(=O)Nc3ccc(-c4nc5ccc(-c6ccc7nc([*])[nH]c7c6)cc5[nH]4)cc3)cc2)cc1,2.5448
[*]c1ccc(Cc2ccc(-n3c(=O)c4cc5c(=O)n([*])c(=O)c5cc4c3=O)cc2)cc1,2.5456
[*]c1ccc(C(CCC)c2ccc(-n3c(=O)c4cc5c(=O)n([*])c(=O)c5cc4c3=O)cc2)cc1,2.5458
[*]CC([*])(C)C(=O)Oc1ccc(N=Nc2ccc(C#N)cc2)cc1,2.5467
[*]CC(=O)Nc1ccc(NC(=O)CN2C(=O)c3ccc(C(=O)c4ccc5c(c4)C(=O)N([*])C5=O)cc3C2=O)cc1,2.5478
[*]c1ccc(-c2sc(-c3cc(CCCC)c([*])s3)cc2CCCC)cc1,2.55
[*]c1ccc(C#Cc2cc(OCCCCCCCC)c(C#Cc3ccc(-c4nnc([*])o4)cc3)cc2OCCCCCCCC)cc1,2.5503
[*]C(=O)c1ccc2c(c1)C(=O)N(c1ccc(-c3ccc(N4C(=O)c5ccc([*])cc5C4=O)c(OC)c3)cc1OC)C2=O,2.5507
[*]c1ccc(-c2ccc(-c3ccc([*])n3-c3c(F)c(F)c(F)c(F)c3F)s2)s1,2.5527
[*]C(=O)c1ccc2c(c1)C(=O)N(c1cc(-c3nc4ccccc4s3)cc(N3C(=O)c4ccc([*])cc4C3=O)c1)C2=O,2.5568
[*]c1ccc(Oc2ccc(-c3cnc4cc5nc([*])cnc5cc4n3)cc2)cc1,2.5578
[*]NC(S1)=CC=C1C(C=C2)=CC=C2C(S3)=CC=C3[*],2.5591
[*]C(=O)c1ccc2c(c1)C(=Nc1ccc(Oc3cccc(N=C4OC(=O)c5ccc([*])cc54)c3)cc1)OC2=O,2.5605
[*]c1ccc2nc([*])sc2c1,2.5619
[*]c1sc([*])c2nc(CC)c(CC)nc12,2.5623
[*]c1cc(-c2ccc(OCCCCCCCC)cc2)c([*])s1,2.5681
[*]c1cc(-c2ccc(OCCCC)cc2)c([*])s1,2.5693
[*]CC(O)CN([*])c1ccc(N=Nc2ccc(C(=O)O)cc2)cc1,2.5695
[*]c1ccc(N=Nc2ccc(-c3csc(-c4nc([*])cs4)n3)cc2)cc1,2.5698
[*]c1nc2ccc(-c3ccc4nc(-c5cccc6cc7c([*])cccc7cc56)sc4c3)cc2s1,2.5701
[*]c1[nH]c([*])c2c1CCCC2,2.5706
[*]CCN(CCOC(=O)c1ccc(C(=O)O[*])c(OC)c1)c1ccc(N=Nc2ccc(C=Cc3nc4ccc([N+](=O)[O-])cc4n3CC)cc2)cc1,2.5707
[*]c1cc(-c2ccc(OC)cc2)c([*])s1,2.5709
[*]C(=O)c1ccc2c(c1)C(=O)N(c1ccc3c(c1)C(=O)c1cc(N4C(=O)c5ccc([*])cc5C4=O)ccc1-3)C2=O,2.5712
[*]C=C1CCC(=Cc2ccc([*])cc2)C1=O,2.5715
[*]CC(=O)Nc1ccc(Oc2ccc(NC(=O)CN3C(=O)c4ccc(C(=O)c5ccc6c(c5)C(=O)N([*])C6=O)cc4C3=O)cc2)cc1,2.5742
[*]C(S1)=CC=C1C(=S)C(S2)=CC=C2O[*],2.5744
[*]C(=O)c1ccc2c(c1)C(=O)N(c1ccc(Oc3ccccc3Oc3ccc(N4C(=O)c5ccc([*])cc5C4=O)cc3)cc1)C2=O,2.575
[*]C(=O)c1ccc2c(c1)C(=O)N(c1cccc(Nc3nc(Nc4cccc(N5C(=O)c6ccc([*])cc6C5=O)c4)nc(-c4ccccc4)n3)c1)C2=O,2.5755
[*]C(=O)c1ccc2c(c1)C(=O)N(c1ccc(Sc3ccc(N4C(=O)c5ccc([*])cc5C4=O)cc3)cc1)C2=O,2.5762
[*]c1ccc(-c2ccc(-n3c(=O)c4cc5c(=O)n([*])c(=O)c5c(C(F)(F)F)c4c3=O)cc2C)c(C)c1,2.5777
[*]c1cccc(Oc2cccc(-n3c(=O)c4cc5c(=O)n([*])c(=O)c5cc4c3=O)c2)c1,2.5785
[*]c1ccc(-c2ccc(-n3c(=O)c4cc5c(=O)n([*])c(=O)c5cc4c3=O)c(OC)c2)cc1OC,2.5805
[*]c1ccc(-c2nc3cc4nc([*])c(-c5ccccc5)nc4cc3nc2-c2ccccc2)cc1,2.5823
[*]c1ccc(Oc2cccc(-n3c(=O)c4cc5c(=O)n([*])c(=O)c5cc4c3=O)c2)cc1,2.5838
[*]CC(O)CN([*])c1ccc(N=Nc2ccc(Cl)cc2)cc1,2.5842
[*]C(=O)c1ccc2c(c1)C(=O)N(c1ccc(Oc3cccc(Oc4ccc(N5C(=O)c6ccc([*])cc6C5=O)cc4)c3)cc1)C2=O,2.5843
[*]CCC(S1)=CC=C1C(=S)[*],2.5846
[*]CNC(=S)C(=O)[*],2.589
[*]Nc1nc(Nn2c(=O)c3cc4c(=O)n([*])c(=O)c4cc3c2=O)nc(N(CCCC)CCCC)n1,2.5894
[*]C(=O)c1ccc2c(c1)C(=O)N(c1ccc(OCCOCCOCCOc3ccc(N4C(=O)c5ccc([*])cc5C4=O)cc3)cc1)C2=O,2.5899
[*]c1ccc(-c2nc3cc4nc([*])oc4cc3o2)c(O)c1,2.5901
[*]C(=O)Nc1cc(NC(=O)c2ccc([*])o2)c(N)cc1N,2.5905
[*]c1cc(-c2ccccc2)c([*])s1,2.591
[*]c1cccc(Cc2cccc(-n3c(=O)c4cc5c(=O)n([*])c(=O)c5cc4c3=O)c2)c1,2.593
[*]NC(S1)=CC=C1NC(S2)=CC=C2[*],2.5938
[*]c1cc(-c2ccc(Br)cc2)c([*])s1,2.5973
[*]C(=O)c1ccc2c(c1)C(=O)N(c1ccc(Oc3ccc(S(=O)(=O)c4ccc(Oc5ccc(N6C(=O)c7ccc([*])cc7C6=O)cc5)cc4)cc3)cc1)C2=O,2.5975
[*]C(=O)c1ccc2c(c1)C(=O)N(c1cc(OCCCC)cc(N3C(=O)c4ccc([*])cc4C3=O)c1)C2=O,2.6047
[*]Oc1ccc(C2(c3ccc(OC([*])=O)cc3)c3cc(N(C)C)ccc3-c3ccc([N+](=O)[O-])cc32)cc1,2.6085
[*]c1cccc2c(-n3c(=O)c4cc5c(=O)n([*])c(=O)c5cc4c3=O)cccc12,2.6101
[*]Oc1ccc2ccccc2c1N=Nc1ccc(C([*])=O)cc1,2.6102
[*]CC(=S)C(C=C1)=CC=C1N[*],2.6121
[*]C(=O)Nc1ccc(C(=O)Nc2ccc(NC(=O)c3ccc4[nH]c(-c5ccc(-c6nc7cc([*])ccc7[nH]6)cc5)nc4c3)cc2)cc1,2.6126
[*]c1ccc(-n2c(=O)c3cc4c(=O)n(-c5ccc6nc([*])oc(=O)c6c5)c(=O)c4cc3c2=O)cc1,2.6215
[*]c1ccc(Cc2cccc(-n3c(=O)c4cc5c(=O)n([*])c(=O)c5cc4c3=O)c2)cc1,2.624
[*]NC(=S)C(=O)O[*],2.6247
[*]c1ccc(-c2ccc(-n3c(=O)c4cc5c(=O)n([*])c(=O)c5cc4c3=O)c(C)c2)cc1C,2.6256
[*]c1ccc(-c2cnc3cc4ncc([*])nc4cc3n2)cc1,2.6289
[*]c1ccc([*])n1CCC(=O)OC,2.6299
[*]c1cc(C(F)(F)C(F)(F)C(F)(F)F)c([*])s1,2.6317
[*]CC(=O)C(=S)C(C=C1)=CC=C1[*],2.6324
[*]c1ccc2c(c1)C(=O)N(c1cc(N3C(=O)c4ccc(C([*])(C(F)(F)F)C(F)(F)F)cc4C3=O)c(O)cc1O)C2=O,2.6346
[*]C=C1CCC(=Cc2ccc(Sc3ccc([*])o3)o2)C1=O,2.6355
[*]C(=O)c1cccc(C(=O)c2ccc3c(c2)C(=O)N(c2ccc(Oc4ccc(N5C(=O)c6ccc([*])cc6C5=O)cc4)cc2)C3=O)c1,2.6364
[*]c1ccc(C(c2ccccc2)(c2ccc(-n3c(=O)c4cc5c(=O)n([*])c(=O)c5cc4c3=O)cc2)C(F)(F)F)cc1,2.6385
[*]C(=O)c1ccc2c(c1)C(=O)N(c1ccc(OCC(C)(C)COc3ccc(N4C(=O)c5ccc([*])cc5C4=O)cc3)cc1)C2=O,2.6417
[*]C(=O)C(S1)=CC=C1C(S2)=CC=C2O[*],2.6424
[*]c1ccc2nc3oc4cc5[nH]c6nc7ccc([*])cc7nc6oc5cc4[nH]c3nc2c1,2.6428
[*]Nc1nc(Nn2c(=O)c3cc4c(=O)n([*])c(=O)c4cc3c2=O)nc(N(CCC)CCC)n1,2.6429
[*]C=Cc1ccc([*])s1,2.6453
[*]c1ccc(-c2ccc(-n3c(=O)c4c(F)c5c(=O)n([*])c(=O)c5c(F)c4c3=O)cc2C(F)(F)F)c(C(F)(F)F)c1,2.6459
[*]C(C=C1)=CC=C1C(=S)C(C=C2)=CC=C2O[*],2.6460000000000004
[*]C(=O)Oc1ccc2ccc(OC(=O)c3ccc4c(c3)C(=O)N(c3ccc(Oc5ccc(N6C(=O)c7ccc([*])cc7C6=O)cc5)cc3)C4=O)cc2c1,2.6477
[*]c1ccc(-c2nc3ccc(-c4ccc5nc([*])oc5c4)cc3o2)cc1,2.65
[*]C(C=C1)=CC=C1C(=S)C(C=C2)=CC=C2C(=S)[*],2.6503
[*]CCOc1ccc(C=C2CCC(=Cc3ccc(O[*])c(OC)c3)C2=O)cc1OC,2.6534
[*]c1ccc(-c2nc3cc4nc([*])oc4cc3o2)cc1,2.6534
[*]c1cc(C(=O)Oc2cccc3cccnc23)c([*])s1,2.6538
[*]C(=O)c1ccc2c(c1)C(=O)N(c1ccc(Oc3ccc(N4C(=O)c5ccc([*])cc5C4=O)cc3Br)c(Br)c1)C2=O,2.6559
[*]Nc1ccc2c(c1)Cc1cc(NC(=O)c3cc(C(=O)O)c(C([*])=O)cc3C(=O)O)ccc1-2,2.6568
[*]c1cc(C(C(=O)OC)C(=O)OC)c([*])s1,2.6581
[*]c1ccc(Oc2ccc(N3C(=O)c4ccc(S(=O)(=O)c5ccc6c(c5)C(=O)N([*])C6=O)cc4C3=O)cc2Br)c(Br)c1,2.6591
[*]c1ccc(Oc2cccc(Oc3ccc(-n4c(=O)c5cc6c(=O)n([*])c(=O)c6cc5c4=O)cc3)c2C#N)cc1,2.6618
[*]c1ccc([*])n1CCCCCC,2.6624
[*]Nc1ccc(Nc2ccc([*])cc2)cc1C(=O)O,2.664
[*]c1ccc2c(c1)Cc1cc(N3C(=O)c4ccc(-c5ccc6c(c5)C(=O)N([*])C6=O)cc4C3=O)ccc1-2,2.6653
[*]C=CC(C)=CC=CC=C(C)C=Cc1nc(-c2csc([*])n2)cs1,2.667
[*]C(=O)Nc1ccc(NC(=O)c2ccc3c(c2)C(=O)N(c2ccc(Oc4ccc(N5C(=O)c6ccc([*])cc6C5=O)cc4)cc2)C3=O)cc1,2.6682
[*]CC(O)CN([*])c1ccc(N=Nc2ccc([N+](=O)[O-])cc2)cc1,2.6710000000000003
[*]Nc1cc(NC(=O)Nc2ccc(NC([*])=O)cc2)cc(C(=O)Nc2cccc3c2C(=O)c2ccccc2C3=O)c1,2.673
[*]C(C=C1)=CC=C1C(C=C2)=CC=C2C(C=C3)=CC=C3C(=S)[*],2.6739
[*]c1ccc(Oc2ccccc2-n2c(=O)c3cc4c(=O)n([*])c(=O)c4cc3c2=O)cc1,2.6756
[*]C(C=C1)=CC=C1C(=S)C(S2)=CC=C2O[*],2.6757
[*]C(=O)Nc1ccc(NC(=O)c2ccc3c(c2)C(=O)N(c2ccc(S(=O)(=O)c4ccc(N5C(=O)c6ccc([*])cc6C5=O)cc4)cc2)C3=O)cc1,2.677
[*]c1ccc(Cc2ccc(-n3c(=O)c4cc5c(=O)n([*])c(=O)c5cc4c3=O)c(C)c2)cc1C,2.6775
[*]Nc1nc(Nn2c(=O)c3cc4c(=O)n([*])c(=O)c4cc3c2=O)nc(N(CC)CC)n1,2.679
[*]c1ccc([*])n1CCC(=O)NO,2.6795
[*]C(=O)c1ccc2c(c1)C(=O)N(c1ccc(Oc3ccc(N4C(=O)c5ccc([*])cc5C4=O)cc3)cc1)C2=O,2.6811
[*]c1ccc2nc3c4cccc5c6nc7ccc([*])cc7nc6c6cccc(c3nc2c1)c6c45,2.6823
[*]CC(=S)C(C=C1)=CC=C1O[*],2.6830000000000003
[*]C(=O)c1ccc2c(c1)C(=O)N(c1ccc(C(c3ccccc3)c3ccc(N4C(=O)c5ccc([*])cc5C4=O)cc3)cc1)C2=O,2.6830000000000003
[*]C(=O)c1ccc2c(c1)C(=O)N(c1cc(-c3nc4ccccc4o3)cc(N3C(=O)c4ccc([*])cc4C3=O)c1)C2=O,2.6843
[*]c1ccc(-c2ccc(-n3c(=O)c4cc5c(=O)n([*])c(=O)c5cc4c3=O)cc2C)c(C)c1,2.6846
[*]N=Cc1ccc(-c2ccc(C=Nc3ccc4c(c3)c3cc([*])ccc3n4CCCC)s2)s1,2.6853
[*]Oc1ccc(N=Nc2ccc(C([*])=O)cc2)c2ccccc12,2.6854
[*]c1cc(CCOCCOC)c([*])[nH]1,2.6864
[*]C(=O)Nc1ccc(Oc2ccc(N3C(=O)c4ccc([*])cc4C3=O)cc2)cc1,2.6875
[*]NC(=S)OC(=S)[*],2.6878
[*]CC(=S)C(=O)O[*],2.6969
[*]c1ccc(Cc2ccc(N3C(=O)c4ccc(S(=O)(=O)c5ccc6c(c5)C(=O)N([*])C6=O)cc4C3=O)cc2)cc1,2.6972
[*]c1cc(CCCCCCCCCC2COC(c3ccccc3)O2)c([*])s1,2.7004
[*]c1c(C)cc(-c2cc(C)c(N3C(=O)c4ccc(S(=O)(=O)c5ccc6c(c5)C(=O)N([*])C6=O)cc4C3=O)c(C)c2)cc1C,2.7018
[*]C(=O)Oc1ccc(OC(=O)c2ccc3c(c2)C(=O)N(c2ccc(Oc4ccc(N5C(=O)c6ccc([*])cc6C5=O)cc4)cc2)C3=O)c(-c2ccccc2)c1,2.7042
[*]CC([*])C(=O)Oc1ccc(Cl)cc1,2.7059
[*]c1ccc([*])n1CCC(=O)OCC,2.7083
[*]Nc1cc(NC(=O)c2ccc3cc(C([*])=O)ccc3c2)cc(C(=O)OCCOc2ccc(C=CC(=O)c3ccccc3)cc2)c1,2.7088
[*]CC(=S)C(S1)=CC=C1O[*],2.7088
[*]CC(S1)=CC=C1C(C=C2)=CC=C2C(=S)[*],2.7094
[*]c1cc(COCCCCCCCCOc2ccc(-c3ccc(C#N)cc3)cc2)c([*])s1,2.7101
[*]c1ccc(Oc2ccc(-c3cc(-c4ccccc4)c4cc5nc([*])cc(-c6ccccc6)c5cc4n3)cc2)cc1,2.7119
[*]C=Cc1ccc2c(c1)C(CC(CC)CCCC)(CC(CC)CCCC)c1cc([*])ccc1-2,2.712
[*]CCC(C=C1)=CC=C1C(=S)[*],2.7148
[*]CC(=O)C(S1)=CC=C1C(=S)[*],2.7163
[*]c1ccc(C2(c3ccc(N4C(=O)c5ccc(-c6ccc7c(c6)C(=O)N([*])C7=O)cc5C4=O)cc3)c3ccccc3-c3ccccc32)cc1,2.7179
[*]C(=O)Nc1ccc(NC(=O)c2ccc(NC(=O)c3ccc(-c4nc5cc([*])ccc5[nH]4)cc3)cc2)cc1,2.7225
[*]c1ccc(S(=O)(=O)c2ccc(-n3c(=O)c4cc5c(=O)n([*])c(=O)c5cc4c3=O)cc2)cc1,2.7268
[*]c1cc(CCCCCC)c([*])[nH]1,2.7271
[*]C(=O)Oc1ccc(OC(=O)c2ccc3c(c2)C(=O)N(c2ccc(Oc4ccc(N5C(=O)c6ccc([*])cc6C5=O)cc4)cc2)C3=O)c(C(C)(C)C)c1,2.7274
[*]c1sc([*])c2nc(-c3ccccc3)c(CC)nc12,2.7281
[*]c1ccc([*])n1CC(=O)NO,2.7285
[*]Nc1ccc(NC(=S)NC(=O)c2ccc(C(=O)NC([*])=S)cc2)cc1,2.7285
[*]c1cc(OCCOCCCC)c([*])s1,2.7317
[*]c1cc(C(=O)OCC(F)(F)C(F)(F)C(F)(F)F)c([*])s1,2.7341
[*]c1ccc(-c2nc3cc4sc([*])nc4cc3s2)cc1,2.7344
[*]C=Nc1ccc(-c2ccc(N=Cc3ccc(Sc4ccc([*])o4)o3)c(C)c2)cc1C,2.7346
[*]C=Cc1ccc(C=Cc2cc([*])nc(-c3ccccc3)n2)cc1,2.736
[*]C(=O)Oc1ccc(-c2ccc(OC(=O)c3ccc4c(c3)C(=O)N(c3ccc(Oc5ccc(N6C(=O)c7ccc([*])cc7C6=O)cc5)cc3)C4=O)cc2)cc1,2.736
[*]Nc1ccc(NC(=O)C=CC([*])=O)cc1,2.7389
[*]c1ccc(-c2nc3ccc(S(=O)(=O)c4ccc5nc([*])c(-c6ccccc6)nc5c4)cc3nc2-c2ccccc2)cc1,2.7414
[*]c1ccc([*])n1C(C)C(=O)OC,2.7421
[*]c1cc(C(=O)OCCCCCC)c([*])s1,2.7434
[*]C(=O)OC(S1)=CC=C1C(=S)[*],2.7435
[*]Oc1ccc(Oc2ccc(OC(=O)c3ccc(OC(=O)c4ccc(C(=O)Oc5ccc(C([*])=O)cc5)cc4)cc3)cc2)cc1,2.7437
[*]CC(=O)C(C=C1)=CC=C1C(=S)[*],2.744
[*]CC(C=C1)=CC=C1C(S2)=CC=C2C(=S)[*],2.7447
[*]C=Cc1ccc(-c2ccc(C=Cc3cc([*])ncn3)cc2)cc1,2.7449
[*]C=Cc1ccc2c(c1)Sc1cc([*])ccc1N2CCCCCCCC,2.7454
[*]C=NN=Cc1cc(CCCCCCCCCCCC)c([*])s1,2.7484
[*]c1cc2c(s1)-c1sc([*])cc1C2(CCCCCCCC)CCCCCCCC,2.7507
[*]C=Nc1ccc(N=Cc2ccc(Sc3ccc([*])o3)o2)cc1,2.7554
[*]C(=O)Oc1ccc(OC(=O)c2ccc3c(c2)C(=O)N(c2ccc(Oc4ccc(N5C(=O)c6ccc([*])cc6C5=O)cc4)cc2)C3=O)c(C)c1,2.7561
[*]CC(O)CN([*])c1cc(C)c(N=Nc2ccc(Cl)cc2)c(C)c1,2.7562
[*]C=Nc1cccc(N=Cc2ccc(Sc3ccc([*])o3)o2)c1,2.7568
[*]c1ccc(-c2ccc(-c3cnc4cc(-c5ccc6nc([*])cnc6c5)ccc4n3)cc2)cc1,2.7617
[*]C(=O)Nc1cccc(NC(=O)c2ccc3c(c2)C(=O)N(c2ccc(Oc4cccc5c(N6C(=O)c7ccc([*])cc7C6=O)cccc45)cc2)C3=O)n1,2.7647
[*]Oc1ccc(Nc2ccc(N=Nc3ccc(Nc4ccc([*])cc4)cc3)cc2)cc1,2.7656
[*]c1ccc(-c2ccc(-n3c(=O)c4cc5c(=O)n([*])c(=O)c5c(C(F)(F)F)c4c3=O)cc2C(F)(F)F)c(C(F)(F)F)c1,2.7665
[*]C(=O)C(C=C1)=CC=C1C(S2)=CC=C2C(S3)=CC=C3[*],2.7667
[*]c1cc(CCCCCCCC)c([*])[nH]1,2.7684
[*]c1ccc(Oc2ccc(-c3cc(-c4ccccc4)c4cc5c(-c6ccccc6)cc([*])nc5cc4n3)cc2)cc1,2.7694
[*]C(=O)Nc1ccc(C2(c3ccc(N4C(=O)c5ccc([*])cc5C4=O)cc3)CC(C)CC(C)(C)C2)cc1,2.7724
[*]CC(C=C1)=CC=C1C(=S)C(S2)=CC=C2[*],2.7729
[*]Oc1ccc(C2(c3ccc(OC(=O)c4ccc(C([*])=O)cc4)cc3)CC3CC2C2CCCC32)cc1,2.7731
[*]CC([*])c1ccc(C(=O)CCN2CCCCC2)cc1,2.7738
[*]C(C=C1)=CC=C1C(=S)OC(=S)[*],2.7748
[*]C#Cc1c(F)c(F)c(C#Cc2cc(CCCCCC)c([*])s2)c(F)c1F,2.7755
[*]c1ccc(-c2ccc(-n3c(=O)c4cc5c(=O)n([*])c(=O)c5cc4c3=O)cc2F)c(F)c1,2.7762
[*]CC([*])c1cc(Cl)ccc1Cl,2.784
[*]C(=O)Nc1ccc(C2(c3ccc(N4C(=O)c5ccc([*])cc5C4=O)cc3)CCC(C(C)(C)C)CC2)cc1,2.786
[*]c1cc(CCCCCCCCCC)c([*])[nH]1,2.7864
[*]c1sc([*])c2nc(C)c(C)nc12,2.7872
[*]C(=O)Nc1cccc(NC(=O)c2ccc3c(c2)C(=O)N(c2cc(-c4nc5ccccc5o4)cc(N4C(=O)c5ccc([*])cc5C4=O)c2)C3=O)n1,2.7885
[*]Nc1ccc(C#Cc2ccc(NC(=O)c3ccc(C([*])=O)cc3)cc2)cc1,2.7886
[*]C(=O)c1ccc2c(c1)C(=O)N(c1ccc(Cc3ccc(N4C(=O)c5ccc([*])cc5C4=O)cc3)cc1)C2=O,2.7913
[*]C(=O)C(S1)=CC=C1C(=S)O[*],2.7919
[*]NC(C=C1)=CC=C1C(S2)=CC=C2C(C=C3)=CC=C3[*],2.7925
[*]C=Cc1ccc(N(c2ccc(C=Cc3ccc4c5ccc([*])cc5n(CC(CC)CCCC)c4c3)cc2)c2ccc(OCC(CC)CCCC)cc2)cc1,2.7935
[*]c1ccc(-c2ccc(-c3nc4cc5nc([*])oc5cc4o3)cc2)cc1,2.7942
[*]c1ccc(-c2ccc(-c3cc(-c4ccccc4)c4cc5nc([*])cc(-c6ccccc6)c5cc4n3)cc2)cc1,2.7945
[*]c1c(C)c(C)c(-n2c(=O)c3cc4c(=O)n([*])c(=O)c4cc3c2=O)c(C)c1C,2.7972
[*]C(=O)Nc1ccc(C2(c3ccc(N4C(=O)c5ccc([*])cc5C4=O)cc3)CCC(C(C)(C)CC)CC2)cc1,2.7979
[*]Oc1ccc(C2(c3ccc(OC(=O)c4ccc(C([*])=O)cc4)cc3)CCC(C(C)(C)C)CC2)cc1,2.7988
[*]CC(C=C1)=CC=C1C(=S)C(C=C2)=CC=C2[*],2.8005
[*]Oc1ccc(N=Cc2ccc(N(c3ccccc3)c3ccc(C=Nc4ccc([*])cc4)cc3)cc2)cc1,2.8042
[*]C(=O)Nc1ccc(NC(=O)c2ccc3c(c2)C(=O)N(c2cc(-c4nc5ccccc5s4)cc(N4C(=O)c5ccc([*])cc5C4=O)c2)C3=O)cc1,2.8046
[*]Nc1ccc(-c2ccc(NC(=C(C#N)C#N)c3ccc(-c4ccc(C([*])=C(C#N)C#N)cc4)cc3)cc2)cc1,2.8048
[*]C#Cc1cc(C#Cc2cc(N)c([*])cc2[N+](=O)[O-])c(OCCOCCOC)cc1OCCOCCOC,2.8068
[*]c1ccc(-c2ccc(-c3cc(SCCCC)c([*])s3)cc2)cc1,2.8074
[*]NC(=S)NC(=S)[*],2.8092
[*]c1ccc(Oc2ccc(-c3cnc4cc5ncc([*])nc5cc4n3)cc2)cc1,2.8104
[*]c1ccc([*])n1C(C(=O)NO)n1c2ccccc2c2ccccc21,2.8134
[*]NC(=O)C(=S)C(C=C1)=CC=C1[*],2.8168
[*]C(=O)c1ccc2c(c1)C(=O)N(c1cc(OCCCCCCCC)cc(N3C(=O)c4ccc([*])cc4C3=O)c1)C2=O,2.8168
[*]C(=O)c1ccc2c(c1)C(=O)N(c1ccc(-c3ccc(N4C(=O)c5ccc([*])cc5C4=O)cc3C)c(C)c1)C2=O,2.8171
[*]c1ccc(C(=O)Oc2ccc(-n3c(=O)c4cc5c(=O)n([*])c(=O)c5cc4c3=O)cc2)cc1,2.8175
[*]c1ccc(-c2ccc(-c3ccc([*])n3C)n2C)cn1,2.818
[*]c1ccc(-c2ccc(-n3c(=O)c4cc5c(=O)n([*])c(=O)c5cc4c3=O)cc2OC(F)(F)F)c(OC(F)(F)F)c1,2.8211
[*]c1ccc(N(c2ccc(CCCC)cc2)c2ccc(-c3ccc([*])s3)cc2)cc1,2.8259
[*]CC([*])n1c(C)c(C)c2ccccc21,2.8269
[*]c1ccc(-c2ccc(N3C(=O)c4ccc(-c5ccc6c(c5)C(=O)N([*])C6=O)cc4C3=O)c(C)c2)cc1C,2.8312
[*]C(=O)c1ccc2c(c1)C(=O)N(c1cc(N3C(=O)c4ccc([*])cc4C3=O)c(O)cc1O)C2=O,2.8322
[*]CC(=O)C(S1)=CC=C1C(S2)=CC=C2[*],2.8371
[*]C(=O)Nc1ccc(S(=O)(=O)c2ccc(NC(=O)c3ccc4c(c3)C(=O)N(c3ccc(Oc5ccc(N6C(=O)c7ccc([*])cc7C6=O)cc5)cc3)C4=O)cc2)cc1,2.8374
[*]c1sc([*])c(OCCCCCCC)c1C,2.8389
[*]c1ccc(-n2c(=O)c3cc4c(=O)n([*])c(=O)c4cc3c2=O)cc1,2.8396
[*]c1sc([*])c(CCCCCCCC)c1C,2.8409
[*]CC(=O)CC(=S)[*],2.8429
[*]C(=O)C(C=C1)=CC=C1C(C=C2)=CC=C2C(S3)=CC=C3[*],2.843
[*]C(=O)c1ccc2c(c1)C(=O)N(c1ccc(C(=O)c3cccc(C(=O)c4ccc(N5C(=O)c6ccc([*])cc6C5=O)cc4)c3)cc1)C2=O,2.8442
[*]CCN(CCCC(=O)Nc1ccc(N=Nc2ccccc2)cc1)CCOC(=O)NCC1CCCC(CNC(=O)O[*])C1,2.8476
[*]C(=O)C(=O)c1ccc(C=C2CCC(=Cc3ccc([*])cc3)C2=O)cc1,2.8497
[*]C(=O)c1ccc2c(c1)C(=O)N(c1ccc(-c3nc(-c4ccccc4)nc(-c4ccc(N5C(=O)c6ccc([*])cc6C5=O)cc4)n3)cc1)C2=O,2.85
[*]c1ccc(-c2nc3cc4nc(-c5ccccc5)c([*])nc4cc3nc2-c2ccccc2)cc1,2.8503
[*]c1ccc(-c2ccc(-c3cc(-c4ccccc4)c4cc5c(-c6ccccc6)cc([*])nc5cc4n3)cc2)cc1,2.8522
[*]C(=O)Nc1ccc(C2(c3ccc(N4C(=O)c5ccc([*])cc5C4=O)cc3)CCCCC2)cc1,2.8538
[*]C(Cl)=C(c1ccccc1)c1ccc([*])cc1,2.8543
[*]C(=O)Nc1cccc(NC(=O)c2ccc3[nH]c(-c4cc(-c5nc6cc([*])ccc6[nH]5)cc(N5C(=O)c6ccccc6C5=O)c4)nc3c2)c1,2.8553
[*]c1ccc(C(=O)CNCCCNCC(=O)c2ccc(S([*])(=O)=O)cc2)cc1,2.8560000000000003
[*]C(=O)C(S1)=CC=C1C(C=C2)=CC=C2O[*],2.8561
[*]C(C=C1)=CC=C1C(S2)=CC=C2C(C=C3)=CC=C3C(S4)=CC=C4[*],2.857
[*]c1ccc([*])n1C(C(=O)OCC)n1cccc1,2.8576
[*]NC(C=C1)=CC=C1C(C=C2)=CC=C2C(S3)=CC=C3[*],2.8579
[*]Oc1ccc(C(=O)Oc2ccc(Cc3ccc(OC(=O)c4ccc(OC(=O)c5ccc(C([*])=O)cc5)cc4)cc3)cc2)cc1,2.8593
[*]c1cc(-c2ccccc2)c([*])[nH]1,2.8604
[*]c1cc(N=Nc2ccc([N+](=O)[O-])cc2)cc([*])c1O,2.8678
[*]c1ccc(-c2ccc(-c3nc4ccc(-c5ccc6nc([*])c(-c7ccccc7)nc6c5)cc4nc3-c3ccccc3)cc2)cc1,2.8686
[*]C(c1ccccc1)C([*])(C#N)C#N,2.8691
[*]C(=O)c1cccc(C(=O)c2ccc3c(c2)C(=Nc2cccc(N=C4OC(=O)c5cc([*])ccc54)c2)OC3=O)c1,2.8729
[*]C(=O)Nc1ccc(NC(=O)c2ccc3c(c2)C(=O)N(c2ccc(Oc4cccc5c(N6C(=O)c7ccc([*])cc7C6=O)cccc45)cc2)C3=O)cc1,2.8733
[*]C1=CC(C)C(C(=O)C(=O)C2CC3C([*])CC3(O)C2=O)C(=O)N1C,2.8766
[*]CC([*])n1c2ccc(I)cc2c2cc(I)ccc21,2.8783
[*]c1cc(-c2nc3ccccc3oc2=O)cc(-n2c(=O)c3cc4c(=O)n([*])c(=O)c4cc3c2=O)c1,2.8787
[*]Oc1ccc(NC(=C(C#N)C#N)c2ccc(C(Nc3ccc([*])cc3)=C(C#N)C#N)cc2)cc1,2.8817
[*]c1c(C)cc(-c2cc(C)c(N3C(=O)c4ccc(-c5ccc6c(c5)C(=O)N([*])C6=O)cc4C3=O)c(C)c2)cc1C,2.8817
[*]NC(=O)Nc1ccc(Cc2ccc(NC(=O)Nc3cccc([*])n3)cc2)cc1,2.8819
[*]C=CC(=O)C(C)=Cc1ccc(Sc2ccc([*])o2)o1,2.8834
[*]c1ccc(N2CCC(c3cccc(C4=NN([*])CC4)c3)=N2)cc1,2.8836
[*]c1ccc(N(c2ccc(CCCC)cc2)c2ccc(-c3sc([*])c4c3OCCO4)cc2)cc1,2.8878
[*]C(C=C1)=CC=C1C(C=C2)=CC=C2C(C=C3)=CC=C3C(S4)=CC=C4[*],2.8879
[*]C=C1CCCCC(=Cc2ccc(Sc3ccc([*])o3)o2)C1=O,2.8887
[*]Oc1c(C)cc(C(C)(C)c2cc(C)c(OC(=O)c3ccc(C([*])=O)cc3)c(C)c2)cc1C,2.8953
[*]c1ccc(-n2c(=O)c3cc4c(=O)n([*])c(=O)c4cc3c2=O)c(CP(=O)(OCCCl)OCCCl)c1,2.8958
[*]c1cc([*])c(O)c(C=Nc2ccc(C(=O)O)cc2)c1,2.8958
[*]NC(C=C1)=CC=C1C(C=C2)=CC=C2C(=S)[*],2.8961
[*]c1ccc(C(c2ccccc2)c2ccc(N3C(=O)c4ccc(-c5ccc6c(c5)C(=O)N([*])C6=O)cc4C3=O)cc2)cc1,2.8965
[*]c1ccc(-c2nnc([*])o2)c(OCC)c1,2.8968
[*]C(=O)OCCCCCCCCOC(=O)c1ccc(NC(=O)c2ccc(N3C(=O)c4ccc([*])cc4C3=O)cc2)cc1,2.8969
[*]c1ccc(N2C(=O)c3ccc(-c4cccc5c4C(=O)N(c4ccc6[nH]c([*])nc6c4)C5=O)cc3C2=O)cc1,2.8972
[*]c1ccc(-c2ccc(-n3c(=O)c4cc5c(=O)n([*])c(=O)c5cc4c3=O)cc2C(F)(F)F)c(C(F)(F)F)c1,2.8988
[*]CC([*])C(=O)Nc1ccc2c(c1)C(=O)c1ccccc1C2=O,2.8993
[*]C(=O)Nc1ccc(NC(=O)c2ccc3c(c2)C(=O)N(c2cccc(N4C(=O)c5ccc([*])cc5C4=O)c2)C3=O)cc1,2.9009
[*]C(=O)c1ccc2c(c1)C(=O)N(c1cccc(Cc3ccc(C(=O)c4ccc(N5C(=O)c6ccc([*])cc6C5=O)cc4)cc3)c1)C2=O,2.9024
[*]c1ccc([N+](=O)[O-])c2c1C(=O)c1c([N+](=O)[O-])ccc([*])c1C2=O,2.9031
[*]NC(=O)C(S1)=CC=C1C(C=C2)=CC=C2[*],2.9038
[*]C(=O)c1ccc2c(c1)C(=O)N(c1cc(-c3nc4ccccc4oc3=O)cc(N3C(=O)c4ccc([*])cc4C3=O)c1)C2=O,2.9075
[*]c1cc(-n2c(=O)c3cc4c(=O)n([*])c(=O)c4cc3c2=O)c(O)cc1O,2.9077
[*]c1ccc(Cc2ccc(N3C(=O)c4ccc(-c5ccc6c(c5)C(=O)N([*])C6=O)cc4C3=O)cc2)cc1,2.9091
[*]c1ccc(C(c2ccccc2)c2ccc(N3C(=O)c4ccc(S(=O)(=O)c5ccc6c(c5)C(=O)N([*])C6=O)cc4C3=O)cc2)cc1,2.9105
[*]c1ccc(-n2c(=O)c3cc4c(=O)n([*])c(=O)c4cc3c2=O)c(CP(=O)(OCC)OCC)c1,2.9129
[*]CC(=O)NC(=S)[*],2.9137
[*]C=Cc1ccc([*])o1,2.9162
[*]C(=O)Nc1cccc(NC(=O)c2ccc3c(c2)C(=O)N(c2ccc(S(=O)(=O)c4ccc(N5C(=O)c6ccc([*])cc6C5=O)cc4)cc2)C3=O)c1,2.9166
[*]C(C=C1)=CC=C1OC(=S)C(S2)=CC=C2[*],2.9181
[*]C(=O)Nc1ccc(Oc2ccc(NC(=O)c3ccc4c(c3)C(=O)N(c3ccc(Oc5ccc(N6C(=O)c7ccc([*])cc7C6=O)cc5)cc3)C4=O)cc2)cc1,2.919
[*]c1cc(Br)c(Oc2c(Br)cc(N3C(=O)c4ccc(S(=O)(=O)c5ccc6c(c5)C(=O)N([*])C6=O)cc4C3=O)cc2Br)c(Br)c1,2.9195
[*]C(=O)Nc1cccc(C#Cc2cccc(N3C(=O)c4ccc([*])cc4C3=O)c2)c1,2.9195
[*]CC([*])(C)C(=O)Oc1ccc(C(=O)C=Cc2ccc(Cl)cc2)cc1,2.9217
[*]c1ccc(-c2nnc([*])o2)cc1,2.923
[*]c1ccc(Oc2ccc(-c3nc4ccc(-c5ccc6nc([*])c(-c7ccccc7)nc6c5)cc4nc3-c3ccccc3)cc2)cc1,2.9235
[*]c1cc(C(=O)CC)c([*])[nH]1,2.9235
[*]c1ccc(-c2ccc(-c3nc(-c4ccc(-c5csc([*])n5)cc4)cs3)cc2)cc1,2.9236
[*]c1ccc(-c2ccc(N3C(=O)c4ccc(-c5cccc6c5C(=O)N([*])C6=O)cc4C3=O)c(C)c2)cc1C,2.9249
[*]C(=O)c1ccc(Oc2ccc(N3C(=O)c4ccc([*])cc4C3=O)cc2)cc1,2.925
[*]c1cccc(-c2ccc(-c3ccc([*])s3)s2)c1,2.9264
[*]CNC(=O)C(=S)[*],2.9294
[*]C(=O)c1ccc2c(c1)C(=O)N(c1ccc(N3C(=O)c4ccc([*])cc4C3=O)cc1)C2=O,2.9305
[*]CCCCCCCCCCCOc1ccc(C=CC=Cc2ccc(O[*])cc2)cc1,2.9306
[*]c1ccc(-c2ccc3nc([*])cc(-c4ccccc4)c3c2)cc1,2.9322
[*]C(=O)C(C=C1)=CC=C1C(=S)C(C=C2)=CC=C2[*],2.9329
[*]c1ccc(-n2c(=O)c3cc4c(=O)n([*])c(=O)c4cc3c2=O)c(C)c1,2.9339
[*]c1cc(CC(=O)OCCCCCCCC)c([*])[nH]1,2.9373
[*]c1ccc(-c2nc3cc(-c4ccc5nc([*])c(-c6ccc7ccccc7c6)nc5c4)ccc3nc2-c2ccc3ccccc3c2)cc1,2.9378
[*]c1cc(CCCCCCCCCCCCCCCC)c([*])[nH]1,2.9385
[*]C(=O)Oc1ccc(OC(=O)c2ccc3c(c2)C(=O)N(c2ccc(Sc4ccc(N5C(=O)c6ccc([*])cc6C5=O)cc4)cc2)C3=O)cc1,2.9386
[*]c1[nH]c([*])c2c1CCCCC2,2.9389
[*]C(=O)Nc1ccc(C2(c3ccc(N4C(=O)c5ccc([*])cc5C4=O)cc3)CCC(CC)CC2)cc1,2.9391
[*]Nc1cc(NC(=O)c2ccc(C([*])=O)cc2)c(N)cc1N,2.9415
[*]c1ccc(C(=O)c2ccc(-n3c(=O)c4cc5c(=O)n([*])c(=O)c5cc4c3=O)cc2)cc1,2.9421
[*]Oc1ccc(Oc2ccc(NC(=C(C#N)C#N)c3cccc(C(Nc4ccc([*])cc4)=C(C#N)C#N)c3)cc2)cc1,2.943
[*]Sc1ccc(C=Nc2ccc(N=Cc3ccc([*])cc3)cc2)cc1,2.9441
[*]NC(=O)C(C=C1)=CC=C1C(=S)[*],2.9444
[*]CCOc1ccc(C=C2CCC(=Cc3ccc(O[*])cc3)C2=O)cc1,2.9454
[*]C#CC(CCCCOC(=O)NCC(=O)OCCCC)=C([*])c1cncnc1,2.9465
[*]C(=O)C(S1)=CC=C1C(=O)C(S2)=CC=C2[*],2.951
[*]c1ccc2cc(N([*])c3ccccc3)ccc2c1,2.9513
[*]Nc1ccc(C#Cc2ccc(C([*])=O)cc2)cc1,2.9535
[*]CCCCCOc1ccc(OCCCCCc2nnc(-c3ccc(-c4nnc([*])o4)cc3)o2)c(C)c1,2.9539
[*]c1ccc(Cc2ccc(N3C(=O)c4ccc([Si](C)(C)c5ccc6c(c5)C(=O)N([*])C6=O)cc4C3=O)cc2)cc1,2.9543
[*]N=Nc1ccc(NC(=O)CCC(=O)Nc2ccc([*])cc2)cc1,2.9548
[*]C(=O)c1ccc2c(c1)C(=O)N(c1ccc(C(c3ccc(N4C(=O)c5ccc([*])cc5C4=O)cc3)(C(F)(F)F)C(F)(F)F)cc1)C2=O,2.9566
[*]c1[nH]c([*])c(C(=O)O)c1C,2.9575
[*]C(=O)c1ccc2c(c1)C(=O)N(c1cccc(-c3nc(-c4ccccc4)nc(-c4cccc(N5C(=O)c6ccc([*])cc6C5=O)c4)n3)c1)C2=O,2.9596
[*]C=Nc1ccc(-c2ccc(N=Cc3ccc(Sc4ccc([*])o4)o3)c(OC)c2)cc1OC,2.96
[*]c1cccc(-c2nc3cc4nc([*])c(-c5ccccc5)nc4cc3nc2-c2ccccc2)c1,2.9601
[*]C=Cc1csc(-c2cc([*])cs2)c1,2.9611
[*]C(=O)Nc1cccc(C=CC(=O)C=Cc2cccc(NC(=O)c3ccc(N4C(=O)c5ccc([*])cc5C4=O)cc3)c2)c1,2.9611
[*]C(=O)OC(C=C1)=CC=C1C(=S)[*],2.9611
[*]Oc1ccc(C=Nc2ccc(N=Cc3ccc([*])cc3)cc2)cc1,2.9641
[*]Oc1cc(C(=O)c2ccccc2)c(Oc2ccc([*])cc2)cc1C(=O)c1ccccc1,2.9644
[*]C(=O)Nc1ccc(C(c2ccc(NC(=O)c3ccc(N4C(=O)c5ccc([*])cc5C4=O)cc3C)cc2)(C(F)(F)F)C(F)(F)F)cc1,2.9645
[*]CC(C=C1)=CC=C1C(C=C2)=CC=C2C(=S)[*],2.9669
[*]c1ccc(-c2nnc(-c3nnc([*])o3)o2)cc1,2.9703
[*]C(=O)C(C=C1)=CC=C1C(S2)=CC=C2C(C=C3)=CC=C3[*],2.9732
[*]Oc1ccc(NC(=O)c2ccc(Oc3ccc(C(=O)Nc4ccc([*])cc4)c(C(=O)O)c3)cc2C(=O)O)cc1,2.9737
[*]c1sc([*])c2c1OCC(CCCCCC)O2,2.9744
[*]C(=O)c1ccc2c(c1)C(=O)N(c1cccc(C(c3ccccc3)(c3cccc(N4C(=O)c5ccc([*])cc5C4=O)c3)C(F)(F)F)c1)C2=O,2.9754
[*]N=Nc1cc([*])ccc1C,2.9764
[*]C(=O)C(C=C1)=CC=C1C(=O)C(=S)[*],2.9772
[*]CC(S1)=CC=C1C(S2)=CC=C2C(S3)=CC=C3[*],2.9777
[*]C(=O)OC(=O)COc1ccc(OCC(=O)OC(=O)c2ccc([*])nc2)cc1,2.9777
[*]Oc1ccc(C(C)=Nc2ccc(N=C(C)c3ccc([*])cc3)cc2)cc1,2.9779
[*]C(=O)Nc1ccc(C(=O)Nc2ccc(NC(=O)c3ccc4[nH]c(-c5cccc(-c6nc7cc([*])ccc7[nH]6)c5)nc4c3)cc2)cc1,2.979
[*]NC(=O)c1ccc(C(=O)Nc2ccc3c(c2)[nH]c(=O)c2cc([*])ccc23)cc1,2.9794
[*]c1ccc(-c2ccc(N3C(=O)c4ccc(Oc5ccc6c(c5)C(=O)N([*])C6=O)cc4C3=O)cc2)cc1,2.9797
[*]OP(=O)(Oc1ccc(OC)cc1)Oc1c(Br)cc(C(c2cc(Br)c([*])c(Br)c2)(C(F)(F)F)C(F)(F)F)cc1Br,2.9806
[*]c1cc(CCCS(=O)(=O)O)c([*])s1,2.9846
[*]Oc1c(F)c(F)c(On2c(=O)c3cc4c(=O)n([*])c(=O)c4cc3c2=O)c(F)c1F,2.9852
[*]Oc1ccc(N=Nc2ccc(C([*])=O)cc2)cc1C,2.9862
[*]CC(C=C1)=CC=C1C(=O)C(=S)[*],2.9863
[*]NC(C=C1)=CC=C1C(=O)C(S2)=CC=C2[*],2.987
[*]c1cc(Br)c(Oc2c(Br)cc(N3C(=O)c4ccc(Oc5ccc6c(c5)C(=O)N([*])C6=O)cc4C3=O)cc2Br)c(Br)c1,2.9889
[*]C(=O)Nc1ccc(NC(=O)c2ccc(N3C(=O)c4ccc([*])cc4C3=O)cc2)cc1,2.9907
[*]Nc1c(F)c(F)c(-c2ccc3cc(-c4ccc5c(c4)C(=O)N(c4cccc([*])c4)C5=O)ccc3c2)c(F)c1F,2.9912
[*]C=Cc1ccc(C=Cc2cc([*])ncn2)cc1,2.9914
[*]C(=O)Nc1ccc(S(=O)(=O)c2ccc(NC(=O)c3ccc4c(c3)C(=O)N(c3ccc(S(=O)(=O)c5ccc(N6C(=O)c7ccc([*])cc7C6=O)cc5)cc3)C4=O)cc2)cc1,2.9914
[*]CCCCOc1ccc(C=C2CCC(=Cc3ccc(O[*])cc3)C2=O)cc1,2.9946
[*]c1ccc(-c2nc3cc(-c4ccc5nc([*])c(-c6ccccc6)nc5c4)ccc3nc2-c2ccccc2)cc1,2.9973
[*]Oc1c(C)cc(C2(c3cc(C)c(OC(=O)c4cc(C([*])=O)cc(C(C)(C)C)c4)c(C)c3)CC(C)CC(C)(C)C2)cc1C,2.9976
[*]n1nc(-n2c(=O)c3cc4c(=O)n([*])c(=O)c4cc3c2=O)c2ccccc2c1=O,2.9979
[*]C=Cc1ccc(C=Cc2cc(OCCCCCCCCCCCC)c([*])cc2OC)cc1,2.9983
[*]c1ccc(N2C(=O)c3ccc(-c4ccc5c(c4)C(=O)N([*])C5=O)cc3C2=O)c(C)c1,2.9991
[*]c1cccc(S(=O)(=O)c2cccc(-n3c(=O)c4cc5c(=O)n([*])c(=O)c5cc4c3=O)c2)c1,2.9994
[*]Oc1ccc(C=Nc2ccc(N=Cc3ccc(Oc4ccc(C(c5ccccc5)(c5ccccc5)c5ccc([*])cc5)cc4)cc3)cc2)cc1,3.0005
[*]c1ccc(-c2nc3ccc(-c4ccc5nc([*])sc5c4)cc3s2)cc1,3.0008
[*]C(=O)Nc1ccc(NC(=O)c2cccc(C(=O)Nc3ccc(N4C(=O)c5ccc([*])cc5C4=O)cc3)c2)cc1,3.0011
[*]c1cccc(Oc2ccc(S(=O)(=O)c3ccc(Oc4cccc(N5C(=O)c6ccc(-c7ccc8c(c7)C(=O)N([*])C8=O)cc6C5=O)c4)cc3)cc2)c1,3.002
[*]c1ccc([*])nc1,3.0047
[*]NC(S1)=CC=C1NC(=S)[*],3.0052
[*]C=Cc1cccc([*])c1,3.0058
[*]c1ccc(Oc2ccc(-c3nc4cc(-c5ccc6nc([*])c(-c7ccccc7)nc6c5)ccc4nc3-c3ccccc3)cc2)cc1,3.0112
[*]Nc1cnc([*])c(O)c1,3.0117
[*]C(=O)c1ccc2c(c1)C(=O)N(c1ccc(C(c3ccccc3)(c3ccc(N4C(=O)c5ccc([*])cc5C4=O)cc3)C(F)(F)F)cc1)C2=O,3.0137
[*]c1ccc(-c2ccc(-c3cnc4cc(Oc5ccc6nc([*])cnc6c5)ccc4n3)cc2)cc1,3.0166
[*]C(=O)c1ccc(C(=O)N(C)c2ccc(Cl)c(N([*])C)c2)cc1,3.0209
[*]CC([*])OCCOc1ccc(C=C(C#N)C(=O)OC)cc1,3.0209
[*]c1cc(N=Nc2ccc(C(=O)O)cc2)cc([*])c1O,3.0234
[*]Nc1ccc(NC(=O)c2ccc(C([*])=O)cc2F)cc1F,3.0271
[*]Oc1ccc(C2(c3ccc(OC([*])=O)cc3)c3cc(OC)ccc3-c3ccc([N+](=O)[O-])cc32)cc1,3.029
[*]C=Cc1ccc(Oc2ccc(C=Cc3cc([*])ncn3)cc2)cc1,3.0294
[*]Nc1ccc([*])c2ccccc12,3.0325
[*]c1ccc(N2C(=O)c3ccc(P(=O)(c4ccccc4)c4ccc5c(c4)C(=O)N([*])C5=O)cc3C2=O)cc1,3.0336
[*]c1cc([*])c(O)c(C=Nc2ccc(Cl)cc2)c1,3.0338
[*]c1ccc(Oc2ccc(N3C(=O)c4cccc(Oc5cccc(Oc6cccc7c6C(=O)N([*])C7=O)c5)c4C3=O)cc2)cc1,3.034
[*]c1cc(Br)c(Oc2c(Br)cc(N3C(=O)c4ccc(-c5ccc6c(c5)C(=O)N([*])C6=O)cc4C3=O)cc2Br)c(Br)c1,3.034
[*]Oc1cc(OC(=O)c2ccc(C=Nc3ccc(OCCCCCCOc4ccc(N=Cc5ccc(C([*])=O)cc5)cc4F)c(F)c3)cc2)c(Cl)cc1Cl,3.0348
[*]Nc1cc(Cl)c([*])cc1Cl,3.035
[*]C(=O)NNC(=O)c1cnc([*])cn1,3.036
[*]Nc1ccc(NC(=O)c2cc(C([*])=O)c(C(=O)O)cc2C(=O)O)cc1,3.0363
[*]c1ccc(-c2nc3ccc(-c4ccc5nc([*])c(-c6ccccc6)nc5c4)cc3nc2-c2ccccc2)cc1,3.0402
[*]CC(=S)CO[*],3.0406
[*]NNC(=O)c1cccc(C(=O)NNC(=S)c2cccc(C([*])=S)c2)c1,3.0452
[*]c1ccc([*])c2nc(CCCCCCC)c(CCCCCCC)nc12,3.0507
[*]Nc1cc(Br)c([*])cc1Br,3.0526
[*]C(=O)c1ccc2nc(-c3ccc(-c4nc5ccc([*])cc5nc4-c4ccccc4)cc3)c(-c3ccccc3)nc2c1,3.0546
[*]OC1=CC(=O)C([*])=CC1=O,3.0549
[*]c1cc(N=Nc2ccc(S(=O)(=O)O)cc2)cc([*])c1O,3.057
[*]c1ccc(-c2ccc(-c3ccc(-c4cnc5ccc(-c6ccc7ncc([*])nc7c6)cc5n4)cc3)cc2)cc1,3.0581
[*]c1cccc(-c2nc3cc(-c4ccc5nc([*])c(-c6ccc7ccccc7c6)nc5c4)ccc3nc2-c2ccc3ccccc3c2)c1,3.0593
[*]N1CCC(CCc2ccc(N3C(=O)c4ccc(N5C(=O)C(=O)N([*])C5=O)cc4C3=O)cc2)CC1,3.0606
[*]C(=O)c1ccc2c(c1)C(=O)N(c1ccc(N3C(=O)c4ccc([*])cc4C3=O)nc1)C2=O,3.0618
[*]c1cc([*])c(O)c(C=Nc2ccc(N3CCOCC3)cc2)c1,3.062
[*]Oc1ccc(NC(=C(C#N)C#N)c2ccc3cc(C(Nc4ccc([*])cc4)=C(C#N)C#N)ccc3c2)cc1,3.062
[*]Oc1ccc(Oc2ccc(NC(=O)c3ccc(Oc4ccc(C(=O)Nc5ccc([*])cc5)c(C(=O)O)c4)cc3C(=O)O)cc2)cc1,3.0627
[*]C1=NC2=CC([*])C=CC2=C1,3.0661
[*]C=C1CCCC(=Cc2ccc([*])cc2)C1=O,3.068
[*]C(C=C1)=CC=C1C(S2)=CC=C2OC(S3)=CC=C3[*],3.0681
[*]c1cc(N=Nc2ccc(OC)cc2)cc([*])c1O,3.0692
[*]C(=O)Nc1ccc(Cc2ccc(N3C(=O)c4ccc([*])cc4C3=O)cc2)cc1,3.0708
[*]c1ccc(Oc2ccc(-c3cnc4cc(Oc5ccc6nc([*])cnc6c5)ccc4n3)cc2)cc1,3.0731
[*]c1ccc(-c2ccc(N(c3ccccc3)c3ccc4ccc(N([*])c5ccccc5)cc4c3)cc2)cc1,3.0776
[*]Nc1ccc(NC(=O)c2ccc(C(=O)c3ccc(C([*])=O)c(C(=O)O)c3)cc2C(=O)O)cc1,3.0780000000000003
[*]c1ccc(N2C(=O)c3ccc(-c4cccc5c4C(=O)N([*])C5=O)cc3C2=O)cc1,3.0789
[*]C(=O)c1ccc2nc(-c3ccc(-c4cnc5cc([*])ccc5n4)cc3)cnc2c1,3.0794
[*]C(OC)=C(OC)c1ccc([*])cc1,3.0807
[*]c1ccc(-c2nc3cc(-c4ccc5oc([*])nc5c4)ccc3o2)cc1,3.0845
[*]C(C=C1)=CC=C1C(S2)=CC=C2OC(=S)[*],3.0860000000000003
[*]Oc1cc(Oc2ccc(C(C)(C)c3ccc([*])cc3)cc2)cc(C(=O)Oc2ccc(N=Nc3ccc(C#N)cc3)cc2)c1,3.0878
[*]NC(=S)Sc1cc(N)nc([*])n1,3.0878
[*]c1ccc(C)c(N2C(=O)c3ccc(S(=O)(=O)c4ccc5c(c4)C(=O)N([*])C5=O)cc3C2=O)c1,3.0894
[*]C#Cc1cc(OCC(CC)CCCC)c(C#Cc2cc(OCCNCCCC)c([*])cc2OCCNCCCC)cc1OCC(CC)CCCC,3.0922
[*]c1cc(OCCCC)c([*])s1,3.0949
[*]C(=O)Nc1cccc(NC(=O)c2ccc3[nH]c(-c4ccc(-c5nc6cc([*])ccc6[nH]5)cc4)nc3c2)c1,3.0951
[*]Oc1ccc(OC(=O)C=Cc2ccc(C=CC([*])=O)cc2)cc1,3.0952
[*]NC(=S)C(S1)=CC=C1O[*],3.0956
[*]c1cc(C)c(-c2c(C)cc(N3C(=O)c4ccc(-c5ccc6c(c5)C(=O)N([*])C6=O)cc4C3=O)cc2C)c(C)c1,3.0985
[*]CCOCCOC(=O)CC(=CC(=O)O[*])c1cc(C)ccc1OC,3.1
[*]Nc1ccc(NC(=O)c2ccc(NC(=O)c3cc(NC(=O)C45CC6CC(CC(C6)C4)C5)cc(C([*])=O)c3)cc2)cc1,3.1016
[*]c1ccc(-c2nnc([*])o2)c(OCCCCC)c1,3.1025
[*]CC(S1)=CC=C1C(=O)C(=S)[*],3.1043
[*]OC(=O)c1ccc(C(=O)Oc2ccc3c(c2)Oc2cc([*])ccc2C32c3ccccc3-c3ccccc32)cc1,3.1064
[*]Oc1ccc(SSc2ccc([*])cc2)cc1,3.1064
[*]NC(=S)C(C=C1)=CC=C1O[*],3.1065
[*]Nc1ccc(NC(=O)c2cc(SCCCCCCCC)c(C([*])=O)cc2SCCCCCCCC)cc1,3.1071
[*]c1ccc(-c2cnc3cc(-c4ccc5nc([*])cnc5c4)ccc3n2)cc1,3.1087
[*]c1ccc(Oc2ccc(-c3cnc4ccc(-c5ccc6nc([*])cnc6c5)cc4n3)cc2)cc1,3.1097
[*]C(=O)Nc1cccc(C(=O)Nc2cccc(NC(=O)c3ccc4[nH]c(-c5ccc(-c6nc7cc([*])ccc7[nH]6)cc5)nc4c3)c2)c1,3.111
[*]c1nc2cc3sc(-c4cc(OCCCC)c([*])cc4OCCCC)nc3cc2s1,3.1128
[*]c1ccc(C(=O)CNCCNCC(=O)c2ccc(S([*])(=O)=O)cc2)cc1,3.1138
[*]c1ccc(Oc2cccc(Oc3ccc(N4C(=O)CC(=O)N([*])C4=S)cc3)c2)cc1,3.1165
[*]CCOc1ccc(C(=O)OC(=O)c2ccc(C(=O)OC(=O)c3ccc(O[*])c(OC)c3)cc2)cc1OC,3.117
[*]CCOCCOCCOC(=O)c1ccc(N=Nc2ccc(C(=O)O[*])cc2)cc1,3.1178
[*]C#Cc1cc(OCCCCCC)c(C#Cc2ccc3c(-c4c(O)ccc5cc([*])ccc45)c(O)ccc3c2)cc1OCCCCCC,3.1184
[*]c1cc2sc([*])c(C)c2s1,3.1198
[*]Nc1ccc([*])cc1S(=O)(=O)O,3.1216
[*]Nc1cc(C)c([*])cc1OC,3.1262
[*]c1ccc2cc(-c3nc4cc5sc([*])nc5cc4s3)ccc2c1,3.1272
[*]CC([*])(C)C(=O)Oc1ccccc1[N+](=O)[O-],3.1276
[*]Nc1cccc2c(NC(=O)c3cccc(C([*])=O)c3)cccc12,3.1281
[*]c1ccc(-c2cnc3cc(S(=O)(=O)c4ccc5nc([*])cnc5c4)ccc3n2)cc1,3.1285
[*]c1ccc(-c2ccc(-c3cc(-c4ccccc4)c4cc(-c5ccc6nc([*])cc(-c7ccccc7)c6c5)ccc4n3)cc2)cc1,3.131
[*]c1ccc(-c2cnc3ccc(Oc4ccc5ncc([*])nc5c4)cc3n2)cc1,3.1316
[*]c1ccc(Cc2ccc(N3C(=O)c4ccc(-c5ccc6c(c5)C(=O)N([*])C6=O)cc4C3=O)c(C(C)(C)C)c2)cc1C(C)(C)C,3.1365
[*]Nc1ccc([*])cc1CCC,3.137
[*]CCN(CCOC(=O)Nc1ccc(C)c(NC(=O)O[*])c1)c1ccc(C=C2NC(=O)NC2=O)cc1,3.1402
[*]Oc1ccc(C(=O)CNc2cccc(NCC(=O)c3ccc([*])cc3)c2)cc1,3.1409
[*]c1ccc(C(c2ccc(-c3nc4ccc(-c5ccc6nc([*])oc6c5)cc4o3)cc2)(C(F)(F)F)C(F)(F)F)cc1,3.141
[*]Nc1ccc(-c2ccc(NC(=O)c3cc(C(=O)O)c(C([*])=O)cc3C(=O)O)cc2)cc1,3.1431
[*]Nc1ccc([*])cc1CC,3.1433
[*]c1ccc(Oc2ccc(Oc3ccc(N4C(=O)CC(=O)N([*])C4=S)cc3)cc2)cc1,3.1443
[*]c1ccc(Oc2ccc(-c3nc4cc(-c5ccc6nc(-c7ccccc7)c([*])nc6c5)ccc4nc3-c3ccccc3)cc2)cc1,3.1454
[*]C(=O)Nc1cccc(C(=O)Nc2cccc(NC(=O)c3ccc4[nH]c(-c5cccc(-c6nc7cc([*])ccc7[nH]6)c5)nc4c3)c2)c1,3.1483
[*]Oc1ccc(OC(=O)c2cc(OCCCCCCCCCCCC)c(C([*])=O)cc2OCCCCCCCCCCCC)cc1,3.1513
[*]c1cc2cc([*])sc2s1,3.153
[*]c1ccc(-c2ccc(-c3cc(SCCCCCCCCCC)c([*])s3)cc2)cc1,3.1535
[*]Oc1ccc(NC(=O)c2cccc(C(=O)Nc3ccc([*])cc3)c2)cc1,3.1562
[*]c1ccc(-c2nc3cc(Oc4ccc5nc([*])c(-c6ccccc6)nc5c4)ccc3nc2-c2ccccc2)cc1,3.1583
[*]CCCC(=O)Nc1ccc(NC(=O)CCCOC(=O)c2ccc(-c3ccc(C(=O)O[*])cc3)cc2)cc1,3.1592
[*]Nc1ccc(Cc2ccc(NC(=O)c3ccc(C([*])=O)cc3)cc2)cc1,3.1602
[*]CNC(S1)=CC=C1C(=O)[*],3.1605
[*]Nc1ccc(-c2ccc(NC(=O)c3ccc(C([*])=O)cc3)cc2)cc1,3.1615
[*]CCOCCOCCOc1ccc(NC(=O)c2ccc(C(=O)Nc3ccc(O[*])cc3)cc2)cc1,3.1624
[*]C(=O)Nc1cccc(NC(=O)c2ccc3c(c2)C(=O)N(c2cccc(N4C(=O)c5ccc([*])cc5C4=O)c2)C3=O)n1,3.1626
[*]c1cc([*])c(O)c(C=Nc2ccc(S(=O)(=O)O)cc2)c1,3.1631
[*]c1ccc(C(=O)c2cccc(-n3c(=O)c4cc5c(=O)n([*])c(=O)c5cc4c3=O)c2)cc1,3.1643
[*]CC(C=C1)=CC=C1C(S2)=CC=C2C(S3)=CC=C3[*],3.1679
[*]c1ccc(-c2ccc(-c3ccc(-c4nc5cc6sc([*])nc6cc5s4)cc3)c(-c3ccccc3)c2-c2ccccc2)cc1,3.1695
[*]c1ccc(-c2nc3ccc(Oc4ccc5nc([*])c(-c6ccccc6)nc5c4)cc3nc2-c2ccccc2)cc1,3.1698
[*]c1ccc2cc(-c3nc4cc5nc([*])[nH]c5cc4[nH]3)ccc2c1,3.1698
[*]CCN(CCOC(=O)Nc1ccc(C)c(NC(=O)O[*])c1)c1ccc(-c2c(NCCCO)c(=O)c2=O)cc1,3.1713
[*]Nc1ccc(NC(=O)c2ccc(NC(=O)c3ccc([Si](C)(C)c4ccc(C(=O)Nc5ccc(C([*])=O)cc5)cc4)cc3)cc2)cc1,3.1713
[*]Nc1ccc(-c2ccc(NC(=O)c3cc(C([*])=O)cc(S(=O)(=O)c4ccccc4)c3)cc2)cc1,3.1725
[*]c1ccc(Oc2ccc(-c3cnc4cc(-c5ccc6nc([*])cnc6c5)ccc4n3)cc2)cc1,3.1727
[*]Nc1ccc(NC(=O)C=Cc2ccc(C=CC([*])=O)cc2)cc1,3.1732
[*]c1cccc(N2C(=O)c3ccc(P(=O)(c4ccccc4)c4ccc5c(c4)C(=O)N([*])C5=O)cc3C2=O)c1,3.1738
[*]c1ccc(-c2ccc(-c3ccc(-c4cc(-c5ccccc5)c5cc(-c6ccc7nc([*])cc(-c8ccccc8)c7c6)ccc5n4)cc3)cc2)cc1,3.176
[*]c1ccc(-c2ccc(-c3ccc(-c4cc(-c5ccccc5)c5cc(Oc6ccc7nc([*])cc(-c8ccccc8)c7c6)ccc5n4)cc3)cc2)cc1,3.1781
[*]C=Cc1cc(CCCCCCCCCC)c(C=Cc2ccc([*])cc2)cc1CCCCCCCCCC,3.1782
[*]N=Nc1ccc(C(=O)NCCCCNC(=O)c2ccc([*])cc2)cc1,3.1785
[*]CCCCCCCCCCOc1ccc(OC(=O)c2ccc(C(=O)Oc3ccc(O[*])cc3)cc2)cc1,3.1798
[*]CC([*])C(=O)OCCCOc1ccc(-c2ccc(C#N)cc2)cc1,3.1806
[*]c1ccc(CCCCCCc2ccc(-c3csc(-c4nc([*])cs4)n3)cc2)cc1,3.1824
[*]C(=O)OCCCCCCCCCCCCOC(=O)c1ccc(N2C(=O)c3ccc([*])cc3C2=O)cc1,3.1825
[*]CCC(S1)=CC=C1C(S2)=CC=C2[*],3.1843
[*]C=NCCN=Cc1ccc(Sc2ccc([*])o2)o1,3.1877
[*]c1[nH]c([*])c(CC(=O)OC)c1CC(=O)OC,3.1891
[*]C=Cc1ccc([*])c(-c2ccc(OCC(CC)CCCC)c3ccccc23)c1,3.1924
[*]Oc1ccc(C(C)(C)c2ccc(OC(=O)c3ccc(C([*])=O)cc3)c(C(C)C)c2)cc1C(C)C,3.1936
[*]c1ccc(Oc2ccc(C(=O)c3ccc(Oc4ccc(C(=O)c5ccc(Oc6ccc(-c7nc8ccccc8n7-c7ccc(-n8c([*])nc9ccccc98)cc7)cc6)cc5)cc4)cc3)cc2)cc1,3.1981
[*]Oc1ccc(C2(c3ccc(OC(=O)c4ccc(C([*])=O)cc4)cc3)CCc3ccccc32)cc1,3.1984
[*]C(=O)c1ccc2nc(-c3ccccc3)c(-c3ccc(-c4nc5ccc([*])cc5nc4-c4ccccc4)cc3)nc2c1,3.1987
[*]c1ccc(Oc2ccc(-c3nc4ccc(Oc5ccc6nc([*])c(-c7ccccc7)c(-c7ccccc7)c6c5)cc4c(-c4ccccc4)c3-c3ccccc3)cc2)cc1,3.2
[*]Oc1ccc(C(=O)Nc2ccc(Cc3ccc(NC(=O)c4ccc(Oc5nc([*])nc(Sc6ccccc6)n5)cc4)cc3)cc2)cc1,3.2006
[*]c1cccc(C(c2cccc(-n3c(=O)c4cc5c(=O)n([*])c(=O)c5cc4c3=O)c2)(C(F)(F)F)C(F)(F)F)c1,3.2011
[*]c1ccc(-c2ccc(-c3nc4cc(Oc5ccc6nc(-c7ccccc7)c([*])nc6c5)ccc4nc3-c3ccccc3)cc2)cc1,3.2011
[*]c1cc(N2C(=O)c3ccc(-c4ccc5c(c4)C(=O)N([*])C5=O)cc3C2=O)c(O)cc1O,3.2012
[*]c1ccc([*])c2nc(-c3ccccc3)c(-c3ccccc3)nc12,3.2043
[*]c1ccc(-c2csc(-c3nc([*])cs3)n2)cc1,3.2084
[*]CCC(=O)C(=S)[*],3.2093
[*]CCN(CCOC(=O)c1cccc(C(=O)O[*])c1)c1ccccc1,3.2108
[*]Nc1cc(NC(=O)c2ccc(C([*])=O)cc2)cc(C(=O)OCCOc2ccc(C=CC(=O)c3ccccc3)cc2)c1,3.212
[*]Oc1ccc(NC(=O)c2ccc(-c3ccc(C(=O)Nc4ccc(Oc5ccc(C6(c7ccc([*])cc7)CC7CCC6C7)cc5)cc4)cc3)cc2)cc1,3.2128
[*]c4ccc(C3Nc2cc1NC([*])Oc1cc2O3)cc4,3.2133
[*]c1c(C)cc(C)c(N2C(=O)c3ccc(-c4ccc5c(c4)C(=O)N([*])C5=O)cc3C2=O)c1C,3.2146
[*]c1ccc(C(c2ccccc2)(c2ccc(N3C(=O)c4ccc(Oc5ccc6c(c5)C(=O)N([*])C6=O)cc4C3=O)cc2)C(F)(F)F)cc1,3.2149
[*]c1cncc(-c2nc3ccc(-c4ccc5nc([*])sc5c4)cc3s2)c1,3.2155
[*]C(=O)OCCOC(=O)c1ccc([*])o1,3.2205
[*]c1ccc([*])c2nccnc12,3.225
[*]Cc1c(C)c(C)c(CSC(=O)C(=O)S[*])c(C)c1C,3.2265
[*]CCCCCCOC(=O)c1ccc(C=Cc2ccc(C(=O)O[*])cc2)cc1,3.2271
[*]c1cccc(-c2ccc(-c3ccc([*])s3)s2)n1,3.2272
[*]Nc1ccc(-c2ccc(NC(=O)c3cc(NC(=O)c4ccncc4)cc(C([*])=O)c3)cc2)cc1,3.2276
[*]c1ccc(-c2nc3cc(-c4ccc5nc(-c6ccccc6)c([*])nc5c4)ccc3nc2-c2ccccc2)cc1,3.2285
[*]c1ccc(-c2ccc(N3C(=O)c4ccc(S(=O)(=O)c5ccc6c(c5)C(=O)N([*])C6=O)cc4C3=O)cc2C(F)(F)F)c(C(F)(F)F)c1,3.23
[*]c1ccc(-c2cc(-c3ccccc3)c3cc(-c4ccc5nc([*])cc(-c6ccccc6)c5c4)ccc3n2)cc1,3.236
[*]Oc1ccc(NC(=O)c2cc(NC(=O)c3ccncc3)cc(C(=O)Nc3ccc([*])cc3)c2)cc1,3.2421
[*]Nc1ccc(Cc2ccc(NC(=O)c3cc(C([*])=O)cc(N4C(=O)C5C6CCC(C6)C5C4=O)c3)cc2)cc1,3.2426
[*]C=Nc1cccc(N=Cc2cccc([*])n2)c1,3.2461
[*]CCOCCOCCOc1ccc(NC(=O)c2cccc(C(=O)Nc3ccc(O[*])cc3)c2)cc1,3.2482
[*]c1cc(N2C(=O)c3ccc(P(=O)(c4ccccc4)c4ccc5c(c4)C(=O)N([*])C5=O)cc3C2=O)cc(C(F)(F)F)c1,3.2484
[*]Nc1ccc(C(C)(C)c2ccc(NC(=O)c3cc(C([*])=O)cc(S(=O)(=O)c4ccccc4)c3)cc2)cc1,3.2508
[*]Oc1ccc(Oc2ccc(C(=O)c3ccccc3-c3ccccc3C(=O)c3ccc([*])cc3)cc2)cc1,3.2515
[*]C=Cc1cccc(C=Cc2cc([*])nc(-c3ccccc3)n2)c1,3.2515
[*]c1cccc(N2C(=O)c3ccc(Oc4ccc(Oc5ccc(Oc6ccc7c(c6)C(=O)N([*])C7=O)cc5)cc4)cc3C2=O)c1,3.252
[*]C(=O)C(C=C1)=CC=C1C(=S)O[*],3.2523
[*]CCCCCCOc1ccc(OC(=O)c2ccc(C(=O)Oc3ccc(O[*])cc3)cc2)cc1,3.2533
[*]C(=O)Nc1cc(NC(=O)c2ccc3[nH]c(-c4cccc(-c5nc6cc([*])ccc6[nH]5)c4)nc3c2)cc(-c2nc3ccccc3[nH]2)c1,3.2549
[*]CC([*])C(=O)c1ccc(Br)cc1,3.2553
[*]C(=O)c1ccc(N=Nc2ccc(C(=O)N3C(=O)N([*])C(CC)(CC)C3=O)cc2)cc1,3.2554
[*]Oc1ccc(C(C)(C)c2ccc(OC(=O)C=CC([*])=O)cc2)cc1,3.2554
[*]CCCCOc1ccc(OC(=O)c2ccc(C(=O)Oc3ccc(O[*])cc3)c(C(=O)OCC=C)c2)cc1,3.2573
[*]CCCCCCCCCCOC(=O)c1ccc(C=Cc2ccc(C(=O)O[*])cc2)cc1,3.2582
[*]c1ccc(Oc2ccc(-c3cc(OCCCCCC)c(-c4ccc(Oc5ccc(-c6nnc([*])o6)cc5)cc4)cc3OCCCCCC)cc2)cc1,3.2584
[*]C=Cc1ccc([*])c2c1C(=O)OC2=O,3.2587
[*]C(Br)=C(c1ccccc1)c1ccc([*])cc1,3.2592
[*]c1cccc(-c2nc3ccc(-c4ccc5nc([*])oc5c4)cc3o2)c1,3.2597
[*]Oc1ccc(C(CC)(CC)c2ccc(OC(=O)c3ccc(C([*])=O)cc3)cc2)cc1,3.2648
[*]Oc1c(C)c(C)c(Oc2ccc(NC(=O)c3ccc(C(=O)Nc4ccc([*])cc4)cc3)cc2)c(C)c1C,3.2654
[*]Nc1ccc([*])cc1C(C)C,3.2671
[*]c1ccc(Oc2ccc(-c3nc4cc5sc([*])nc5cc4s3)cc2)cc1,3.2699
[*]c1cc(C(=O)NCCCC)cc(N2C(=O)c3ccc(-c4ccc5c(c4)C(=O)N([*])C5=O)cc3C2=O)c1,3.2713
[*]CC(S1)=CC=C1C(=S)O[*],3.272
[*]NC(=O)NC(S1)=CC=C1[*],3.2728
[*]C=Nc1ccc(S(=O)(=O)c2ccc(N=Cc3ccc(Sc4ccc([*])o4)o3)cc2)cc1,3.2744
[*]c1ccc(C(c2ccc(N3C(=O)c4ccc(-c5ccc6c(c5)C(=O)N([*])C6=O)cc4C3=O)cc2)(C(F)(F)F)C(F)(F)F)cc1,3.2749
[*]Cc1ccc(-c2ccc(CSC(=O)C(=O)S[*])cc2)cc1,3.2752
[*]C=C([*])C(=O)CC,3.276
[*]NC(C=C1)=CC=C1C(=O)C(C=C2)=CC=C2[*],3.2765
[*]CC(C=C1)=CC=C1CC(=S)[*],3.2889
[*]Oc1ccc(Oc2ccc(OC(=O)c3cccc(C([*])=O)c3)cc2)cc1,3.2894
[*]c1ccc(-c2cnc3cc(Oc4ccc5nc([*])cnc5c4)ccc3n2)cc1,3.2905
[*]c1ccc(-c2cnc3ccc(S(=O)(=O)c4ccc5ncc([*])nc5c4)cc3n2)cc1,3.2921
[*]C=Cc1cc(Cl)c([*])cc1Cl,3.2933
[*]c1ccc2c(c1)c1cc([*])ccc1n2CC1CO1,3.295
[*]c1ccc(Sc2ccc(-c3nc4ccc(-c5ccc6nc([*])c(-c7ccccc7)nc6c5)cc4nc3-c3ccccc3)cc2)cc1,3.2954
[*]c1ccc(-c2csc(-c3cccc(-c4nc([*])cs4)n3)n2)cc1,3.2967
[*]c1cc([*])c(O)c(C=O)c1,3.2968
[*]C(=O)c1ccc2nc(-c3ccccc3)c(-c3ccc(-c4nc5cc([*])ccc5nc4-c4ccccc4)cc3)nc2c1,3.2971
[*]c1ccc(S(=O)(=O)c2ccc(N3C(=O)c4ccc(Oc5ccc(Oc6ccc7c(c6)C(=O)N([*])C7=O)cc5)cc4C3=O)cc2)cc1,3.2983
[*]c1ccc(-n2ccc(-c3ccc(-c4ccn([*])n4)cc3)n2)cc1,3.3009
[*]Nc1ccc(NC(=O)c2ccc(C([*])=O)cc2)cc1,3.3019
[*]c1sc([*])c(OCCCCCC)c1C,3.303
[*]c1sc([*])c(OCCCC)c1OC,3.3038
[*]c1cccc(-c2nc3ccc(-c4ccc5nc([*])sc5c4)cc3s2)c1,3.3054
[*]Oc1ccc(NC(=O)c2ccc(C(=O)Nc3ccc(Oc4ccc(C5(c6ccc([*])cc6)CC6CCC5C6)cc4)cc3)cc2)cc1,3.3054
[*]CC(S1)=CC=C1CC(=S)[*],3.3080000000000003
[*]c1sc([*])c(C)c1C,3.3114
[*]C(=O)Nc1cccc(NC(=O)c2ccc(-c3nc4cc([*])ccc4[nH]3)cc2)c1,3.3128
[*]CCOc1ccc(OC(=O)c2ccc(C(=O)Oc3ccc(O[*])cc3)c(OCCCCC)c2)cc1,3.3136
[*]C=CC(=C(C)C)C([*])=C(C)C,3.3162
[*]c1ccc(-c2cnc3ccc(-c4ccc5ncc([*])nc5c4)cc3n2)cc1,3.3175
[*]C(C=C1)=CC=C1C(C=C2)=CC=C2C(=S)O[*],3.3176
[*]NC(S1)=CC=C1C(S2)=CC=C2C[*],3.3199
[*]c1ccc(N2C(=O)c3ccc(-c4ccc5c(c4)C(=O)N([*])C5=O)cc3C2=O)nc1,3.3218
[*]C=Cc1cc(CCCCCC)c([*])s1,3.3225
[*]NNC(=S)c1ccc(C([*])=S)cc1,3.3241
[*]c1ccc2c(c1)Cc1cc([*])ccc1-2,3.3245
[*]Cc1nc2cc3sc([*])nc3cc2s1,3.3248
[*]c1ccc(Oc2ccc(-c3cnc4ccc(-c5ccc6ncc([*])nc6c5)cc4n3)cc2)cc1,3.3274
[*]NC(S1)=CC=C1C(C=C2)=CC=C2C(=S)[*],3.3276
[*]Oc1ccc(Nc2ccc(C(=O)c3ccc(C(=O)c4ccc(Nc5ccc([*])cc5)cc4)cc3)cc2)cc1,3.3281
[*]c1ccc2c(c1)C(=O)N(c1ccc(C(C)(C)C([*])(C(F)(F)F)C(F)(F)F)cc1)C2=O,3.3299
[*]Oc1ccc(S(=O)(=O)c2ccc3cc(S(=O)(=O)c4ccc(Oc5c(C)cc(-c6cc(C)c([*])c(C)c6C)c(C)c5C)cc4)ccc3c2)cc1,3.3303
[*]Nc1cc(OCC)c([*])cc1OCC,3.3328
[*]c1ccc(C(=O)c2ccc(C(=O)c3ccc(Oc4ccc(-c5nn([*])c(=O)c6ccccc56)c(F)c4)cc3)cc2)cc1,3.3331
[*]C(=O)Nc1cccc(NC(=O)c2cccc(NC(=O)c3ccc(-c4nc5cc([*])ccc5[nH]4)cc3)c2)c1,3.3335
[*]N=C(O)N=C([*])N=C(N)N,3.3353
[*]Oc1ccc(C=C2CCC(=Cc3ccc([*])c([N+](=O)[O-])c3)C2=O)cc1[N+](=O)[O-],3.3368
[*]Nc1ccc([*])nc1,3.3373
[*]C(=O)Nc1cccc(NC(=O)c2ccc3[nH]c(-c4cccc(-c5nc6cc([*])ccc6[nH]5)c4)nc3c2)c1,3.34
[*]c1ccc([*])c2nc(CC)c(CC)nc12,3.3408
O([*])c1cc(cc(CCCCCCCCC)c1)OC(=O)c1c(F)c(ccc1)C(=O)([*]),3.343
[*]c1ccc(-c2ccc(N3C(=O)c4ccc(Oc5ccc6c(c5)C(=O)N([*])C6=O)cc4C3=O)cc2C)c(C)c1,3.3433
[*]NC(CCCNC(=O)c1ccc(Cl)cc1)C([*])=O,3.3466
[*]Oc1ccc(S(=O)(=O)c2cccc3c(S(=O)(=O)c4ccc(Oc5ccc(-c6ccc([*])cc6)cc5)cc4)cccc23)cc1,3.3473
[*]CC(=O)C(S1)=CC=C1C(C=C2)=CC=C2[*],3.3483
[*]CC([*])c1ccc(C(=O)CCN2CCOCC2)cc1,3.3487
[*]C(=O)Nc1nc([*])c(C#N)n1C,3.3492
[*]C=Cc1ccc([*])cc1,3.3499
[*]CC([*])OC(=O)c1cccc(Cl)c1,3.3503
[*]C(=O)c1ccc2c(c1)C(=O)N(c1cccc(C(=O)c3cccc(N4C(=O)c5ccc([*])cc5C4=O)c3)c1)C2=O,3.3505
[*]C(=O)C(C=C1)=CC=C1C(C=C2)=CC=C2C(C=C3)=CC=C3[*],3.3512
[*]c1cccc(C(c2ccccc2)(c2cccc(N3C(=O)c4ccc(Oc5ccc6c(c5)C(=O)N([*])C6=O)cc4C3=O)c2)C(F)(F)F)c1,3.352
[*]C(=O)Nc1ccc(N2C(=O)c3ccc([*])cc3C2=O)cc1,3.3531
[*]CCCCCCOc1ccc(C=Cc2ccc(O[*])cc2)cc1,3.3553
[*]CC(S1)=CC=C1C(=O)C(S2)=CC=C2[*],3.3554
[*]c1cccc(-c2nnc(-c3cc(Cl)c(-c4nnc([*])o4)cc3Cl)o2)c1,3.3561
[*]CC(=S)NO[*],3.3571
[*]c1ccc(-c2ccc(-c3ccc4nc(Oc5cc(-c6ccccc6)c6cc([*])ccc6n5)cc(-c5ccccc5)c4c3)cc2)cc1,3.358
[*]Nc1cc(NC(=O)c2ccccc2C([*])=O)cc(-c2nnc(-c3ccccn3)o2)c1,3.359
[*]c1ccc2c(c1)c1cc([*])ccc1n2C,3.3599
[*]Nc1cccc(NC(=O)c2cc(NC(=O)c3ccncc3)cc(C([*])=O)c2)c1,3.3608
[*]C(=O)NNC(=O)c1cccc(C(=O)NNC(=O)c2cnc([*])cn2)c1,3.3622
[*]c1cccc(C(F)(F)C(F)(F)C(F)(F)c2cccc(N3C(=O)c4ccc(Oc5ccc6c(c5)C(=O)N([*])C6=O)cc4C3=O)c2)c1,3.3624
[*]CC(S1)=CC=C1C(C=C2)=CC=C2C(S3)=CC=C3[*],3.3637
[*]Nc1ccc(NC(=O)c2cc(NC(=O)c3ccccc3)cc(C([*])=O)c2)cc1,3.3641
[*]c1ccc(-c2ccc3[nH]c(-c4nc5cc([*])ccc5[nH]4)nc3c2)cc1,3.3642
[*]Oc1ccc(NC(=O)c2cc(C(=O)Nc3ccc([*])cc3)cc(S(=O)(=O)c3ccccc3)c2)cc1,3.3654
[*]c1ccc(C(=O)Nc2ccc(Oc3ccc(NC(=O)c4ccc(Oc5ccc(-c6nn([*])c(=O)c7ccccc67)c6ccccc56)cc4)cc3)cc2)cc1,3.366
[*]Nc1ccc(Cc2ccc(NC(=O)c3ccc(P(=O)(c4ccccc4)c4ccc(C([*])=O)cc4)cc3)cc2)cc1,3.3674
[*]c1ccc(-c2cnc3ccc(-c4ccc5nc([*])cnc5c4)cc3n2)cc1,3.3677
[*]c1cccc(-c2nc3cc(-c4ccc5nc([*])c(-c6ccccc6)nc5c4)ccc3nc2-c2ccccc2)c1,3.3721
[*]Nc1ccc(C(C)(C)c2ccc(NC(=O)c3cc(C([*])=O)cc(N4C(=O)C5CC=CCC5C4=O)c3)cc2)cc1,3.3743
[*]c1ccc(-c2csc(-c3cc([*])cs3)c2)cc1,3.3768
[*]c1ccc(-c2ccc(N3C(=O)c4ccc(-c5ccc6c(c5)C(=O)N([*])C6=O)cc4C3=O)cc2C(F)(F)F)c(C(F)(F)F)c1,3.3769
[*]C(=O)c1ccc2c(c1)C(=O)N(c1cccc(N3C(=O)c4ccc([*])cc4C3=O)c1C)C2=O,3.3805
[*]C(=O)NNC(=O)c1ccc(C(=O)NNC(=O)c2ccc([*])nc2)s1,3.3807
[*]Nc1ccc(NC(=S)NC(=O)c2cccc(C(=O)NC([*])=S)c2)cc1,3.381
[*]CCCC(=S)[*],3.3815
[*]c1ccc(S(=O)(=O)c2ccc(N3C(=O)c4ccc(-c5ccc6c(c5)C(=O)N([*])C6=O)cc4C3=O)cc2)cc1,3.382
[*]C(C=C1)=CC=C1C(C=C2)=CC=C2C(S3)=CC=C3O[*],3.3855
[*]CC(C=C1)=CC=C1C(=S)O[*],3.3862
[*]CNCC(=S)[*],3.3896
[*]Nc1ccc([*])cc1Br,3.3926
[*]Oc1cc(CCC)cc(OC(=O)c2cccc(C([*])=O)c2)c1,3.3935
[*]c1cc(C=Nc2ccc(C)cc2)c([*])c(OC)c1,3.394
[*]Oc1ccc(N=Nc2ccc([*])cc2)cc1,3.3958
[*]c1ccc(N([*])c2ccc(S(=O)(=O)O)cc2)cc1,3.3958
[*]NNC(=O)C=CC(=O)Nc1ccc(NC(=O)C=CC([*])=O)cc1,3.3960000000000004
[*]c1ccc(C(c2ccc(N3C(=O)c4ccc(Oc5ccc6c(c5)C(=O)N([*])C6=O)cc4C3=O)cc2)(C(F)(F)F)C(F)(F)F)cc1,3.3962
[*]c1ccc(NC(=O)c2cc(NC(=O)c3ccc(OC(C)=O)cc3)cc(C(=O)Nc3ccc(-c4nnc([*])o4)cc3)c2)cc1,3.3971
[*]Oc1ccc(OC(=O)c2ccc(C([*])=O)cc2)cc1CCC(C)CC,3.3998
[*]Oc1ccc(Oc2ccc(NC(=C(C#N)C#N)c3ccc(-c4ccc(-c5ccc(C(Nc6ccc([*])cc6)=C(C#N)C#N)cc5)cc4)cc3)cc2)cc1,3.4011
[*]Nc1ccc(-c2ccc([*])cc2)c(OC)c1,3.4023
[*]CCOCCOC(=O)c1ccc(-c2ccc(-c3ccc(C(=O)O[*])cc3)cc2)cc1,3.4046
[*]NC(=O)NC(=S)[*],3.4055
[*]Nc1cc(OC)c([*])cc1OC,3.406
[*]c1ccc(-c2nnc(-c3cccc(-c4nnc([*])o4)c3)o2)cc1,3.4063
[*]C=C([*])CO,3.4066
[*]C(C)=C([*])C#N,3.4072
[*]Oc1ccc(-c2ccc(Oc3ccc(C(=O)c4ccc([*])cc4)cc3)cc2)cc1,3.4073
[*]c1c(C)cc(Cc2cc(C)c(N3C(=O)c4ccc(Oc5cccc6c(Oc7ccc8c(c7)C(=O)N([*])C8=O)cccc56)cc4C3=O)c(C)c2)cc1C,3.4074
[*]c1sc([*])c2sc(CCCCCCCCC)nc12,3.4078
[*]Nc1ccc(C(C)(C)c2ccc(NC(=O)c3cc(C([*])=O)cc(N4C(=O)C5C6CCC(C6)C5C4=O)c3)cc2)cc1,3.4083
[*]c1ccc(C(c2ccccc2)(c2ccc(-c3nc4ccc(-c5ccc6nc([*])oc6c5)cc4o3)cc2)C(F)(F)F)cc1,3.409
[*]CNC(=S)C(C=C1)=CC=C1[*],3.4092
[*]CCOCCOCCOc1cccc(NC(=O)c2ccc(C(=O)Nc3cccc(O[*])c3)cc2)c1,3.4122
[*]CC([*])(C)C(=O)Nc1cccc(-c2nnc(-c3ccccc3)o2)c1,3.4128
[*]NC(=O)C(C=C1)=CC=C1C(C=C2)=CC=C2[*],3.4167
[*]OCCOC(=O)CCCCC(=O)OCCOc1nc(-c2ccc(OC)cc2)nc([*])c1-c1ccc(OC)cc1,3.4169
[*]c1ccc(-c2ccc3nc(Oc4cc(-c5ccccc5)c5cc([*])ccc5n4)cc(-c4ccccc4)c3c2)cc1,3.4178
[*]c1ccc2[nH]c3ccc([*])cc3c2c1,3.4191
[*]c1ccc2c([*])c(-c3ccccc3)[nH]c2c1,3.424
[*]c1ccc(Oc2ccc3c(c2)C(=O)N([*])C3=O)cc1,3.4268
[*]Cc1ccc(OCOc2ccc([*])c3cccnc23)c2ncccc12,3.4275
[*]Nc1cc(NC(=O)c2cccc(C([*])=O)c2)c(N)cc1N,3.4285
[*]Nc1ccc([*])cc1OCCCCS(=O)(=O)O,3.4308
[*]c1ccc(Oc2ccc(S(=O)(=O)c3ccc(Oc4ccc(-c5c6c(c([*])c7ccccc57)C(=O)N(c5ccccc5)C6=O)cc4)cc3)cc2)cc1,3.4309
[*]c1ccc(Oc2ccc(S(=O)(=O)c3ccc(Oc4ccc(-c5c6c(c([*])c7ccccc57)C(=O)N(C)C6=O)cc4)cc3)cc2)cc1,3.4309
[*]Oc1ccc(C2(c3ccc(OC(=O)c4ccc(C([*])=O)cc4)cc3)c3ccccc3C(=O)c3ccccc32)cc1,3.431
[*]Sc1ccc(C(=O)CNNCC(=O)c2ccc([*])cc2)cc1,3.4329
[*]NC(C=C1)=CC=C1C(S2)=CC=C2C(S3)=CC=C3[*],3.4334
[*]Nc1ccc(Cc2ccc(NC(=O)c3cc(NC(=O)c4ccncc4)cc(C([*])=O)c3)cc2)cc1,3.4339
[*]CCN1C(=O)C(=CCCCC=C2SC(=S)N([*])C2=O)SC1=S,3.4353
[*]Oc1ccc(-c2ccc(OC(=O)c3cccc(Oc4cccc(C([*])=O)c4)c3)cc2)cc1,3.4375
[*]c1ccc(-c2nc(-c3ccc(-c4nc([*])sc4C(=O)O)cc3)c(C(=O)O)s2)cc1,3.438
[*]Oc1c(F)c(F)c(S(=O)(=O)c2c(F)c(F)c(Oc3ccc(C(c4ccc([*])cc4)(C(F)(F)F)C(F)(F)F)cc3)c(F)c2F)c(F)c1F,3.4387
[*]c1ccc2c(c1)c1cc([*])ccc1n2CC,3.4388
[*]Oc1ccc(-c2ccc(N=Nc3ccc(C([*])=O)cc3)cc2)cc1,3.4403
[*]c1ccc(C)c(N2C(=O)c3ccc(-c4ccc5c(c4)C(=O)N([*])C5=O)cc3C2=O)c1,3.442
[*]Oc1ccc(C=C2CCCC(=Cc3ccc(OC(=O)CCCCC([*])=O)cc3)C2=O)cc1,3.4421
[*]Oc1c(C)cc(C2(c3cc(C)c(OC(=O)c4cccc(C([*])=O)c4)c(C)c3)CCC3CCCCC3C2)cc1C,3.4436
[*]C=Cc1cccc(C=Cc2cc([*])ncn2)c1,3.4447
[*]CC([*])c1ccc2ccccc2c1,3.4472
[*]c1ccc2c(c1)c1cc([*])ccc1n2C=C,3.4473
[*]c1ccc(-c2ccc(-c3cc(-c4ccc(Oc5ccc(-c6cc([*])nc7ccccc67)cc5)cc4)c4ccccc4n3)cc2)cc1,3.448
[*]c1ccc(N2C(=O)c3ccc(Oc4ccc5c(c4)C(=O)N([*])C5=O)cc3C2=O)cc1,3.4482
[*]NC(S1)=CC=C1OC(=S)[*],3.4485
[*]C(=S)N([*])CCC,3.4485
[*]C(C=C1)=CC=C1C(S2)=CC=C2C(C=C3)=CC=C3O[*],3.4535
[*]c1cc(OCCCCCCCCCC)cc(-c2nc3cc4sc([*])nc4cc3s2)c1,3.4535
[*]Oc1ccc(C(=O)Nc2cc(NC(=O)c3ccc([*])cc3)cc(-c3nc4ccccc4[nH]3)c2)cc1,3.4538
[*]C=C([*])c1cccs1,3.454
[*]Nc1cc(C(c2ccc(O)c(NC(=O)c3ccc4cc(C([*])=O)ccc4c3)c2)(C(F)(F)F)C(F)(F)F)ccc1O,3.4541
[*]Nc1ccc(NC(=O)c2c(F)c(F)c(C([*])=O)c(F)c2F)cc1,3.4551
[*]CC(C=C1)=CC=C1C(S2)=CC=C2C(C=C3)=CC=C3[*],3.4558
[*]CC([*])(C)C(=O)OCc1ccc2c(c1)c1ccccc1n2CC,3.4577
[*]C=Cc1csc(C=Cc2cccc([*])n2)c1CCCCCC,3.4585
[*]CC(S1)=CC=C1C(S2)=CC=C2O[*],3.4592
[*]Oc1ccc(S(=O)(=O)c2ccc(Oc3ccc(NC(=O)c4cc(NC(=O)c5ccncc5)cc(C(=O)Nc5ccc([*])cc5)c4)cc3)cc2)cc1,3.4604
[*]N1CC(O)=C(C2C(=O)C3=C(C2=O)C(C)(F)N3[*])C1=O,3.4658
[*]Nc1cc(NC(=O)c2ccc(-c3ccc(C([*])=O)cc3)cc2)cc(C(=O)OCCOc2ccc(C=CC(=O)c3ccccc3)cc2)c1,3.4679
[*]NNC(=O)c1ccc(C(=O)NNC(=S)c2cccc(C([*])=S)c2)cc1,3.4684
[*]Oc1ccc(C(CC)(CC)c2ccc(OC(=O)c3cccc(C([*])=O)c3)cc2)cc1,3.4698
[*]Oc1ccc(Oc2ccc(Oc3cccc(C(=O)Oc4ccc(OC(=O)c5cccc([*])c5)cc4)c3)cc2)cc1,3.47
[*]Oc1ccc(Oc2ccc(Oc3ccc(C(=O)c4ccc([*])cc4)cc3)cc2)cc1,3.4703
[*]Oc1cc(C(C)(C)c2ccccc2)c(OC(=O)c2ccc(C([*])=O)cc2)cc1C(C)(C)c1ccccc1,3.4711
[*]Cc1ccc(Cc2ccc(CSC(=O)c3ccccc3C(=O)S[*])cc2)cc1,3.472
[*]c1ccc(-c2ccc([Si](C)(C)c3ccc([*])s3)s2)cc1,3.4722
[*]C=Cc1csc(C=Cc2cccc([*])n2)c1CCCCCCCC,3.4739
[*]NNC(=O)c1ccc(C([*])=O)cc1OCCCCCCCCCC,3.4755
[*]COC(=O)c1ccc(C(=O)OCc2ccc([*])o2)cc1,3.4760000000000004
[*]Nc1ccc(-c2ccc(Nc3ccc4c(c3)c3cc([*])ccc3n4CC(CC)CCCC)cc2)cc1,3.4761
[*]c1ccc(S(=O)(=O)c2ccc(-n3nc(-c4ccccc4)c4ccc(Oc5ccc6c(-c7ccccc7)nn([*])c(=O)c6c5)cc4c3=O)cc2)cc1,3.4797
[*]c1cccc(-c2nc3cc4nc([*])[nH]c4cc3[nH]2)c1,3.4806
[*]CC([*])CNc1ccc([N+](=O)[O-])cn1,3.4829
[*]c1cccc(-c2nc3cc(-c4ccc5[nH]c([*])nc5c4)ccc3[nH]2)c1,3.4864
[*]Oc1ccc(OC(=O)c2cc(OCCCCCCOCCCCC)c(C([*])=O)cc2OCCCCCCOCCCCC)cc1,3.4928
[*]Nc1c(C)c(C)c(C(=O)c2ccc(NC(=O)c3ccc(C([*])=O)cc3)cc2)c(C)c1C,3.4961
[*]Oc1ccccc1C(=O)OCCOCCOCCOC(=O)c1ccccc1Oc1nc([*])nc(N(CC)c2ccccc2)n1,3.4967
[*]c1cccc(-c2nc3cc(-c4ccc5oc([*])nc5c4)ccc3o2)c1,3.4974
[*]Nc1ccc(C(=O)c2c(C)c(C)c(C(=O)c3ccc(NC(=O)c4ccc(C([*])=O)cc4)cc3)c(C)c2C)cc1,3.4981
[*]Nc1ccc([*])cc1O,3.4981
[*]Nc1ccc(-c2ccc([*])cc2)c(C)c1,3.4981
[*]c1csc([*])c1,3.5004
[*]CC(=O)C(C=C1)=CC=C1C(S2)=CC=C2[*],3.5015
[*]c1ccc([*])nn1,3.5021
[*]Oc1ccc(C(=O)CNCCCNCC(=O)c2ccc([*])cc2)cc1,3.504
[*]CC([*])c1ccc(CCl)cc1,3.5045
[*]Nc1cccc(NC(=O)C=CC([*])=O)c1,3.505
[*]N=P([*])(Cl)Cl,3.5076
[*]Cc1ccc(-c2ccc(CSC(=O)c3cccc(C(=O)S[*])c3)cc2)cc1,3.5122
[*]C(=O)Nc1cccc(NC(=O)c2ccc3[nH]c(-c4cccc(-c5nc6cc([*])ccc6[nH]5)c4)nc3c2)n1,3.5123
[*]NC(S1)=CC=C1C(=O)O[*],3.5126
[*]Nc1ccc([*])cc1[N+](=O)[O-],3.5129
[*]c1cccc(-n2nc(-c3ccccc3)c3cc(Oc4ccc5c(-c6ccccc6)nn([*])c(=O)c5c4)ccc3c2=O)c1C#N,3.5145
[*]c1ncc(-c2cnc([*])c(C)c2)cc1C,3.5147
[*]Nc1cccc(NC(=O)c2ccc(NC(=O)c3ccc([Si](C)(C)c4ccc(C(=O)Nc5ccc(C([*])=O)cc5)cc4)cc3)cc2)c1,3.5154
[*]CC([*])n1cncn1,3.5171
[*]Oc1ccc(Oc2ccc(OC(=O)c3ccc(Oc4ccc(Oc5ccc(C([*])=O)cc5)cc4)cc3)cc2)cc1,3.5181
[*]C(=O)Nc1ccc(NC(=O)c2ccc3c(c2)C(=O)N(c2c(C)cc(C)c(N4C(=O)c5ccc([*])cc5C4=O)c2C)C3=O)cc1,3.5192
[*]C(=O)C(C=C1)=CC=C1OC(=S)[*],3.5207
[*]C(C#N)=C(C#N)n1c(=O)c2cc3c(=O)n([*])c(=O)c3cc2c1=O,3.5209
[*]CC(O)COC(=O)CC(=CC(=O)O[*])c1cc(C)ccc1OC,3.5228
[*]c1ccc(CCc2ccc(N3C(=O)C(=O)N([*])C3=O)cc2)cc1,3.5244
[*]CC([*])n1cc2ccccc2n1,3.5251
[*]c1ccc(Sc2ccc(-c3nn(-c4ccc(S(=O)(=O)c5ccc(-n6nc([*])c7ccccc7c6=O)cc5)cc4)c(=O)c4ccccc34)cc2)cc1,3.5259
[*]CC([*])c1ccc(C=O)cc1,3.5283
[*]CCCCCCCCc1nc(-c2ccc(-c3csc([*])n3)cc2)cs1,3.5305
[*]Nc1ccc(NC(=O)c2cccc(C([*])=O)c2)cc1,3.5313
[*]Nc1ccc(Br)cc1-c1ccc(NC(=O)c2ccc(C([*])=O)cc2)cc1,3.5352
[*]Oc1ccc(NC(=O)c2cc(NC(=O)c3ccccc3)cc(C(=O)Nc3ccc([*])cc3)c2)cc1,3.5392
[*]Oc1ccc(Oc2ccc(OC(=O)c3cccc(Oc4ccc(Oc5cccc(C([*])=O)c5)cc4)c3)cc2)cc1,3.5397
[*]OCCOC(=O)CCCC(=O)OCCOc1nc(-c2ccc(OCCCC)cc2)nc([*])c1-c1ccc(OC)cc1,3.5409
[*]c1ccc(Nc2cc(C)c([*])s2)cc1,3.5418
[*]c1ccc2[nH]c([*])nc2c1,3.5433
[*]CCCCOC(=O)c1ccc(NC=Nc2ccc(C(=O)O[*])cc2)cc1,3.5443
[*]Oc1ccc(C2(c3ccc(OC(=O)c4cccc(C([*])=O)c4)c(C)c3)c3ccccc3-c3ccccc32)cc1C,3.5452
[*]C(=O)Nc1ccc(Oc2ccc(NC(=O)c3cccc([*])n3)cc2)cc1,3.5459
[*]Oc1ccc(OC(=O)c2ccc(C([*])=O)cc2)cc1C1CCCCCC1,3.5463
[*]Oc1ccc(C2(c3ccc(OC(=O)c4cccc(C([*])=O)c4)cc3)CCC3CCCCC3C2)cc1,3.5467
[*]Oc1ccc(C(=O)CNCCNCC(=O)c2ccc([*])cc2)cc1,3.5485
[*]C(=O)c1ccc(Oc2ccc(C3(c4ccc(Oc5ccc([*])s5)cc4)c4ccccc4-c4ccccc43)cc2)cc1,3.549
[*]CCC[Si](C)(C)O[Si](C)(C)CCCn1c(=O)c2cc3c(=O)n([*])c(=O)c3cc2c1=O,3.5493
[*]CNC(=S)C(S1)=CC=C1[*],3.5518
[*]c1ccc(-c2cc(OCCCCCCCCCC)c([*])cc2OCCCCCCCCCC)cc1,3.5529
[*]Oc1ccc(OC(=O)c2ccc(C([*])=O)cc2)cc1CCCCCCCCCC,3.553
[*]NC(C=C1)=CC=C1C(C=C2)=CC=C2C(C=C3)=CC=C3[*],3.553
[*]CCCCCCCCn1c(=O)c2cc3c(=O)n([*])c(=O)c3c(Br)c2c1=O,3.5532
O([*])c1ccc(cc1)S(=O)(=O)c1ccc(cc1)OC(=O)c1ccc(cc1)C(=O)([*]),3.5538
[*]N=C(N=C(NC(C)=O)NC(C)=O)N=C([*])OC(C)=O,3.5543
[*]Oc1ccc(C(c2ccccc2)c2ccc(OC(=O)c3cccc(C([*])=O)c3)cc2)cc1,3.5599
[*]C(=O)C(O)c1ccc([*])s1,3.56
[*]c1ccc(C(=O)c2ccc(-n3nc(-c4ccc(Oc5ccc(-c6nn([*])c(=O)c7ccccc67)cc5)cc4)c4ccccc4c3=O)cc2)cc1,3.5606
[*]NC(C#N)=C(C#N)NC(=O)c1ccc(C([*])=O)cc1,3.5611
[*]CCCCCCCCCn1c(=O)c2cc3c(=O)n([*])c(=O)c3c(Br)c2c1=O,3.5619
[*]OC(=O)c1ccc(C2(C)CC(C)(C)c3ccc(C(=O)Oc4ccc5c(c4)Oc4cc([*])ccc4C5(C)C)cc32)cc1,3.5631
[*]NC(=S)NC(C=C1)=CC=C1[*],3.5643
[*]C(=O)C(S1)=CC=C1OC(S2)=CC=C2[*],3.5651
[*]c1cc(C=Nc2cccc(C)c2)cc([*])c1O,3.5653
[*]Cc1ccc(Cc2ccc(CSC(=O)c3cccc(C(=O)S[*])c3)cc2)cc1,3.5655
[*]CC(C=C1)=CC=C1C(C=C2)=CC=C2C(S3)=CC=C3[*],3.5669
[*]CCCCCCCCCOc1ccc(C=CC=Cc2ccc(O[*])c(C)c2)cc1C,3.57
[*]c1ccc(S(=O)(=O)c2ccc(-n3nc(-c4ccc(Oc5ccc(-c6nn([*])c(=O)c7ccccc67)cc5)cc4)c4ccccc4c3=O)cc2)cc1,3.5702
[*]c1ccc2c(c1)c1cc([*])ccc1n2-c1ccccc1,3.5708
[*]CCCCCCCCCCOc1cccc(OC(=O)c2ccc(C(=O)Oc3cccc(O[*])c3)cc2)c1,3.5777
[*]CC([*])(C)C(=O)Oc1ccc2ccccc2c1,3.5795
[*]CCOCCOCCOc1cccc(NC(=O)c2cccc(C(=O)Nc3cccc(O[*])c3)c2)c1,3.5819
[*]Oc1ccc(C(C)(C)c2ccc(OC(=O)c3ccc(C([*])=O)cc3)cc2)cc1,3.5837
[*]Nc1ccc([*])cc1CCCCCCCCCCCCCCC,3.5851
[*]c1ccc(-c2ccc([*])nc2)cn1,3.5858
[*]Oc1ccc(NC(=O)c2ccc([Si](C)(C)c3ccc(C([*])=O)cc3)cc2)cc1,3.5860000000000003
[*]N=C1C=CC([*])C=C1C,3.5860000000000003
[*]C(=O)NNC(=O)c1ccc([*])nc1,3.5877
[*]C(=O)N1CC(=O)N(C(=O)c2ccc(N3C(=O)c4ccc([*])cc4C3=O)cc2)C1=O,3.5902
[*]c1ccc(-c2nc3cc4nc([*])[nH]c4cc3[nH]2)cc1,3.5933
[*]CC([*])c1ccc(C(=O)Cc2ccccc2)cc1,3.5934
[*]c1cccc(-c2cc([*])cc3c2NC(C)(C)OC3(C)C)c1,3.5944
[*]CCCCOC(=O)SSSSC(=O)O[*],3.5946
[*]Oc1ccc(OC(=O)c2ccc(C([*])=O)cc2)cc1CCCCCCCCC,3.5957
[*]c1cccc(-c2nc3ccc(-c4ccc5oc([*])nc5c4)cc3o2)c1,3.597
[*]c1ccc(Oc2ccc(C(=O)c3ccc(Oc4ccc(-c5cc([*])[nH]n5)cc4)cc3)cc2)cc1,3.5975
[*]c1ccc(C(=O)CNNCC(=O)c2ccc(S([*])(=O)=O)cc2)cc1,3.599
[*]Oc1ccc(Oc2ccc(C(=O)c3ccc([*])cc3)cc2)cc1C(=O)O,3.6002
[*]CCNC(=O)c1cccc(C(=O)NCCOC(=O)c2ccc(C(=O)O[*])cc2)c1,3.6005
[*]C(=O)C(S1)=CC=C1OC(=S)[*],3.6056
[*]Sc1ccc(Nc2ccc(Nc3ccc(Nc4ccc([*])cc4)cc3)cc2)cc1,3.6059
[*]c1ccc2c(c1)c1cc([*])ccc1n2CCC(=O)OCC,3.6069
[*]Oc1ccc(Cc2ccc(OC(=O)c3cccc(C([*])=O)c3)cc2)cc1,3.6094
[*]CC([*])C(=O)c1ccc(Br)c(OC)c1,3.6104
[*]c1ccc2c(c1)c1cc([*])ccc1n2CCC(=O)NO,3.6128
[*]c1ccc2ccc([*])cc2c1,3.6133
[*]Oc1c(C)cc(N=Nc2ccc(C([*])=O)cc2)cc1C,3.6143
[*]Oc1ccc(OC(=O)c2ccc(C([*])=O)cc2)cc1CCCCCC,3.6147
[*]CCCN1C(=O)c2ccc(C(c3ccc4c(c3)C(=O)N([*])C4=O)(C(F)(F)F)C(F)(F)F)cc2C1=O,3.6153
[*]c1ccc2c(c1)c1cc([*])ccc1n2CC(=O)OCC,3.6156
[*]Nc1cc(C(c2ccc(O)c(NC(=O)c3ccc(C([*])=O)cc3)c2)(C(F)(F)F)C(F)(F)F)ccc1O,3.6159
[*]C(=O)C(C=C1)=CC=C1C(=O)C(S2)=CC=C2[*],3.616
[*]COC(S1)=CC=C1C(C=C2)=CC=C2[*],3.6162
[*]CCCCCCCOc1ccc(C=CC=Cc2ccc(O[*])c(C)c2)cc1C,3.617
[*]Cc1c(O)c(C(C)=O)cc(CNC(=S)N[*])c1OC,3.618
[*]Oc1ccc(Oc2ccc(C(=O)c3ccc([*])cc3)cc2)cc1C,3.6189
[*]Oc1ccc(-c2ccc(OC(=O)c3cccc(C([*])=O)c3)cc2)cc1,3.6206
[*]Oc1ccc(C=CC([*])=O)cc1,3.6215
[*]Nc1ccc([*])cc1C(C)CC,3.6224
[*]Nc1ccc([*])cc1C,3.6225
[*]Oc1ccc(N=CC=Nc2ccc(OC(=O)Nc3cc(NC([*])=O)ccc3C)cc2)cc1,3.6227
[*]Oc1ccc(OC(=O)c2ccc(C([*])=O)cc2Oc2ccc(F)cc2)cc1,3.6251
[*]CC(=O)OC(=S)[*],3.6251
[*]Oc1ccc(Oc2ccc(C(=O)c3ccc([*])cc3)cc2)cc1C=O,3.6263
[*]Oc1ccc(OC(=O)c2ccc(C(C)(C)c3ccc(C([*])=O)cc3)cc2)cc1,3.6274
[*]c1cc(OCC)c([*])cc1OC,3.6285
[*]CC1(C)CC(N2C(=O)c3ccc(-c4ccc5c(c4)C(=O)N([*])C5=O)cc3C2=O)CC(C)(C)C1,3.6299
[*]C(=O)CCN1CCN(CCC(=O)N2CCN([*])CC2)CC1,3.6334
[*]C(I)=C([*])I,3.6353
[*]Oc1ccc(C(c2ccccc2)c2ccc(OC(=O)c3ccc(C([*])=O)cc3)cc2)cc1,3.6355
[*]c1ccc2oc([*])nc2c1,3.6359
[*]CC(=O)C(C)C([*])c1ccc(O)c2ncccc12,3.636
[*]c1nc(Cl)nc(N(c2ccccc2)c2nc(Nc3ccccc3)nc(N([*])c3ccccc3)n2)n1,3.6369
[*]c1nc(C)nc(N(CCCCN([*])c2ccccc2)c2ccccc2)n1,3.6374
[*]Oc1ccc(NC(=O)c2cc(NC(=O)C34CC5CC(CC(C5)C3)C4)cc(C(=O)Nc3ccc([*])cc3)c2)cc1,3.6392
[*]C(S1)=CC=C1OC(=S)O[*],3.6393
[*]Oc1ccc(OC(=O)c2ccc(C([*])=O)cc2)cc1C1CC2CCC1C2,3.6406
[*]CCN([*])Cc1ccccc1,3.6413
[*]OC(=O)c1ccc(SCCCCSc2ccc(C([*])=O)cc2)cc1,3.643
[*]C(=S)N([*])CC=C,3.6436
[*]Nc1ccc(-c2ccc(NC(=O)c3cccc(C([*])=O)c3)c(S)c2)cc1S,3.6442
[*]CC(O)COC(=O)CC(=CC(=O)O[*])c1ccc(OCC)cc1,3.6443
[*]CC(O)COc1ccc(S(=O)(=O)c2ccc(O[*])c(C)c2)cc1C,3.6449
[*]c1ccc(C(=O)Oc2ccc3ccc(OC(=O)c4ccc(N5C(=O)CC(SCCOCCSC6CC(=O)N([*])C6=O)C5=O)cc4)cc3c2)cc1,3.6454
[*]CCNC(=S)[*],3.6462
[*]Nc1ccc(NC(=O)c2cc(NC(=O)c3ccncc3)cc(C([*])=O)c2)cc1,3.6492
[*]Oc1ccc2cc(Oc3ccc(C(=O)c4ccc([*])cc4)cc3)ccc2c1,3.6496
[*]OCCOCCOCCOc1cc([*])nc2ccc(OC)cc12,3.6503
[*]Cc1ccc(COC(=O)c2ccc3cc(C(=O)O[*])ccc3c2)cc1,3.6512
[*]C(=O)Nc1ccc(S(=O)(=O)c2ccc(NC(=O)c3ccc4[nH]c(-c5cccc(-c6nc7cc([*])ccc7[nH]6)c5)nc4c3)cc2)cc1,3.6514
[*]NC(=O)C(=S)O[*],3.6519
[*]CCCCCCCCCOc1ccc(C=CC=Cc2ccc(O[*])cc2)cc1,3.6524
[*]Oc1ccc(Oc2ccc(C(=O)c3ccc([*])cc3)cc2)cc1CBr,3.654
[*]c1ccc(-c2ccc([*])c(Cl)c2)cc1Cl,3.6549
[*]Oc1ccc(OC(=O)c2ccc(C([*])=O)cc2)cc1C1CCCCCCC1,3.657
[*]Cc1ccc(COC(=O)c2cc(-c3ccccc3)ccc2C(=O)O[*])cc1,3.6607
[*]Nc1ccc(C(=O)c2ccc(NC(=O)c3ccc(C([*])=O)cc3)cc2)cc1,3.6638
[*]C=NCCCCCCN=Cc1ccc(Sc2ccc([*])o2)o1,3.664
[*]CCCCCc1ccc(CCCCCOC(=O)c2ccc(C(=O)O[*])cc2)cc1,3.6646
[*]C(=O)c1ccc2c(c1)C(=O)N(c1cc(C(=O)OC)cc(N3C(=O)c4ccc([*])cc4C3=O)c1)C2=O,3.6664
[*]Oc1ccc(-c2ccc(OC(=O)c3cccc(Oc4ccc(C([*])=O)cc4)c3)cc2)cc1,3.6672
[*]Oc1ccc(NC(=O)c2cc(C(=O)Nc3ccc(Oc4ccc(C5(c6ccc([*])cc6)CC6CCC5C6)cc4)cc3)cc(C(C)(C)C)c2)cc1,3.6681
[*]C(=O)c1ccc(N([*])CCCCCCCC)cc1,3.6683
[*]CC([*])C(=O)Oc1ccc(C(C)=NNC(N)=O)c(O)c1,3.6684
[*]c1ccc2c(c1)SC1(CCC3(CC1)Nc1ccc([*])cc1S3)N2,3.6692
[*]CCC(C=C1)=CC=C1C(S2)=CC=C2[*],3.6694
[*]OC3=CC=CC(C(C2=CC=CC(OC1=CC=CC([*])=C1)=C2)=O)=C3,3.6705
[*]C=Cc1ccc([*])c(C(=O)OC)c1C(=O)OC,3.6705
[*]CC(S1)=CC=C1NO[*],3.6722
[*]c1ccc(-n2ccc(-c3cccc(-c4ccn([*])n4)c3)n2)cc1,3.673
[*]CCCOC(=O)c1ccc2cc(C(=O)O[*])ccc2c1,3.6779
[*]c1ccc2c(c1)c1cc([*])ccc1n2CC(=O)NO,3.6799
[*]C(=S)N([*])C,3.6807
[*]NCc1cc(C(=O)O)cc(CNc2nc(-c3csc([*])n3)cs2)c1N,3.6822
[*]NC(=O)C(S1)=CC=C1C(=O)[*],3.6846
[*]CCCCOC(=O)SSSC(=O)O[*],3.6864
[*]Oc1ccc(Oc2ccc(Oc3ccc(C(=O)Oc4ccc(OC(=O)c5ccc([*])cc5)cc4)cc3)cc2)cc1,3.6871
[*]CCCCCCNC(=O)c1ccc(C(=O)N[*])c(Oc2ccc(-c3ccccc3)cc2)c1,3.6894
[*]Cc1cccc(CNC(=O)C2=C(C(=O)N[*])C3C=CC2C3)c1,3.6899
[*]Sc1ccc([*])cc1,3.6929
[*]C(=O)NCCNC(=O)c1ccc(N2C(=O)c3ccc([*])cc3C2=O)cc1,3.6936
[*]Oc1ccc(OC(=O)c2ccc(C([*])=O)cc2)cc1CCCCCCC,3.6937
[*]C(=O)c1ccc2c(c1)C(=O)N(c1cc(C(=O)O)cc(N3C(=O)c4ccc([*])cc4C3=O)c1)C2=O,3.6938
[*]Oc1ccc(C(=O)OCCCCCOC(=O)c2ccc(OC(=O)c3ccc(C([*])=O)cc3)cc2)cc1,3.6948
[*]CNC(C=C1)=CC=C1C(S2)=CC=C2[*],3.6951
[*]CC(=O)OCCCCCCOC(=O)Cn1c(=O)c2cc3c(=O)n([*])c(=O)c3cc2c1=O,3.6959
[*]Nc1ccc([*])cc1OC,3.6964
[*]Nc1c(OC)cc([*])cc1OC,3.698
[*]C(=O)C(C=C1)=CC=C1OC(S2)=CC=C2[*],3.7007
[*]Oc1ccc(OC(=O)c2ccc(C([*])=O)cc2)cc1CCCCCCCC,3.7013
[*]Oc1ccc(Oc2ccc(C(=O)c3ccc([*])cc3)cc2)cc1CO,3.702
[*]Oc1cccc(Oc2ccc(-c3ccc([*])cc3)cc2)c1C#N,3.7031
[*]Oc1ccc(C(C)(C)c2ccc(OC(=O)c3c(F)c(F)c(C([*])=O)c(F)c3F)cc2)cc1,3.7039
[*]Nc1cc(NC(=O)CCCCCCCCC([*])=O)cc(-c2nnc(-c3ccccn3)o2)c1,3.7041
[*]Oc1ccc(C(C)(CCC(=O)O)c2ccc(OC(=O)c3cccc(C([*])=O)c3)c([N+](=O)[O-])c2)cc1[N+](=O)[O-],3.7042
[*]CC([*])c1ccc(N(C)C)cc1,3.7056
[*]Nc1ccc(C([*])=O)cc1,3.7058
[*]C(=O)c1ccc(Oc2ccc(C(C)(C)c3ccc(Oc4ccc([*])s4)cc3)cc2)cc1,3.7073
[*]CCCCC(C)CCn1c(=O)c2cc3c(=O)n([*])c(=O)c3cc2c1=O,3.7075
[*]C(=O)C(C=C1)=CC=C1C(S2)=CC=C2O[*],3.7083
[*]CCCCCCCCCCCCOC(=O)c1ccc2cc(C(=O)O[*])ccc2c1,3.7135
[*]Oc1ccc(S(=O)(=O)c2ccc(Oc3ccc(C=Cc4ccc([*])cc4)cc3)cc2)cc1,3.7154
[*]CCCCCCOC(=O)OCCCCCCCCOC(=O)OCCCCCCn1c(=O)c2cc3c(=O)n([*])c(=O)c3cc2c1=O,3.7158
[*]CCCCc1nc(-c2ccc(-c3csc([*])n3)cc2)cs1,3.7161
[*]Oc1ccc(C(c2ccc(OC(=O)c3cccc(C([*])=O)c3)cc2)C(Cl)(Cl)Cl)cc1,3.7183
[*]OC(CCOc1ccccc1)CC([*])=O,3.7197
[*]CC([*])(C)C(=O)OCCCCn1c2ccccc2c2ccccc21,3.7221
[*]CNC(S1)=CC=C1C(C=C2)=CC=C2[*],3.7228
[*]Oc1ccc(S(=O)(=O)c2ccc(OC(=O)c3cccc(C([*])=O)c3)cc2)cc1,3.723
[*]Nc1ccccc1NC(=O)c1cccc(C([*])=O)c1,3.7239
[*]Oc1ccc(C(=O)OCCOC(=O)c2ccc([*])cc2)cc1,3.7261
[*]Oc1ccc(Oc2ccc(C(=O)C(=O)c3ccc([*])cc3)cc2)cc1,3.7299
[*]c1ccc(Oc2ccc(C(c3ccc(Oc4ccc(-c5nnc([*])n5-c5ccc(C)cc5)cc4)cc3)(C(F)(F)F)C(F)(F)F)cc2)cc1,3.7304
[*]c1ccc(OC(=O)c2cccc(C(=O)Oc3ccc(C4([*])OC(=O)c5ccccc54)cc3)c2)cc1,3.7309
[*]CC([*])c1ccc(C(=O)c2ccccc2)cc1,3.7318
[*]Oc1ccc(C(=O)Nc2ccc(S(=O)(=O)c3ccc(NC(=O)c4ccc(Oc5nc([*])nc(Sc6ccccc6)n5)cc4)cc3)cc2)cc1,3.733
[*]CCCCCOC(=O)c1ccc2cc(C(=O)O[*])ccc2c1,3.7336
[*]CCOCCOCCOCCOCCOc1ccc(C(=O)Nc2cc(NC(=O)c3ccc(O[*])cc3)cc(-c3nc4ccccc4[nH]3)c2)cc1,3.7337
[*]CCCCOC(=O)c1ccc2cc(C(=O)O[*])ccc2c1,3.7346
[*]NC(CCC(=O)OCc1ccc(F)cc1)C([*])=O,3.7352
[*]c1cccc(-c2nnc(-c3cccc(-c4nnc([*])o4)n3)o2)c1,3.7357
[*]CCCCCCCCCCCOC(=O)c1ccc2cc(C(=O)O[*])ccc2c1,3.7381
[*]CCCCCCCCCCn1c(=O)c2cc3c(=O)n([*])c(=O)c3cc2c1=O,3.7391
[*]Nc1ccc(CC(C)(C)NC(=O)c2ccc(C([*])=O)cc2)cc1,3.7404
[*]Oc1ccc(Oc2ccc(C(=O)c3ccc([*])cc3)cc2)cc1C(=O)OC,3.7418
[*]Oc1ccc(C(C)(C)c2ccc(OC([*])=S)cc2)cc1,3.7418
[*]Oc1cccc(C(=O)Nc2ccc(S(=O)(=O)c3ccc(NC(=O)c4cccc(Oc5nc([*])nc(Sc6ccccc6)n5)c4)cc3)cc2)c1,3.7439
[*]Oc1ccc(S(=O)(=O)c2ccc(-c3ccc(-c4ccc(S(=O)(=O)c5ccc([*])cc5)cc4)cc3)cc2)cc1,3.7446
[*]CCCP(CCCCCCCC)CCCNC(=O)C(=O)N[*],3.7455
[*]NC(C=C1)=CC=C1OC(C=C2)=CC=C2[*],3.7465
[*]Sc1cccc(Sc2ccc(Sc3ccc([*])cc3)cc2)c1,3.7476
[*]Oc1ccc(OC(=O)c2ccc(C([*])=O)cc2)cc1,3.752
[*]CCCCCCCOC(=O)c1ccc2cc(C(=O)O[*])ccc2c1,3.7523
[*]CC(C=C1)=CC=C1NC(=S)[*],3.7545
[*]c1ccc(-n2cc3c(n2)C(=O)c2cn([*])nc2C3=O)cc1,3.7547
[*]Oc1ccc2cc(C([*])=O)ccc2c1Br,3.7563
[*]c1cc([*])cc(-c2nc3ccccc3o2)c1,3.757
[*]c1cncc(-c2nnc(-c3nnc([*])o3)o2)n1,3.7581
[*]NNC(=O)c1ccc(NC(=O)c2ccc(C([*])=O)cc2)c(O)c1,3.7581
[*]C(S1)=CC=C1OC(S2)=CC=C2O[*],3.7582
[*]CC([*])(C)C(=O)OCCCCCn1c2ccccc2c2ccccc21,3.7599
C(=O)([*])C1=CC=C(C=C1)C(=O)OC1=CC=C(C=C1)C2(C1=CC=CC=C1C(=O)O2)C1=CC=C(C=C1)O([*]),3.7601
[*]CCCCCCCCCCOC(=O)c1ccc2cc(C(=O)O[*])ccc2c1,3.7607
[*]CCCCCCCCCOC(=O)c1ccc2cc(C(=O)O[*])ccc2c1,3.7639
[*]CCCOc1ccc(C(=O)OC(=O)c2ccc(C(=O)OC(=O)c3ccc(O[*])cc3)cc2)cc1,3.765
[*]Oc1ccc(S(=O)(=O)c2ccc(-c3ccc(S(=O)(=O)c4ccc([*])cc4)cc3)cc2)cc1,3.7659
[*]CCCCCCCCCCSSCCCCCCSS[*],3.7675
[*]CCCCCCCCCn1c(=O)c2cc3c(=O)n([*])c(=O)c3cc2c1=O,3.7682
[*]C(=O)NNC(=O)c1cccc(C(=O)NNC(=O)c2ccc([*])nc2)n1,3.7688
[*]CC(C=C1)=CC=C1C(C=C2)=CC=C2C(C=C3)=CC=C3[*],3.7698
[*]CCCCCCOC(=O)OCCCCCCCCCCCCOC(=O)OCCCCCCn1c(=O)c2cc3c(=O)n([*])c(=O)c3cc2c1=O,3.7702
[*]Oc1ccc(C(C)(C)c2ccc(OC(=O)c3cccc(C([*])=O)c3)cc2)cc1,3.7705
[*]Oc1ccc(S(=O)(=O)c2ccc(Oc3ccc(C(=C)c4ccc([*])cc4)cc3)cc2)cc1,3.7738
[*]Oc1ccc2cc(C([*])=O)ccc2c1-c1ccccc1,3.7738
[*]C#Cc1ccc([*])c(SCCCCCCCCCCCC)c1,3.7748
[*]CCCCCCCCCC#CC#CCCCCCCCCCOC(=O)C(=O)O[*],3.7759
[*]Oc1ccc(NC(=C(C#N)C#N)c2ccc(-c3ccc(-c4ccc(C(Nc5ccc([*])cc5)=C(C#N)C#N)cc4)cc3)cc2)cc1,3.7824
[*]CCCCCCCCOC(=O)c1ccc2cc(C(=O)O[*])ccc2c1,3.7833
[*]Oc1ccc(S(=O)(=O)c2ccc(-c3ccc([*])cc3)cc2)cc1,3.7846
[*]c1sc([*])c(OCCCCCCCCCCCCCCCC)c1C,3.7868
[*]Oc1ccc(C(C)c2ccc(OC(=O)c3ccc(Oc4ccc(C([*])=O)cc4)cc3)cc2)cc1,3.79
[*]C(=O)NNC(=O)c1cccc(C(=O)NNC(=O)c2ccc([*])nc2)c1,3.7955
[*]CC(S1)=CC=C1NC(=S)[*],3.7969
[*]Nc1cccc(C#Cc2cccc(C([*])=O)c2)c1,3.8
[*]NC(Cc1c[nH]c2ccccc12)C([*])=O,3.8025
[*]CC([*])c1cc(OC)ccc1OC,3.8027
[*]CCCCCCn1c(=O)c2cc3c(=O)n([*])c(=O)c3cc2c1=O,3.8031
[*]CC(=O)C(=S)O[*],3.8049
[*]CCOCCOC(=O)C=CC(=O)NCCCCCCNC(=O)C=CC(=O)O[*],3.806
[*]C=Cc1cc(OCCCC)c(C=Cc2ccc([*])cc2)cc1OCCCC,3.8088
[*]Oc1cccc(OC(=O)c2ccc([Si](C)(C)c3ccc(C([*])=O)cc3)cc2)c1,3.8091
[*]Nc1cc(NC(=O)c2ccc(C([*])=O)cc2)ccc1Cl,3.8101
[*]Oc1ccc(SSCCSSc2ccc([*])cc2)cc1,3.8114
[*]CCCCOC(=O)c1ccc(-c2ccc(-c3ccc(C(=O)O[*])cc3)cc2)cc1,3.8116
[*]CCc1nc(-c2ccc(-c3csc([*])n3)cc2)cs1,3.8121
[*]NC(=O)C=CC(=O)Nc1nc([*])nc(N)n1,3.8123
[*]C(C#N)=C(c1ccccc1)c1ccc([*])cc1,3.8129
[*]C(=O)NNC(=O)C(=O)NNC(=O)c1cncc([*])n1,3.8132
[*]CC(S1)=CC=C1OC(=S)[*],3.8139
[*]CC(COc1ccc(-c2ccc(C#N)cc2)cc1)O[*],3.8156
[*]Sc1c(C)cc([*])cc1C,3.8176
[*]Nc1ccc([*])cc1F,3.8203
[*]Nc1ccc([*])cc1CO,3.8208
[*]c1ccc(-c2ccc(S(=O)(=O)NCCNS([*])(=O)=O)cc2)cc1,3.8242
[*]CCOc1ccc(C(=O)OC(=O)c2ccc(C(=O)OC(=O)c3ccc(O[*])cc3)cc2)cc1,3.8246
[*]CC(C)(C)COC(=O)c1ccc(-c2ccc(C(=O)O[*])cc2)cc1,3.8251
[*]c1ccc(S([*])(=O)=O)cc1,3.8258
[*]Oc1ccc(C(=O)CNCCCCCCCCNCC(=O)c2ccc([*])cc2)cc1,3.8264
O([*])c1cc(c(CCCCCC)cc1)OC(=O)c1cc(ccc1)C(=O)([*]),3.8294
[*]c1sc([*])c(OCCCCCCCC)c1C,3.8299
[*]OCCOC(=O)CCCC(=O)OCCOc1nc(-c2ccc(OC)cc2)nc([*])c1-c1ccc(OC)cc1,3.8299
[*]c1ccc2c([*])c(C)[nH]c2c1,3.833
[*]Oc1ccc(Oc2ccc(C(=O)c3ccc([*])cc3)cc2)cc1,3.8335
[*]CC([*])Cn1cc2ccccc2n1,3.8342
[*]Oc1ccc(C(=O)OCCCCCCOC(=O)c2ccc(OC(=O)c3ccc(C([*])=O)cc3)cc2)cc1,3.8344
[*]Oc1ccc(C(c2ccc(OC([*])=O)cc2)(C(F)(F)F)C(F)(F)F)cc1,3.8346
[*]c1ccc(Oc2ccc(-c3csc(-c4nc([*])cs4)n3)cc2)cc1,3.8362
[*]Oc1ccc(S(=O)(=O)c2ccc(Oc3ccc(C(C)(C)c4ccc([*])c([N-][N+]#N)c4)cc3[N-][N+]#N)cc2)cc1,3.8369
[*]OS(=O)(=O)c1cccc(C(=O)Oc2ccc(C(C)(C)c3ccc([*])cc3)cc2)c1,3.8376
[*]Oc1ccc(Oc2cccc(C(=O)Oc3ccc(OC(=O)c4cccc([*])c4)cc3)c2)cc1,3.8378
[*]OS(=O)(=O)c1cc(S(=O)(=O)Oc2ccc(C3(c4ccc([*])cc4)CCCC3)cc2)ccc1C,3.8383
[*]Oc1cc(Br)cc(Br)c1[*],3.8389
[*]NC(=O)OC(=S)[*],3.8392
[*]Oc1ccc(C(=O)OC(C)COC(=O)c2ccc(OC(=O)c3ccc(C([*])=O)cc3)cc2)cc1,3.8432
[*]Oc1c(-c2ccccc2)cc([*])cc1-c1cccc(C)c1,3.8434
[*]Oc1cccc(NC(=O)c2ccc([Si](c3ccccc3)(c3ccccc3)c3ccc(C([*])=O)cc3)cc2)c1,3.8458
[*]Sc1ccc(-c2ccc(SC(=O)CCCCCCCCC([*])=O)cc2)cc1,3.8477
[*]NC(=O)OC(S1)=CC=C1[*],3.8526
[*]CCCCCCOC(=O)c1ccc2cc(C(=O)O[*])ccc2c1,3.8538
[*]CCCCCCCc1nnc(-c2ccc(-c3nnc([*])o3)cc2)o1,3.8544
[*]Oc1cccc(NC(=O)c2ccc([Si](C)(C)c3ccc(C([*])=O)cc3)cc2)c1,3.8551
[*]Oc1c(-c2ccccc2)cc([*])cc1-c1ccccc1,3.8556
[*]Oc1ccc2c(c1)C(=O)N(Oc1ccc(C(N3C(=O)CC([*])C3=O)(C(F)(F)F)C(F)(F)F)cc1)C2=O,3.8595
[*]Nc1cccc(NC(=O)c2cc(C([*])=O)cc(S(=O)(=O)c3ccccc3)c2)c1,3.8595
[*]Oc1cccc2c(OC3(F)C([*])(F)C(F)(F)C3(F)F)cccc12,3.8599
[*]c1ccc(S(=O)(=O)c2ccc(-n3nc([*])c4ccccc4c3=O)cc2)cc1,3.8607
[*]N=P([*])(OCCC(=O)C=C)OCCC(=O)C=C,3.8624
[*]NC(=O)c1ccc(C(=O)Nc2cnc([*])nc2)cc1,3.8641
[*]CCOCCOC(=O)C=CC(=O)O[*],3.8645
[*]c1ccc2c(c1)c1ccccc1n2[*],3.8671
[*]CC([*])C(=O)Oc1ccc([N+](=O)[O-])cc1,3.8697
[*]Oc1ccc(C(C)(C)c2ccc(OC(=O)c3ccc(Cc4ccc(C([*])=O)cc4)cc3)cc2)cc1,3.8707
[*]CCCCCCNC(=O)c1ccc(C(=O)N[*])c(Oc2ccccc2)c1,3.8711
[*]Oc1ccc(Oc2ccc(C(=O)c3ccc([*])cc3)cc2)cc1C(Br)Br,3.8778
[*]CCCCOC(=O)SSC(=O)O[*],3.8783
[*]Oc1ccc(C(C)(C)c2ccc(Oc3ccc(C(=O)c4ccc([*])cc4)cc3)cc2)cc1,3.8793
[*]c1ccc2c(c1)c1cc([*])ccc1n2C(=O)NO,3.8822
[*]Oc1ccc(C(=O)OCCCCOC(=O)c2ccc(OC(=O)c3ccc(C([*])=O)cc3)cc2)cc1,3.8861
[*]CC#CC#CCOc1ccc(-c2ccc(O[*])cc2)cc1,3.8876
[*]OCCOCCOc1cc([*])nc2ccc(OC)cc12,3.888
[*]Oc1ccc(S(=O)(=O)c2ccc(Oc3ccc(C4(c5ccc([*])cc5)CCCCC4)cc3)cc2)cc1,3.8881
[*]CCCCCCN1C(=O)c2ccc(Oc3ccc4c(c3)C(=O)N([*])C4=O)cc2C1=O,3.8891
[*]CC(F)(F)C(F)(F)C(F)(F)COC(=O)c1cccc(C(=O)O[*])c1OCCCCC,3.8943
[*]OS(=O)(=O)c1ccc(Oc2ccc(S(=O)(=O)Oc3ccc(-c4ccc([*])cc4)cc3)cc2)cc1,3.8975
[*]c1ccc(-c2ccc(-c3nnc([*])n3-c3ccc(OC)cc3)cc2)cc1,3.8981
[*]Oc1ccc(-c2ccc(C([*])=O)cc2)cc1,3.8982
[*]Oc1ccc(OC(=O)c2ccc(C([*])=O)cc2)cc1Cl,3.8996
[*]c1ccc2c(c1)C(CC(CC)CCCC)(CC(CC)CCCC)c1cc([*])ccc1-2,3.9003
[*]CC(=O)C(S1)=CC=C1O[*],3.9018
[*]Oc1ccc(OC(=O)c2ccc(C([*])=O)cc2)cc1C(F)(F)F,3.9025
[*]C=C([*])C(C)=O,3.9029
[*]Oc1c(C)cc([*])cc1-c1ccccc1,3.9034
[*]c1ccc([*])c(C(=O)c2ccccc2)c1,3.9037
[*]CC([*])C(=O)OCCOC(=O)c1cc([N+](=O)[O-])cc([N+](=O)[O-])c1,3.9042
[*]Cc1nc(-c2ccc(-c3csc([*])n3)cc2)cs1,3.9045
[*]CCC(=O)NCNC(=O)CCN([*])C1CCCCC1,3.9047
[*]CCCCCCOC(=O)SNc1ccc(Cc2ccc(NSC(=O)O[*])cc2)cc1,3.9055
[*]c1ccc(Sc2cccc(Sc3ccc(S([*])=O)cc3)c2)cc1,3.9082
[*]C(C=C1)=CC=C1C(S2)=CC=C2C(S3)=CC=C3O[*],3.9086
[*]CCc1nc2cc3sc([*])nc3cc2s1,3.9096
[*]CCCOc1ccc(C(=O)OC(=O)c2ccccc2C(=O)OC(=O)c2ccc(O[*])cc2)cc1,3.9114
[*]Oc1cc(Cl)cc(Cl)c1[*],3.9114
[*]CCCCCCCCCCCCOC(=O)c1ccc(-c2ccc(C(=O)O[*])cc2)cc1,3.9133
[*]OC(C)C(C)Oc1cc([*])nc2ccc(C)cc12,3.9147
[*]Oc1ccc(-c2ccc(C([*])=O)cc2)cc1Br,3.918
[*]c1cccc([*])c1N,3.9193
[*]CCCCCCOc1ccc(C(=O)N(C(=O)c2ccc(O[*])cc2)c2ccccc2)cc1,3.9212
[*]CCC(=O)C(S1)=CC=C1[*],3.9212
[*]Nc1ccc([*])cc1OCCCCCCCCCCCC,3.9219
[*]Oc1ccc(C(=O)Nc2ccc(SCCC([*])=O)cc2)cc1,3.9231
[*]Oc1ccc(Oc2ccc(C(=O)c3cccc(-c4cccc(C(=O)c5ccc([*])cc5)c4)c3)cc2)cc1,3.9241
[*]c1ccc2cc([*])n(C(C(=O)NO)n3ccc4ccccc43)c2c1,3.9243
[*]c1ccc(-c2ccc([*])c(CCCCCC)n2)nc1CCCCCC,3.9254
[*]Oc1ccc(S(=O)(=O)c2ccc(Oc3ccc(Cc4ccc([*])cc4)cc3)cc2)cc1,3.926
[*]Nc1c(Br)cc(C([*])=O)cc1Br,3.9265
[*]CC([*])N1CCCC1=S,3.9266
[*]CC#CC#CCOC(=O)Nc1ccc(Cc2ccc(NC(=O)O[*])cc2)cc1,3.928
[*]Oc1cc(OC(=O)c2ccc(OCCCC)cc2)c(OC(=O)CCCC([*])=O)cc1OC(=O)c1ccc(OCCCC)cc1,3.9295
[*]Nc1cc(C)c([*])cc1C,3.9301
O([*])c1cc(cc(CCC)c1)OC(=O)c1ccc(cc1)C(=O)([*]),3.9302
[*]Oc1ccc(C(=O)c2ccc([*])cc2)cc1,3.9333
[*]Oc1ccc(Oc2ccc(OC(=O)c3ccccc3-c3ccccc3C([*])=O)cc2)cc1,3.9355
[*]Oc1ccc(S(=O)(=O)c2ccc(Oc3ccc(-c4ccc([*])cc4)cc3)cc2)cc1,3.9365
[*]CC(F)(F)C(F)(F)C(F)(F)COC(=O)c1cccc(-c2cccc(C(=O)O[*])c2)c1,3.9384
[*]CC(=O)C([*])c1ccc(C)cc1,3.9396
[*]c1cccc(-c2nnc([*])n2-c2ccccc2)c1,3.9408
[*]c1ccc(Sc2ccc(S([*])(=O)=O)cc2)cc1,3.9414
[*]CC([*])c1ccc(S(=O)(=O)O)cc1,3.9424
[*]c1ccc2c(c1)c1cc([*])ccc1n2C(=O)OCC,3.9429
[*]Oc1ccc(SSCCCCSSc2ccc([*])cc2)cc1,3.9438
[*]OC(=O)c1ccc(CCc2ccc(C([*])=O)cc2)cc1,3.9494
[*]CCCCCOc1cccc(C(=O)OC(=O)c2cccc(O[*])c2)c1,3.9498
[*]CC(=O)C(C=C1)=CC=C1C(C=C2)=CC=C2[*],3.9498
[*]Oc1ccc(C(C)(C)c2ccc(Oc3ccc([*])nn3)cc2)cc1,3.9499
[*]c1ccc(Cc2ccc(N3C(=O)N([*])C3=O)cc2)cc1,3.951
[*]CCCCCCNC(=O)c1ccc(C(=O)N[*])c(Oc2ccc(Cl)cc2)c1,3.9536
[*]Nc1cc(F)c([*])cc1F,3.9538
[*]Oc1ccc(C(=O)c2cccc(C(=O)c3ccc([*])cc3)c2)cc1,3.9549
[*]c1ccc(-c2nnc(-c3cccc(-c4nnc([*])o4)n3)o2)cc1,3.955
[*]Oc1ccc(Oc2ccc(C(=O)c3ccc([*])cc3)cc2)cc1CC#N,3.9557
[*]OC(C)COC(=O)C=C(CC([*])=O)c1cc(C)ccc1OC,3.9576
[*]OP(=O)(Oc1ccccc1)Oc1c(Br)cc(C(c2cc(Br)c([*])c(Br)c2)(C(F)(F)F)C(F)(F)F)cc1Br,3.9587
[*]CCNC(S1)=CC=C1[*],3.9612
[*]CC([*])n1c2ccccc2c2ccccc21,3.9624
[*]NC(C=C1)=CC=C1OC(=S)[*],3.9628
[*]Oc1cccc(Oc2ccc(C(=O)Oc3cccc(OC(=O)c4ccc([*])cc4)c3)cc2)c1,3.9641
[*]c1nc(-c2ccccc2)nc(N([*])c2ccccc2)n1,3.9647
[*]CNOC(=S)[*],3.9664
[*]C(=O)C(S1)=CC=C1C(=O)O[*],3.9696
[*]CCCCCCCOC(=O)c1ccc(-c2ccc(C(=O)O[*])cc2)cc1,3.9708
[*]Oc1ccc(-c2ccc(Oc3cccc([*])n3)cc2)cc1,3.9729
[*]CCOCCOCCOCCOCCOc1ccc(C=C(C)c2ccc(O[*])cc2)cc1,3.9748
[*]c1ccc(Oc2ccc(-c3nnc([*])o3)cc2)cc1,3.9755
[*]Oc1ccc(C(=O)OCCCOC(=O)c2ccc(OC(=O)c3ccc(C([*])=O)cc3)cc2)cc1,3.9791
[*]Oc1c(CCC)cc([*])cc1-c1ccccc1,3.9795
[*]CCCCCCCCCCOC(=O)c1ccc(-c2ccc(C(=O)O[*])cc2)cc1,3.9809
[*]Nc1cc([*])ccc1CCCCCCCCCCCC,3.9821
[*]NC(C=C1)=CC=C1NC(S2)=CC=C2[*],3.9833
[*]CC(O)COc1ccc(C(C)(C)c2ccc(OCC(O)COc3ccc(S(=O)(=O)c4ccc(O[*])cc4)cc3)cc2)cc1,3.9847
[*]Oc1ccc(N=CNc2ccc([*])cc2)cc1,3.9857
[*]Oc1ccc(SSCCCCCCCCCCSSc2ccc([*])cc2)cc1,3.9858
[*]c1cc(OCC(=O)C23CC4CC(CC(C4)C2)C3)c([*])cc1OC,3.9862
[*]Oc1ccc(OC(=O)c2cccc(C([*])=O)c2)cc1,3.9872
[*]Sc1ccc2c(c1)Sc1ccc([*])cc1S2,3.9872
[*]CC(=O)C(S1)=CC=C1C(=O)[*],3.9882
[*]c1ccc(Nc2cccc(Nc3ccc(S([*])(=O)=O)cc3)c2)cc1,3.9901
[*]c1ccc([*])c(C(=O)c2c(F)c(F)c(F)c(F)c2F)c1,3.9946
[*]CCCCCCn1ccc(-c2ccc(-c3ccn([*])n3)cc2)n1,3.9963
[*]Oc1ccc(Cc2ccc(OC(=O)c3ccc(C(C)(C)c4ccc(C([*])=O)cc4)cc3)cc2)cc1,3.9978
[*]c1nc2ccc(-c3ccc4nc(C5CC6(CC([*])C6)C5)oc4c3)cc2o1,3.9983
[*]N=C1C=CC([*])C=C1Cl,3.9985
[*]CCCCCCCc1nc2ccc(-c3ccc4nc([*])oc4c3)cc2o1,4.0001
[*]Oc3ccc(Oc1cccc([*])c1C#N)c(c2cccc(C(F)(F)F)c2)c3,4.0035
[*]C(C=C1)=CC=C1C(C=C2)=CC=C2C(C=C3)=CC=C3O[*],4.0038
[*]CCOCCOc1ccc(NC=Nc2ccc(O[*])cc2)cc1,4.0043
[*]Oc1cccc(Oc2ccc(S(=O)(=O)c3ccc([*])cc3)cc2)c1,4.0045
[*]C(OC(C)=O)=C(OC(C)=O)c1ccc([*])cc1,4.0057
[*]Oc1ccc(S(=O)(=O)c2ccc(Oc3ccc(C4(c5ccc([*])cc5)c5ccccc5-c5ccccc54)cc3)cc2)cc1,4.0091
[*]CCOCCOC(=O)c1ccc(-c2ccc(C(=O)O[*])cc2)cc1,4.0097
[*]CC(C=C1)=CC=C1OC(=S)[*],4.0098
[*]Oc1ccc(C(C)(c2ccc(Oc3ccc(C(=O)c4ccc([*])cc4)cc3)cc2)C(F)(F)F)cc1,4.011
[*]Oc1ccc(S(=O)(=O)c2ccc(Oc3ccc(Sc4ccc([*])cc4)cc3)cc2)cc1,4.0112
[*]c1ccc(Oc2ccc(N3C(=O)CC(Nc4ccc(Cc5ccc(NC6CC(=O)N([*])C6=O)cc5)cc4)C3=O)cc2)cc1,4.0115
[*]c1nc(C)nc(N(CCCCCCN([*])c2ccccc2)c2ccccc2)n1,4.0115
[*]CCCOc1cccc(C(=O)OC(=O)c2cccc(O[*])c2)c1,4.0132
[*]CC(S1)=CC=C1C(C=C2)=CC=C2O[*],4.0146
[*]NC(=O)C(C=C1)=CC=C1C(S2)=CC=C2[*],4.0152
[*]CC(C=C1)=CC=C1C(=O)C(S2)=CC=C2[*],4.0155
[*]CCCCCCCCc1nc2ccc(-c3ccc4nc([*])sc4c3)cc2s1,4.018
[*]CC(COc1ccc(OC)cc1)O[*],4.0197
[*]c1nc2c(n1C)C(=O)N([*])C2=O,4.02
[*]CCOCCOCCOc1ccc(C=C(C)c2ccc(O[*])cc2)cc1,4.0233
[*]CCCCOC(=O)CC(=CC(=O)O[*])c1ccc(OCC)cc1,4.0233
[*]Oc1cccc(NC(=O)Nc2ccc(Cc3ccc(NC([*])=O)cc3)cc2)c1,4.0248
[*]Sc1ccc(-c2ccc(SC(=O)CCCCCCC([*])=O)cc2)cc1,4.0264
[*]NNC(=O)c1ccc(C([*])=O)cc1OCCCCCCCC,4.0296
[*]CCOC(=O)Nc1cccc2c(NC(=O)O[*])cccc12,4.0296
[*]CCCCCCOc1cccc(C(=O)OC(=O)c2cccc(O[*])c2)c1,4.0303
[*]Nc1cccc(NC(=O)c2cccc(C([*])=O)c2)c1,4.0305
[*]CCCCCCCCCOC(=O)c1ccc(-c2ccc(C(=O)O[*])cc2)cc1,4.0317
[*]Oc1cc(CCCCCC)cc(OC(=O)c2cccc(C([*])=O)c2)c1,4.0349
[*]NC(C=C1)=CC=C1C(C=C2)=CC=C2C[*],4.035
[*]CC(=O)C([*])c1cccc(C)c1,4.0355
[*]OC(=O)c1ccc(Cc2ccc(C([*])=O)cc2)cc1,4.038
[*]Nc1c(I)cc(C([*])=O)cc1I,4.0398
[*]Oc3ccc(Oc1cccc([*])c1C#N)c(c2cc(C)cc(C)c2)c3,4.0411
[*]CCOC(=O)c1ccc(Cc2ccc(C(=O)O[*])cc2)cc1,4.0415
[*]CC(C)(CO[*])COCCCCCCCCCCOc1ccc(-c2ccc(C#N)cc2)cc1,4.042
[*]Nc1c(Cl)cc(C([*])=O)cc1Cl,4.0432
[*]NC(=O)NC(=O)[*],4.0437
[*]Oc1ccc(NC(=O)c2cccc(C(=O)Nc3ccc(Oc4ccc(C5(c6ccc([*])cc6)C6CC7CC(C6)CC5C7)cc4)cc3)c2)cc1,4.0447
[*]CC(O)C(O)CN([*])c1ccc(N(C)C)cc1,4.0458
[*]Oc1cccc(Oc2ccc(C(=O)c3ccc([*])cc3)cc2)c1,4.0476
[*]CCOCCOCCOC(=O)C=CC(=O)NCCCCCCNC(=O)C=CC(=O)O[*],4.0488
[*]CCCCOc1cccc(C(=O)OC(=O)c2cccc(O[*])c2)c1,4.05
[*]Oc1ccc(CCNC(=O)c2cccc(C([*])=O)c2)cc1,4.0506
[*]OCCOCCOc1cc([*])nc2ccccc12,4.0515
[*]OC(C)COC(=O)c1ccc(-c2ccc(C([*])=O)cc2)cc1,4.0523
[*]N1C(=O)c2ccc(N3C(=O)C4CCC(C5CCC6C(=O)N([*])C(=O)C6C5)CC4C3=O)cc2C1=O,4.0529
[*]CC([*])C(=O)N(O)c1ccc(Cl)cc1,4.0529
[*]Oc1ccc(C(=O)NNC(=O)c2cccc(C(=O)NNC(=O)c3ccc(OC(=O)c4cccc(C([*])=O)c4)cc3)c2)cc1,4.0535
[*]Nc1ccc(-c2ccc(NC(=O)CCCCCCCCC([*])=O)c(O)c2)cc1O,4.0536
[*]COc1ccc(C=C(C)c2ccc(O[*])cc2)cc1,4.0556
[*]C(C)=C([*])SCC,4.0568
[*]c1nc(-c2ccccc2)nc(N([*])CC)n1,4.0578
[*]Nc1c(C)c(C)c(NC(=O)c2ccc(C([*])=O)cc2)c(C)c1C,4.0581
[*]Oc1ccc(OC(=O)c2ccc(OCCCOc3ccc(C([*])=O)cc3)cc2)cc1C,4.06
[*]CC([*])c1cc(OC)c(OC(C)=O)c(OC)c1,4.0633
[*]Oc1ccc(C(C)(C)c2ccc(OC(=O)c3ccc(CC([*])=O)cc3)cc2)cc1,4.0652
[*]C(=O)NNC(=O)c1cccc([*])n1,4.0655
[*]Oc1ccc(C(CC)(c2ccccc2)c2ccc(OC([*])=S)cc2)cc1,4.0661
[*]Nc1cc([*])ccc1N,4.0673
[*]OP(=O)(Oc1cccc2c([*])cccc12)OC1CCCCC1,4.0673
[*]CC([*])n1nnc2ccccc21,4.0681
[*]Oc1cccc2c(OC(=O)Oc3ccc(OC([*])=O)cc3)cccc12,4.0694
[*]Oc1ccc(C(C)=Cc2ccc(OC(=O)OCCCCCOC([*])=O)cc2)cc1,4.0699
[*]OC(=O)c1ccc(C(=O)NCNC(=O)c2ccc(C([*])=O)cc2)cc1,4.0724
[*]c1ccc2cc([*])n(C(C(=O)OCC)n3ccc4ccccc43)c2c1,4.0728
[*]NC(C)=CC([*])=O,4.0738
[*]CCCCCCOC(=O)c1ccc(-c2ccc(C(=O)O[*])cc2)cc1,4.0749
[*]C(=O)SSCCCCSSC(=O)N1CCN([*])CC1,4.0756
[*]Oc1ccc(S(=O)(=O)c2ccc(Oc3ccc(-c4ccc([*])cc4)cc3)cc2N)c(N)c1,4.081
[*]Oc1ccc(C(=O)CNNCC(=O)c2ccc([*])cc2)cc1,4.0817
[*]Nc1ccc(NC(=O)C=C(CC([*])=O)c2cc(C)ccc2OC)cc1,4.0823
[*]Oc1cccc2c(OC(=O)Oc3ccc(OC([*])=O)cc3C)cccc12,4.0829
[*]CCc1cnc([*])cn1,4.0835
[*]Oc1ccc(SC(=O)Sc2ccc([*])cc2)cc1,4.0843
[*]OC3=CC=CC(OC2=CC=C(C(C1=CC=C([*])C=C1)(C(F)(F)F)C(F)(F)F)C=C2)=C3C#N,4.0846
[*]Cc1cccc(CN([*])c2ccccc2)c1O,4.0853
[*]C=CC1C=CC([*])C(C(=O)OC(C)(C)C)=C1C(=O)OC(C)(C)C,4.0868
[*]Oc1ccc(OC(=O)c2ccc(OC(=O)CCCCCCCCC([*])=O)cc2)cc1,4.0869
[*]Nc1cc([*])ccc1CCCCCC,4.087
[*]Cc1ccc(-c2ccc(C(=O)O[*])cc2)cc1,4.0877
[*]c1ccc(-c2ccc([*])c(C)c2)cc1C,4.0882
[*]CC(=O)OC(=O)COc1ccc(O[*])cc1,4.0904
[*]c1ccc(C2C(c3ccccn3)C([*])C2c2ccccn2)cc1,4.0906
[*]Oc1ccc(OC(=O)c2ccc(OC(=O)CCCCCCC([*])=O)cc2)cc1,4.0915
C(O2)([*])=NN=C2C1=CC=C(C=C1)C2(C1=CC=CC=C1C(=O)O2)C1=CC=C(C=C1)O([*]),4.0929
[*]c1cc(C=O)cc([*])c1O,4.093999999999999
[*]Oc1ccc(C(=O)OCCCCCCCOC(=O)c2ccc(OC(=O)c3ccc(C([*])=O)cc3)cc2)cc1,4.0946
[*]CCOC(=O)c1ccc(C2(C)CC(C)(C)c3ccc(C(=O)O[*])cc32)cc1,4.0949
[*]Oc2cccc(OC(=O)c1cccc(C([*])=O)c1C(F)(F)C(F)(F)C(F)(F)F)c2,4.0962
[*]CCCCCCCCCOC(=O)c1ccc(NC(=O)CCCCCCCCC(=O)Nc2ccc(C(=O)O[*])cc2)cc1,4.0973
[*]Oc1ccc(OC(=O)c2ccc(OCCOc3ccc(C([*])=O)cc3)cc2)cc1C,4.0998
[*]Cc1ccc(CSSSS[*])cc1,4.0998
[*]CCCOCCCOC(=O)c1ccc(-c2ccc(C(=O)O[*])cc2)cc1,4.1008
[*]Oc1ccc(Oc2ccc(Oc3cccc([*])n3)cc2)cc1,4.1015
[*]c1sc([*])c(OC)c1OC,4.1031
[*]Cc1ccc(COC(=O)c2ccc(C(=O)O[*])cc2)cc1,4.1083
[*]Oc1ccc(-c2ccc(OC(=O)Nc3cccc(P(=O)(c4ccccc4)c4cccc(NC([*])=O)c4)c3)cc2)cc1,4.1088
[*]c1cccc(-c2nnc([*])o2)c1,4.1089
[*]Nc1ccc(NC(=O)CCC([*])=O)cc1,4.1096
[*]CC([*])OC(=O)c1ccccc1C,4.1103
[*]Oc1cccc2c(OC(=O)Oc3ccc(OC([*])=O)cc3Cl)cccc12,4.1142
[*]CC(=O)C([*])c1ccc(F)cc1,4.1155
[*]CC([*])C(=O)N(O)c1cccc(C)c1,4.1162
[*]CCCCCOC(=O)Nc1ccc(Cc2ccc(NC(=O)O[*])cc2)cc1,4.1169
[*]OC(CCl)COC(=O)C1=C(C(=O)OCC(CCl)OC(=O)c2ccc(C([*])=O)cc2)C2C=CC1C2,4.117
[*]CC(=O)C(C=C1)=CC=C1O[*],4.1247
[*]Nc1ccc(NC(=O)CCCC([*])=O)cc1,4.1251
[*]C=Cc1cc(OCC)c([*])cc1OCC,4.1269
[*]Oc1cccc2c(OC(=O)Oc3cccc(OC([*])=O)c3)cccc12,4.1279
[*]Nc1cc([*])ccc1C,4.1316
[*]CC(C)(CC)CS[*],4.1338
[*]CCC(=S)O[*],4.1346
[*]CCCCCCOC(=O)OCCCCCCOC(=O)OCCCCCCOc1ccc(C(=O)c2ccc(O[*])cc2)cc1,4.1372
[*]Oc1ccc([*])cc1,4.1373
[*]Cc1ccc(-c2ccc(CSC(=O)CCCCC(=O)S[*])cc2)cc1,4.1374
[*]CCCCC(=O)NCc1ccc(CNC(=O)CCCCS[*])cc1,4.1399
[*]Oc1cc(OC)c([*])cc1OC,4.1411
[*]CCCCCCn1cc2c(n1)C(=O)c1cn([*])nc1C2=O,4.1425
[*]Nc1ccc(-c2ccc(NC(=O)Cc3cc(CC([*])=O)c(C)cc3C)cc2)cc1,4.1432
[*]Oc1ccc(C(C)(C)c2ccc(OC(=O)OCCN(CCOC([*])=O)c3ccc(OC)cc3)cc2)cc1,4.1438
[*]CCOC(=O)Nc1ccc(Cc2ccc(NC(=O)O[*])cc2)cc1,4.1453
[*]c1ccc(Oc2ccc(P(=O)(c3ccccc3)c3ccc(Oc4ccc(-c5cc([*])[nH]n5)cc4)cc3)cc2)cc1,4.1464
[*]CC(S1)=CC=C1NC(S2)=CC=C2[*],4.1465
[*]Nc1cccc(C([*])=O)c1,4.147
[*]Oc1cc(CCCC)cc(OC(=O)c2cccc(C([*])=O)c2)c1,4.1472
[*]CC(O)COc1ccc(S(=O)(=O)c2ccc(OCC(O)COc3cccc(O[*])c3)cc2)cc1,4.1474
[*]Oc1c(Br)cc(C(c2cc(Br)c(OC([*])=O)c(Br)c2)(C(F)(F)F)C(F)(F)F)cc1Br,4.1483
[*]Oc1c(C)cc([*])cc1C(C)CCCCC,4.1484
[*]CCCCCCOc1ccc(C(=O)Oc2ccc(O[*])cc2)cc1,4.1516
[*]c1cccc([*])c1,4.1523
[*]CC(=O)OC(=O)c1cccc(O[*])c1,4.1530000000000005
[*]Oc1cccc(C(=O)c2ccc(Oc3ccc(C(=O)c4ccc([*])cc4)cc3)cc2)c1,4.1531
[*]c1ccc(Oc2ccc(S(=O)(=O)c3ccc(Oc4ccc(C5([*])OC(=O)c6ccccc65)cc4C)cc3)cc2)c(C)c1,4.1532
[*]CCOCCOC(=O)c1ccc(NC=Nc2ccc(C(=O)O[*])cc2)cc1,4.1537
[*]Oc1cccc(OC(=O)c2cc(OCCCCC)cc(C([*])=O)c2)c1,4.154
[*]CCCCCCCCCCCCOc1ccc(C=NN=Cc2ccc(O[*])cc2O)c(O)c1,4.1545
[*]CC([*])C(=O)c1ccc(C(C)(C)C)cc1,4.1556
[*]OP(=O)(Oc1ccc(-c2ccc([*])cc2)cc1)c1ccccc1,4.1560000000000015
[*]Oc1ccc(S(=O)(=O)c2ccc(Oc3ccc(C(C)(C)c4ccc([*])c(Cl)c4)cc3Cl)cc2)cc1,4.157
[*]C(=O)NNC(=O)c1cccc(C(=O)NNC(=O)c2cccc([*])n2)c1,4.1584
[*]CC([*])c1c(F)c(F)c(P(=O)(O)O)c(F)c1F,4.1594
[*]c1cn([*])c2ccccc12,4.1596
[*]Nc1ccc([*])cc1N,4.1618
[*]Oc1ccc(Oc2ccc(C(=O)c3ccc([*])cc3)cc2)cc1S(=O)(=O)O,4.1626
[*]Oc1c(-c2ccccc2)cc([*])cc1-c1ccc(C)cc1,4.1632
[*]CCCCCCCNC(=S)N[*],4.1652
[*]Oc1c(C)cc([*])cc1C(C)CCCCCC,4.1665
[*]CC(=O)CC(=O)[*],4.1682
[*]c1ccc(C(=O)c2cccc(C(=O)c3ccc(S([*])(=O)=O)cc3)c2)cc1,4.1682
[*]c1ccc([Si](c2ccccc2)(c2ccccc2)c2ccc(-c3nnc([*])o3)cc2)cc1,4.1689
[*]Oc1ccc2ccc(OC(=O)Oc3cccc(OC([*])=O)c3)cc2c1,4.1699
[*]Nc1nc([*])nc(-c2ccccc2)n1,4.1706
[*]OC(=O)c1ccc(C(=O)OC2COC3C([*])COC23)o1,4.1706
[*]CCCCOC(=O)c1ccc(-c2ccc(C(=O)O[*])cc2)cc1,4.1718
[*]C(=O)c1ccc(C(=O)N(C)N([*])C)cc1,4.1739
[*]CCNC(C=C1)=CC=C1[*],4.1739
[*]SC(C)C([*])=O,4.1741
[*]Oc1ccc(S(=O)(=O)c2ccc(Oc3ccc(C(C)(C)c4ccc([*])cc4)cc3)cc2)c(N)c1,4.1743
[*]CC([*])OC(=O)c1cccc(Br)c1,4.1757
[*]c1cc([*])cc(OCCCCCCCCCCCC)c1,4.1758
[*]C(=O)OC(=S)O[*],4.1761
[*]Oc1ccc(C(C)=Cc2ccc(OC(=O)OCCCCOC([*])=O)cc2)cc1,4.177
[*]Oc1ccc(C(c2ccc(OC(=O)c3ccc(OCCCCCCCCCCOc4ccc(C([*])=O)cc4)cc3)cc2)(C(F)(F)F)C(F)(F)F)cc1,4.1771
[*]Oc3ccc(Oc1cccc([*])c1C#N)c(c2cccc(C)c2)c3,4.1777
[*]NC(Cc1ccc(OC(=O)OCc2ccccc2)cc1)C([*])=O,4.1786
[*]CCOC(=O)CCCCC(=O)OCCOC(=O)c1ccc(C(=O)O[*])cc1,4.1798
[*]c1ccc(-c2ccc(S([*])(=O)=O)cc2)cc1,4.1818
O([*])C(=O)OC(C=C1)=CC=C1C(C=C2)=CC=C2CC(C=C3)=CC=C3C(C=C4)=CC=C4([*]),4.1828
[*]c1ccc(Cc2ccc(N([*])Cc3ccccc3)cc2)cc1,4.1847
[*]c1ccc(N([*])CCCCCC)cc1,4.1862
[*]CCc1ccc(-c2ccc([*])cc2)cc1,4.1864
[*]Oc1c(C)cc(C(c2cc(C)c(OC([*])=O)c(C)c2)(C(F)(F)F)C(F)(F)F)cc1C,4.1871
[*]Oc1ccc(C(c2ccc(OC(=O)c3ccc(C([*])=O)cc3)cc2)(C(F)(F)F)C(F)(F)F)cc1,4.1871
[*]C(=O)NCCCCCCCCCCNC(=O)c1ccc([*])s1,4.1872
[*]CCCC(=O)NNC(=O)c1cccc(C(=O)NNC(=O)c2cccc(O[*])c2)c1,4.1874
[*]Oc1cccc(OC(=O)c2ccc(Oc3ccc(C([*])=O)cc3)cc2)c1,4.1878
[*]Oc1ccc(-c2ccc(OC(=O)CCCCCCC([*])=O)cc2)cc1,4.188
[*]CCCCCOC(=O)c1cccc(-c2cccc(C(=O)O[*])c2)c1,4.1924
[*]Oc1ccc(C(C)(C)c2ccc(Oc3cncc([*])n3)cc2)cc1,4.1925
[*]OCCOc1cc([*])nc2ccccc12,4.1948
[*]CCC(=O)N(CCN(C(=O)CCN1CCN([*])CC1)C(C)C)C(C)C,4.1956
[*]NC(=O)C(S1)=CC=C1O[*],4.1962
[*]C(=O)Nc1nc(C#N)c([*])n1C,4.1984
[*]Oc1ccc(OC(=O)c2cccc(Oc3cccc(C([*])=O)c3)c2)cc1,4.1992
[*]CCCCCCCCCc1nc2ccc(-c3ccc4nc([*])oc4c3)cc2o1,4.2007
[*]Oc1ccc(Sc2ccc([*])cc2)cc1,4.2009
[*]CCN([*])C(=O)c1c(F)cc(F)c(F)c1F,4.2010000000000005
[*]C(=O)C=CC(=O)N1CC(C)N([*])CC1C,4.2051
[*]CCSSSSCCO[*],4.2061
[*]Oc1ccc(S(=O)(=O)c2ccc(Oc3ccc(C(C)(C)c4ccc([*])c([N-][N+]#N)c4)cc3[N-][N+]#N)cc2)c([N-][N+]#N)c1,4.2075
[*]C(=O)NNC(=O)c1cncc(C(=O)NNC(=O)c2ccc([*])nc2)c1,4.2104
[*]OCCOCCOc1cc([*])nc2ccc(C)cc12,4.2106
[*]OC(C)CCOC(=O)c1ccc(-c2ccc(C([*])=O)cc2)cc1,4.2106
[*]CC(O)COc1ccc(C(C)(C)c2ccc(O[*])c(Cl)c2)cc1Cl,4.2119
[*]Oc1ccc(Oc2ccc(C(=O)c3ccc([*])cc3)cc2)cc1CC(=O)O,4.212
[*]CC(O)COc1ccc(C(=O)c2ccc(O[*])cc2)cc1,4.2124
[*]CC(=O)OC(=O)COc1ccc(C(C)(C)c2ccc(O[*])cc2)cc1,4.2143
[*]Oc1ccc(C(C)=Nc2ccccc2N=C(C)c2ccc([*])cc2)cc1,4.2147
[*]CCCc1nc2cc3sc([*])nc3cc2s1,4.2161
[*]OC(COC(=O)Nc1ccc(Cc2ccc(NC([*])=O)cc2)cc1)c1ccco1,4.2202
[*]CCOCCOCCOC(=O)C(=O)O[*],4.2233
[*]O[Si](C)(Oc1ccc([*])cc1)c1ccccc1,4.2258
[*]Oc1c(C)cc([*])cc1C(C)CCCC,4.226
[*]NNC(=O)c1ccc(C([*])=O)cc1OCCCCC,4.2275
[*]Oc1c(C)cc([*])cc1C(C)CCC,4.2294
[*]Oc1ccc(S(=O)(=O)c2ccc(OC([*])=O)cc2)cc1,4.2329
[*]NC(CCC(=O)OCc1ccc(C(F)(F)F)cc1)C([*])=O,4.2331
[*]CCOC(=O)CSC(=O)Nc1ccc(Cc2ccc(NC(=O)SCC(=O)O[*])cc2)cc1,4.2361
[*]NCCOCCOCCNC(=O)Nc1cc(NC(=O)N[*])ccc1C,4.2379
[*]Oc1ccc(C(c2ccc(OC([*])=O)cc2)C2CCCCC2)cc1,4.2410000000000005
[*]CCCP(CCCNC(=O)C(=O)N[*])c1ccccc1,4.2412
[*]CC(F)(F)C(F)(F)C(F)(F)COc1c(F)c(F)c(O[*])c(F)c1F,4.2427
[*]CCCCCOC(=O)c1ccc(C(=O)NCCCCCCNC(=O)c2ccc(C(=O)O[*])cc2)cc1,4.2435
[*]C(=O)NCCCCCCCCCCNC(=O)c1ccnc([*])c1,4.2437
[*]OCCOC(=O)CCCCC(=O)OCCOc1nc(-c2ccc(OCCCC)cc2)nc([*])c1-c1ccc(OC)cc1,4.2442
[*]OC(=O)C=CC(=O)OC1COC2C([*])COC12,4.2459
[*]Oc1c(Cl)cc(NC(=O)Nc2ccc(Cc3ccc(NC([*])=O)cc3)cc2)cc1Cl,4.2465
[*]Oc1ccc(P(=O)(c2ccccc2)c2ccc([*])cc2)cc1,4.247
[*]C(=O)NCCCCCCNC(=O)c1ccncc1[*],4.2475
[*]Oc1ccc(C2(c3ccc(Oc4nc([*])nc(OC)n4)cc3)CCCCC2)cc1,4.2479
[*]CCCCCNC(=S)N[*],4.2484
[*]CCOC(=O)c1ccc(NC(=O)CCCCCCCC(=O)Nc2ccc(C(=O)O[*])cc2)cc1,4.2501
[*]COc1ccc(C(C)(C)c2ccc(O[*])cc2)cc1,4.2512
[*]Oc1ccc(C(CCC)c2ccc(OC([*])=S)cc2)cc1,4.2521
[*]CC(C)(CO[*])COCC(F)(F)C(F)(F)C(F)(F)C(F)(F)C(F)(F)C(F)(F)C(F)(F)F,4.2525
[*]Oc1ccc(Oc2ccc(C=NCCCCCCN=Cc3ccc([*])cc3)cc2)cc1,4.2528
[*]Oc1ccc(C(C)=NN=C(C)c2ccc(OC(=O)CCCCCCCCC([*])=O)cc2)cc1,4.2541
[*]Oc1ccc(Sc2ccc(OC([*])=O)cc2)cc1,4.2554
[*]Oc1ccc(S(=O)(=O)c2ccc(Oc3ccc(C(=O)c4ccc([*])cc4)cc3)cc2)cc1,4.2565
[*]c1ccc([*])c(C(=O)c2ccc(F)cc2)c1,4.2587
[*]Oc1ccc(C(C)(C)c2ccc(OC(=O)c3c(Cl)c(Cl)c(C([*])=O)c(Cl)c3Cl)cc2)cc1,4.2598
[*]Oc1ccc(P(C)(=O)c2ccc([*])cc2)cc1,4.2617
[*]Oc1ccc2ccc(OC(=O)Oc3ccc(OC([*])=O)cc3C)cc2c1,4.2626
[*]CCOCCOc1ccc(C=C(C)c2ccc(O[*])cc2)cc1,4.2636
[*]CCCCCCCc1nc2ccc(-c3ccc4nc([*])[nH]c4c3)cc2[nH]1,4.2648
[*]c1ccc(Sc2ccc(Sc3ccc(Sc4ccc(S([*])=O)cc4)cc3)cc2)cc1,4.2649
[*]CCCCc1nc2cc3sc([*])nc3cc2s1,4.2651
[*]Oc1ccc(Oc2ccc(C=NCCN=Cc3ccc([*])cc3)cc2)cc1,4.2677
[*]OC(C)C#CC#CC(C)OC(=O)c1ccc(C([*])=O)cc1,4.2677
[*]C(=O)OC(S1)=CC=C1O[*],4.2683
[*]NC(C=C1)=CC=C1OC(S2)=CC=C2[*],4.2687
[*]CCCCCCCCCCCCc1nc2ccc(-c3ccc4nc([*])oc4c3)cc2o1,4.269
[*]CC([*])C(=O)c1ccc(CC)cc1,4.2696
[*]COc1ccc(C(=C(Cl)Cl)c2ccc(O[*])cc2)cc1,4.27
[*]CCN(CCOC(=O)Nc1ccc(Cc2ccc(NC(=O)O[*])cc2)cc1)c1ccccc1,4.271
[*]CC(c1ccccc1)C1C(=O)N(c2ccc(C(=O)Oc3ccc(C=O)cc3)cc2)C(=O)C1[*],4.2725
[*]C([*])(C#N)C#N,4.2738
[*]CCOC(=O)c1ccc(C(=O)O[*])c2c1CC2,4.274
[*]Nc1ccc([*])cc1,4.2754
[*]Oc1ccc(S(=O)(=O)c2ccc(Oc3ccc(C(C)(C)c4ccc([*])cc4)cc3)cc2)c([N-][N+]#N)c1,4.2759
[*]CCCCCCNC(=O)c1c(F)c(F)c(C(=O)N[*])c(F)c1F,4.276
C([*])C(CCCC)=CC([*]),4.2773
[*]CCOc1ccc(C(=O)OC(=O)c2ccccc2C(=O)OC(=O)c2ccc(O[*])cc2)cc1,4.2778
[*]Oc1ccc(C(C)(C)c2ccc(Oc3nc([*])nc(Cl)n3)cc2)cc1,4.279
[*]CNC(=S)N[*],4.2794
[*]Oc1cccc(NC(=O)c2cccc(C(=O)Nc3ccc([*])cc3)c2)c1,4.2795
[*]Oc1ccc(Oc2ccc(C(=O)c3ccc([*])cc3)cc2)cc1COC,4.2796
[*]Oc1cc(C)cc(OC(=O)c2cccc(C([*])=O)c2)c1,4.2802
[*]NCCCCCCNc1nc([*])nc(-c2ccccc2)n1,4.2826
[*]NS(=O)Nc1cccc([*])n1,4.2847
[*]CCOCCOCCOC(=O)c1ccc(C(=O)O[*])cc1,4.285
O([*])CC(F)(F)C(F)(F)C(F)(F)C(F)(F)COC(=O)CCSCCSCCC(=O)([*]),4.2864
[*]CCCCOC(=O)Nc1ccc(Cc2ccc(NC(=O)O[*])cc2)cc1,4.2876
[*]CC([*])C(=O)N(O)c1ccc(C)cc1,4.2901
[*]Oc1c(Cl)cc([*])cc1Br,4.2901
[*]Oc1ccc(OC(=O)c2ccc(OCCCCCCCCOc3ccc(C([*])=O)cc3)cc2)cc1,4.2916
[*]CCOC(=O)Nc1ccc(-c2ccc(NC(=O)O[*])c(C)c2)cc1C,4.2922
[*]c1nc(-c2ccccc2)nc(N([*])C)n1,4.2928
[*]CCOCCOC(=O)c1ccc(Cc2ccc(C(=O)O[*])cc2)cc1,4.2931
[*]C(=O)C1CC(OC(C)=O)CN1[*],4.2937
[*]OP(=O)(Oc1ccccc1)Oc1c(Cl)c(Cl)c([*])c(Cl)c1Cl,4.2965
[*]CCCOC(=O)c1ccc(-c2ccc(C(=O)O[*])cc2)cc1,4.2973
O([*])c1cc(cc(CCCCCCCCC)c1)OC(=O)c1cc(cc(F)c1)C(=O)([*]),4.2982
[*]C(=NCCCCCC)N([*])CCCCCC,4.2986
[*]Oc1cccc(OC(=O)c2cccc(C([*])=O)c2)c1,4.2987
[*]Oc1ccc(OC(=O)c2ccc(Oc3ccc(C([*])=O)cc3)cc2)cc1Cl,4.2992
[*]C(Cl)=C(Cl)C(Cl)(Cl)C([*])(Cl)Cl,4.2995
[*]Oc1ccc(C(C)=Cc2ccc(OC(=O)OCCCCCCOC([*])=O)cc2)cc1,4.2998
[*]Cc1ccc(COC(=O)c2cccc(C(=O)O[*])c2)cc1,4.3023
[*]CC(C=C1)=CC=C1C(=O)C(C=C2)=CC=C2[*],4.3024
[*]Oc1ccc(Oc2cccc([*])n2)c(-c2ccccc2)c1,4.3045
[*]Oc1ccc2ccc(OC(=O)Oc3ccc(OC([*])=O)cc3)cc2c1,4.3045
[*]CCCCCCc1nc2cc3sc([*])nc3cc2s1,4.3056
[*]CCCOc1ccc(C(=O)OC(=O)c2ccc(O[*])cc2)cc1,4.3065
[*]Oc1cccc(C(=O)OCC(F)(F)C(F)(F)C(F)(F)COC(=O)c2cccc([*])c2)c1,4.3066
[*]Oc1cccc(OC(=O)c2ccc(C(C)(C)c3ccc(C([*])=O)cc3)cc2)c1,4.3071
[*]C=CC=CCC[*],4.3088
[*]Oc1ccc(Oc2ccc(C=NCCCCN=Cc3ccc([*])cc3)cc2)cc1,4.309
[*]C=C([*])CNS(=O)(=O)Cc1ccccc1,4.3099
[*]OC(C)CCOC(=O)c1cccc(C([*])=O)c1,4.3109
[*]Oc1cccc(Oc2cccc([*])c2)c1C#N,4.3119
[*]Cc1ccc(COC(=O)CCCCSCCCCC(=O)O[*])cc1,4.3125
[*]CCOCCOCCOC(=O)CSC(=O)Nc1ccc(C)c(NC(=O)SCC(=O)O[*])c1,4.3129
[*]C1C(=O)N(c2ccc(C)cc2)C(=O)C1[*],4.3143
[*]CC([*])C=O,4.3172
[*]CCCCCc1nc2cc3sc([*])nc3cc2s1,4.3183
[*]Oc1ccc(C(=O)NNC(=O)c2ccc([*])cc2)cc1,4.3207
[*]Cc1cccc(CNC(=O)C=C(C)C(=O)N[*])c1,4.3212
[*]Oc1ccc(S(=O)(=O)c2ccc([*])cc2)cc1,4.3214
[*]NC(C([*])=O)C(Cc1ccccc1)c1c[nH]cn1,4.3219
[*]CCc1c(Cl)c(Cl)c([*])c(Cl)c1Cl,4.3241
[*]CCCCCCCCCCCCc1nc2cc3sc([*])nc3cc2s1,4.3242
[*]OC(C)COC(=O)c1ccc(C([*])=O)cc1,4.3271
[*]Oc1cc(CCCCCCCCC)cc(OC(=O)c2cccc(C([*])=O)c2)c1,4.3277
[*]CNC(S1)=CC=C1N[*],4.3295
[*]Oc1ccc(-c2ccc(Oc3ccc(C(C)(C)c4ccc([*])cc4)cc3)cc2)cc1,4.3326
[*]Oc1c(C)cc(C(=O)c2ccc([*])cc2)cc1C,4.3374
[*]Oc1ccc(NC(=O)Nc2ccc(Cc3ccc(NC([*])=O)cc3)cc2)cc1C,4.3385
[*]Oc1ccc2c(c1)C1(CC2(C)C)CC(C)(C)c2ccc(OC([*])=O)cc21,4.341
[*]COC(=O)Nc1ccc(Cc2ccc(NC(=O)OCc3cocc3[*])cc2)cc1,4.342
[*]Oc1ccc(C2(c3ccc(OC([*])=O)c(Cl)c3)CC3CCC2C3)cc1Cl,4.342
[*]Oc1c(OC)cc([*])cc1OC,4.3423
[*]Oc1cc(CCCCCCCC)cc(OC(=O)c2cccc(C([*])=O)c2)c1,4.3424
[*]NC(C=C1)=CC=C1C(=O)O[*],4.3431
[*]CCCCCCCCc1nc2cc3sc([*])nc3cc2s1,4.3432
[*]Sc1ccc(Cc2ccc(SC([*])=O)cc2)cc1,4.3437
[*]CNC(C=C1)=CC=C1O[*],4.3453
[*]Oc1ccc(C2(c3ccc(OC([*])=O)c(C)c3)CC3CCC2C3)cc1C,4.3462
[*]Oc1ccc(C(=C(Cl)Cl)c2ccc(OC([*])=O)cc2)cc1,4.3471
[*]CNC(=O)C(S1)=CC=C1[*],4.3473
[*]CCCCOC(=O)c1cccc(NC(=O)O[*])c1,4.3503
[*]Oc1cccc([*])c1C#N,4.3557
[*]CC(C)(C)COC(=O)NC(=O)c1ccc(C(=O)NC(=O)O[*])cc1,4.3578
[*]CC([*])OC(=O)c1ccc(OC)cc1,4.3587
[*]OS(=O)(=O)c1cc(C)c([*])c(C)c1,4.3607
[*]CC(=O)NC(=O)[*],4.3608
[*]C(=O)SSCCCCCCSSC(=O)N1CCN([*])CC1,4.3614
[*]OC(=O)c1ccc(CCCCCCc2ccc(C([*])=O)cc2)cc1,4.3642
[*]OC(=O)CSCCSCC([*])=O,4.3646
[*]CCCCc1nnc(-c2cccc(-c3nnc([*])o3)c2)o1,4.365
[*]CCCCCCCOc1ccc(OCc2ccc(COc3ccc(O[*])cc3)cc2)cc1,4.3660000000000005
[*]OC(C)COC(C)COC(=O)c1ccc(C([*])=O)cc1,4.3685
[*]OC(COc1ccccc1)CC([*])=O,4.3685
[*]CCCCCCCCCCOC(=O)c1cccc(-c2cccc(C(=O)O[*])c2)c1,4.3702
[*]Oc1cc(Br)c(C(C)(C)c2c(Br)cc(OC([*])=O)cc2Br)c(Br)c1,4.3708
[*]c1cc(C)c([*])cn1,4.3718
[*]Oc1ccc(Oc2cccc([*])n2)cc1,4.3725
[*]CCCc1nc2cc(-c3ccc4[nH]c([*])nc4c3)ccc2[nH]1,4.3737
[*]CCOCCOCCOCCOCCOCCOC(=O)c1cccc(C(=O)O[*])c1,4.3767
[*]CCOC(=O)c1ccc(-c2ccc(C(=O)O[*])cc2C)c(C)c1,4.3776
[*]CNOC(S1)=CC=C1[*],4.3792
[*]CC#CC#CCOc1ccc(C(C)(C)c2ccc(O[*])cc2)cc1,4.3802
[*]CCOC(=O)c1ccc(C(C)(CC)c2ccc(C(=O)O[*])cc2)cc1,4.3825
[*]Oc1cccc(NC(=O)c2ccc([*])cc2)c1,4.3857
[*]CC(=O)C(C=C1)=CC=C1C(=O)[*],4.3858
[*]CCCCOC(=O)c1cccc(-c2cccc(C(=O)O[*])c2)c1,4.388
[*]CCCCCCCCCCNC(=N[*])c1ccccc1,4.39
[*]Cc1c(C)c(C)c(CSC(=O)CCC(=O)S[*])c(C)c1C,4.3904
[*]CC(C=C1)=CC=C1C(C=C2)=CC=C2O[*],4.3907
[*]NC(Cc1ccc(O)cc1)C([*])=O,4.392
[*]CC([*])C(=O)NCCc1ccccn1,4.3946
[*]CCCCCCCCc1nnc(-c2cccc(-c3nnc([*])o3)c2)o1,4.3961
[*]OP(=O)(Oc1ccc(-c2ccc([*])cc2)cc1)OC1CCCCC1,4.3965
[*]Oc1cc(CCCCCCCCCCC)cc(OC(=O)c2cccc(C([*])=O)c2)c1,4.3966
[*]C(C=C1)=CC=C1C(=O)NC(=O)[*],4.3975
[*]c1nc(C)nc(N([*])C)n1,4.3978
[*]Oc1ccc(OC(=O)c2ccc(OCCCCCCCCCCOc3ccc(C([*])=O)cc3)cc2)cc1S(=O)(=O)c1ccccc1,4.3987
[*]OC(=O)c1ccc(C(C)(C)c2ccc(C([*])=O)cc2)cc1,4.402
[*]Oc1c(Br)cc([*])cc1Br,4.4036
[*]CC(=O)CC(S1)=CC=C1[*],4.4041
[*]OC(F)(F)COC(=O)c1cccc(C(=O)OCC([*])(F)F)c1,4.4051
[*]C(=O)c1cccc(C(=O)N2COCN2[*])c1,4.4061
[*]CC(C=C1)=CC=C1NC(C=C2)=CC=C2[*],4.4071
[*]Oc1ccc(C2(c3ccc(OC([*])=O)cc3)c3ccccc3-c3ccccc32)cc1,4.4088
[*]Oc1ccc(C(=O)OCCCOC(=O)c2ccc([*])cc2)cc1,4.4089
[*]CCCCCCOc1ccc(C(=O)OC(=O)c2ccc(O[*])cc2)cc1,4.4092
[*]Oc1ccc(NC(=O)OCCOC(=O)Nc2ccc([*])cc2)cc1,4.4102
[*]c1cc([*])cc(C23CC4CC(CC(C4)C2)C3)c1,4.4142
[*]Oc1ccc(C(C)=NCCN=C(C)c2ccc([*])cc2)cc1,4.4147
[*]NC(S1)=CC=C1OC(S2)=CC=C2[*],4.415
[*]CCN(CCOC(=O)Nc1ccc(C)c(NC(=O)O[*])c1)c1ccccc1,4.4152
[*]Oc1ccc(C(=O)OCCCCOC(=O)c2ccc([*])cc2)cc1,4.4175
[*]Nc1ccc(NC(=O)Cc2cc(CC([*])=O)c(C)cc2C)cc1,4.4183
[*]C=CC1CC([*])C2C(=O)N(c3ccccc3C)C(=O)C12,4.4184
[*]CC([*])c1ccc2c(c1)OCO2,4.4197
[*]Oc1ccc(C(c2ccc(OC([*])=O)cc2)(C(F)(F)Cl)C(F)(F)Cl)cc1,4.421
[*]CC(S1)=CC=C1C(=O)O[*],4.4211
[*]c2cccc(NC(=O)CCCCC(=O)Nc1ccc(S([*])(=O)=O)cc1)c2,4.4211
[*]NNC(=O)c1cccc(C(=O)NNC(=O)C([*])=O)c1,4.4213
[*]CC(C=C1)=CC=C1NC(S2)=CC=C2[*],4.4229
[*]CC([*])c1ccc(C(O)CCN2CCOCC2)cc1,4.4244
[*]CC1CCC(COC(=O)c2ccc(NC(=O)O[*])cc2)CC1,4.4247
[*]C(=O)C(C=C1)=CC=C1C(=O)C(C=C2)=CC=C2[*],4.427
[*]CC(=O)CC(C=C1)=CC=C1[*],4.4275
[*]Oc1c(Cl)cc(C2(c3cc(Cl)c(OC([*])=O)c(Cl)c3)CC3CC2C2CCCC32)cc1Cl,4.4278
[*]CC([*])C(=O)SC(C)CC,4.4293
[*]CC(C)COC(=O)c1ccc(C(=O)O[*])cc1,4.4298
[*]Oc1cccc(C(=O)c2ccc([*])cc2)c1,4.4309
[*]Cc1cccc([*])c1O,4.4317
[*]CCc1ccc([*])c(Cl)c1,4.4319
[*]Oc1c(CC)cc([*])cc1-c1ccccc1,4.4322
[*]CCC(=O)C(C=C1)=CC=C1[*],4.4327
[*]COc1ccc(C(=O)OC(=O)c2ccc(O[*])cc2)cc1,4.4348
[*]Oc1ccc(C(C)(C)c2ccc(OC(=O)C([*])=O)cc2)cc1,4.435
[*]Nc1c(Br)cc([*])cc1Br,4.4355
[*]CCOc1ccc(C(=O)OC(=O)c2ccc(O[*])cc2)cc1,4.4379
[*]OC(=O)CCSc1ccc(SCCC([*])=O)cc1,4.4389
[*]Oc1ccc(-c2ccc(OC(=O)CCCCCC([*])=O)cc2)cc1,4.4404
[*]Oc1cc(C)c([*])cc1C,4.4406
[*]Oc1ccc(C(=O)OC(=O)c2ccc([*])cc2)cc1,4.441
[*]CC(C=C1)=CC=C1CC(S2)=CC=C2[*],4.4417
[*]CC(=O)OC(=O)COc1cccc(O[*])c1,4.4439
[*]c1cc(C(=O)OC)cc(N2C(=O)CC(C3Cc4ccccc4C4C(=O)N([*])C(=O)C43)C2=O)c1,4.4448
[*]OC(=O)c1ccc(CCCc2ccc(C([*])=O)cc2)cc1,4.4456
[*]Oc1ccc(C(=O)NCCCCCCCCCCCCNC(=O)c2ccc([*])cc2)cc1,4.4458
[*]Oc1ccc(-c2ccc(OC(=O)CCCCCCCCCCCC([*])=O)cc2)cc1,4.4465
[*]CCOC(=O)c1ccc(C(=O)NCCCCCCCCCCCCNC(=O)c2ccc(C(=O)O[*])cc2)cc1,4.4473
[*]CCCCCCC(=O)OCCOC(=O)c1ccc(O[*])cc1,4.4498
[*]c1ccc(NC(=O)CCCCCC(=O)Nc2ccc(S([*])(=O)=O)cc2)cc1,4.4501
[*]Oc1ccc(CC(Cc2ccc([*])cc2)(C(=O)OCC)C(=O)OCC)cc1,4.4566
[*]Oc1ccc(NC(=O)NC2CC(C)(C)CC(C)(CNC(=O)Nc3ccc([*])cc3)C2)cc1,4.4573
[*]Oc1c(Cl)cc([*])cc1Cl,4.4578
[*]OC(=O)CCSCCC([*])=O,4.4582
[*]OC(=O)Oc1ccc(C(=O)Oc2ccc(OC(=O)OC3COC4C([*])COC34)cc2)cc1,4.4586
[*]CCCCCCOC(=O)c1cccc(-c2cccc(C(=O)O[*])c2)c1,4.4604
[*]CCC(=O)Oc1ccc(OC(=O)CCN2CCN([*])C(C)C2)cc1,4.4609
[*]CCOC(=O)c1ccc(O[*])cc1C,4.462
[*]CC([*])c1cc(Br)ccc1OCC,4.4644
[*]CNC(S1)=CC=C1O[*],4.4645
[*]CCCCCCOC(=O)OCCCCCCOC(=O)OCCCCCCOc1ccc(Oc2ccc(O[*])cc2)cc1,4.465
[*]Cc1ccc(COC(=O)Cc2ccc(C(=O)O[*])cc2)cc1,4.4684
[*]CCCCCOc1ccc(C(=O)OC(=O)c2ccc(O[*])cc2)cc1,4.4701
[*]NC(CCCNC(=O)c1ccc(Br)cc1)C([*])=O,4.4704
[*]CNC(=S)O[*],4.4724
[*]Oc1ccc(C(c2ccc(OC([*])=O)cc2)C(Cl)(Cl)Cl)cc1,4.4725
[*]CCCCc1nc2cc3nc([*])[nH]c3cc2[nH]1,4.4728
[*]CCOC(=O)c1ccc(O[*])c(C)c1,4.4733
[*]CC(=O)NC(S1)=CC=C1[*],4.4733
[*]SC(=O)OCC(C)(C)COC(=O)SN1CCN([*])CC1,4.4766
[*]Oc1ccc(C(=O)CCCCC(=O)c2ccc(OC([*])=O)cc2)cc1,4.4774
[*]CC(=O)NCCCCCCNC(=O)COc1ccc(O[*])cc1,4.4776
[*]C=CC1CC([*])C2C(=O)N(CCCCCC)C(=O)C12,4.4782
[*]CC([*])C(=O)Oc1ccc(OC)cc1,4.4785
[*]Oc1ccc(NC(=O)CCCCCCCCCCC(=O)Nc2ccc([*])cc2)cc1,4.4789
[*]Oc1c(Cl)cc(C(c2cc(Cl)c(OC([*])=O)c(Cl)c2)C(Cl)(Cl)Cl)cc1Cl,4.4804
[*]CCCCCCCCc1nc2ccc(-c3ccc4nc([*])oc4c3)cc2o1,4.4813
[*]CCN([*])C(=O)c1cccs1,4.4831
[*]Nc1nc([*])nc(Cl)n1,4.4835
[*]Oc1cc(CCCCCCCCCCCCC)cc(OC(=O)c2cccc(C([*])=O)c2)c1,4.4853
[*]C(=O)N([*])C(C)C(C)=O,4.4859
[*]CC([*])c1ccc(C(=O)CCCC)cc1,4.4871
[*]NC(CSC(=O)OCc1ccccc1)C([*])=O,4.4872
[*]Nc1ccc([*])cc1I,4.4895
[*]CCCCOc1ccc(C(=O)OC(=O)c2ccc(O[*])cc2)cc1,4.4911
[*]c1nc(Cl)nc(N([*])c2ccccc2)n1,4.493
[*]OC(=O)CCSCc1ccc(CSCCC([*])=O)cc1,4.4934
[*]CCc1ccc([*])c(C#N)c1,4.4939
[*]Oc1ccc(C(C)(C)c2cc(Cl)c(OC([*])=O)c(Cl)c2)cc1,4.494
[*]NNC(=O)c1ccc([Si](c2ccccc2)(c2ccccc2)c2ccc(C([*])=O)cc2)cc1,4.4942
[*]Oc1ccc(C(=O)OCCOCCOC(=O)c2ccc(OC([*])=O)cc2)cc1,4.4942
[*]C(C#N)=C([*])c1ccccc1,4.4976
[*]c1ccc(Oc2ccc(N3C(=O)N([*])C3=O)cc2)cc1,4.4993
[*]c1cccc(-c2nnc(-c3nnc([*])o3)o2)c1,4.4994
[*]CC(=O)NC(C=C1)=CC=C1[*],4.5019
[*]CCCCC(=O)OCCOC(=O)c1ccc(O[*])cc1,4.5036
[*]Oc1ccc(C(=O)c2ccc(OC(=O)OC3C(C)(C)C(OC([*])=O)C3(C)C)cc2)cc1,4.5062
[*]Nc1cccc(NC(=O)Cc2cc(CC([*])=O)c(C)cc2C)c1,4.5068
[*]Oc1cccc(Oc2cccc([*])n2)c1,4.5072
[*]C(=O)NCCCCCCCCCCNC(=O)c1ccc([*])nc1,4.5078
[*]Oc1ccc(Sc2ccc(Sc3ccc(Sc4ccc([*])cc4)cc3)cc2)cc1,4.5081
[*]OC(c1cccc([N+](=O)[O-])c1)C(C)(C)C([*])=O,4.5099
[*]CC(O)CN([*])c1cc(C)cc(C)c1,4.5108
[*]Oc1c(C)cc([*])cc1C,4.5131
[*]Nc1ccc(NC(=O)CCCCCCCC([*])=O)cc1,4.5154
[*]CCOC(=O)c1cccc(C(=O)O[*])c1,4.5156
[*]NC(=O)C(C=C1)=CC=C1O[*],4.5161
[*]c1nc(C)nc(N([*])c2ccccc2)n1,4.5166
[*]CCN([*])C(=O)c1c(F)cccc1F,4.517
[*]Oc1ccccc1C(=O)OC(=O)c1ccccc1OC(=O)CCCCCC([*])=O,4.5185
[*]OP(=O)(Oc1ccccc1)Oc1ccc(S(=O)(=O)c2ccc([*])cc2)cc1,4.5217
[*]CCCCCCCCCCCCCOC(=O)c1ccc(C(=O)NCCCCCCNC(=O)c2ccc(C(=O)O[*])cc2)cc1,4.5228
[*]CC([*])c1cc(Br)ccc1OCCCC,4.5234
[*]C=Nc1cc(NC(=O)NCCNCCNO[*])ccc1C,4.5234
[*]Nc1ccc(CC(C)(C)NC(=O)CCCCCCCCC([*])=O)cc1,4.525
[*]Oc1ccc(C(C)(C)c2ccc(OC(=O)CCC([*])=O)cc2)cc1,4.5269
[*]Oc1ccc(C(c2ccc(OC([*])=S)cc2)C(C)C)cc1,4.5279
[*]Cc1cc(COC(=O)Nc2ccc(Cc3ccc(NC(=O)O[*])cc3)cc2)cc(C(C)(C)C)c1,4.529
[*]C(=O)NCCCCCCNC(=O)c1ccc([*])o1,4.5303
[*]CC(C=C1)=CC=C1OC(S2)=CC=C2[*],4.5312
[*]Oc1ccc(C2(c3ccc(OC([*])=O)c(C)c3)CCCCC2)cc1C,4.5315
[*]Oc1ccc(C(C)c2ccc(OC([*])=O)cc2)cc1,4.5318
[*]C(=O)c1ccc(C(=O)N2CC(C)N([*])CC2C)cc1,4.5321
[*]Oc1ccc(N=CCCCC=Nc2ccc(OC(=O)Nc3cc(NC([*])=O)ccc3C)cc2)cc1,4.5321
[*]Oc1ccc(OC(=O)Oc2ccc(C([*])=O)cc2)cc1,4.5325
[*]CCCC1CCN(C(=O)Nc2ccc(Cc3ccc(NC(=O)N4CCC([*])CC4)cc3)cc2)CC1,4.5335
[*]Nc1ccc(NC(=O)CCCCCCC([*])=O)cc1,4.5337
[*]NNC(=O)C(=O)NNC(=O)CCCCCCCC([*])=O,4.5339
[*]OP(=O)(Oc1ccc(C(C)(C)c2ccc([*])cc2)cc1)c1ccccc1,4.5348
[*]CC(C)(C)COC(=O)Nc1ccc(Cc2ccc(NC(=O)O[*])c(C)c2)cc1C,4.537
[*]CCN([*])C(=O)c1cc(F)ccc1F,4.5391
[*]CC([*])OC(=O)c1cccnc1,4.5419
[*]Oc1ccc(C([*])=O)cc1CCC,4.5421
[*]OC(=O)c1ccc(CCCCCc2ccc(C([*])=O)cc2)cc1,4.5439
[*]OC(c1ccc(OC)cc1)C(C)(C)C([*])=O,4.5448
[*]NOC(C=C1)=CC=C1O[*],4.5451
[*]C(=O)NCCCCCCNC(=O)c1ccc([*])nc1,4.5453
[*]Oc1ccc(S(=O)(=O)NCCNS(=O)(=O)c2ccc([*])cc2)cc1,4.5454
[*]CCCCCCOC(=O)OCCCCCOC(=O)OCCCCCCOc1ccc(Oc2ccc(O[*])cc2)cc1,4.5468
[*]Oc1cc(C)c([*])c(C)c1Br,4.5478
[*]CCCCCCCNC(=O)c1ccc(C(=O)N[*])cc1,4.5479
O([*])C(=O)Oc1c(OC)cc(cc1)C(C)c1ccc(cc1)([*]),4.5489
[*]CC(C)(C)COC(=O)Cc1ccc(C(=O)O[*])cc1,4.5496
[*]c1ccc(Cc2ccc(S([*])(=O)=O)cc2)cc1,4.551
[*]Oc1ccc(C(=O)OCCCCCCOC(=O)c2ccc([*])cc2)cc1,4.5512
[*]CC(CSC)O[*],4.5513
[*]CC(S[*])C(C)(C)C,4.5517
[*]C/C=C\CC[*],4.5524
[*]Oc1cc(CC)cc(OC(=O)c2cccc(C([*])=O)c2)c1,4.5555
[*]CCCCCCCCCCCCCCOC(=O)c1ccc(C(=O)NCCCCCNC(=O)c2ccc(C(=O)O[*])cc2)cc1,4.5556
[*]Oc1ccc(C2(c3ccc(OC([*])=O)cc3)CC3CCC2C3)cc1,4.5567
[*]CC([*])C(=O)Oc1ccc(C#N)cc1,4.5584
[*]c1ccc(Oc2ccc(Oc3ccc(N4C(=O)C5CCC6C(=O)N([*])C(=O)C6C5C4=O)cc3)cc2)cc1,4.5586
[*]CC(CO[*])(CSCCCC)CSCCCC,4.5588
[*]c1cc(OC)c([*])cc1OC,4.5598
[*]Nc1ccc(NC(=O)CCCCC([*])=O)cc1,4.5626
[*]CC([*])c1cccc2c1OCO2,4.5638
[*]Oc1cccc(NC(=O)NCCCCCCNC([*])=O)c1,4.5645
[*]CCCCNC(=O)CCCCCCC(=O)NCCCCNC(=O)C(=O)N[*],4.5656
[*]CCCCCCSSCCCCSS[*],4.5658
[*]NC(=O)NC(C=C1)=CC=C1[*],4.5662
[*]C=CC1CC([*])C2C(=O)N(c3cccc(C)c3)C(=O)C12,4.5667
[*]CC([*])(F)C(C)=O,4.5671
[*]Oc1ccc(C2(c3ccc(OC(=O)CCCCCCCCC([*])=O)cc3)c3ccccc3Cc3ccccc32)cc1,4.5693
[*]CCCCCCOC(=O)c1ccccc1-c1ccccc1C(=O)O[*],4.5701
[*]CC([*])OC(=O)c1ccc(OC(C)=O)cc1,4.5702
[*]Oc1ccc(CC(NC(=O)CCc2ccc(OC(=O)CCCC([*])=O)cc2)C(=O)OCCOCCOCC)cc1,4.5719
[*]CC(=O)OC(=O)c1ccc(O[*])cc1Br,4.5726
[*]CC(S1)=CC=C1OC(S2)=CC=C2[*],4.5746
N([*])C(=O)c1ccc(cc1)C(=O)NCC(C)(C)CC(C)CCC([*]),4.5756
[*]Oc1ccc(OC(=O)CCC([*])=O)cc1,4.5760000000000005
[*]c1ccc([*])c(N(C)C)c1,4.5763
[*]C=CCCC[*],4.5769
[*]CCCC(CCNC(=O)c1ccc(C(=O)N[*])cc1)C(C)C,4.5773
[*]OC(=O)c1ccc(C([*])=O)cc1,4.5781
[*]CCOC(=O)Nc1ccc(C(C)(C)c2ccc(NC(=O)O[*])cc2)cc1,4.5782
[*]CC(CCl)(CCl)COC(=O)c1ccc(C(=O)O[*])cc1,4.5788
[*]CC(COc1cccc(C)c1)O[*],4.5798
[*]Nc1ccc([*])cc1Cl,4.5808
[*]Oc1ccc(C2(c3ccc(OC(=O)OC4C(C)(C)C(OC([*])=O)C4(C)C)cc3)CC3CCC2C3)cc1,4.5809
[*]CCCCCCNC(=O)CCP(=S)(CCC(=O)N[*])c1ccccc1,4.5816
[*]CCCCCCCCCC#CC#CCCCCCCCCCOC(=O)CCCCCCCCC(=O)O[*],4.5832
[*]Oc1ccc(CC(NC(=O)CCc2ccc(OC(=O)CCCCCCC([*])=O)cc2)C(=O)OCC(C)C)cc1,4.5847
[*]OP(=O)(Oc1ccccc1)Oc1ccc(-c2ccc([*])cc2)cc1,4.5854
[*]Nc1ccc(NC(=O)CCCCCC([*])=O)cc1,4.5879
[*]OC(=O)c1cccc(C(=O)OC2CC3CC([*])CC(C2)O3)c1,4.5898
[*]Nc1ccc([*])c(Cl)c1Cl,4.5901
O([*])CC(O)COc1ccc(cc1)CC(C)(C)c1ccc(cc1)([*]),4.5905
[*]OC1(C)CC(C)(C)C(C)(N2CCCC([*])C2)C1C,4.5909
[*]CC(S1)=CC=C1CO[*],4.5918
[*]C(=O)C1CC(OC(=O)CCC)CN1[*],4.5924
[*]Oc1ccc(Oc2ccc(P(C)(=O)c3ccc([*])cc3)cc2)cc1,4.5956
[*]Oc1ccc(C2(c3ccc(OC([*])=O)cc3)CCCCC2)cc1,4.5957
[*]Oc1ccc(OC(=O)Oc2ccc(-c3ccc(OC([*])=O)cc3)cc2)cc1C,4.5964
[*]Oc1ccc(C([*])=O)cc1Cl,4.5967
[*]C(=O)c1cccc(C(=O)N(C)c2cccc(N([*])C)c2)c1,4.5971
[*]c1nc(Oc2ccccc2)nc(N([*])c2ccccc2)n1,4.5972
[*]Oc1cccc(C([*])=O)c1,4.5975
[*]CCCCCCOC(=O)OCCCCCCCCOC(=O)OCCCCCCOc1ccc(Oc2ccc(O[*])cc2)cc1,4.5976
[*]Cc1ccc(COC(=O)C(=O)O[*])cc1,4.5995
[*]CCOC(=O)c1ccc(O[*])cc1Cl,4.6001
[*]NC(CC(=O)OCc1ccc(Cl)cc1)C([*])=O,4.6003
[*]CC(CC)S[*],4.6013
[*]Oc1ccc(C([*])=O)cc1CCCCCCCCCC,4.6014
[*]CC([*])C(=O)OCCCSCC,4.6018
[*]NNC(=O)C(=O)NNC(=O)CCCCC([*])=O,4.6019
[*]COCOc1ccc(C(=O)OC(=O)c2ccc(O[*])cc2)cc1,4.6031
[*]CC([*])(C)C(=O)OCCOC(=O)CCn1ccnc1,4.6062
[*]CCOCCOCCOC(=O)c1ccccc1C(=O)O[*],4.6067
[*]CCCCCCc1nc2cc(NC(=O)CCCCCCCCC(=O)Nc3ccc4oc([*])nc4c3)ccc2o1,4.6077
[*]Oc1ccc(C2(c3ccc(OC([*])=O)cc3)CC(C)CC(C)(C)C2)cc1,4.6079
[*]CC(O)COc1ccc(C(C)(c2ccccc2)c2ccc(O[*])cc2)cc1,4.6083
[*]CC([*])c1cccc(NC(C)=O)c1,4.6098
[*]CC([*])c1ccc(C(=O)OCCCCCC)cc1,4.6127
[*]Cc1ccc(CN2CCN([*])C(C)C2)cc1,4.6134
[*]Oc1ccc(OC(=O)Oc2ccc(-c3ccc(OC([*])=O)cc3)cc2)cc1,4.6137
[*]Oc1cccc(OC(=O)Oc2ccc(C(C)(C)c3ccc(OC([*])=O)cc3)cc2)c1,4.6142
[*]CC([*])(C)c1ncncn1,4.6164
[*]CC(=O)NCCCCCCNC(=O)Cc1ccc([*])s1,4.618
[*]c1ccc(C(=O)NCCCCCCNC(=O)c2ccc(S([*])(=O)=O)cc2)cc1,4.6192
[*]Nc1c(Cl)cc([*])cc1Cl,4.6194
[*]Oc1ccc(C(CCC)c2ccc(OC([*])=O)cc2)cc1,4.6197
[*]CCCCCCNC(=O)C=CCCC=CC(=O)N[*],4.6202
[*]Cc1cc(C)c(CNC(=O)CCCCCCC(=O)N[*])cc1C,4.6206
[*]Cc1ccc(-c2ccc(CSC(=O)CCC(=O)S[*])cc2)cc1,4.6228
[*]c1ccc(C(C#N)(C#N)C([*])(C#N)C#N)cc1,4.6242
[*]CC(COc1c(Cl)cc(Cl)cc1Cl)O[*],4.6256
[*]OC(=O)c1cccc(C([*])=O)c1,4.6257
[*]CCc1cc(Cl)c([*])c(Cl)c1,4.626
[*]CC([*])c1c(F)c(F)c(OC)c(F)c1F,4.6268
[*]Cc1cc(C23CC4CC(CC(C4)C2)C3)cc(CN([*])C)c1O,4.6273
[*]NOC(=S)O[*],4.6294
[*]C(=O)NCCCCCCCCNC(=O)c1cncc([*])c1,4.6301
[*]Oc1ccc(OC(=O)Oc2ccc(-c3ccc(OC([*])=O)cc3)cc2)cc1Cl,4.6321
[*]Nc1ccc(NC(=O)CCCCCCCCC([*])=O)cc1,4.6336
[*]Oc1c(Br)cc(C2(c3cc(Br)c(OC([*])=O)c(Br)c3)CC3CCC2C3)cc1Br,4.6357
[*]OC(=O)CS(=O)(=O)Cc1ccc(CS(=O)(=O)CC([*])=O)cc1,4.6358
[*]CCCCC(=O)OCCCCCCOC(=O)c1ccc(O[*])cc1,4.6377
[*]Oc1ccc(C(c2ccc(OC([*])=O)cc2)C(C)C)cc1,4.6385
[*]C(=O)c1ccc(N([*])C)cc1,4.6391
[*]CCCCCCCCCCOC(=O)c1ccc(NC(=O)O[*])cc1,4.6391
[*]OC1C(C)(C)C(OC(=O)c2ccc(C([*])=O)cc2)C1(C)C,4.6397
[*]Oc1ccccc1CNC(=O)Nc1ccc(Cc2ccc(NC([*])=O)cc2)cc1,4.6402
[*]CNCC(S1)=CC=C1[*],4.6406
[*]CCCSC(=O)CCCCCCC(=O)S[*],4.641
[*]Cc1ccc(CNC(=O)c2cccc(C(=O)N[*])c2)cc1,4.6431
[*]CC([*])c1ccc(C(=O)OCC(C)C)cc1,4.6433
[*]CC([*])c1cccc(O)c1,4.6435
[*]Oc1ccc(C(C)(C)c2ccc(OC(=O)OCCCOC([*])=O)cc2)cc1,4.6438
[*]N=P([*])(Oc1cccc(C)c1)Oc1cccc(C)c1,4.6442
[*]Oc1c(Cl)cc(C(C)(C)c2cc(Cl)c(OC([*])=O)c(Cl)c2)cc1Cl,4.6457
[*]Cc1ccc(C[*])c(C#N)c1,4.6467
[*]Oc1ccc(C(C)(CC(C)C)c2ccc(OC([*])=O)cc2)cc1,4.647
[*]C(=O)c1cccc(C(=O)N2CCN([*])CC2)c1,4.6488
[*]CCOC(=O)c1ccc(C(=O)O[*])cc1,4.6498
[*]CCSSCCSSCCOCO[*],4.6502
[*]CCOc1ccc(C(=O)OCCCCCCOC(=O)c2ccc(O[*])cc2)cc1,4.6518
[*]CC1CC(COC(=O)c2ccc(C(=O)O[*])cc2)CC(C(C)(C)C)C1,4.652
[*]Oc1c(CCCCC)cc([*])cc1-c1ccccc1,4.6522
[*]Oc1c(C(C)C)cc(C([*])=O)cc1C(C)C,4.6528
[*]Oc1ccc(C(C)(CC)c2ccc(OC([*])=O)c(Cl)c2)cc1Cl,4.6543
[*]SC(=O)OCC(C)(C)COC(=O)SN1CC(C)N([*])CC1C,4.6543
[*]NC(CCCNC(=O)c1ccc(F)cc1)C([*])=O,4.6548
[*]CNC(=O)OCc1ccc(COCc2ccc(COC(=O)NCc3ccc(C(C)(C)c4ccc([*])o4)o3)o2)o1,4.6560000000000015
[*]c1ccc(C(Cl)(Cl)C([*])Cl)cc1,4.6561
[*]CCN([*])C(=O)c1c(F)cc(F)cc1F,4.6565
[*]OS(=O)(=O)c1ccc([*])cc1,4.6583
[*]CCCCOC(=O)c1ccccc1-c1ccccc1C(=O)O[*],4.6586
[*]CCCCCCCCc1nc2cc(-c3ccc4oc([*])nc4c3)ccc2o1,4.6587
[*]CC([*])C(=O)Oc1ccc(Cl)c(C)c1,4.6591
[*]CC([*])SCCCC,4.6594
[*]OC(C)COC(=O)c1cccc(C([*])=O)c1,4.6597
[*]CC([*])c1ccc(C(=O)OC)cc1,4.6598
[*]CCOCCOC(=O)c1cccc(C(=O)O[*])c1,4.6602
[*]Oc1ccc(S(=O)c2ccc(OC([*])=O)cc2)cc1,4.6608
[*]CC(S1)=CC=C1CC(S2)=CC=C2[*],4.6631
[*]NC(CCC(=O)NCCCO)C([*])=O,4.6647
[*]Oc1cccc(OC(=O)C2CC2C([*])=O)c1,4.6652
[*]Oc1ccc(C(C)(CCC)c2ccc(OC([*])=O)cc2)cc1,4.6663
[*]CCNC(=O)c1cccc(C(=O)N[*])c1,4.6675
[*]CCOCCOCCOC(=O)c1cccc(C(=O)O[*])c1,4.6702
[*]CCSC(=O)CCCCCCC(=O)S[*],4.6706
[*]Oc1ccc(CCCCCCc2ccc(OC(=O)CCC([*])=O)cc2)cc1,4.671
[*]CCCCOC(=O)c1ccc([Si](C)(C)c2ccc(C(=O)O[*])cc2)cc1,4.6724
[*]ON(C(F)(F)F)C(F)(F)C(F)=C(F)C([*])(F)F,4.6748
[*]C(=O)c1ccc(C(=O)N2CCN([*])CC2)cc1,4.6749
[*]CCCNC(=O)CCCCCCCC(=O)NCCCNC(=O)C(=O)N[*],4.6754
[*]CCCOC(=O)c1cccc(-c2cccc(C(=O)O[*])c2)c1,4.6774
[*]CC([*])c1cc(Br)ccc1OC(C)C,4.6823
[*]Oc1ccc(Cc2ccc(Cc3ccc(OC([*])=O)cc3)cc2)cc1,4.6825
[*]Oc1ccc(C(=O)NCC(C)(C)CCCNC(=O)c2ccc([*])cc2)cc1,4.6833
[*]C(=O)NCCCCCCCCCCNC(=O)c1cncc([*])c1,4.6863
[*]Oc1ccc(-c2ccc(OC(=O)CCCCCCCCC([*])=O)cc2)cc1,4.6871
[*]Oc1ccc(C(C)(C)c2ccc(OC([*])=O)c(C)c2)cc1C,4.6875
[*]CCCNC(=O)c1ccc(C(=O)N[*])cc1,4.6883
[*]Oc1ccc(C(C)(CCC#N)c2ccc(OC([*])=O)c(C)c2)cc1C,4.6886
[*]CNC(=O)OCCOC(=O)NCc1ccc(C(C)(C)c2ccc([*])o2)o1,4.6893
[*]Oc1ccc(C2(c3ccc(OC([*])=O)cc3)CCCC2)cc1,4.691
[*]c1ccc([*])c(CCCCCC)n1,4.6912
[*]CCCCCCCCCCCCSC(=O)S[*],4.692
[*]Oc1ccc(C(C)(C)c2ccc(OC([*])=O)c(Cl)c2)cc1,4.6926
[*]Oc1ccc(Cc2ccc(OC([*])=O)cc2)cc1,4.6933
[*]C(C=C1)=CC=C1OC(=S)O[*],4.6944
[*]c1ccc(C2C(C(=O)OC)C([*])C2C(=O)OC)cc1,4.6965
[*]C1C=C(CCCCCC)C([*])S1,4.6982
[*]C(=O)CNC(=O)C1CCCN1C(=O)C1CCCN1[*],4.7012
[*]CCCC(=O)OCCOC(=O)c1ccc(O[*])cc1,4.7014
[*]C(C=C1)=CC=C1OC(S2)=CC=C2O[*],4.7023
[*]CC(=O)OC(S1)=CC=C1[*],4.7036
[*]CCOC(=O)Cc1ccc(C(=O)O[*])cc1,4.7045
[*]Oc1c(C)cc(-c2cc(C)c(OC(=O)CCCCCC([*])=O)c(C)c2)cc1C,4.7046
[*]Oc1ccc(C(c2ccc(OC([*])=O)cc2)C(Cl)Cl)cc1,4.7047
[*]CCCCCCCCCCCCNC(=O)c1cccc(C(=O)N[*])c1,4.7049
[*]c1ccc(C(C#N)(C(=O)OCCCC)C([*])(C#N)C(=O)OCCCC)cc1,4.7052
[*]CCCCCCCCCCNC(C)=N[*],4.7056
[*]C1C=CC(S([*])(=O)=O)C1,4.7063
[*]CCC(=O)OC(=O)CCc1ccc([*])o1,4.7063
[*]Oc1c(C)cc(C(C)(C)c2cc(C)c(OC([*])=O)c(C)c2)cc1C,4.707
[*]Oc1ccc(CC(C#N)(Cc2ccc([*])cc2)c2ccccc2)cc1,4.7079
[*]CC([*])n1ccnc1,4.7081
[*]C(=O)CCN(C)CCN(C)CCC(=O)N1CCN([*])CC1,4.709
[*]CCC(C)CC(C)(C)CNC(=O)c1ccc(C(=O)N[*])cc1,4.71
[*]CC(OO[*])c1ccc(Br)cc1,4.7102
[*]OC(=O)CCSCCSCCC([*])=O,4.7109
[*]CC(OC(C)=O)C1C(=O)N(c2ccc(C)cc2)C(=O)C1([*])Cl,4.7114
[*]CC(F)(F)C(F)(F)C(F)(F)C(F)(F)COC(=O)CSCCSCC(=O)O[*],4.7116
[*]CCCCCCNC(=O)C(=O)N[*],4.7126
[*]CC=C(C)C(C)S([*])(=O)=O,4.7127
[*]CCOC(=O)CCC(=O)OCCOC(=O)c1ccc(C(=O)O[*])cc1,4.7136
[*]Oc1ccc(C(c2ccc(OC([*])=O)cc2)C2CC3CCC2C3)cc1,4.7159
[*]CCCCCCSC(=O)CCCCCCC(=O)S[*],4.718
[*]CC(C)C(C)COC(=O)c1ccc(C(=O)O[*])cc1,4.7188
[*]CCCCCCCCCCSSS[*],4.7227
[*]CCN(Cc1ccccc1)C(=O)S[*],4.7252
[*]Oc1c(C)cc(C(C)(C)c2cc(C)c(OC([*])=O)c(Cl)c2)cc1Cl,4.7294
[*]CNC(=O)OC(c1ccco1)C(OC(=O)NCc1ccc(C(C)(C)c2ccc([*])o2)o1)c1ccco1,4.7297
[*]Oc1ccc(C([*])=O)cc1CCCCCCCCCCCC,4.7301
[*]CC([*])c1cc(C)cc(C)c1,4.7319
[*]CC(O)COc1ccc(O[*])cc1,4.7330000000000005
[*]CC(=O)C([*])C,4.7333
[*]CCCCOC(=O)C=CC(=O)O[*],4.7363
[*]CC(CO[*])(CSC(C)C)CSC(C)C,4.7366
[*]Oc1ccc(C(c2ccccc2)c2ccc(OC([*])=O)cc2C)c(C)c1,4.738
[*]CCSC(=O)CCCCCCCCC(=O)S[*],4.7383
[*]NC(=O)NCCCCCCNC(=O)Nc1cccc([*])n1,4.7392
[*]OC(=O)c1ccc(CCCCc2ccc(C([*])=O)cc2)cc1,4.7395
[*]NNC(=O)c1cccc(C(=O)NNC(=O)C2CCC(C([*])=O)CC2)c1,4.7395
[*]CCOC(=O)C=CC(=O)O[*],4.7397
[*]CC([*])C1=NCCN1,4.7412
[*]CCCCCCNC(=O)CCCCC(=O)NCCCCCCNC(=O)C(=O)N[*],4.7428
[*]NNC(=O)c1cccc(C(=O)NNC(=O)CCCCCCCCC([*])=O)c1,4.7432
[*]c1nc2cc(S(=O)(=O)c3ccc4oc(C5CCC([*])CC5)nc4c3)ccc2o1,4.7439
[*]c1ccc([*])c(OC)c1N,4.7443
[*]CC(CC([*])(C#N)C#N)c1ccc(Cl)cc1,4.7449
[*]CC(C)(C)C1C(=O)N(c2ccccc2C)C(=O)C1[*],4.7453
[*]Oc1ccc(Oc2ccc(OC([*])=O)cc2)cc1,4.746
[*]CC(CCCCCCCCCCCC)COC(=O)NC(=O)c1cccc(C(=O)NC(=O)O[*])c1,4.7494
[*]Oc1c(C)cc([*])cc1C(C)CCCCCCCC,4.7507
[*]CCCCCCCCCNC(=O)c1cccc(C(=O)N[*])c1,4.7508
[*]Oc1cc(Cl)c(C(C)(C)c2c(Cl)cc(OC([*])=O)cc2Cl)c(Cl)c1,4.7509
[*]CNOC(C=C1)=CC=C1[*],4.7514
[*]CC(CO[*])(CSCC)CSCC,4.7532
[*]CC(CO[*])(COc1ccccc1)COc1ccccc1,4.7533
[*]CCCP(CCCNC(=O)CCCCCCCCC(=O)N[*])c1ccccc1,4.7536
[*]CCCCCCCNC(=O)c1cccc(C(=O)N[*])c1,4.7571
[*]Oc1c(Br)cc(C(C)(C)c2cc(Br)c(OC([*])=O)c(Br)c2)cc1Br,4.7586
[*]CCC(C)(C)CC(C)CNC(=O)c1ccc(C(=O)N[*])cc1,4.7589
[*]CCCC1CCN(C(=O)SSCCCCSSC(=O)N2CCC([*])CC2)CC1,4.759
[*]CC([*])c1ccc(C)nc1,4.7592
[*]CC([*])C(=O)Nc1ccccc1Cl,4.7629
[*]C=CCC(C[*])(c1ccccc1)c1ccccc1,4.7635
[*]CCCC(S1)=CC=C1[*],4.7653
[*]Oc1ccc(C(C)(C)c2ccc(OC(=O)C3CCC(C([*])=O)CC3)cc2)cc1,4.7657
[*]Oc1ccc(C(C)(C)c2ccc(OC([*])=O)c(Cl)c2)cc1C,4.7674
[*]CC([*])C(=O)OCCSCC,4.7676
[*]Oc1ccc(C(C)(C)c2ccc(OC([*])=O)c(CC)c2)cc1CC,4.7687
[*]CCCN([*])C,4.769
[*]Oc1ccc(CC([*])=O)cc1,4.7696
[*]CC1CCCC(CNC(=O)c2cccc(C(=O)N[*])c2)C1,4.7723
[*]Oc1ccc(CC(NC(=O)Cc2ccc(OC(=O)CC(C)CCC([*])=O)cc2)C(=O)OCCCCCC)cc1,4.7724
[*]CCCCCCOc1ccc(C(C)(C)c2ccc(O[*])cc2)cc1,4.7729
[*]C(=O)C=C(C)C(=O)N1CCN([*])CC1,4.7733
[*]CC1CCC(CNC(=O)c2cc(C(=O)N[*])cc(C(C)(C)C)c2)CC1,4.7735
[*]CCCCOC(=O)c1ccc(C(=O)O[*])cc1,4.7739
[*]CCCOC(=O)c1ccc(C(=O)O[*])cc1,4.775
[*]Oc1ccc(C2(c3ccc(OC([*])=O)cc3)CCc3ccccc32)cc1,4.7779
[*]CC(F)(F)C(F)=C([*])Cl,4.7787
[*]CCc1cc(Cl)c([*])cc1Cl,4.7791
[*]Oc1ccc(NC(=O)NCCCCCCNC([*])=O)cc1C,4.7799
[*]Oc1ccc(C(c2ccccc2)(c2ccccc2)c2ccc(OC(=O)CCCCCCCCC([*])=O)cc2)cc1,4.7831
[*]c1ccc(C(F)(F)C([*])(F)F)cc1,4.7832
[*]CC([*])C(=O)OCCCCSC,4.7854
[*]CC1CCC(COC(C)OC(=O)c2cccc(C(=O)OC(C)O[*])c2)CC1,4.7856
[*]CNCC(=O)[*],4.7857
[*]CCC(=O)OC(=O)CCc1ccc([*])s1,4.7868
[*]COC(=S)O[*],4.7874
[*]NC(=O)OC(C=C1)=CC=C1[*],4.7908
[*]CCCNC(=O)CCCCC(=O)NCCCN([*])C,4.7916
[*]Cc1ccc(CSC(=O)NCCCCCCNC(=O)S[*])cc1,4.7918
[*]CC#CC#CCOC(=O)CCC(=O)O[*],4.7928
[*]Oc1ccc(C(c2ccccc2)(c2ccccc2)c2ccc(OC([*])=O)cc2)cc1,4.7943
[*]Nc1cccc(NC(=O)CCCCCCCCC([*])=O)c1,4.7951
[*]Oc1c(Cl)cc(C2(c3cc(Cl)c(OC([*])=O)c(Cl)c3)CC3CCC2C3)cc1Cl,4.7964
[*]CC(O)COc1ccc(C(C)(C)c2ccc(OCC(O)COc3cccc(O[*])c3)cc2)cc1,4.7967
[*]NNC(=O)c1ccc(C([*])=O)cc1,4.797
[*]CC([*])C(=O)NCCO,4.7977
[*]NC(CSSCc1ccccc1)C([*])=O,4.7992
[*]Nc1ccccc1NC(=O)CCCCCCCCC([*])=O,4.8005
[*]CC(CCC)C(CCC)COC(=O)c1ccc(C(=O)O[*])cc1,4.8023
[*]CCNC(=O)c1ccc(O[*])cc1,4.8032
[*]OC(CC([*])=O)C1CCC=CO1,4.8038
[*]CC([*])c1ccccc1C(=O)OC,4.8063
[*]c1ccc(C2C(C#N)(C(=O)OCCC)C([*])C2(C#N)C(=O)OCCC)cc1,4.8078
[*]Oc1ccc(C(CCC)(CCC)c2ccc(OC([*])=O)cc2)cc1,4.8089
[*]CC(SS[*])c1ccccc1,4.8143
[*]CCC=C([*])C(C)(C)C,4.8144
[*]CC([*])C(=O)Oc1cccc(C)c1,4.8157
[*]COC(S1)=CC=C1O[*],4.8181
[*]Oc1ccc(Oc2cccc([*])n2)c(C)c1,4.8181
[*]C=CC(C(=O)OC(C)C)C([*])C(=O)OC(C)C,4.8185
[*]C(=O)CCP(=O)(CCC(=O)N1CCN([*])CC1)c1ccccc1,4.8188
[*]Nc1cc(NC(=O)NCCCCCCNC([*])=O)ccc1C,4.82
[*]CCOC(=O)NCCSCCCCCCSCCNC(=O)O[*],4.8217
[*]C1C=CC([*])N1,4.8228
[*]c1ccc(Cc2ccc(N3C(=O)C4CCC5C(=O)N([*])C(=O)C5C4C3=O)c(C)c2)cc1C,4.8231
[*]Oc1ccc(CC(NC(=O)CCc2ccc(OC(=O)COCCOCC([*])=O)cc2)C(=O)OC)cc1,4.825
[*]C(=O)NCCCCCCNC(=O)c1cccc([*])n1,4.8257
[*]CC([*])c1ccc(C)c(C)c1,4.8262
[*]Oc1ccc(CC(NC(=O)CCc2ccc(OC(=O)CCC([*])=O)cc2)C(=O)OC(C)CC)cc1,4.8266
[*]Oc1ccc(CC(NC(=O)CCc2ccc(OC(=O)CCCCCCC([*])=O)cc2)C(=O)OC)cc1,4.8286
[*]Oc1ccc(C([*])=O)cc1CCCCCC,4.8293
[*]Cc1ccc(C(=O)O[*])cc1,4.8311
[*]Oc1ccc(NC(=O)NC2CC(C)(C)CC(C)(NC([*])=O)C2)cc1,4.8322
[*]Oc1ccc(CC(NC(=O)CCc2ccc(OC([*])=O)cc2)C(=O)OCC)cc1,4.8337
[*]CC(CO[*])(CS(=O)(=O)CCC)CS(=O)(=O)CCC,4.8377
[*]CCCP(CCCCCCCC)CCCNC(=O)CCCCC(=O)N[*],4.8381
[*]CC(C)(C[*])CN(C)CC1C2CC3CC(C2)CC1C3,4.8405
[*]CC(O)COc1ccc(C(C)(C)c2ccc(O[*])cc2)cc1,4.8415
[*]C(=O)OC1CC([*])N(C(=O)OCc2ccccc2)C1,4.8424
[*]Oc1ccc(C2(c3ccc(OC(=O)OC4C(C)(C)C(OC([*])=O)C4(C)C)cc3)CCC(C(C)(C)C)CC2)cc1,4.8454
[*]CCOC(=O)c1ccc(O[*])c(Cl)c1,4.8461
[*]CCCCCCOC(=O)C=CC(=O)O[*],4.8463
[*]C=CC1CCCCC1[*],4.8485
[*]CCc1ccc([*])c(CCCC)c1,4.8494
[*]Oc1ccc(C(C)(CCCC)c2ccc(OC([*])=O)cc2)cc1,4.8496
[*]Oc1ccc2c(c1)C(C)(c1ccc(OC([*])=O)cc1)CC2(C)C,4.8509
[*]Oc1ccc(NC(=O)NCCCCCCNC([*])=O)c(C)c1,4.8513
[*]CCCCCCCCCCCNC(=O)c1ccc(C(=O)N[*])cc1,4.852
[*]CCC(=O)N([*])C,4.8524
[*]CCCCCCCCCCCCNC(=O)NCCCCCCNC(=O)N[*],4.8544
[*]CCCSC(=O)CCC(=O)S[*],4.8548
[*]CCCCCNC(=O)c1cccc(C(=O)N[*])c1,4.855
[*]CCCCCNC(=O)CCC=CCCC(=O)N[*],4.8564
[*]CC(C)(CO[*])COCCC#N,4.8567
[*]Oc1ccc(C2(c3ccc(OC([*])=O)c(Cl)c3)CCCCC2)cc1Cl,4.8597
[*]CCCCCCOC(=O)NCCSCCCCCSCCNC(=O)O[*],4.8597
[*]CC(F)(F)C(F)(F)C(F)(F)COC(=O)c1cccc(C(=O)O[*])c1,4.8608
[*]CCOCCOCC#CC#CCOCCOCCOC(=O)NCCCCCCNC(=O)O[*],4.8627
[*]CCN([*])C(=O)c1ccc(OC)cc1,4.8635
[*]CC([*])C(=O)SCCC,4.8635
[*]CCN([*])C(=O)Cc1ccc(C(F)(F)F)cc1,4.8637
[*]Oc1ccc(Cc2ccc([*])cc2)cc1,4.865
[*]C=C([*])OCCCC,4.8666
[*]CC(=O)C1CCC([*])C1=O,4.8678
[*]CC([*])c1ccc(C)cc1,4.8699
[*]Oc1ccc(C(C)(C)c2ccc(OC(=O)OCC3CCC(COC([*])=O)CC3)cc2)cc1,4.8708
[*]CCC(S1)=CC=C1O[*],4.8714
[*]CCc1ccc(Cc2ccc(CCS[*])cc2)cc1,4.8714
[*]C=CC1CC([*])C2(Cl)OC(=O)OC12Cl,4.8717
[*]Nc1cccc(NC(=O)CCCCCCC([*])=O)c1,4.8722
[*]CCC(C)S[*],4.8724
C([*])C([*])(C(=O)OCc1ccco1),4.8728
C([*])C(C#N)(C(=O)OCC(C)OCC=C)([*]),4.873
[*]C(=O)NCCCCCCCCNC(=O)c1ccc([*])nc1,4.8735
[*]c1ccc(C(C#N)(C(=O)OCC)C([*])(C#N)C(=O)OCC)cc1,4.8742
[*]Oc1ccc(C(C)(C)c2ccc(OC([*])=O)c(C(C)C)c2)cc1C(C)C,4.8744
c1([*])ccc(cc1(O))c2cccc([*])c2(O),4.8746
[*]CC([*])c1ccc(Cl)c(C)c1,4.8762
[*]CC([*])(C)C(=O)OCc1ccc(Cl)cc1Cl,4.8769
[*]CC(C=C)O[*],4.878
[*]CCc1cc(C)c([*])cc1C,4.8782
[*]COC(C=C1)=CC=C1O[*],4.8786
[*]Oc1c([2H])c([2H])c(C(c2c([2H])c([2H])c(OC([*])=O)c([2H])c2[2H])(C([2H])([2H])[2H])C([2H])([2H])[2H])c([2H])c1[2H],4.8802
[*]C(C=C1)=CC=C1OC(C=C2)=CC=C2O[*],4.8832
[*]CCN([*])C(=O)c1ccc(F)c(F)c1,4.8837
[*]CC(C)(C)COC(=O)NC(=O)c1cccc(C(=O)NC(=O)O[*])c1,4.8839
[*]Oc1ccc(C(CC)(c2ccccc2)c2ccc(OC([*])=O)cc2)cc1,4.8841
[*]CCC(C=C1)=CC=C1O[*],4.8876
[*]C=C([*])c1ccsc1,4.888
[*]CCc1ccc([*])s1,4.8896
[*]CCOCCOCCOC(=O)CCSCCC(=O)O[*],4.8908
[*]CCCOC(=O)c1cccc(C(=O)O[*])c1,4.8915
[*]C(=O)C(NC(=O)C1CCCN1C(=O)C1CCCN1[*])c1ccccc1,4.893
[*]Oc1ccc(C(C)(C)c2ccc(OC([*])=O)c(Cl)c2)cc1Cl,4.8941
[*]N=P([*])(OCCCC)OCCCC,4.8944
[*]Cc1ccc(CO[*])cc1,4.8948
[*]Oc1ccc(CC(NC(=O)CCc2ccc(OC(=O)CCCCCCC([*])=O)cc2)C(=O)OC(C)C)cc1,4.8967
[*]Oc1ccc(C(C)(C)c2ccc(OC(=O)OCCCCOC([*])=O)cc2)cc1,4.8972
[*]NC(CCC([*])=O)C(=O)OCc1ccccc1,4.8973
[*]CCCCCS[*],4.8974
[*]CC(CSC(C)C)O[*],4.8974
[*]CCCCSCCS[*],4.898
[*]CC([*])C(=O)SC(C)C,4.8981
[*]Oc1ccc(C(C)(CC)c2ccc(OC([*])=O)c(C)c2)cc1C,4.9006
[*]Nc1ccc(CC(C)(C)NC(=O)CCCCC([*])=O)cc1,4.9015
[*]CCCCSSCCSS[*],4.9019
[*]Oc1ccc(C(C)(C)c2ccc(OC([*])=O)cc2)cc1,4.9030000000000005
[*]C1C=CC([*])S1,4.904
[*]CCCN([*])C(=O)c1ccccc1,4.9047
[*]Oc1ccc(C(C)(CCC#N)c2ccc(OC([*])=O)cc2)cc1,4.9054
[*]CC1CCC(CNC(=O)c2cccc(C(=O)N[*])c2)CC1,4.9063
[*]Nc1cccc(NC(=O)CCCCCCCC([*])=O)c1,4.9065
[*]CCCP(CCCNC(=O)N[*])c1ccccc1,4.9075
[*]NC(CC(=O)OCCC)C([*])=O,4.9078
[*]CCOC(=O)Nc1ccc(CCCc2ccc(NC(=O)O[*])cc2)cc1,4.9081
[*]CC([*])c1cc(C)ccc1C,4.9087
[*]C=CC(C[*])C(C)CC,4.91
[*]CC#CC#CCOC(=O)CCCCC(=O)O[*],4.9115
[*]CC(CC)(CC)CS[*],4.9121
[*]CCCC1CCN(SC(=O)OCCCCCCOC(=O)SN2CCC([*])CC2)CC1,4.9129
[*]c1ccc(C)c(N2CC(=O)N([*])CC2=O)c1,4.9134
[*]COC(=O)NCc1ccc(CNC(=O)OCc2ccc([*])o2)o1,4.9138
[*]CC(OC(=O)C(=O)OCC)C(COC(=O)O[*])OC(=O)C(=O)OCC,4.9152
[*]CCC(C)C(C)CCNC(=O)c1cccc(C(=O)N[*])c1,4.9153
[*]CCC(=O)NCCCCCCNC(=O)CCc1ccc([*])s1,4.9156
[*]SC(C)C([*])C,4.9162
[*]C(=O)NCCCCCCNC(=O)c1cncc([*])c1,4.9168
[*]CC(CCl)(CCl)COC(=O)c1cccc(C(=O)O[*])c1,4.9168
[*]CC([*])(C)C(=O)OCc1ccc(Cl)cc1,4.9171
[*]Oc1ccc(C(CCCC)(CCCC)c2ccc(OC([*])=O)cc2)cc1,4.9185
[*]Nc1ccc(CCNC(=O)CCCCC([*])=O)cc1,4.9196
[*]CC([*])c1ccc(CCCCCC)cc1,4.9196
[*]CC(COc1ccc(Cl)cc1)O[*],4.9216
[*]C(=O)Oc1ccc(C(C)(C)c2ccc(OC(=O)N3CCN([*])CC3)cc2)cc1,4.9219
[*]CC([*])c1ccc(C)cc1C,4.9248
[*]NNC(=O)c1ccc(C(=O)NNC(=O)CCCCC([*])=O)cc1,4.9254
[*]CC1CC(CNC(=O)c2cccc(C(=O)N[*])c2)CC(C(C)(C)C)C1,4.9259
[*]O[Si](C)(C)Oc1ccc(C(C)(C)c2ccc([*])cc2)cc1,4.9271
[*]Cc1c(O)c(CNC(=O)N[*])cc(C(CC)=NO)c1O,4.9278
[*]Oc1ccc(C(C#N)(c2ccccc2)c2ccc(OC([*])=O)cc2)cc1,4.9282
[*]CCCP(=O)(CCCNC(=O)CCCCC(=O)N[*])c1ccccc1,4.9299
[*]CC(C=C1)=CC=C1NO[*],4.9305
[*]Cc1ccc(CNC(C)=N[*])cc1,4.9307
[*]Oc1ccc(C(CC)c2ccc(OC([*])=O)cc2)cc1,4.9315
[*]NC(CC(N)=O)C([*])=O,4.9343
[*]Oc1c(C)cc(CC([*])C=C)cc1C,4.9348
[*]CNCC(C=C1)=CC=C1[*],4.9352
[*]CCCCCOC(=O)NCCSCCCCCCSCCNC(=O)O[*],4.9366
[*]CC([*])(Br)Br,4.9377
[*]Oc1ccc(C(CC)(c2ccccc2)c2ccc(OC(=O)CCCCCCCCC([*])=O)cc2)cc1,4.9385
[*]CCCNC(=O)c1cccc(C(=O)N[*])c1,4.9391
[*]Oc1c(Cl)cc(NC(=O)NCCCCCCNC([*])=O)cc1Cl,4.9392
[*]CCC(=O)OCCOC(=O)CCN1CCN([*])CC1,4.9393
[*]CCCCCC(=O)NCc1ccc(CNC(=O)CCCCCS[*])cc1,4.9399
[*]Oc1ccc(C(C)(CC)c2ccc(OC([*])=O)cc2)cc1,4.9403
[*]CCCCOC(=O)C(=O)O[*],4.9405
[*]C=CC(C)C([*])C(=O)OCCCC,4.9412
[*]CC([*])C=C(C)C,4.9414
[*]CC([*])c1cccc(C)n1,4.9415
[*]CCc1c(C)c(C)c([*])c(C)c1C,4.9425
[*]Oc1ccc(C(C)(C)c2ccc(OC(=O)SCCCSC([*])=O)cc2)cc1,4.9443
[*]CC(C)(C)CS[*],4.9455
[*]CCCCCCCCCCOC(=O)Cc1ccc(CC(=O)O[*])cc1,4.9479
[*]C=CC1CC([*])C(C(=O)Oc2ccccc2)C1C(=O)Oc1ccccc1,4.9487
[*]Oc1ccc(C(C)(C)c2ccc(C(C)(C)c3ccc(OC([*])=O)cc3)cc2)cc1,4.952
[*]c1ccc2nc([*])oc2c1,4.9545
[*]CCCCCOc1ccc(CCc2ccc(O[*])cc2C)cc1,4.9545
[*]c1ccc(N2C(=O)N([*])C2=O)cc1,4.9563
[*]Cc1cc(C)c([*])cc1C,4.9568
[*]Oc1c(Cl)cc(C2(c3cc(Cl)c(OC([*])=O)c(Cl)c3)CCCCC2)cc1Cl,4.9569
[*]CCc1ccc([*])o1,4.9581
[*]CCc1ccc([*])c(C)c1,4.9587
[*]c1ccc(S(=O)(=O)NCCCCCCNS([*])(=O)=O)cc1,4.9605
[*]CC(O)COc1ccc(C(C)CC(C)(C)c2ccc(O[*])cc2)cc1,4.9655
[*]O[Si](C)(C)Oc1ccc([*])cc1,4.9658
[*]CC#CC#CCOC(=O)NCCCCCCNC(=O)O[*],4.966
[*]Oc1ccc(CC(C#N)(C#N)Cc2ccc([*])cc2)cc1,4.9665
[*]CCCC(C=C1)=CC=C1[*],4.967
[*]Cc1ccc(COC(=O)CCCCCCCCC(=O)O[*])cc1,4.9683
[*]OC(c1ccc(Cl)cc1)C(C)(C)C([*])=O,4.9686
[*]CCCS(=O)(=O)CCCS(=O)(=O)CCCOC(=O)c1ccccc1C(=O)O[*],4.968999999999999
[*]CCCCCCCCOC(=O)c1cccc(C(=O)O[*])c1,4.9695
[*]CCCCSSCCCSS[*],4.9696
[*]Oc1cccc(OC2(F)C([*])(F)C(F)(F)C2(F)F)c1,4.9699
[*]CCCCOC(=O)Nc1ccc(C)c(NC(=O)O[*])c1,4.9701
[*]CCCCN(C)C(=O)c1ccc(C(=O)N([*])C)cc1,4.9751
[*]CCCCCOC(=O)NCCSCCCCSCCNC(=O)O[*],4.9762
[*]CC([*])CCc1ccc(C)cc1,4.9769
[*]NC(CCC(=O)OCc1ccc(Cl)cc1)C([*])=O,4.977
[*]CC(OC(C)=O)C1C(=O)N(c2ccccc2)C(=O)C1([*])Cl,4.9786
[*]CCCCCCCCCCCCCCCCCCCCOC(=O)CCCCSCCCCC(=O)O[*],4.9808
[*]CC([*])(C)C(=O)OCc1cccs1,4.9814
[*]CCOC(=O)Cc1ccc(CC(=O)O[*])cc1,4.9816
[*]CC([*])SCC,4.9830000000000005
[*]CC1(C)CC(CC2(C)CC(N3C(=O)N4C(c5ccc(OC)cc5)N([*])C(=O)N4C3c3ccc(OC)cc3)CC(C)(C)C2)CC(C)(C)C1,4.9837
[*]C(=O)NCCCCCCNC(=O)c1cnn([*])c1,4.9839
[*]Cc1ccc(C(=O)N[*])cc1,4.9852
[*]CCOC(=O)c1ccc(CCCCCCc2ccc(C(=O)O[*])cc2)cc1,4.9875
[*]CC(=O)NCCCCCCNC(=O)CS[*],4.9895
[*]CC(F)(F)C(F)(F)C(F)(F)COC(=O)CSCSCC(=O)O[*],4.99
[*]Cc1ccc(C[*])c(C)c1,4.9923
[*]Cc1c(Cl)cc(cc1)C[*],4.9944
[*]C1C=C(C)C([*])S1,4.9946
[*]CCCCCCS[*],4.9951
O([*])C(=O)Oc1c(C)cc(cc1)C(C)(C)c1ccc(cc1)([*]),4.9955
[*]CCCCCCSCCCCS[*],4.9969
[*]CC([*])SC,4.9974
[*]Oc1c(Cl)cc(C(c2cc(Cl)c(OC([*])=O)c(Cl)c2)C2CC3CCC2C3)cc1Cl,5.0002
[*]CC1CC1COC(=O)c1cccc(C(=O)O[*])c1,5.001
[*]N=P([*])(Oc1cccc(Cl)c1)Oc1cccc(Cl)c1,5.003
[*]OC(=O)C(CC(C)C)NC(=O)CCCCC(=O)NC(CC(C)C)C(=O)OC1COC2C([*])COC12,5.0053
[*]CCCCCCN(C)C(=O)CCC(=O)N([*])C,5.0062
[*]CC([*])c1ccc(CCCCCCCCCCCCCCCC)cc1,5.0066
[*]c1cccc(N2CC(=O)N([*])CC2=O)c1,5.0067
[*]Cc1ccc(COC(=O)Cc2ccc(CC(=O)O[*])cc2)cc1,5.0073
[*]CCCOC(=O)c1ccccc1-c1ccccc1C(=O)O[*],5.0095
[*]Oc1ccc(C(C)(c2ccccc2)c2ccc(OC(=O)OC3C(C)(C)C(OC([*])=O)C3(C)C)cc2)cc1,5.0101
[*]CCCCCCOC(=O)SSC(=O)O[*],5.0105
[*]Oc1cccc([*])c1,5.0109
[*]CCOC(=O)Nc1ccc(NC(=O)O[*])cc1,5.0116
[*]OC([2H])([2H])C([*])([2H])C([2H])=C([2H])[2H],5.0119
[*]SC1CCCC([*])C1,5.0122
[*]CC([*])C(=O)N(C)C,5.0126
[*]CCc1ccc([*])c(CC)c1,5.0142
[*]CCOC(=O)NCCSCCSCCNC(=O)O[*],5.0147
[*]Oc1ccc(NC(=O)NCCCCCCNC([*])=O)cc1,5.0159
[*]CC(C)S[*],5.016
[*]CCCCCCCCCCNC(=O)C=CCCC=CC(=O)N[*],5.017
C([*])C([*])(C1=CC(C)=CC=C1),5.0185
[*]OC(=O)Cc1ccc(CC([*])=O)cc1,5.0188
[*]C=CC1CC([*])C(C(=O)OC)C1C(=O)OC,5.0196
[*]CC1CCC(COC(=O)NCCSCCCCCSCCNC(=O)O[*])CC1,5.0201
[*]CCCCCOC(=O)c1cccc(C(=O)O[*])c1,5.0202
[*]CCc1ccc([*])c(Br)c1,5.0219
[*]CCCCCCNC(=O)CCC(C)(C)c1ccc(C(C)(C)CCC(=O)N[*])cc1,5.0232
C([*])C(=O)CCCCC(=O)NCCCCCCNC([*]),5.0252
[*]CC([*])C(=O)NC(C)=O,5.0258
[*]CCN[*],5.0272
[*]CCCCCCNC(=O)c1cccc(C(=O)N[*])c1,5.0275
[*]CCCCOC(=O)CCSCCCCCCSCCC(=O)O[*],5.0289
[*]C(=O)NCCCCCCNC(=O)C1=COC=C([*])O1,5.0297
[*]CCc1ccc([*])c(F)c1,5.0304
[*]CCCC(C)(C)CNC(=O)c1cccc(C(=O)N[*])c1,5.0312
[*]CCNC(=O)c1cccc(O[*])c1,5.033
[*]CCCCCCCCNC(=O)Cc1ccc(CC(=O)N[*])cc1,5.0331
[*]CCCP(CCCNC(=O)CCCCC(=O)N[*])CC(C)C,5.0331
[*]NC(CCCCN)C([*])=O,5.0339
[*]CCCCCOC(=O)c1ccccc1-c1ccccc1C(=O)O[*],5.0341
[*]NNC(=O)C([*])=O,5.0351
[*]Oc1ccc(C(C)c2ccc(OC([*])=O)c(C)c2)cc1C,5.0393
[*]CCSSCCOCO[*],5.0437
[*]N=P([*])(OCCC)OCCCCC,5.0469
[*]CCCCCCNC(=O)CCP(CCC(=O)N[*])c1ccccc1,5.0474
[*]C(=O)NCCCCCCNC(=O)c1cc(O)cc([*])n1,5.0481
[*]CC(OO[*])c1ccc(C(C)(C)C)cc1,5.0492
[*]CCc1ccc(Cc2ccc([*])cc2)cc1,5.0497
[*]CC(O[*])c1ccco1,5.0528
[*]CCCSS[*],5.0561
[*]c1ccc(C(C#N)(C(=O)O)C([*])(C#N)C(=O)O)cc1,5.057
[*]OP(=O)(Oc1ccccc1)Oc1ccc([*])cc1,5.0582
[*]CCCCCC(=O)NCc1ccc(CNC(=O)CCCCO[*])cc1,5.061
O([*])C(=O)Oc1c(C)cc(cc1)C(C)(C)c1cc(C)c(cc1)([*]),5.0649
[*]NC(CCC(=O)OCc1ccccc1)C([*])=O,5.0666
[*]Cc1ccc(C[*])c(CC)c1,5.0672
[*]CCCCCOC(=O)Nc1ccc(C)c(NC(=O)O[*])c1,5.0679
[*]CCCCCCCCCOC(=O)Nc1ccc(C)c(NC(=O)O[*])c1,5.0722
[*]CC([*])OCc1ccccc1,5.0748
[*]OC1CCCCC1[*],5.0758
[*]c1ccc([*])c(O)c1,5.0766
[*]C1C(=O)N(C2CCCCC2)C(=O)C1[*],5.0769
[*]Oc1ccc(OC(=O)CCCCCCCC([*])=O)cc1,5.0774
[*]CC([*])c1cccc(C)c1,5.0775
[*]CCOC(=O)Nc1c(C)c(C)c(NC(=O)O[*])c(C)c1C,5.0778
[*]C=CC1CC(=CC)C([*])C1,5.0789
[*]CCN([*])C(=O)c1ccc(F)cc1,5.0808
[*]CCCCCOC(=O)CCCCSCCCCC(=O)O[*],5.081
[*]Oc1cccc(Oc2cccc(OC([*])=O)c2)c1,5.0817
[*]CCSS[*],5.0819
[*]CC(c1ccccc1)c1ccc([*])cc1,5.0824
[*]CCS(=O)(=O)CCN1CCN([*])CC1,5.0838
[*]CC(C)(C)COC(=O)Nc1ccc(NC(=O)O[*])cc1,5.0845
[*]CCCCCCSCCS[*],5.085
[*]CCCCCCN(CC)C(=O)C(F)(F)C(F)(F)C(F)(F)C(=O)N([*])CC,5.0851
[*]C(C)=C([*])CCCCCCC,5.0857
[*]CCOC(=O)N(C)c1ccc(C)c(N(C)C(=O)O[*])c1,5.086
[*]CCCCCCNC(=O)CCP(=O)(CCC(=O)N[*])c1ccccc1,5.0861
[*]CCOCCOC(=O)CCCCSCCCCC(=O)O[*],5.0861
[*]CCCCOC(=O)Cc1ccc(CC(=O)O[*])cc1,5.0863
[*]CC(CO[*])(CSC)CSC,5.0864
[*]c1cnc([*])c(C)c1,5.0872
[*]CCC(C)=C([*])Cl,5.0903
[*]Oc1ccc(C(C)(C)c2ccc(OC(=O)CCCCC([*])=O)cc2)cc1,5.0915
[*]CC(C)(COC(=O)NCCCCCCNC(=O)O[*])CN(C)C,5.093
[*]N=P([*])(OCC(C)C)OC(C)C,5.0938
[*]C=CC1CC([*])C(C(=O)Oc2ccccc2)C1,5.0947
[*]CC([*])C(=O)OCCCCCCSCC#N,5.0954
[*]NC(CCC(=O)O)C([*])=O,5.0961
[*]Oc1cccc(OC(=O)CCC([*])=O)c1,5.0962
[*]Oc1ccc(Cc2ccc(OC(=O)OCC3CCC(COC([*])=O)CC3)cc2)cc1,5.0983
[*]CCOCCOCCOCCOCCOC(=O)CCSCCC(=O)O[*],5.1001
[*]OC(=O)CCc1ccc(CCC([*])=O)cc1,5.1011
[*]CCOCC(=O)NCCCCCCNC(=O)CO[*],5.1019
[*]CCOC(=O)NCCSCCCCSCCNC(=O)O[*],5.1021
[*]c1ccc([*])c(C)n1,5.1028
[*]Oc1ccc(C(c2ccccc2)c2ccc(OC([*])=O)cc2)cc1,5.1036
[*]COC(=O)NCCCCCCNC(=O)OCc1cccc([*])n1,5.1041
[*]CCCCOC(=O)c1cccc(C(=O)O[*])c1,5.1042
[*]CCOC(=O)Nc1cc(NC(=O)O[*])ccc1C,5.1042
[*]C=CC(C(=O)OC)C([*])c1ccccc1,5.1045
[*]CC1CC1COC(=O)Nc1ccc(C)c(NC(=O)O[*])c1,5.1055
[*]Oc1ccc(C(C)(c2ccccc2)c2ccc(OC([*])=O)cc2)cc1,5.1057
[*]NC(CCC(=O)OCCCC)C([*])=O,5.1073
[*]CCCCNC(=O)C(=O)N[*],5.1079
[*]C(C)=C([*])CCC,5.1084
[*]NC(CC)CC([*])=O,5.1088
[*]Cc1cc(C)c(CNC(=O)CCCCC(=O)N[*])cc1C,5.1111
[*]CCCCCCCCCCOC(=O)CCCCSCCCCC(=O)O[*],5.1115
[*]Oc1ccc(C(C)(C)c2ccc(Oc3nc([*])nc(OC)n3)cc2)cc1,5.1119
[*]CCCCNC(=O)C(CCCCCCCCCCCC)C(=O)N[*],5.1121
[*]CCCCCCCCCCOC(=O)c1cccc(C(=O)O[*])c1,5.1143
[*]OC(=C(C)C)C(C)(C)C([*])=O,5.1149
[*]NC1NN(C(C([*])O)(C(F)(F)F)C(O)(Cl)C2(F)OC(O)C(O)C2O)O1,5.1151
[*]CCCCCCCCCCSCCCCCCS[*],5.1159
[*]NC(CC([*])=O)C(=O)OCC,5.1162
[*]CC(C=C1)=CC=C1CC(C=C2)=CC=C2[*],5.1169
[*]Oc1ccc(CC(NC(=O)CCc2ccc(OC(=O)CC(C)CCC([*])=O)cc2)C(=O)OC(C)CC)cc1,5.1178
[*]CCOC(=O)c1ccccc1C(=O)O[*],5.1201
[*]Cc1cccc(CNC(=O)CCCCC(=O)N[*])c1,5.1207
[*]CC(O)COC(=O)CCCCC(=O)OCC(O)COc1ccc(O[*])cc1,5.1211
[*]NNC(=O)c1cccc(C([*])=O)c1,5.1212
[*]NC(CC(=O)OCc1ccccc1)C([*])=O,5.122999999999998
[*]NC(Cc1c[nH]cn1)C([*])=O,5.1232
[*]ON(C(F)(F)F)C(F)(F)C([*])(F)SC(F)(F)F,5.1239
[*]Oc1ccc(OC(=O)Oc2ccc(OC([*])=O)cc2)cc1Cl,5.127999999999999
[*]CCCCCCCCCCCCOC(=O)c1cccc(C(=O)O[*])c1,5.1284
[*]C(C)=C([*])CCCCC,5.1297
[*]CC([*])c1ccccc1CC,5.1303
[*]CCOC(=O)Nc1cccc(NC(=O)O[*])c1,5.1312
[*]Oc1cccc(C(F)(F)C(F)(F)C(F)(F)c2cccc(OC([*])=O)c2)c1,5.1323
[*]CC(C)C=C([*])C,5.1336
[*]CC(CC([*])(C#N)C#N)(OC(C)=O)c1ccc(OC(C)=O)cc1,5.1337
[*]CC([*])C(=O)N(C)CC,5.1362
[*]CCCCCCOC(=O)C1CC(=O)C(C(=O)O[*])CC1=O,5.1367
[*]Oc1c(Cl)cc(C(C)(C)c2cc(Cl)c(OC(=O)CCCCC([*])=O)c(Cl)c2)cc1Cl,5.1374
[*]CC(COCCOCCOC)O[*],5.1377
[*]NNC(=O)CCC(=O)NNC(=O)CCCCC([*])=O,5.1381
[*]CCCCCCCCCCC(=O)NCCCCCOCCCCCNC(=O)CCCCO[*],5.1384
[*]CC1CC([*])CN(c2nc(N)nc(N)n2)C1,5.1412
[*]CC(c1ccccc1)C1C(=O)OC(=O)C1[*],5.1414
[*]CCCCSCS[*],5.1418
[*]NC(C)C(=O)NC(CCC(=O)OCC)C(=O)NCC([*])=O,5.1422
[*]OC1(F)C(C)C(C)(C2(Cl)CNCNC2[*])CC1(C)C,5.143
[*]CCCSC(=O)CCCCCCCCC(=O)S[*],5.1438
[*]Oc1ccc(CC(NC(=O)CCc2ccc(OC(=O)CCCCCCC([*])=O)cc2)C(=O)OCC)cc1,5.1441
[*]NC(CC([*])=O)C(=O)OCCCCCCCCCCCC,5.146
[*]c1cccc(S(=O)(=O)NCCCCCNS([*])(=O)=O)c1,5.1469
[*]Cc1ccc(CNC(=O)CCCCCCCCCCCCCC(=O)N[*])cc1,5.1486
[*]OCC(F)(F)C(F)(F)C(F)(F)COc1nc(F)nc([*])c1F,5.1506
[*]CCCP(CCCNC(=O)CCCCC(=O)N[*])c1ccccc1,5.1514
[*]CCCOC(=O)Cc1ccc(CC(=O)O[*])cc1,5.1547
[*]CC(CS(=O)(=O)C(C)C)O[*],5.1555
[*]C=CC(C[*])OC,5.1557
[*]CC([*])(C)C(=O)OCC(=O)N1CCCC1,5.1568
[*]OC1CCC(OC(=O)NCCSCCCSCCNC([*])=O)CC1,5.1585
[*]CCCCCCCCNC(=O)CCC=CCCC(=O)N[*],5.1591
[*]Oc1ccc(CC(NC(=O)CCc2ccc(OC(=O)CCCCCCC([*])=O)cc2)C(=O)OCCCCCCCCCCCC)cc1,5.1610000000000005
[*]CCCOCCOCCOC(=O)Nc1ccc(C)c(NC(=O)O[*])c1,5.1637
[*]C(=O)COCCOCC(=O)N1CCN([*])CC1,5.164
[*]CC(C[N-][N+]#N)(C[N-][N+]#N)CO[*],5.1641
O([*])COCCSSCCCC([*]),5.1679
[*]C=CC(C(=O)OCC)C([*])C(=O)OCC,5.1688
C([*])(CC)=CCC([*]),5.1691
[*]Oc1ccc(CC(NC(=O)CCc2ccc(OC(=O)CCC([*])=O)cc2)C(=O)OCCCCCC)cc1,5.1694
[*]OC(C)COC(=O)Cc1ccc(CC([*])=O)cc1,5.1711
[*]CCCCCCCCCCCCCCCCCCCCOC(=O)c1ccccc1C(=O)O[*],5.172999999999999
[*]CCOC(=O)CCCCSCCCCC(=O)O[*],5.1771
[*]CCCNC(=O)CCC=CCCC(=O)N[*],5.1773
[*]CCCCCCCCCCSCCCCS[*],5.1777
[*]CC([*])(C)C(=O)OCC(=O)N1CCOCC1,5.178
[*]CCCCNC(=O)c1cccc(C(=O)N[*])c1,5.1786
[*]OC(=O)C(Cc1ccccc1)NC(=O)CCCCC(=O)NC(Cc1ccccc1)C(=O)OC1COC2C([*])COC12,5.1809
[*]CCCCNC(=O)C(OC)C(OC)C(=O)N[*],5.1811
[*]CCCCCCOC(=O)C1C(=O)C2CCC1C(=O)C2C(=O)O[*],5.1812
[*]CC=CC(C)S([*])(=O)=O,5.1822
[*]Cc1ccc(COC(=O)C2CCC(C(=O)O[*])CC2)cc1,5.1825
[*]CC([*])C(=O)NCC,5.1826
[*]CCCCC(=O)NCCCCCCNC(=O)CCCCS[*],5.1829
[*]COC(=O)NCCCCCCNC(=O)OCc1ccc([*])o1,5.183
[*]CC([*])C(=O)OCCSCCC#N,5.1842
[*]CCCCSCCCS[*],5.1858
[*]C=CC1CC([*])C2C(=O)N(c3ccc(C)cc3)C(=O)C12,5.1862
[*]C=CC1CC([*])C2C3CCC(C3)C12,5.1878
[*]CC(CC)(CC)COC(=O)Nc1ccc(C)c(NC(=O)O[*])c1,5.1879
[*]NC(C)C(=O)NCCCC([*])=O,5.1879
[*]CNCN[*],5.1891
[*]CC([*])c1nc(N)nc(N)n1,5.1899
[*]CCCCCCCCCCCCCCS[*],5.1904
[*]Cc1ccc(COC(=O)O[*])cc1,5.1911
[*]CCCCCCCCCCC(=O)NCc1ccc(CNC(=O)CCCCO[*])cc1,5.1934
[*]CCCCCCOC(=O)Nc1ccc(C)c(NC(=O)O[*])c1,5.1934
[*]CCCCCC(=O)NCc1ccc(CNC(=O)CCCCCO[*])cc1,5.1934
[*]CC(CO[*])(COCC)COCC,5.1949
[*]c1cccc(S(=O)(=O)NCCCNS([*])(=O)=O)c1,5.1952
[*]CCS[*],5.1955
[*]C=CC1CCC([*])C1,5.1969
[*]C(=C([2H])C([2H])([2H])C([*])([2H])[2H])C([2H])([2H])[2H],5.1988
[*]CCCCOC(=O)CCCCSCCCCC(=O)O[*],5.1999
[*]CC(S[*])C(C)C,5.2006
[*]Oc1ccc(Cc2ccc(OC([*])=O)c(C)c2)cc1C,5.2009
[*]CCCS[*],5.2018
[*]C/C=C(C)/C[*],5.2046
[*]CCc1ccc([*])cc1,5.2055
[*]CCCCCCOC(=O)CCCCSCCCCC(=O)O[*],5.2055
[*]CCOCCOC(=O)CCSCCC(=O)O[*],5.2072
[*]CCCCCCCOC(=O)C(=O)O[*],5.2076
[*]NC(CCCCNC(=O)NCCNC([*])=O)C(=O)OC,5.2079
[*]C(=O)C1CCCN1[*],5.2121
[*]Oc1ccc(CC(NC(=O)Cc2ccc(OC(=O)CC(C)CCC([*])=O)cc2)C(=O)OCCCCCCCC)cc1,5.2132
[*]CCCCCCCCCNC(=O)NCCCCCCCNC(=O)N[*],5.2144
[*]CCCCCCOC(=O)NCCSCCCCSCCNC(=O)O[*],5.215
[*]CCOCCOCCOC(=O)CC(=O)O[*],5.2154
[*]Cc1cc(CNC(=O)CCCCC(=O)N[*])cc(C(C)(C)C)c1,5.2158
[*]C=CC1CC([*])C(C(=O)OC)C1,5.2159
[*]CCCCCCCCCCOC(=O)Nc1ccc(C)c(NC(=O)O[*])c1,5.2165
[*]CCCCCCCCCCCCCCCCCCCCOC(=O)C(=O)O[*],5.2168
[*]CCC=C([*])C,5.2179
[*]CCCCCOC(=O)NCCSCCSCCNC(=O)O[*],5.2197
[*]CC(=O)C1CCC([*])C(=O)C1,5.2209
[*]Cc1ccc(COC(=O)CCCCCCCC(=O)O[*])cc1,5.2217
[*]Cc1c(C)c(C)c(CNC(=O)CCCC(=O)N[*])c(C)c1C,5.2222
[*]Oc1ccc(C2(c3ccc(OC([*])=O)cc3)CCCCCC2)cc1,5.2222
[*]CCCCCSS[*],5.223
[*]C=CC1CC([*])C(F)(F)C1(F)OC(F)(F)C(F)(F)C(F)(F)F,5.2238
[*]NC(CCCCNC(=O)CCCCC([*])=O)C(=O)O,5.2248
[*]/C=C\C(C#N)C[*],5.2253
[*]CCCCS[*],5.2255
[*]CC(O)COc1cccc(O[*])c1,5.2278
[*]C(=O)OC1=NCCN1[*],5.2281
[*]OC(C)COC(=O)C([*])=O,5.229
[*]C=CC1CC([*])C2C(=O)N(CCC)C(=O)C12,5.2293
[*]C1C2CC(=CC)C(C2)C1[*],5.2297
[*]CCc1ccc([*])c(Cl)c1Cl,5.2304
[*]CCCCCCCCCCCSCCCCCCS[*],5.2308
[*]CC([*])c1nc(C)nc(C)n1,5.2309
[*]CCOCCOCCOCCOC(=O)CCSCCC(=O)O[*],5.2314
[*]CCO[*],5.2314
[*]C=CC(C#N)C[*],5.2317
[*]CC([*])C(=O)OCCSCC#N,5.2325
[*]CCC=C([*])CCC,5.2335
[*]CCCN[*],5.2341
[*]CC(Cl)(C#N)C1C=CC([*])CC1,5.2355
[*]Oc1c(C(C)C)cc([*])cc1C(C)C,5.2366
[*]Cc1ccc(CNC(=O)CCCCCCCCCCC(=O)N[*])cc1,5.2391
[*]CCCCCCC(=O)NCc1ccc(CNC(=O)CCCCO[*])cc1,5.2395
[*]Cc1ccc(CNC(=O)CCCCCCCCCC(=O)N[*])cc1,5.2404
[*]NC(CCCCNC(=O)NCCCNC([*])=O)C(=O)OC,5.2435
[*]NC(CCC(=O)OC)C([*])=O,5.2436
[*]Cc1ccc(COC(=O)CCCCCC(=O)O[*])cc1,5.2477
[*]CC(COCC=C)O[*],5.2481
[*]CCCCCCCCCNC(=O)NCCCCCCNC(=O)N[*],5.2509
[*]Cc1ccc(CNC(=O)CCCCCCCCCCCCCCCC(=O)N[*])cc1,5.2536
[*]CCC([*])=O,5.2544
[*]NC(CC(=O)OCCc1ccccc1)C([*])=O,5.2552
[*]CC(CC)(CO)CO[*],5.2564
[*]CC/C=C([*])\C(C)(C)C,5.2577
[*]CS[*],5.2585
O([*])C(=O)Oc1c(C(C)C)cc(cc1)C(C)(C)c1ccc(cc1)([*]),5.2592
[*]OP(=O)(Oc1ccc([*])cc1)OC1CCCCC1,5.2609
[*]Cc1c(C)c(C)c(CNC(=O)CCCCCC(C)CC(=O)N[*])c(C)c1C,5.2631
[*]C(=O)NCCCCCCNC(=O)c1cc([*])c(C)nc1C,5.2634
[*]CC(CO[*])(CS(=O)(=O)CCCC)CS(=O)(=O)CCCC,5.266
[*]CCCOC(=O)NCCSCCSCCNC(=O)O[*],5.2664
[*]CC([*])N,5.2683
[*]C(=O)OC(=O)O[*],5.27
[*]CC1CCC(COC(=O)NCCSCCCSCCNC(=O)O[*])CC1,5.2711
[*]CCc1cc([*])c(C)cc1C,5.2734
[*]C(=O)Oc1ccc(OC(=O)N2CCN([*])CC2)cc1,5.2739
[*]CCCCCCNC(=O)C(CCCCCCC)C(=O)N[*],5.2746
[*]CCCCCCOC(=O)NCCSCCSCCNC(=O)O[*],5.2784
[*]CC(C)(C)O[*],5.2787
[*]C=CC(CN)C([*])C(=O)O,5.28
[*]Oc1ccc(OC(=O)Oc2ccc(OC([*])=O)cc2)cc1C,5.2809
[*]Cc1ccc(CN(C)C(=O)CCCCC(=O)N([*])C)cc1,5.2834
[*]CC([*])(Cl)Cl,5.2835
[*]C=CC1CC([*])C(C(=O)OCCNC(C)(C)C)C1,5.2839
[*]CCCNC(=O)CCCCC(=O)NCCCO[*],5.2859
[*]CCCC(=O)NCc1ccc(CNC(=O)CCCO[*])cc1,5.287000000000001
[*]CCC(=O)NCc1c(C)c(C)c(CNC(=O)CCO[*])c(C)c1C,5.2874
[*]Oc1ccc(OC([*])=O)cc1,5.2885
[*]CCCCCCCCCCCCCCCCOC(=O)NCc1ccc(CNC(=O)O[*])cc1,5.2905
[*]CCCCCCNC(=O)C(CCCCCCCCC)C(=O)N[*],5.2921
[*]CC1(CO[*])CC=CCC1,5.2922
[*]Oc1ccc(OC2(F)C([*])(F)C(F)(F)C2(F)F)cc1,5.2931
[*]Cc1cccc(CN(C)C(=O)CCCCC(=O)N([*])C)c1,5.2937
[*]CCCNC(=O)NCCCCCCNC(=O)O[*],5.2947
[*]NC(C([*])=O)C(C)C,5.2958
[*]CC(C)OC(=O)Nc1cc(NC(=O)O[*])ccc1C,5.296
[*]CC(CCl)(CI)COC(=O)CCCCC(=O)O[*],5.2961
[*]CC(CC([*])(C#N)C#N)c1ccc(OC(C)=O)cc1,5.2962
[*]CCC(c1ccccc1)C([*])c1ccccc1,5.297999999999999
[*]CCCCCCN(C)C(=O)CCCCCCCCCCC(=O)N([*])C,5.3019
[*]CCCOC(=O)Nc1cc(NC(=O)O[*])ccc1C,5.3025
[*]CC(COCCCC)O[*],5.303
[*]C=CC1CC([*])C2C(=O)N(CCCC)C(=O)C12,5.3038
[*]CCCCOC(=O)SNCCCCCCNSC(=O)O[*],5.3038
[*]CCCCNC(=O)CCC=CCCC(=O)N[*],5.3048
[*]CC(CC([*])(C#N)C#N)c1ccc(CCl)cc1,5.3061
[*]C(=O)N([*])CCCCCCCCC=C,5.307
[*]C=CC(C)C([*])C,5.3085
[*]OC1C(C)(C)C([*])C1(C)C,5.3086
[*]OC(COC([*])=O)COc1ccccc1,5.3091
[*]CC(CC([*])(C#N)C#N)(OC(C)=O)c1ccc(OC(=O)OC)cc1,5.3103
[*]Cc1ccc(CNC(=O)CCCCCCC(=O)N[*])cc1,5.311
[*]C(C)C([*])OC,5.311
[*]C=CC1CC([*])C2C(=O)N(CCCCCCCC)C(=O)C12,5.3143
[*]Cc1ccc(COC(=O)CCCCCCC(=O)O[*])cc1,5.316
[*]CC([*])C(=O)C(C)(C)C,5.3161
[*]C=CC(C)(C(=O)OC)C([*])C,5.317
[*]CCCCCCCCCCCCOC(=O)CCCCCNC(=O)CCCCC(=O)NCCCCCC(=O)O[*],5.3175
[*]C(=O)C1CC(O)CN1[*],5.318
[*]CC([*])OC(=O)CC(C)=O,5.3193
[*]CC(C)(C)COC(=O)Nc1ccc(C)c(NC(=O)O[*])c1,5.3198
[*]CC(CO[*])(CS(=O)(=O)CC)CS(=O)(=O)CC,5.3209
[*]CC(C(=O)Oc1ccccc1)C(C(=O)O)C([*])(C)C,5.3218
[*]CCN([*])C(=O)C(C)(C)C,5.3244
[*]CCc1ccc(CCNC(=O)CCCCCCCCCC(=O)N[*])cc1,5.3249
[*]Cc1ccc(COC(=O)CCCC(=O)O[*])cc1,5.3266
[*]CC([*])O[N+](=O)[O-],5.3269
[*]CC([*])C(=O)N(CCC)CCC,5.3291
[*]CC=CCNC(=O)CCC=CCCC(=O)N[*],5.3297
[*]Cc1ccc(CNC(=O)CCCCCCCCC(=O)N[*])cc1,5.3317
[*]CC(CC(C)(C)C)O[*],5.3332
[*]CCCCCCOC(=O)NCCSCCCCCCSCCNC(=O)O[*],5.3339
[*]CCSSCCO[*],5.3343
[*]CC([*])C=CC,5.3344
[*]Cc1ccc(COC(=O)CCCCS(=O)(=O)CCCCC(=O)O[*])cc1,5.3354
[*]CCC(C#N)CC(C)=C([*])C,5.3359
C([*])C(Br)=CC([*]),5.3365
[*]CCCCCCCNC(=O)C=CCCC=CC(=O)N[*],5.3377
[*]CCCCCCCCCCNC(=O)NCCCCCCNC(=O)N[*],5.3423
[*]CCCOC(=O)CCCCSCCCCC(=O)O[*],5.3428
[*]c1cccc(C(F)(F)C(F)(F)C([*])(F)F)c1,5.3429
[*]NC(CCCCNC([*])=O)C(=O)OC,5.3439
[*]CC([*])(C)C(=O)Oc1ccccc1,5.343999999999999
[*]c1ccc(C(C#N)(C(=O)OC)C([*])(C#N)C(=O)OC)cc1,5.345
[*]CCCCNC(=O)CCCCCCCC(=O)NCCCCNC(=O)C(=O)N[*],5.3456
[*]C=CC1CC([*])C2C(=O)N(CCCCCCCCC)C(=O)C12,5.346
[*]CCCCCC(=O)S[*],5.3468
[*]CCCN(Cc1ccccc1)C(=O)S[*],5.347
[*]CC(CC)(C(=O)O[*])c1ccccc1,5.3472
[*]CC(CCCC)O[*],5.3538
[*]NC(C)CNC(=O)NCCCCCCNC([*])=O,5.3547
[*]CCNC(=O)C(OC)C(OC)C(=O)N[*],5.3552
[*]CC(OCC)C(C#N)(C#N)C([*])(C#N)C(=O)OC,5.3554
[*]CC([*])=C,5.3561
[*]CCCCCCOC(=O)Cc1ccc(CC(=O)O[*])cc1,5.3563
[*]NC(Cc1ccccc1)C(=O)NC(C)C(=O)NCC([*])=O,5.3565
[*]C(=O)C(C)=C(C)C(=O)N1CC(C)N([*])CC1C,5.3573
[*]CC(=O)CO[*],5.358
[*]CCCCC(=O)NCCCCCCNC(=O)CCCCO[*],5.3636
[*]CCC(Cl)=C([*])Cl,5.3651
[*]CCOC(=O)CCSCCC(=O)O[*],5.3663
[*]CC1CCC(COC(=O)Cc2ccc(CC(=O)O[*])cc2)CC1,5.3679
[*]OC(C)C(=O)NC(C)C([*])=O,5.3712
[*]CC(C[N-][N+]#N)O[*],5.3716
[*]CC([*])C(=O)OCCCSCCC#N,5.3732
[*]CCCCCCN(CC)C(=O)CCCCCCCCCCCCCCCCC(=O)N([*])CC,5.3754
[*]Oc1ccc(CCc2ccc(OC([*])=O)cc2)cc1,5.3771
[*]CCCC1(C)CCN(C(=O)CCC(=O)N2CCC([*])(C)CC2)CC1,5.3778
[*]NNC(=O)CCCCC(=O)NNC(=O)CCCCCCCCC([*])=O,5.3783
[*]OC(C)CCOC(=O)CCCCSCCCCC([*])=O,5.3799
[*]NC(CO)C([*])=O,5.3841
[*]CC([*])OCC(=O)OC,5.3858
[*]NC(Cc1ccccc1)C([*])=O,5.386
[*]Cc1ccc(COC(=O)CCC(=O)O[*])cc1,5.3869
[*]CCCCCOC(=O)NCCSCCCCCSCCNC(=O)O[*],5.3877
[*]CC1CCC(CNC(=O)CCCCC(=O)N[*])CC1,5.3885
[*]CC(C)(CO[*])COCC(F)(F)F,5.3886
[*]Cc1ccc(COC(=O)COCC(=O)O[*])cc1,5.3893
[*]C=CC1CC([*])C2CC=CC12,5.3897
[*]CCCCC(=O)NCCCCCOCCCCCNC(=O)CCCCO[*],5.3915
[*]Cc1ccc(COC(=O)CCCCCCCCCCCCCCCCCCC(=O)O[*])cc1,5.3919
[*]CCCCc1ccc([*])cc1,5.3919
[*]OC1CCCC1[*],5.3922
[*]CCCC(=O)[*],5.3922
[*]CCCCCCOC(=O)NCc1ccc(CNC(=O)O[*])cc1,5.3924
C([*])=CCC(C)C([*]),5.3972
[*]OC(c1ccco1)C(C)(C)C([*])=O,5.3981
[*]OC(c1ccccc1)C(C)(C)C([*])=O,5.3988
[*]CCCN([*])C(=O)CCCCC,5.4015
[*]CCCC(=O)N[*],5.4041
[*]C=CC(C)CCCCC[*],5.4049
[*]CCC1CN(C(C)(C)C)C(=O)C1[*],5.4055
[*]NC(C)C(=O)NCC(=O)NCC([*])=O,5.4062
[*]C(=O)NCCCCCCNC(=O)N1CCN([*])CC1,5.4075
[*]Cc1ccc(COC(=O)CC(=O)O[*])cc1,5.408
[*]CC1(CO[*])CC=C(C)CC1,5.4083
[*]CCCCCCCCCCNC(=O)C(C)=C(C)C(=O)N[*],5.4099
[*]CC(C)(CC)CO[*],5.412000000000001
[*]C1C=C(C)C([*])C1,5.4126
[*]CC(CS(=O)(=O)CC)O[*],5.4139
[*]NC(C)(C)C(C)(C)C([*])=O,5.4161
[*]Cc1c(C)c(C)c(CNC(=O)CCCCC(=O)N[*])c(C)c1C,5.417999999999998
[*]OC1(C)CCC([*])CC1CCCCCCCC,5.4197
[*]COC1CCC([*])OC1,5.42
[*]C1(C)CC([*])(C)C(=O)N(C)C1=O,5.4207
[*]NC(C=C)CC([*])=O,5.4216
[*]CCN([*])C(=O)C(Cl)Cl,5.4221
[*]CCCCOC(=O)NCc1ccc(CNC(=O)O[*])cc1,5.4223
[*]CCCCCCCCCCNC(=O)N[*],5.4226
[*]CNON[*],5.422999999999999
[*]C=CCC(C)(CC[*])C(=O)OC,5.4239
[*]C(=O)CCC=CCCC(=O)N1CCN([*])CC1,5.4241
[*]CC([*])C(=O)N1CCOCC1,5.4243
[*]CCCCCCCCOC(=O)NCc1ccc(CNC(=O)O[*])cc1,5.4246
O([*])C(=O)OC(C=C1)=CC=C1CC(C)(C)C(C=C2)=CC=C2([*]),5.4261
[*]CCCCCCCNC(=O)C(CCCCCCCCCCCC)C(=O)N[*],5.4281
[*]Oc1ccc(OC(=O)CCCCC([*])=O)cc1,5.4283
[*]C=CCC(C[*])c1ccccc1,5.4294
[*]CCCCOC(=O)C1C(=O)C2CCC1C(=O)C2C(=O)O[*],5.4305
[*]CCC(=O)NCCCCCCNC(=O)CCS[*],5.4312
[*]CCCCCCCCCC#CC#CCCCCCCCCCOC(=O)CCC(=O)O[*],5.4322
[*]CCC(C)CCC(=O)S[*],5.4338
[*]CC([*])C(C)=O,5.4371
[*]CCCCSC(=O)CCCCCCC(=O)S[*],5.4406
[*]C#CC#CCCCCCCCC[*],5.4425
[*]CCc1ccc(CCOC(=O)CCc2ccc(CCC(=O)O[*])cc2)cc1,5.445
[*]CC([*])C(=O)CC,5.4461
[*]CCCC(=O)NCCCCCCNC(=O)CCCO[*],5.4466
[*]C=CC(C[*])CC,5.4466
[*]Cc1ccc(COC(=O)CCCCCCCCCCC(=O)O[*])cc1,5.4468
[*]CC([*])OCCCCCCCCCCCC,5.4484
[*]OC(CCc1ccccc1)CC([*])=O,5.449
[*]CC(O[*])c1ccccc1,5.4524
[*]Oc1ccc(OC(=O)CCCCCCCCC([*])=O)cc1,5.4524
[*]CCCCCCCCNC(=O)CCCCCCCCCCC(=O)N[*],5.4539
[*]CC(O[*])C(C)(C)C,5.4545
[*]CCCCCCCCCC#CC#CCCCCCCCCCOC(=O)CCCCC(=O)O[*],5.456
[*]CCCCCCCCCCCCNC(=O)NCCCCCCCCCCNC(=O)N[*],5.457999999999998
[*]NC(C)C(=O)NC(C)C(=O)NC(C)C(=O)NC(C([*])=O)C(C)C,5.4597
[*]CCCCCCCCCCNCCCCCCN[*],5.4614
[*]CCCCCCNC(=O)CCCCCCCC(=O)N[*],5.4617
[*]CCCN1C(=O)C2C3C=CC(C4C(=O)N([*])C(=O)C34)C2C1=O,5.4635
[*]CCCCCCNC(=O)CCc1ccc(CCC(=O)N[*])cc1,5.4647
[*]CCCCCCCCCCCCOC(=O)NCc1ccc(CNC(=O)O[*])cc1,5.4661
[*]CCCCCCCCN1C(=O)CC(C2C=C(C)C3C(=O)N([*])C(=O)C3C2)C1=O,5.4673
[*]CCc1cccc([*])c1,5.4676
[*]CC(=O)NCCCCCCNC(=O)COC(=O)CCC(=O)O[*],5.4681
[*]NC(CC([*])=O)c1ccccc1,5.4701
[*]CCNC(=O)NCCCCCCNC(=O)O[*],5.472
[*]CCN([*])C(=O)C1CCCCC1,5.4743
[*]CC([*])CN,5.4744
[*]C(F)(F)C([*])(F)c1ccccc1,5.4751
[*]CCCCCCCCc1nnc([*])n1N,5.476
[*]CC1CCC(COC(=O)C(=O)O[*])CC1,5.4782
[*]Cc1ccc(COC(=O)CCCCC(=O)O[*])cc1,5.4786
N([*])C(=O)CCCCC(=O)NCC1=C(C)C=C(C=C1)C([*]),5.4837
[*]OC(CC([*])=O)C(Cl)(Cl)Cl,5.4848
[*]CC([*])C1CC=CCC1,5.4849
[*]CNC(=O)NCOC(=O)Nc1ccc(C)c(NC(=O)O[*])c1,5.4863
[*]C(=O)N([*])CC=C,5.4866
[*]CCCCCCCCC(=O)NCCCCCCNC(=O)CCCCCCCCO[*],5.4892
[*]CCCCCCN(CC)C(=O)CCCCCCCCCCC(=O)N([*])CC,5.49
[*]CC(C)(C)C1CC=C([*])CC1,5.4909
[*]C=CC(C)C([*])C(=O)OCC(C)C,5.4923
[*]CCCCCCNC(=O)NCCCCNC(=O)N[*],5.4928
[*]CCCCCCNC(=O)C(CCCCCCCCCCC)C(=O)N[*],5.4945
[*]NC(C([*])=O)C(C)CC,5.4952
[*]C(=O)OC1CC2CC(OC(=O)N3CCN([*])CC3)CC(C1)O2,5.4981
[*]C=CC1CC([*])C(C(F)(F)F)(C(F)(F)F)C1(F)F,5.5
[*]CCCCC(=O)NCc1ccc(CNC(=O)CCCCO[*])cc1,5.5008
[*]C1C=CC([*])CC1,5.5013
N([*])(C)C(=O)C(F)(F)C(F)(F)C(F)(F)C(=O)N(C)CCCCCCC(=O)([*]),5.5014
[*]C(=O)C1C(C)C1C(=O)N1CCN([*])CC1,5.5018
[*]CCCCCCCc1nnc([*])n1N,5.5033
[*]CC([*])C(=O)NC,5.5048
[*]NC(c1ccccc1)C(C)(C)C([*])=O,5.5070000000000014
[*]NC(COC(C)=O)C([*])=O,5.5104
[*]C=CC1CC([*])C2CCCC12,5.5129
[*]NC1CC(C)(C)CC(C)(CNC(=O)CCCCC([*])=O)C1,5.5133
[*]c1c(F)c(F)c([*])c(F)c1F,5.5133
[*]CC([*])OC(=O)C(Cl)(Cl)Cl,5.5134
[*]CC([*])OCC,5.5149
[*]C=CC(C)C[*],5.516
[*]NCc1cccc(CNC(=O)C(C)CC(C)(C)C([*])=O)c1,5.5161
[*]NC(C)CNC(=O)NC(CCCCNC([*])=O)C(=O)OC,5.5212
[*]CCCCC(=O)S[*],5.5216
[*]CC([*])C(=O)NCCC(F)(F)C(F)(F)C(F)(F)C(F)(F)C(F)(F)C(F)(F)C(F)(F)C(F)(F)F,5.522
[*]CCCCCCc1nnc([*])n1N,5.5226
[*]CCCCCCSC(=O)NCCCCCCNC(=O)S[*],5.523
[*]OC(C)C([*])C,5.5235
[*]CCCCCCNC(=O)CCCCC(=O)NCC(=O)N[*],5.5245
[*]CC(CC(Cl)(Cl)Cl)O[*],5.5252
[*]CCCCCCCCNC(=O)CCCCCCCCC(=O)N[*],5.5273
[*]CC(CO[*])(CS(=O)(=O)CCCCC)CS(=O)(=O)CCCCC,5.5275
[*]CNC(=O)N[*],5.5276
[*]CCCCCCNC(=O)N[*],5.5278
[*]C(=O)OCC(C)(C)COC(=O)N1CCN([*])CC1,5.5303
[*]CCCCc1nnc([*])n1N,5.5305
[*]CCOCCOC(=O)C(CCCCC)C(=O)O[*],5.5316
[*]CCCCCCNC(=O)CCc1ccc(C(C)CC(=O)N[*])cc1,5.5318
[*]CCCCCCCCCNC(=O)CCCCCCCCC(=O)N[*],5.5339
[*]C=CC1CC([*])C(C(=O)OC(C)(C)C)C1C(=O)OC(C)(C)C,5.535
[*]CC(c1ccccc1)C(C(=O)O)C([*])C(=O)O,5.5354
[*]NC(CC([*])=O)C(=O)OC,5.5399
[*]CC(CS(C)(=O)=O)O[*],5.5403
[*]OC1CCCCCC1[*],5.5416
[*]OC(=O)C(Cc1ccccc1)NC(=O)CCCCCCCCCCC(=O)NC(Cc1ccccc1)C(=O)OC1COC2C([*])COC12,5.5417
[*]CC([*])OC,5.5422
[*]Cc1ccc(CNC(=O)CCCCCCCCCCCCCCCCCCCCC(=O)N[*])cc1,5.5433
[*]NC(C)(C)CC([*])=O,5.5437
[*]OC1CCCCCCC1[*],5.5442
[*]Oc1cccc(OC(=O)Oc2ccc(OC([*])=O)cc2)c1,5.5459
[*]CCCCCCCCCCCCNC(=O)CCCCC(=O)N[*],5.5461
[*]CCCCC(N)C(=O)N[*],5.5468
[*]NC(CCCCNC(=O)NCCCCCNC([*])=O)C(=O)OC,5.5474
[*]/C=C\C(C)C[*],5.547999999999999
[*]CCCOC(=O)C(=O)O[*],5.5497
N([*])CC(C)(C)CC(C)CNC(=O)CCCCC(=O)([*]),5.5505
C([*])C(O1)CC(OC1C(C)(C))([*]),5.5507
[*]CC(C)(C)C1C(=O)N(C(C)C)C(=O)C1[*],5.5517
[*]C=CC(C)C([*])C(=O)OCCC(C)C,5.5521
[*]C(=O)Oc1ccc(OC(=O)N2CC(C)N([*])CC2C)cc1,5.5526
[*]C=CC(C)C([*])C(=O)OC,5.5526
[*]CC([*])N1CCCC1=O,5.5533
[*]CCCCCCCCCC#CC#CCCCCCCCCCOC(=O)CCCCCCC(=O)O[*],5.5535
[*]NC(=O)NO[*],5.553999999999999
[*]CC(CC)(CC)CO[*],5.556
[*]CCCCCCCNC(=O)CCCCCCCCCC(=O)N[*],5.5573
[*]NC(CC([*])=O)C(=O)OCCOC,5.5583
[*]CCC=C([*])Cl,5.5601
[*]CCOC(=O)NCCCC(CCNC(=O)O[*])OC,5.5607
[*]NC(C)CCCCC([*])=O,5.5619
[*]CCCCCCCC(=O)N([*])C,5.5641
[*]CCCCCCCCCCN(C)C(=O)CCCCCCCCC(=O)N([*])C,5.5645
[*]NC(C)C(C)(C)C([*])=O,5.5688
[*]NC(C)C(=O)NC(C)C(=O)NCC([*])=O,5.5704
[*]OC1C=CC([*])CC1,5.5705
[*]CC(CC([*])(C#N)C(=O)OC)c1ccccc1,5.5708
[*]CCCCOC(=O)NCCSCCSCCNC(=O)O[*],5.5713
[*]CCN([*])C(=O)C(C)C,5.5723
[*]CCCCCCNC(=O)C(CC)CC(CC)C(=O)N[*],5.5731
[*]CCCC1CC(=O)N([*])C(=O)C1,5.5771
[*]CCN([*])C(=O)CC(C)C,5.5788
[*]C=CCCCC(Cl)CCC[*],5.5792
[*]CC(C)(CCC)C(=O)N[*],5.5801
[*]CCCCCCCCCCNC(=O)CCCCCCCCCCCCCCCCCCCCC(=O)N[*],5.5808
[*]C=CC(C)(C)C([*])(C)C,5.5814
[*]CCNC(=O)CCCCC(=O)N[*],5.582000000000002
[*]C(=O)CCCCCCCCC(=O)N1CCN([*])CC1,5.5844
[*]OC1C(COC(C)=O)OC([*])C(OC(C)=O)C1O,5.5862
[*]CCCCCCCNC(=O)NCCCCCCNC(=O)N[*],5.5863
[*]CCCCCCCCCCOC(=O)NCc1ccc(CNC(=O)O[*])cc1,5.5873
[*]C=CC1CC([*])C(C#N)([Si](C)(C)C)C1,5.5889
[*]CCCCCCCCCCCCCCCCCCNC(=O)NCCCCCCCCCCNC(=O)N[*],5.5902
[*]CCSCCO[*],5.591
[*]CCN([*])C(=O)CCCCC,5.5936
[*]CCOCCOC(=O)CC(=O)O[*],5.5945
[*]CC(C)(C=C([*])C)C(=O)OC,5.5947
[*]CCCCCCCCCCCCCCCCCCNC(=O)CCCCCCCCCCC(=O)N[*],5.5994
[*]CC(COCC)O[*],5.6017
[*]C=CC(C)C([*])C(=O)OCC,5.6018
[*]C=CC1CC([*])C(C#N)([Si](C)(C)O[Si](C)(C)C)C1,5.602
[*]CCCC(C)(C)CNC(=O)CCCC(=O)N[*],5.6058
[*]CC(OC1CCCCC1)C1C(=O)OC(=O)C1[*],5.6069
[*]C(=O)C1CC1C(=O)N1CCN([*])CC1,5.6073
[*]OC1CCC(C=C)CC1[*],5.6074
[*]CCCCCCCCCCC(=O)NCCCCCOCCCCCNC(=O)CCCO[*],5.6076
[*]NC(C)CNC(=O)C1CC1C([*])=O,5.6076
[*]C(=O)COCC(=O)N1CCN([*])CC1,5.6093
[*]CCN([*])C(=O)C(F)(F)C(F)(F)F,5.6095
[*]CCCCCCCCCCCCNC(=O)C(OC)C(OC)C(=O)N[*],5.6105
[*]CC1(CO[*])CC2C=CC1C2,5.6110000000000015
[*]CC([*])(Cl)C(=O)OC,5.6127
[*]NNC(=O)CCCCC([*])=O,5.6178
[*]C=CCCCC[*],5.6199
[*]C=CC(C)C([*])C(=O)OC(C)C,5.6207
[*]NC(C)(C)C([*])=O,5.6207
[*]CCCCCCCCCNC(=O)CCCCCCCCCCCC(=O)N[*],5.6216
[*]NC(CCC(=O)OCCCl)C([*])=O,5.6217
[*]CCC(=O)OC(=O)CCC1CCC([*])O1,5.624
[*]CCCCCCC(=O)N([*])C,5.6254
[*]C1CCC(CC2CCC(N3C(=O)C4C5C=CC(C6C(=O)N([*])C(=O)C56)C4C3=O)CC2)CC1,5.6263
[*]CCCC(=O)NCCCCCOCCCCCNC(=O)CCCO[*],5.6276
[*]NC1CCC(CCC2CCC(NC(=O)CCCCCCCCCCC([*])=O)CC2)CC1,5.6277
[*]CCC(=O)N[*],5.6299
[*]NC(C)(CC)C([*])=O,5.632999999999999
[*]CC([*])C(=O)NCCCC,5.6336
[*]NC(C)C(C)C([*])=O,5.6346
[*]CC(COC)O[*],5.6346
[*]CNCO[*],5.6356
[*]CCCCCCNC(=O)C(CCCC)C(=O)N[*],5.6377
[*]CCCNC(=O)CCCCCCCCC(=O)NCCCNC(=O)C(=O)N[*],5.6387
[*]CCCCCCCCCCNC(=O)CCCCC(=O)N[*],5.6396
[*]CC(C)(C)C(=O)N[*],5.6407
[*]COCC(C)O[*],5.6408
[*]CCN([*])C(=O)CCC,5.6408
[*]C12CC3CC([*])(C1)CC(CCCC)(C3)C2,5.6409
[*]CCCCCCCCCCCCNC(=O)C(=O)N[*],5.6418
[*]OC(=O)Oc1c(cccc1)Cc1c(cccc1)([*]),5.6427
[*]SC([*])(F)F,5.6458
[*]CCCCN1C(=O)C2C3C=CC(C4C(=O)N([*])C(=O)C34)C2C1=O,5.6479
[*]C1C=CC(S([*])(=O)=O)CC1,5.6483
[*]C(=O)CCCCC(=O)N1CCN([*])CC1,5.6492
[*]CNC(=O)CCCCCC(=O)N[*],5.6502
[*]C=CC1CC([*])C(C#N)(C[Si](C)(C)C)C1,5.6505
[*]CCCCCCCCNC(=O)NCCCCCCNC(=O)N[*],5.6511
[*]CCCCCCNC(=O)C(O)C(O)C(O)C(O)C(=O)N[*],5.6518
[*]CCCCCNC(=O)CC(=O)N[*],5.6519
[*]CC([*])(C)C(=O)OCCc1ccccc1,5.6532
[*]/C=C\CCCC[*],5.655
[*]C=C(F)C(F)(F)C[*],5.655
[*]CCCCCCNC(=O)CCCCCCC(=O)N[*],5.6562
[*]OC(=O)Oc1cccc(OC(=O)OC2CC3CC([*])CC(C2)O3)c1,5.6565
[*]CC([*])C(=O)OCCOCC1(CC)COC1,5.6568
[*]NC(CCC(=O)OCCCCC)C([*])=O,5.6585
[*]CCCCCCNC(=O)CC(=O)N[*],5.6604
[*]CC(C)(C=O)C(F)(F)C([*])([2H])[2H],5.6608
[*]OC(C)(C)C([*])=O,5.6612
[*]CC(CO[*])(CS(=O)(=O)C(C)C)CS(=O)(=O)C(C)C,5.6621
[*]NC1CCC(CC2CCC(NC(=O)CCCCCCCCCCC([*])=O)CC2)CC1,5.6638
[*]CNC(=O)CCCCCCC(=O)N[*],5.6641
[*]CC(C)(CO)CO[*],5.666
[*]CCCCOC(=O)NCCCCNC(=O)O[*],5.6662
[*]CCCCCNC(=O)CCCCCCCCCCCCC(=O)N[*],5.6675
[*]CC(CCl)(CCl)O[*],5.6681
[*]CC1CCC(CNC(=O)CCCCCCCCC(=O)N[*])CC1,5.67
[*]CCCCCCNC(=O)CCCCCC(=O)N[*],5.6731
[*]CCN([*])C(C)=O,5.6737
[*]CCC(=O)OCCCC=CCCCOC(=O)CCC1NC(=O)C([*])NC1=O,5.6763
[*]C(=O)OCCCCOC(=O)N1CCN([*])CC1,5.6801
[*]CCCCCCOCCCCCCOCCCCCO[*],5.6821
[*]CC([*])C(=O)NCC(F)(F)C(F)(F)C(F)(F)F,5.6849
[*]CC1CCCC(CNC(=O)CCCCCCCCCCC(=O)N[*])C1,5.6857
[*]CCCCCCC(=O)NCCCCCOCCCCCNC(=O)CCCCO[*],5.6857
[*]CCCCC(=O)N[*],5.686
[*]CCCCCCCCCNC(=O)CCC=CCCC(=O)N[*],5.6902
[*]C(=O)CCCCCCCCC(=O)N1CC(C)N([*])CC1C,5.6918
[*]CC1CCC(CNC(=O)CCCCCCCC(=O)N[*])CC1,5.6927
[*]CC(CO)(CO)CO[*],5.6943
[*]NC(CC([*])=O)C(=O)OCCCCCCCC,5.6944
[*]CCCCCNC(=O)C(OC)C(OC)C(=O)N[*],5.6971
[*]CCCCCCCCCCNC(=O)CCCCCCCCCCCCC(=O)N[*],5.6985
[*]NC1CC(C2(C)OC(O)OC(C)NC2=O)C(F)(N(C([*])O)C(F)F)O1,5.6987
[*]CC(CBr)(CBr)CO[*],5.6999
[*]OC1CC(c2ccccc2)CC([*])O1,5.7012
[*]CCCCCCNC(=O)C(CCCCC)C(=O)N[*],5.7056
[*]CCCCCCNC(=O)C(O)C(O)C(=O)N[*],5.7069
[*]C1CCC(N2C(=O)C3C4C=CC(C5C(=O)N([*])C(=O)C45)C3C2=O)CC1,5.7071
[*]CC1CCC(CNC(=O)CCCCCCC(=O)N[*])CC1,5.7079
[*]CCNC(=O)CCCCCCCCCCC(=O)N[*],5.7085
[*]OC(C([*])=O)C(C)C,5.7085
[*]C=C(C)CC(C#N)CC[*],5.7091
[*]CCCCCC(=O)NCCCCCOCCCCCNC(=O)CCCO[*],5.7098
[*]CCCCCC(=O)NCCCCCOCCCCCNC(=O)CCCCO[*],5.71
[*]CCNC(=O)CCCCCCC(=O)N[*],5.7102
[*]CCCCCNC(=O)N[*],5.7115
[*]CCCCNC(=O)CCCCCCCCCCC(=O)N[*],5.7128
[*]C12CC3CC(C1)CC([*])(C3)C2,5.7135
[*]CC(CCCCCC)O[*],5.7137
[*]CC([*])C(=O)OCCCOCC,5.7142
[*]C(=O)NC1CC1NC(=O)N1CCN([*])CC1,5.7153
[*]CCCCCNC(=O)CCCCCCCCC(=O)N[*],5.7156
[*]CC([*])OCCCCCC,5.7163
[*]NC(CCC(=O)OCCC)C([*])=O,5.7178
[*]CCOC(=O)NC1CCC(NC(=O)O[*])CC1,5.7184
[*]CC(CCl)(CCl)COC(=O)C(=O)O[*],5.7194
[*]OC(=O)CCC(=O)OC1COC2C([*])COC12,5.7195
[*]CCCCOC(=O)SC(=O)O[*],5.7231
[*]CC(OCC)C(C(=O)OC)C([*])C(=O)OC,5.7251
[*]CCCCCCCNC(=O)C(OC)C(OC)C(=O)N[*],5.7259
[*]OC([*])C(C)C,5.7277
[*]COC1COC([*])c2ccccc21,5.7277
[*]NC(CCC([*])=O)C(=O)OC,5.7277
[*]CCCCCCCCCCC(=O)N([*])C,5.73
[*]CCCCCCCCC(=O)NCCCCCOCCCCCNC(=O)CCCCO[*],5.7312
[*]OC(=O)Oc1ccc(OC(=O)OC2CC3CC([*])CC(C2)O3)cc1,5.7313
[*]NC1CCC(CC2CCC(NC(=O)CCCCCCCCC([*])=O)CC2)CC1,5.7313
[*]CCCCCCNC(=O)CCCCCCCCCCC(=O)N[*],5.7331
[*]CC([*])(C)C(=O)OCC1CCCO1,5.7341
[*]CCCCCCNC(=O)C(CCCCCCCCCCCCCCC)C(=O)N[*],5.7343
[*]NC(C)C(=O)NCC([*])=O,5.7343
[*]C(=O)C(C)NC(=O)CNC(=O)C1CCCN1[*],5.735
[*]CC1(CO[*])CC2CCC1CC2,5.7352
[*]CC(=C)COCC(=C)COC(=O)O[*],5.7357
[*]C(=O)NCCCCCCNC(=O)C1COC([*])CO1,5.7371
[*]CC(C)O[*],5.7371
[*]CCCCP(C)(=O)CCCNC(=O)CCCCC(=O)N[*],5.7371
C([*])CC([*])=C,5.7373
[*]OC(C)CCOC(=O)C([*])=O,5.7373
[*]CC(OC)C1(C)C(=O)OC(=O)C1([*])C,5.7374
[*]NC1CC1NC(=O)C1CC1C([*])=O,5.7404
N([*])C(=O)CCCC(=O)NCCCCCCCC([*]),5.7409
[*]CC(C)(CC)C(=O)N[*],5.7410000000000005
[*]CC(CBr)(CBr)COC(=O)CCCCC(=O)O[*],5.744
[*]C1C=CC([*])C1,5.7471
[*]CC(CO[*])C(C)(C)C,5.7473
[*]CCOCCOCCOC(=O)CCCCS(=O)(=O)CCCCC(=O)O[*],5.7476
[*]NC1CC(CCC([*])=O)C1(C)C,5.7477
C([*])=CCCC(C)C([*]),5.7497
[*]OC(=O)CS(=O)(=O)CCS(=O)(=O)CC([*])=O,5.7503
[*]CCCCCCOC(=O)SC(=O)O[*],5.7553
[*]CCOCCOCCOC(=O)CCC(=O)O[*],5.756
[*]CCCCCCNC(=O)CCCC(=O)N[*],5.7577
[*]CCCN([*])C(C)=O,5.7585
[*]CCOCCOC(=O)C(=O)O[*],5.7606
[*]CCON[*],5.7613
[*]NCCCCCC(=O)CCCCCC([*])=O,5.7613
[*]CCCCCCCCOC(=O)NCCCCCCCCCCNC(=O)O[*],5.7616
[*]CCCCCCCCCCNC(=O)CCP(C)(=O)CCC(=O)N[*],5.7618
[*]CCCCCNC(=O)CCCCCCCCCCCCCCCCC(=O)N[*],5.7624
[*]NC1CCC(CC2CCC(NC(=O)CCCCC([*])=O)CC2)CC1,5.7632
[*]OC1C(CO)OC([*])C(O)C1O,5.7633
[*]CCCCCCCNC(=O)N[*],5.7637
[*]CCCCCCCCNC(=O)CCCCCCC(=O)N[*],5.7642
[*]C=CC(C[*])CCC,5.7643
[*]CCCCCCCCCCOC(=O)NNC(=O)CCCCCCCCC(=O)NNC(=O)O[*],5.7644
[*]CCCC(C)(C)CNC(=O)CCCCC(=O)N[*],5.7663
[*]CCCCCCCCCCNC(=O)NCCCCCCCCNC(=O)N[*],5.7663
[*]OC(C)CCOC(=O)COCC([*])=O,5.7665
[*]CNC(=O)CCCCC(=O)NCC1COC([*])CO1,5.7675
[*]CC(O[*])C(C)C,5.7684
[*]CCCCCCOCC1(CO[*])CC1,5.7686
[*]C=CCC[*],5.7686
[*]CC1CCC(CNC(=O)CCCCCC(=O)N[*])CC1,5.7688
[*]OC1CCCC([*])O1,5.7691
[*]CCOCCOCCOCCOCCOCCOC(=O)NCCCCCCNC(=O)O[*],5.7691
[*]CCCCCCCCCNC(=O)CCCCC(=O)N[*],5.7699
[*]CCOC(=O)C1C2C=CC(C2)C1C(=O)O[*],5.7712
[*]CC([*])Br,5.7722
[*]CCC(=O)NCC(=O)N[*],5.7744
[*]CCCCCCCCCCCCCCNC(=O)CCCCCCCCC(=O)N[*],5.7746
[*]NC(C)C(=O)NCC(=O)NCC(=O)NCC([*])=O,5.7751
[*]NC(C)C(=O)NCCC([*])=O,5.7775
[*]CCCCCCNC(=O)NCCNC(=O)N[*],5.778
[*]CC1CCCC(CNC(=O)CCCCC(=O)N[*])C1,5.7794
[*]C=CCCCCCC[*],5.78
[*]CCCCCCCCCCNC(=O)CCC=CCCC(=O)N[*],5.7804
[*]CCCCC(=O)NCCCCCCNC(=O)CCCO[*],5.7813
[*]CC([*])(C)C(=O)OCCBr,5.7827
[*]CC(CC)O[*],5.7835
[*]CCOC(=O)NCC1(C)CC(NC(=O)O[*])CC(C)(C)C1,5.7856
[*]CCCCCNC(=O)CCCCCC(=O)N[*],5.7869
[*]CCCCCCOC(=O)CC=CCC(=O)O[*],5.7875
[*]CC(C)(COC(=O)O[*])C(=O)OCc1ccccc1,5.7884
[*]CCCOC(=O)N1CCC([*])CC1,5.7887
[*]C/C=C\C[*],5.7893
[*]CCOCCOCCOC(=O)CCCCCCCCC(=O)O[*],5.7898
[*]CCCCCCC(=O)NCCCCCOCCCCCNC(=O)CCCO[*],5.7912
[*]CC(COCCCCCC)O[*],5.7915
[*]CCCCCCNC(=O)CCC=CCCC(=O)N[*],5.7927
[*]C=CCCCCC[*],5.7935
[*]CCN([*])C(=O)CCC(=O)OC,5.7939
[*]CC1(C(=O)O)COCC([*])(C(=O)O)C1,5.7946
C([*])(=O)CCCCC(=O)ONCCCCCCN([*]),5.7949
[*]CCC1C(=O)N(CC)C(=O)C1[*],5.7968
[*]CCC(C)CCC(=O)N[*],5.7970000000000015
[*]CCCP(C)(=O)CCCNC(=O)CCCCCCCCC(=O)N[*],5.8002
[*]CCCCCNC(=O)C(CCCCCCCCCCCC)C(=O)N[*],5.8003
[*]CCCC(C)(C)CNC(=O)CCCCCCCC(=O)N[*],5.8012
[*]CCCC(C)(C)CNC(=O)CCCCCCCCC(=O)N[*],5.8015
[*]CC([*])C(=O)OCCCOC,5.8022
[*]CCCCCCNC(=O)CCC(C)CC(=O)N[*],5.8045
[*]CCOCCOC(=O)NCCCCCCNC(=O)O[*],5.8048
[*]CCCCCc1nnc([*])n1N,5.8053
[*]CC(=O)NCCCCCCNC(=O)COC(=O)CCCCC(=O)O[*],5.8068
[*]OC1C(COC(C)=O)OC([*])C(OC(C)=O)C1OC(C)=O,5.8073
[*]NC1CCCC1C([*])=O,5.8081
[*]CCOCCOCCOC(=O)COCC(=O)O[*],5.809
N([*])C(=O)CCCC(=O)NCCCCCCCCCC([*]),5.8098
[*]CC(CS(=O)(=O)CCCC)O[*],5.8098
[*]CCCCCNC(=O)CCCCCCCCCCCCCCCCCCC(=O)N[*],5.8115
[*]CC1(CO[*])CCCCC1,5.8122
[*]C1CC(C)(C)OC1[*],5.8132
[*]CC(C)(C)COC(=O)C(=O)O[*],5.8142
[*]CCCCCNC(=O)CCCCCCCCC(=O)NCCCCCNC(=O)C(=O)N[*],5.8164
[*]CCCCCCCCCCCC(=O)N([*])C,5.8166
[*]CCCCCNC(=O)CCCCCCC(=O)N[*],5.8169
[*]CC=CCOC(=O)NCCCCCCNC(=O)O[*],5.818
[*]CCCCCCCCCNC(=O)CCCCCCCC(=O)N[*],5.8181
[*]CC([*])C(=O)OCCOCCOC,5.8186
[*]CC([*])OCCOC,5.8187
[*]CCCCCCNC(=O)CCCC(=O)O[*],5.8204
[*]CCCCCCNC(=O)NCCCNC(=O)N[*],5.8207
[*]NC(C)C(=O)NCCCCCC([*])=O,5.8215
[*]OC(CC([*])=O)C(Cl)Cl,5.8216
[*]CCCCCCNC(=O)CCCCC(=O)N[*],5.8218
[*]OC(C)(C)C(F)(F)C(F)(F)OCCOCCC1CC1[*],5.8237
[*]CCCCCCCCC(=O)NCCCCCCNC(=O)CCCCO[*],5.8255
[*]CC1(CO[*])CCC(C)CC1,5.8267
[*]OC(C)CCC(C)OC(=O)CCCCCCCCC([*])=O,5.8308
[*]CC(OC(C)=O)C1C(=O)OC(=O)C1[*],5.8319
[*]C(=O)OCCOC(=O)N1CCN([*])CC1,5.8319
[*]CCCNC(=O)CCCCCCCCCCCCCCCCCCC(=O)N[*],5.8328
[*]OC([2H])([2H])C([*])([2H])[2H],5.8333
[*]CCOCCOCCOC(=O)CCCC(=O)O[*],5.8349
[*]CCCCCCCCCCCCNC(=O)CCP(C)(=O)CCC(=O)N[*],5.8367
[*]CCC(C)(C)CC(C)CNC(=O)CCCCC(=O)N[*],5.8392
[*]CCCCOC(=O)CC(N)C(=O)O[*],5.8401
[*]NC(CCC(=O)OCCCCCCCC)C([*])=O,5.8419
[*]CCCCCNC(=O)CCCCCCCCOCCCCCCCCC(=O)NCCCCCO[*],5.8422
[*]CCCCCCCCCCCCNC(=O)CCCCCCCCCCCCCCC(=O)N[*],5.8439
[*]COC1OC([*])C(O)C(O)C1O,5.8459
[*]CC(OCC(C)C)C1(C)C(=O)OC(=O)C1([*])C,5.8465
[*]CCCCCCCNC(=O)CCCCCCCCCCCCCCCCCCC(=O)N[*],5.8482
[*]NNC(=O)CCCCCCCCCCCC([*])=O,5.8501
[*]CCCCCCCCCCNC(=O)CCCCCCCCC(=O)N[*],5.8505
[*]CCOC(=O)CCCCCNC(=O)CCCCC(=O)NCCCCCC(=O)O[*],5.8514
[*]CC(C)(CCl)O[*],5.8535
[*]NC1CCC(CC(C)(C)NC(=O)CCCCC([*])=O)CC1,5.8543
[*]NC(C)C(=O)NC(C([*])=O)C(C)C,5.8554
[*]NC(CC([*])=O)C(=O)OCC(C)C,5.8559
[*]C=CCCCCCCCC[*],5.856
[*]NNC(=O)CCCCCCCCC([*])=O,5.857
[*]OC(CC)(CC)C([*])=O,5.8573
[*]OC(C)C([*])=O,5.8576
[*]CCCCC(Cl)(Cl)C(=O)N[*],5.8581
[*]CCCCCCCCC(=O)NCCCCCCNC(=O)CCCO[*],5.8584
[*]ON(C(F)(F)F)C(F)(Br)C([*])(F)F,5.8588
[*]CC(C)(CO[*])COCC(F)(F)C(F)(F)C(F)(F)F,5.8594
[*]CCCCCCCCCCc1nnc([*])n1N,5.8601
[*]CCCCNC(=O)CCCCCCCC(=O)N[*],5.8602
[*]CCCCCCCCCCCCNC(=O)CCCCCCCCCCC(=O)N[*],5.8616
[*]CC(C)C1C(=O)N(CCC)C(=O)C1[*],5.862
[*]OC(C)CNC(=O)CC([*])C,5.8625
[*]C=CC1CC([*])C(C#N)C1,5.8629
[*]CCCNC(=O)C(OC)C(OC)C(=O)N[*],5.8632
[*]CCCCCCCCCNC(=O)CC(=O)N[*],5.8661
C([*])C(C)(C(=O)OCCCOC)([*]),5.8667
[*]CC([*])C(=O)NCCC,5.8667
[*]CC1(C)CC([*])(C)C(=O)OC1=O,5.867000000000001
[*]CNC(=O)CCCC(=O)N[*],5.8672
[*]CC([*])OCCCCC,5.8682
[*]CC1CC1COC(=O)NCCCCCCNC(=O)O[*],5.8683
[*]CC([*])(C)C(=O)NCCC,5.8684
[*]CCCCCNC(=O)CCCCC(=O)N[*],5.8689
[*]C=CCCCCCCCCCC[*],5.8693
[*]OC(=O)NC1CCC(CC2CCC(NC(=O)OC3CC4CC([*])CC(C3)O4)CC2)CC1,5.8696
[*]CCCCCCNC(=O)NCCCCCNC(=O)N[*],5.8717
[*]CCCCCCCCNC(=O)CCCCCCCCCCCCCCC(=O)N[*],5.872000000000001
[*]CCCCCCCCCCNC(=O)CCCCCCCCCCCCCCC(=O)N[*],5.8738
[*]CCCCCCNC(=O)CCCCCCCCCCCCCCCCC(=O)N[*],5.8741
[*]CCCCCC(=O)NCCCCCCNC(=O)CCCCO[*],5.8743
[*]CCCCC(=O)NCCCCCCC(=O)NCCC(=O)N[*],5.875
[*]CCCCCCCCCCCCNC(=O)CCCCCCCCCCCCCCCCCCCCC(=O)N[*],5.8752
[*]CC(=O)NC(C)C(=O)O[*],5.8761
[*]NC(C)(CCC)CC([*])=O,5.8762
[*]CCCCCCCCCCCCNC(=O)CCCCCCCCCCCCCCCCC(=O)N[*],5.8763
[*]CCCCCCCCCCOCCCCCCCCCCOCCCCCO[*],5.8764
[*]NNC(=O)CCC(=O)NNC(=O)CCCCCCCCC([*])=O,5.8764
[*]CCCCCCCNC(=O)CCCCCCCC(=O)N[*],5.8765
[*]CC(=O)NCCCCCCNC(=O)COC(=O)CCCCCCC(=O)O[*],5.8774
[*]CC(=O)NCC(=O)O[*],5.879
[*]CCC1CC(=O)N([*])C(=O)C1,5.8804
[*]C=CC(C)CCCCCCCCC[*],5.8820000000000014
[*]C(=O)OC1CCC(OC(=O)N2CCN([*])CC2)CC1,5.8826
[*]CCCCOC(=O)NC1CCC(CC2CCC(NC(=O)O[*])CC2)CC1,5.8831
[*]CCCCCCOC(=O)CCC=CCCC(=O)O[*],5.8833
[*]c1nnc(C2CC3(CC([*])C3)C2)o1,5.8846
[*]CC(C)(C)COC(=O)NC1CCC(CC2CCC(NC(=O)O[*])CC2)CC1,5.885
[*]CCCCCC(=O)NCCCCCCNC(=O)CCCCCO[*],5.8882
[*]CCCCCCCC(=O)N[*],5.8885
[*]CCN([*])C(=O)CO,5.8894
[*]CCOCCOCCOC(=O)CCCCCCC(=O)O[*],5.8894
[*]CCCCCCCCCCCNC(=O)CCCCCCCCC(=O)N[*],5.8916
[*]CCCCCCCCCCCCCNC(=O)CCCCCCCCCCCC(=O)N[*],5.8918
[*]C(=O)OCC(C)(C)COC(=O)N1CC(C)N([*])CC1C,5.8923
[*]CCOCC(=O)NCCNC(=O)CO[*],5.8923
[*]CCNC(=O)CCCCCCCCCCCCCCCCC(=O)N[*],5.8928
[*]CCOCCOC(=O)COCC(=O)O[*],5.8945
[*]C(=O)OC1CCN([*])CC1,5.8954
[*]CCCCCCCCCNC(=O)CCCCCCCCCC(=O)N[*],5.8963
[*]CCCCOC(=O)C(OC)C(OC)C(=O)O[*],5.8998
[*]CC(C)C(=O)N[*],5.9006
[*]CCCCCCNC(=O)CCCCCCCCCCCCCCC(=O)N[*],5.9016
[*]CC(CCCCCCCCCC)O[*],5.9022
[*]OC([*])CCCCCCCC,5.9039
[*]NC(C)C(=O)NCCCCCCCCCCC([*])=O,5.9043
[*]OC(=O)CCS(=O)(=O)CCS(=O)(=O)CCC([*])=O,5.9043
[*]CCCCCCCNC(=O)CCCCC(=O)N[*],5.9053
[*]C=CCCCCCCCCCC(Cl)CCCCCCCCC[*],5.9057
[*]OC1C(CO)OC([*])C(N)C1O,5.9066
[*]CCCCCCCCC(=O)NCCCCCOCCCCCNC(=O)CCCO[*],5.9069
[*]CCCCCCCCNC(=O)CCCCCCCCCCCCCCCCCCC(=O)N[*],5.9081
[*]CCCNC(=O)CCCCCCCCC(=O)NCCCOCCO[*],5.9081
[*]CCCCCCCCCCCCCCNC(=O)CCCCCCCCCCC(=O)N[*],5.9092
[*]CCCCCCCCCCNC(=O)CCCCCCC(=O)N[*],5.9109
[*]CCCCCCCCCCOC(=O)C(=O)O[*],5.9110000000000005
[*]CCCNC(=O)CCCCCCCCC(=O)NCCCOCCOCCO[*],5.9137
[*]CCCCCCCCCCNC(=O)CCCCCCCCCCCCCCCCC(=O)N[*],5.9171
[*]CC([*])(CO)C(=O)OCC,5.919
[*]CCOC(=O)NCCC(C)NC(=O)O[*],5.9201
[*]NC(CC([*])=O)C(=O)OCCCCCC,5.9232
[*]NC(C)CC([*])=O,5.9253
[*]CCC(C)O[*],5.9265
[*]CCNC(=O)CCCCCCCCCCCCCCC(=O)N[*],5.9268
[*]CCCCCCCCCCCNC(=O)CCCCCCCCCCC(=O)N[*],5.9276
[*]C1CCOC1[*],5.9277
[*]CC#CCOC(=O)CCC(=O)O[*],5.9288
[*]CCCCC(C)CC(=O)N[*],5.9298
[*]CCNC(=O)CCP(C)(=O)CCC(=O)N[*],5.9313
[*]CCCCCCCCCNC(=O)CCCCCC(=O)N[*],5.9333
[*]CC([*])(F)C(=O)OCC(Cl)(Cl)Cl,5.9339
[*]CCCCc1nnc([*])o1,5.9356
[*]CCCCNC(=O)CCCCC(=O)N[*],5.937
[*]CCCCCCOC(=O)NNC(=O)CCCCCCCCC(=O)NNC(=O)O[*],5.9373
[*]C=CC(C[*])(C(F)(F)F)C(F)(F)F,5.9378
[*]CCCN([*])C=O,5.9384
[*]CC1CCCC(CNC(=O)CCCCCCC(=O)N[*])C1,5.9394
[*]C(=O)OC1CCC(OC(=O)N2CC(C)N([*])CC2C)CC1,5.9402
[*]C1CC2C3CC4C(C3[*])C24C1,5.9404
[*]OC(=O)OCCOCCOCCOCCOC(=O)OC1COC2C([*])COC12,5.9406
[*]CC([*])(CC(=O)O)C(=O)O,5.9408
[*]COC1CC2CC(O[*])C1C2,5.9417
[*]CCC(C)CO[*],5.942
[*]CCCCCCNC(=O)CCP(C)(=O)CCC(=O)N[*],5.9436
[*]CCCCCCOC(=O)CCCCCNC(=O)CCCCC(=O)NCCCCCC(=O)O[*],5.9438
[*]OC([*])CCCCC,5.9463
[*]CCCCCCCCCCCC(=O)N[*],5.9463
[*]CCCCCCCCNC(=O)C(CCCCCCCCCCCC)C(=O)N[*],5.9468
[*]CCCCCCC(=O)NCCCCCCNC(=O)CCCCCCO[*],5.9469
[*]C=CCCCCCCC(Cl)CCCCCC[*],5.9472
[*]CCCCCCC(=O)NCCCCCCNC(=O)CCCO[*],5.9475
[*]CC([*])(Cl)C(=O)OCC,5.9476
[*]CCCCCCCCCCNC(=O)CCCCCCCC(=O)N[*],5.9487
[*]CCCCCCCCCCOC(=O)CC=CCC(=O)O[*],5.9499
[*]CCC1CC(=O)N([*])C1=O,5.9499
[*]CC1CCC(CNC(=O)CCCCCCCCCCC(=O)N[*])CC1,5.9503
[*]CC([*])(C)C(=O)OC1(C)CCOC(=O)C1,5.9519
[*]CCCCCCCCNC(=O)CC(=O)N[*],5.9535
[*]C(=O)OCC1CC1COC(=O)N1CCN([*])CC1,5.9559
[*]CCCCCCNC(=O)CCCCCCCCC(=O)N[*],5.9571
[*]CCCCCCCCCCOC(=O)CCC=CCCC(=O)O[*],5.9572
[*]CCNC(=O)CCCCCCCCC(=O)N[*],5.9599
[*]CCCCCCCCCCCCNC(=O)CCCCCCCCC(=O)N[*],5.9602
[*]CC(C)(C)CO[*],5.9613
[*]CC(C)(CCCC)C(=O)N[*],5.9624
[*]CC([*])OC(=O)C(F)(F)C(F)(F)C(F)(F)C(F)(F)C(F)(F)F,5.9661
[*]CC(C)(C)COC(=O)NCCOCCOCCNC(=O)O[*],5.9669
[*]CCCCCC(=O)NCCNC(=O)CCCCCOC(=O)CCCCC(=O)O[*],5.9669
[*]CCCCNC(=O)CCCCCC(=O)N[*],5.9678
[*]CCCCCCCCNC(=O)CCC(=O)N[*],5.9681
[*]CCCOC(=O)NC1CC1NC(=O)O[*],5.9686
[*]OC(CC)C([*])=O,5.9716
[*]CCCCCC(=O)NCCOC(=O)CCCCC(=O)O[*],5.9722
[*]CCCCCCCCCCC(=O)NCCCCCCNC(=O)CCCCO[*],5.9732
[*]OC(=C)CC([*])=O,5.9735
[*]CC(C)(COC(=O)NCCCCCCNC(=O)O[*])C(=O)O,5.9742
[*]CCCCCCCCNC(=O)CCCCCCCCCCCCC(=O)N[*],5.9745
[*]OC(COCCOC)COC([*])=O,5.976
[*]CCCCCCNC(=O)C(CCCCCCCCCCCCCCCC)C(=O)N[*],5.9783
[*]OC(=O)CCCCCC([*])=O,5.9807
[*]CCCCCCCCCCCCNC(=O)CC(=O)N[*],5.9823
[*]CC(OC)C1C(=O)OC(=O)C1[*],5.9831
[*]CCCCCCCCCO[*],5.9832
[*]CC([*])OCC(=O)O,5.9833
[*]CC([*])CO,5.9849
[*]CCCCCCCCCCNC(=O)CCC(=O)N[*],5.9859
[*]OC1C(CO)OC([*])C(NC(C)=O)C1O,5.9874
[*]NC(CCC([*])=O)C(=O)O,5.9876
[*]CC(C)CO[*],5.99
[*]NC(CC(C)C)C([*])=O,5.9901
[*]C(=O)OCC(C)(C)COC(=O)N1CCN([*])C(C)C1,5.9905
[*]CONC(=O)[*],5.9906
[*]CCCCCCCCCCCCCCCCOC(=O)CC=CCC(=O)O[*],5.9927
[*]C(=O)NC1CCCC([*])O1,5.9929
[*]OC([*])CC,5.9932
[*]CCCCCCCCCCCCCCCCCCCCCC(=O)N[*],5.9963
[*]CCCCCC(=O)NCCCCCCNC(=O)CCCCCOC(=O)CCCCC(=O)O[*],5.9977
[*]CCCCCCCCCCCCOC(=O)CC=CCC(=O)O[*],5.9978
[*]CNC(=O)CCCCC(=O)N[*],5.997999999999998
[*]CCCCCCCCCCCCCCCCC(=O)N[*],5.9993
[*]CCCCCCCCCCC(=O)NCCCCCCNC(=O)CCCO[*],6.0
[*]CC(CO[*])(COCC(F)(F)F)COCC(F)(F)F,6.0009
[*]CC(C)(N=C=O)C1C(=O)OC(=O)C1[*],6.0042
[*]CC(C)CCCCC(=O)N[*],6.0048
C([*])C(O1)CC(OC1CC)([*]),6.0051
[*]CCCCCCCCCCC(=O)NCC(=O)N[*],6.0074
[*]NC(C)C([*])=O,6.0074
[*]COC(=O)OC1C([*])OC2OC(C)(C)OC21,6.0081
[*]CCOC(=O)COCC(=O)O[*],6.0093
[*]CCCCCCCCCCOCCCCCCOCCCCCCO[*],6.0095
[*]OC1C(COCO)OC([*])C(O)C1O,6.0101
[*]CCCCO[*],6.0135
[*]CCCC(C)CCC(=O)N[*],6.0143
[*]CNC(=O)CC(=O)N[*],6.0152
[*]CCCCNC(=O)CCCCCCCCCCCCCCCCC(=O)N[*],6.0162
[*]CCCCNC(=O)CCCCCCCCCCCCCCC(=O)N[*],6.0171
[*]C(=O)N([*])CC,6.0174
[*]CCOCC(=O)O[*],6.0176
[*]NNC(=O)CCCCCCCCCCCCCCCCC([*])=O,6.0181
[*]CCCCCCNC(=O)CCC(=O)N[*],6.0201
[*]CCCCCCNC(=O)CCCCCCCCCCCCCCCCCCCCC(=O)N[*],6.0208
[*]CCCCCOC(=O)NC1CC1NC(=O)O[*],6.0216
[*]CCCCCCCCCCC(=O)N[*],6.0219
[*]CCc1nnc([*])n1N,6.022
[*]CC([*])OCCCl,6.0222
[*]CC1CCCC(CC(=O)N[*])C1,6.0231
[*]CC1CCC(CNC(=O)CCCC(=O)N[*])CC1,6.0232
[*]CCCCCCCCCC(=O)N[*],6.0233
[*]CC([*])(C)C(=O)OC(C(F)(F)F)C(F)(F)F,6.0249
[*]CCCCCCCCCCOCCCCCCCCCCOCCCCO[*],6.0257
[*]CCCCCCCCCCCCCCOC(=O)CCC=CCCC(=O)O[*],6.0257
[*]CCCCNC(=O)CCCCCCCCCC(=O)N[*],6.0257
[*]CCCCCC(=O)N[*],6.0265
[*]C=CC1CC([*])C(C#N)(CCC)C1,6.027
[*]CCOCCOCCOC(=O)NCCCCCCNC(=O)O[*],6.0302
[*]CCCCCCCCCCCCNC(=O)CCCCCCCCCCCCC(=O)N[*],6.0318
[*]OC(CC(C)C)C([*])=O,6.0332
[*]NNC(=O)CCCCCCCC(=O)NNC(=O)CCCCCCCCC([*])=O,6.0362
[*]CCOC(=O)C(=O)O[*],6.0408
[*]CC(CS(=O)(=O)CCC)O[*],6.0412
[*]CCOC(=O)NNC(=O)CCCCCCCCC(=O)NNC(=O)O[*],6.0415
[*]OC(CCCCCCC=C)CC([*])=O,6.0438
[*]CC([*])C(=O)OCCC(C)OC,6.0444
[*]CCCCCCCCOC(=O)NCCCCCCNC(=O)O[*],6.0447
[*]CCCCCCCCCCOCCCCCCCCCCOCCCCCCO[*],6.045
[*]CCCCCCCCCNC(=O)N[*],6.0453
[*]CCCCNC(=O)NCCCCCCNC(=O)O[*],6.0454
[*]NC(CC([*])=O)C(C)C,6.0457
[*]CCCOC(=O)COCC(=O)O[*],6.046
[*]CC(C)CNC(=O)O[*],6.0465
[*]OC(COC([*])=O)COC(C)(C)C,6.0478
[*]OCCOCCOC(=O)C(CC)C([*])=O,6.0479
[*]CCCCCCCCOC(=O)NNC(=O)CCCCCCCCC(=O)NNC(=O)O[*],6.0481
[*]CC(OC)C(C(=O)OC)C([*])C(=O)OC,6.0489
[*]CCCCNC(=O)CCCCCCC(=O)N[*],6.0507
[*]C1CCC1[*],6.0558
[*]C(=O)OCCOC(=O)N1CC(C)N([*])CC1C,6.0561
[*]OC(C)C(=O)OCC([*])=O,6.0565
[*]CCCC(C)CC(=O)N[*],6.0572
[*]CCCCCCCCCCOC(=O)NCCCCCCCCCCNC(=O)O[*],6.0574
[*]C1C(=O)OC(=O)C1C1C2CC(C(=O)OC3CCCCC3)C(C2)C1[*],6.058
[*]CC1CC1CO[*],6.058
[*]CCCCCCCCCCCCCCCCCC(=O)N[*],6.0585
[*]CCCCCOC(=O)NC(=O)C1CC1C(=O)NC(=O)O[*],6.0591
[*]CCCCCCOC(=O)NCCCCCCNC(=O)O[*],6.0594
[*]CCOC(=O)NCCCCCCNC(=O)O[*],6.0605
[*]CCCCNC(=O)CC(=O)N[*],6.0609
[*]CCCCCCCCCCCNC(=O)CCCCC(=O)N[*],6.061
[*]CCOCCOC(=O)O[*],6.062
[*]CC=CCOC(=O)CCCCCCCCC(=O)O[*],6.0636
[*]CC([*])C(=O)OCC=C,6.0639
[*]CCCCCCCCCCCCCCCCOC(=O)CCC=CCCC(=O)O[*],6.0655
[*]CCCCCCCCCCCCOC(=O)NCCCCCCNC(=O)O[*],6.0664
[*]NNC(=O)C1CCC(C(=O)NNC(=O)CCCCC([*])=O)CC1,6.0678
[*]CC(=O)N[*],6.0692
[*]CCCCCCCCC(=O)N[*],6.0695
[*]NC(CC([*])=O)C(=O)OCCCC,6.072
[*]CC(CBr)O[*],6.0732
[*]C=CC1CC([*])C(C#N)(CC)C1,6.074
[*]CC1CC([*])OC(C)O1,6.0751
[*]CCOC(=O)NCCNC(=O)O[*],6.0764
[*]CCOCCOCCOC(=O)CCC(C)CC(=O)O[*],6.0773
[*]CCCCCCO[*],6.0774
[*]CCCCOC(=O)NCCNC(=O)O[*],6.0791
[*]CCCCCOC(=O)CCCCCNC(=O)O[*],6.0793
[*]CC(F)(F)C(F)(F)C(F)(F)COC(=O)NCCCCCCNC(=O)O[*],6.0804
[*]OC(=O)OCCCCOC(=O)OC1COC2C([*])COC12,6.0817
[*]CCOCC(CCl)O[*],6.0832
[*]C1C2CC(C)C(C2)C1[*],6.0902
[*]CCCCCCCCO[*],6.0919
[*]CCCCCCC(=O)N[*],6.0973
[*]CCCCOC(=O)NC1CC1NC(=O)O[*],6.0977
[*]CCCCCCCCCCCC(=O)NCC(=O)N[*],6.1009
[*]CC(C(=O)OCC)(C(=O)OCC)[*],6.102
[*]CC(C)C1COC2C(C(=O)OC(O)(C(F)(F)F)C(F)(F)C[*])CC12,6.1023
[*]OC1OC([*])C2CCCCC12,6.1024
[*]CC([*])C(=O)NCO,6.1073
[*]C1CC2CC1C([*])C2CCCC,6.1081
[*]CCOCCOC(=O)CCCCC(=O)O[*],6.1095
[*]CCCOC(=O)NCCCCCCNC(=O)O[*],6.1154
[*]CCCCCCCCCOC(=O)NCCCCCCNC(=O)O[*],6.1163
[*]NOC(=O)O[*],6.1166
[*]CCCCCCCCOC(=O)CC=CCC(=O)O[*],6.1178
[*]CCOC(=O)CCCCS(=O)(=O)CCCCC(=O)O[*],6.1194
[*]CCCCCCNC(=O)C1CC1(C)C(=O)N[*],6.1212
[*]CC([*])C(=O)OCC(C)C,6.1213
[*]CCCCCCCCCCCCCCC(=O)N[*],6.1217
[*]CC([*])(C)C(=O)OC(F)(C(F)(F)F)C(F)(F)F,6.1224
[*]CCCCCCCc1nnc([*])o1,6.124
[*]CC#CCOC(=O)CCCCCCC(=O)O[*],6.125
[*]CCCCCCOC(=O)NCCCNC(=O)O[*],6.1264
[*]COCC1([*])COC(C)(C)OC1,6.1267
[*]CCCCOC(=O)NNC(=O)CCCCCCCCC(=O)NNC(=O)O[*],6.1273
[*]CCCCCCCOC(=O)NCCCCCCNC(=O)O[*],6.1286
[*]ON(C(F)(F)C([*])(F)F)C(F)(F)C(F)(F)Br,6.1306
[*]CCC(C)O[Si](C)(C)O[*],6.1309
[*]CCCCCCCCCCCCC(=O)N[*],6.1317
[*]CC#CCOC(=O)CCCCCCCCC(=O)O[*],6.1332
[*]OC(C)COC(=O)COCC([*])=O,6.1342
[*]CCOCCOCCOC(=O)C1CCC(C(=O)O[*])CC1,6.1348
[*]CC(CO[*])(CS(C)(=O)=O)CS(C)(=O)=O,6.135
[*]OC1CCC(OC(=O)NCCNC([*])=O)CC1,6.1359
[*]CCOC(=O)NCCCOCCCNC(=O)O[*],6.1366
[*]CCOCCOCCOCCOC(=O)NCCCCCCNC(=O)O[*],6.1368
[*]CNC(=O)CCCCCCCCC(=O)N[*],6.1370000000000005
[*]CC1CC([*])OC(CCC)O1,6.1416
[*]CC(=O)NCCCCCCNC(=O)CO[*],6.1421
[*]CC(C)(C)COC(=O)NCCCC(CCNC(=O)O[*])OC,6.1425
[*]OC(=O)CCCCCCCCCCCCCCCCC([*])=O,6.1452
[*]CC#CCOC(=O)NCCCCCCNC(=O)O[*],6.1466
[*]C(C)C([*])O,6.1475
[*]C(=O)OCCCCCCOC(=O)N1CCN([*])CC1,6.1494
[*]CCCCCOC(=O)NNC(=O)CCCCCCCCC(=O)NNC(=O)O[*],6.1506
[*]OC(=O)OC1CC2CC([*])CC(C1)O2,6.1524
[*]CC(CS(=O)(=O)CCCCC)O[*],6.1531
[*]CCOCCOCCOC(=O)CCCCCCCC(=O)O[*],6.1534
[*]CCCCCOC(=O)NCCCCCCNC(=O)O[*],6.1556
[*]OC([*])C=C,6.1583
[*]CCCCCCCCCCCCCCCCOC(=O)NCCCCCCCCCCNC(=O)O[*],6.1594
[*]CCCCCCCCCCOC(=O)COCC(=O)O[*],6.164
[*]CC(CO[*])(COC(C)=O)COC(C)=O,6.1648
[*]CCOC(=O)NCCCCCCCCCCNC(=O)O[*],6.1704
[*]OC1CCC(OC(=O)NCCCCCCNC([*])=O)CC1,6.1757
[*]CCCCCCCCOC(=O)CCC=CCCC(=O)O[*],6.1798
[*]CCOCCOC(=O)C(CCCCCCC)C(=O)O[*],6.1842
[*]OC1C(C)(C)C(OC([*])=O)C1(C)C,6.1846
[*]OC(=O)CCCCCCCCCCCCC([*])=O,6.1871
[*]CC([*])C(N)=O,6.1879
[*]CCCCOC(=O)NCCCCCCNC(=O)O[*],6.1879
[*]CCCCCCCCCCO[*],6.1884
[*]CCCCCOC(=O)C(=O)O[*],6.1932
[*]CCCCCOC(=O)COCC(=O)O[*],6.1938
[*]CC(F)(F)C(F)(F)C(F)(F)C(F)(F)COC(=O)CCCC(=O)O[*],6.1948
[*]OC(=O)OCCOCCOCCOC(=O)OC1COC2C([*])COC12,6.1949
[*]CCOC(=O)NCCOCCOCCNC(=O)O[*],6.1965
[*]CCOCCOCCOC(=O)CCCCCC(=O)O[*],6.197
[*]OC(=O)CCCCCCC([*])=O,6.1978
[*]CC([*])OC(=O)OCC(Cl)(Cl)Cl,6.1989
[*]OC(=O)CCCCCCCC([*])=O,6.199
[*]CC(CF)O[*],6.1994
[*]C1C2CCC(C2)C1[*],6.1998
[*]CCCCCCCCCCCCOC(=O)NCCCCCCCCCCNC(=O)O[*],6.2072
[*]CCOC(=O)NC1CCCC(NC(=O)O[*])C1,6.2072
[*]OC1CCC(OC(=O)CCC([*])=O)CC1,6.2077
[*]OC(=O)CCCCC([*])=O,6.2079
[*]CCOC(=O)CC(C)O[*],6.2081
[*]OC(=O)CCCCCCCCCCC([*])=O,6.2095
[*]CCCCCCC(=O)O[*],6.2116
[*]CC([*])C(=O)OCC,6.214
[*]CC([*])OC(=O)C(C)(C)C,6.216
[*]CCCCCCCCCCCCCCOC(=O)CC=CCC(=O)O[*],6.2176
[*]CC(O[*])C1CC(F)(F)C1(F)F,6.2217
[*]CNC(=O)CCCCCCCCCCC(=O)N[*],6.223
[*]CC([*])(F)C(=O)OCCC(F)(F)C(F)(F)C(F)(F)C(F)(F)C(F)(F)C(F)(F)C(F)(F)C(F)(F)F,6.2233
[*]CC(F)(F)C(F)(F)C(F)(F)C(F)(F)COC(=O)C(F)(F)C(F)(F)C(F)(F)C(F)(F)C(=O)O[*],6.2242
[*]CCCCCCCCCCCCO[*],6.2257
[*]OC([*])(C)C,6.2262
[*]CCCCCCOC(=O)NCCCCCCCCCCNC(=O)O[*],6.2268
[*]CNC(=O)NCOC(=O)NCCCCCCNC(=O)O[*],6.2287
[*]OC(C=C)CC([*])=O,6.23
[*]OC([*])CCC(=O)OC,6.2304
[*]c1nnc(C2CCCC([*])C2)o1,6.2323
[*]NC1(F)CC(C(F)F)C([*])C(F)(F)C1F,6.2329
[*]CC(F)(F)C(F)(F)C(F)(F)C(F)(F)COC(=O)NCCCCCCNC(=O)O[*],6.2348
[*]CCCCCCCCCCCCCCCCCCCCOC(=O)CC(=O)O[*],6.2355
[*]CCCC(C)O[Si](C)(C)O[*],6.2384
[*]C([2H])([2H])C([*])([2H])Cl,6.2385
[*]CCOCCOC(=O)CCCC(=O)O[*],6.2403
[*]CCCCOC(=O)NCCCNC(=O)O[*],6.2411
[*]CC(F)(F)C(F)(F)COC(=O)NCCCCCCNC(=O)O[*],6.2411
[*]CC(CC)(CCl)CO[*],6.242999999999999
[*]OC(=O)CCCCCCCCCCCC([*])=O,6.2436
[*]CCCO[*],6.2461
[*]CCOCCOC(=O)C(CCC)C(=O)O[*],6.2462
[*]CCOCCOC(=O)NCCNC(=O)O[*],6.2477
[*]CC1CC([*])C(=O)OC1=O,6.2477
[*]CC([*])(C)C(=O)OCCC#N,6.2488
[*]CC1CC1COC(=O)NC1CC1NC(=O)O[*],6.2541
[*]OC(=O)OCCCCCCOC(=O)OC1COC2C([*])COC12,6.2569
[*]OC(COCCCC)COC([*])=O,6.2574
[*]CCCCCCCCCCOC(=O)C(O)C(O)C(=O)O[*],6.2592
[*]CCCOC(=O)CCC(C)CC(=O)O[*],6.2599
[*]CC([*])C(=O)NCC(F)(F)F,6.2603
[*]O[Si](C)(C)O[Si](C)(C)O[Si](C)(C)OC(C)CCC([*])C,6.2628
[*]OC(=O)CCCCCCCCCC([*])=O,6.2631
[*]CCOC(=O)NCCCCCCCCCNC(=O)O[*],6.2637
[*]CCCOCCCOC(=O)CCCCCCCCC(=O)O[*],6.267
[*]OC(C)(CC([*])=O)C(F)(F)F,6.2678
[*]C=CC(C)(C)CC(C#N)C[*],6.2683
[*]CC([*])C(=O)OCCCCC,6.2698
[*]CC([*])C(=O)OCC(F)(F)C(F)(F)C(F)(F)C(F)(F)F,6.2702
[*]CC([*])C(=O)OCC(F)(F)C(F)(F)C(F)(F)C(F)(F)C(F)(F)C(F)(F)C(F)(F)F,6.2707
[*]OC(=O)CCS(=O)(=O)CCC([*])=O,6.2729
[*]OC1(O)CCCC([*])C1,6.2763
[*]CC(OC)C(C(=O)O)C([*])C(=O)O,6.2764
[*]CC([*])(F)Cl,6.2778
[*]CC([*])(C)C(=O)OCC(F)(F)C(F)F,6.2786
[*]CCCNC(=O)O[*],6.2786
[*]CC([*])(C)C(=O)OC(CC)OCC,6.2807
[*]CC1([*])CCCCC1,6.2872
[*]CC([*])(C)C(=O)OCC(F)(F)C(F)(F)C(F)(F)C(F)F,6.2894
[*]CC(C)(C)COC(=O)NCCCCCCNC(=O)O[*],6.29
[*]COC1CCC(O[*])CC1,6.2909
[*]CCOCCOC(=O)CCC(=O)O[*],6.2926
[*]OC(COC(F)(C(F)(F)F)C(F)(F)F)C([*])COC(F)(C(F)(F)F)C(F)(F)F,6.2936
[*]CC(CCl)(CO[*])COC(C)=O,6.2977
[*]OC1CC(C)CC([*])O1,6.2981
[*]CC([*])OC(=O)CCCCC,6.3016
[*]CCCOC(=O)C(C)O[*],6.3052
[*]CC(C)(C)CS([*])(=O)=O,6.3059
[*]CCCCCCOC(=O)CCCCCC(=O)O[*],6.306
[*]C(C)C([*])C(=O)OC,6.3068
[*]CC(CO[*])(COC=O)COC=O,6.3091
[*]ON(C(F)(F)F)C(F)(Cl)C([*])(F)F,6.311
[*]C([2H])([2H])C([*])(C(=O)OC([2H])([2H])C([2H])([2H])[2H])C([2H])([2H])[2H],6.3139
[*]CC#CCOC(=O)CCCCC(=O)O[*],6.3146
[*]CC([*])OC(=O)C(F)(F)C(F)(F)C(F)(F)C(F)(F)F,6.3179
[*]CC([*])C(=O)OC(C)CC(C)C,6.3188
[*]CCCCCCCCCCCCCCCCCCCCOC(=O)COCC(=O)O[*],6.3212
[*]COC(=O)OCC1OC(OCC)(OCC)OC1[*],6.3214
[*]CC([*])(Cl)C#N,6.3216
[*]CC([*])(C#N)C(=O)OCCCCCCC,6.3228
[*]CCOCCOCCOC(=O)CCCCC(=O)O[*],6.3231
[*]OC(=O)CCCCCCCCC([*])=O,6.3268
[*]NC(=O)OC(=O)[*],6.3288
[*]CCCCCCOC(=O)C(=O)O[*],6.3296
[*]OC(C)CCOC(=O)CCC([*])=O,6.3305
[*]CCOCCOC(=O)CCC(C)CC(=O)O[*],6.3317
[*]CCOCCOC(=O)CCCCCCCCCCC(=O)O[*],6.3322
[*]CCCCCCOC(=O)CCCCCNC(=O)O[*],6.3325
[*]CC1CCC(COCO[*])CC1,6.3338
[*]CCCCOCO[*],6.3363
[*]CCOCCC(=O)O[*],6.3366
[*]CC(F)(F)C(F)(F)C(F)(F)COC(=O)C(F)(F)C(F)(F)C(F)(F)C(F)(F)C(=O)O[*],6.3429
[*]CCCCCCOC(=O)COCC(=O)O[*],6.3437
[*]CC([*])(F)C(=O)OCC(F)(F)C(F)(F)C(F)(F)C(F)F,6.3444
[*]CCCCCc1nnc([*])o1,6.3448
[*]CCOC(=O)CCC(=O)O[*],6.3458
[*]CCC(C(=O)OCC)C([*])C(=O)OCC,6.3468
[*]OC(C)COC(=O)CCCCCC([*])=O,6.3486
[*]CC([*])(Cl)C(=O)OC(C)C,6.3507
[*]CCCCCCCCCOCO[*],6.3507
[*]C1C(=O)OC(=O)C1[*],6.3511
[*]OC1CCC(OC(=O)CCCCCCCCC([*])=O)CC1,6.3512
[*]CCC([*])O,6.3537
[*]CCOCCOC(=O)C(C)C(=O)O[*],6.3545
[*]CCC1CC([*])C2C3CC(C12)C(C)(C(=O)OC)C3,6.3564
[*]CC([*])C(=O)OC(OCC)C(F)(F)F,6.3587
[*]OC(C)COC(=O)C1CCC(C([*])=O)CC1,6.3591
[*]CC(F)(F)C(F)(F)C(F)(F)COC(=O)CC(CC(=O)O[*])C(F)(F)C(F)(F)C(F)(F)F,6.3593
[*]OC1CCC(C2CCC(OC(=O)CCCCCCCCCCC([*])=O)CC2)CC1,6.3608
[*]CCC(C)(C)C([*])(C)C,6.3628
[*]CC([*])C(=O)OCC(F)(F)C(F)(F)OC(F)(F)F,6.3632
[*]CC([*])(F)C(=O)OCC(F)(F)C(F)(F)C(F)(F)C(F)(F)C(F)(F)C(F)(F)C(F)(F)C(F)(F)F,6.3664
[*]CCCCOC(=O)CCCCCNC(=O)O[*],6.3666
[*]CCCCOC(=O)COCC(=O)O[*],6.3679
[*]OC(CC)CC([*])=O,6.3681
[*]CC(=O)OC(=O)[*],6.3691
[*]CCCCCCCCCCCCOC(=O)CCCCCCCCCCC(=O)O[*],6.3693
[*]CCCCCCCC(=O)OCCCCC1COC([*])O1,6.3701
[*]CCCC(Cl)C([*])Cl,6.371
[*]CC([*])(F)C(=O)OCC(F)(F)C(F)(F)C(F)(F)C(F)(F)C(F)(F)C(F)F,6.3722
[*]OC(=O)OCC(OC)C(COC(=O)OC1COC2C([*])COC12)OC,6.3754
[*]OC1CCC(C2CCC(OC(=O)CCCCCCCCC([*])=O)CC2)CC1,6.3761
[*]OC1CCC(NC([*])=O)CC1,6.3762
[*]CC([*])C(=O)OCCC#N,6.377000000000002
[*]CCCOC(=O)CCCCCCCC(=O)O[*],6.3801
[*]OC1C(C)(C)C(OC(=O)C2CCC(C([*])=O)CC2)C1(C)C,6.3802
[*]CCOCCOC(=O)CCCCCCCCCCCCCCCCC(=O)O[*],6.3825
[*]CC([*])(C)C(=O)OCCOCC,6.3843
[*]CC([*])(F)C(=O)OCCC(F)(F)C(F)(F)C(F)(F)C(F)(F)C(F)(F)C(F)(F)F,6.3843
[*]CCCCCCCCCCOCO[*],6.3968
[*]CCOC(=O)CC(=O)O[*],6.3978
[*]OC(CC([*])=O)C(C)(Cl)Cl,6.4071
[*]CC([*])(F)C(=O)OCC(F)(F)C(F)(F)F,6.4082
[*]CC([*])(F)C(=O)OCCC,6.4088
[*]CC(CCl)O[*],6.4132
[*]CC([*])O,6.4144
[*]OC(=O)OCC(O)C(O)COC(=O)OC1COC2C([*])COC12,6.4149
[*]CCCCCCOC(=O)CCCCS(=O)(=O)CCCCC(=O)O[*],6.4159
[*]CCCCCCCc1nnc(CCCCc2nnc([*])o2)o1,6.4168
[*]CCCCCCCCC(=O)O[*],6.417000000000002
[*]OC(=O)CCCCCCCCC(=O)OC1COC2C([*])COC12,6.4179
[*]OC(=O)OCC1OC(C)(C)OC1COC(=O)OC1COC2C([*])COC12,6.4211
[*]OC(C)CCCCC([*])=O,6.4216
[*]CC(CCl)(CBr)COC(=O)CCCCC(=O)O[*],6.4220000000000015
[*]CC([*])(C)C(=O)OCC,6.4221
[*]OC(C)CCC(C)OC(=O)CCCCC([*])=O,6.4235
[*]CCCCNC(=O)O[*],6.4279
[*]OC1CCC(C2CCC(OC(=O)CCCCCCCCCCCC([*])=O)CC2)CC1,6.4319
[*]CCCCCCCCCCCCCCCCCCCCOC(=O)C1CCC(C(=O)O[*])CC1,6.4338
[*]CC(O[*])C(F)(F)F,6.435
[*]OC1CCC(OC(=O)CCCCCCC([*])=O)CC1,6.4389
[*]CCCCCCCCCCCCCCCCCCCCOC(=O)CCCC(=O)O[*],6.4396
[*]CCOCCOC(=O)C(CCCCCCCCC)C(=O)O[*],6.441
[*]CC(CC)(CC)C(=O)O[*],6.443
[*]CCCCCCCCCCCCCCOCO[*],6.443
[*]CC1CC([*])CC(O)C1,6.4454
[*]CCCCCCCC(=O)OCC1COC([*])O1,6.4464
[*]CCCCCCS([*])(=O)=O,6.4491
[*]CCCCCNC(=O)O[*],6.4491
[*]CCCCCCCCCCc1nnc([*])o1,6.4508
[*]CCCCCCCCCCCCOC(=O)CCCCCCCCCCCCC(=O)O[*],6.452999999999999
[*]C([2H])([2H])C([*])([2H])C([2H])([2H])[2H],6.4539
[*]CCOCCOC(=O)CCCCCCCC(=O)O[*],6.4552
[*]CC([*])C(=O)OCCCCCCC,6.4578
[*]CC([*])C,6.4609
[*]CC([*])(C)C(=O)OCCCCCC,6.4612
[*]CC([*])C(=O)OCCCCCCCCCCCCCC,6.4613
[*]CCOCO[*],6.4615
[*]CC([*])C(=O)OC(C)C,6.4617
[*]OC([*])C(Cl)Cl,6.4632
[*]CC([*])OC(=O)C(F)(F)C(F)(F)C(F)(F)F,6.4637
[*]CC([*])(F)C(=O)OCCC(F)(F)C(F)(F)C(F)(F)C(F)(F)F,6.464
[*]CC([*])OC(=O)CCC#N,6.4646
[*]OC1C(COCC(=O)O)OC([*])C(O)C1O,6.4651
[*]CC([*])(C#N)C(=O)OC(C)C,6.4652
[*]CCCCCCCCCCCCCCCc1nnc([*])o1,6.4664
[*]CC#CCOC(=O)CCCCCCCCCCC(=O)O[*],6.4691
[*]CCCOC(=O)CCCCCCCCCCC(=O)O[*],6.4712
[*]OC1CCC(OC(=O)C([*])=O)CC1,6.4721
[*]OC(=O)OCCCCCCCCCCOC(=O)OC1COC2C([*])COC12,6.4724
[*]CC([*])(C)C(=O)OCCC1CCCCC1,6.4739
[*]CCC(C)CCOC(=O)CCCCC(=O)O[*],6.4748
[*]CC([*])C1CCCCC1C,6.4756
[*]OC(CCCCC)CC([*])=O,6.4777
[*]CC(C)(C)COC(=O)CC(=O)O[*],6.4783
[*]CC1CC([*])OCO1,6.4797
[*]CCOC(=O)CCCCC(=O)O[*],6.4808
[*]CC(C)(CC)C(=O)O[*],6.4809
[*]CC([*])OC(=O)CC,6.4816
[*]CCCCCCOC(=O)C1CCC(C(=O)O[*])CC1,6.4846
[*]CCCCCCCC(=O)OC1COC([*])OC1,6.4879
[*]CC(CC)(CC)COC(=O)CCC(=O)O[*],6.4891
[*]CCCCCOCO[*],6.4901
[*]CCCCCCCCCCCCCCCCCCCCOC(=O)CCCCCCCC(=O)O[*],6.4907
[*]CC([*])C(=O)OCCO,6.4938
[*]OC(C)CCOC(=O)CCCCS(=O)(=O)CCCCC([*])=O,6.4951
[*]CC(C)(C)COC(=O)CCCCCCCC(=O)O[*],6.4954
[*]CCCCCCOC(=O)NCCCCNC(=O)O[*],6.4958
[*]CCCCCCCCCCOC(=O)CCCCS(=O)(=O)CCCCC(=O)O[*],6.4986
[*]OC1CCC(C2CCC(OC(=O)CCCCCCCCCC([*])=O)CC2)CC1,6.5
[*]CCCOC(=O)CC(=O)O[*],6.5016
[*]CC(C)(C)COC(=O)CCC(=O)O[*],6.5024
[*]OC(C)COC(=O)CCCCS(=O)(=O)CCCCC([*])=O,6.5041
[*]OC(C)CCCC(C)C([*])=O,6.5048
[*]CC(C#N)(C#N)C(C#N)C(C#N)(C#N)C(C#N)C(C#N)(C#N)C(C#N)C(C#N)(C#N)[*],6.505
[*]CCCCCCCCCCOC(=O)CCCCC(=O)O[*],6.5098
[*]CC([*])(C#N)C(=O)OCC,6.5116
[*]OC(C)COC(=O)CCCCCCC([*])=O,6.5116
[*]CCCC(C)CCC(=O)O[*],6.5122
[*]CCCCCCCCCCCCc1nnc([*])o1,6.5153
[*]CC([*])C(=O)OC(CC)CC,6.5156
[*]CC(OC(C)=O)C(COC(=O)O[*])OC(C)=O,6.5157
[*]CCCCCCOC(=O)CCCC(=O)O[*],6.5166
[*]CCCCCCCCCCOC(=O)CC(=O)O[*],6.5183
[*]CCCC([*])(C)Cl,6.5189
[*]CCCCCCOC(=O)CCC(C)CC(=O)O[*],6.5192
[*]CONO[*],6.52
[*]CCC(C(=O)OC)C([*])C(=O)OC,6.5207
[*]CC(O)CO[*],6.5218
[*]CCCCCCCCCCOC(=O)CCCCCCCCCCCCCCCCC(=O)O[*],6.5222
[*]C([*])O,6.5244
[*]CCOCCOC(=O)CCCCCCCCC(=O)O[*],6.5248
[*]CCOC(=O)C1CCC(C(=O)O[*])CC1,6.5261
[*]CC1CCC(COC(=O)C2CCC(C(=O)O[*])CC2)CC1,6.5261
[*]OC(C)COC(=O)CCCCC([*])=O,6.5294
C([*])C(C)(C(=O)OCC(F)(F)C([*])(F)F),6.5301
[*]CC([*])(C)C(=O)OCCO,6.5304
[*]CCCCCCS(=O)(=O)NCCCCCCNS([*])(=O)=O,6.5317
[*]CCCCCOC(=O)NCC(F)(F)C(F)(F)C(F)(F)C(F)(F)CNC(=O)O[*],6.5334
[*]CCCCOC(=O)NCC(F)(F)C(F)(F)C(F)(F)C(F)(F)CNC(=O)O[*],6.5358
[*]CCCCCCCCCCCCCCCCCCCCCCOC(=O)CCC(=O)O[*],6.5377
[*]CC(CCl)(CCl)C(=O)O[*],6.537999999999999
[*]CCOCCOC(=O)CCCCS(=O)(=O)CCCCC(=O)O[*],6.5382
[*]CCCCCCCCc1nnc([*])o1,6.5384
[*]CCCCOC(=O)C1CCC(C(=O)O[*])CC1,6.541
[*]C1CC([*])OC(O)O1,6.5411
[*]CC(F)(F)C(F)(F)C(F)(F)C(F)(F)COC(=O)NCC(F)(F)C(F)(F)C(F)(F)C(F)(F)CNC(=O)O[*],6.5415
[*]CCCS(=O)(=O)CCCCS(=O)(=O)CCCOC(=O)O[*],6.5416
[*]CC([*])OC(=O)CC1CCCC1,6.5439
[*]OC(C)COC(=O)CCCC([*])=O,6.5458
[*]OC1CCCCC1OC([*])=O,6.5485
[*]OC(C)CCOC(=O)CCCCCC([*])=O,6.5532
[*]OC(C)CC([*])=O,6.5552
[*]CCOC(=O)CCC(C)CC(=O)O[*],6.5596
[*]CCCCCCCCCCCCCCCCCCCCOC(=O)CCCCCCC(=O)O[*],6.5596
[*]CC(C)C(=O)O[*],6.562
[*]CC([*])(F)C(=O)OCC,6.5652
[*]CC([*])CCCC1CCCCC1,6.5685
[*]CCCCCCCCCCOC(=O)CCC(=O)O[*],6.569
[*]CC([*])(F)C(=O)OCC(F)(F)F,6.5706
[*]CC(C)(C)COC(=O)NCCNC(=O)O[*],6.5733
[*]CCCCCOC(=O)CC(=O)O[*],6.5739
[*]CCCOC(=O)C1CCC(C(=O)O[*])CC1,6.5753
[*]CCOCCOC(=O)CCCCCC(=O)O[*],6.5754
[*]CCCCCCCCCC(=O)O[*],6.5763
[*]CC(F)(F)C(F)(F)C(F)(F)COC(=O)CCCCC(=O)O[*],6.5793
[*]CCCCOC(=O)CCCCS(=O)(=O)CCCCC(=O)O[*],6.5794
[*]CC(CCl)(CCl)CO[*],6.5804
[*]CCCCCCOCO[*],6.5809
[*]OC(=O)C1CCC(C(=O)OC2COC3C([*])COC23)CC1,6.5816
[*]OC1CCC(OC(=O)OCCCCOC([*])=O)CC1,6.5845
[*]CCCCCCS(=O)(=O)CCCCS([*])(=O)=O,6.5889
[*]CC([*])C(=O)OC(F)(F)C(F)(F)C(F)(F)C(F)(F)C(F)(F)C(F)(F)C(F)(F)C(F)(F)F,6.5889
[*]CCC(Cl)C([*])Cl,6.5894
[*]CC(C)(C)COC(=O)CCCCCCCCC(=O)O[*],6.5911
[*]CCCCCCCCCCCCCCCCCCCCOC(=O)CCC(C)CC(=O)O[*],6.5912
[*]CCCCOC(=O)CCC(C)CC(=O)O[*],6.5919
[*]CC1CCC(COC(=O)CCCCC(=O)O[*])CC1,6.5926
[*]CCCCCCCCCCCCCCCCOC(=O)CCCCCCCCC(=O)O[*],6.595
[*]CCCCCCOC(=O)NCC(F)(F)C(F)(F)C(F)(F)C(F)(F)CNC(=O)O[*],6.5962
[*]CCCCCC(=O)O[*],6.5974
[*]CC([*])OC(=O)CCCCCCC,6.5982
[*]CCCCCCCCCCOC(=O)CCCC(=O)O[*],6.5996
[*]CCOCCOC(=O)CCCCCCC(=O)O[*],6.6005
[*]OC([*])CCCC,6.602
[*]CC(CCl)(CCl)COC(=O)CCCCC(=O)O[*],6.6038
[*]CCCCOC(=O)CC(=O)O[*],6.6045
[*]CC([*])OC(=O)C(F)(F)C(F)(F)F,6.6062
[*]COC(=O)OCC1OC(C)(C)OC1[*],6.6067
[*]CC(C)(C)COC(=O)C1CCC(C(=O)O[*])CC1,6.607
[*]CCCCOC(=O)CCCCCCCC(=O)O[*],6.6081
[*]CC1CCC(COC(=O)CCC(=O)O[*])CC1,6.6088
[*]CC(COC(F)(C(F)(F)F)C(F)(F)F)O[*],6.6106
[*]CCC(C)C([*])(C)C(=O)OC,6.6109
[*]C1CCC([*])C1,6.6111
[*]CC(C#N)(C#N)C(C#N)C(C#N)(C#N)C(C#N)C(C#N)(C#N)[*],6.6115
[*]CCCCC(=O)O[*],6.6123
[*]OC(C)CCOC(=O)CCCCCCCC([*])=O,6.6135
[*]CO[*],6.6201
[*]CCCOC(=O)CCCCC(=O)O[*],6.6203
[*]CCCCCCCCCCCCCCCCCCOCO[*],6.621
[*]CCCCCCCCCCCCCCOC(=O)CCCCCCC(=O)O[*],6.6214
[*]CC([*])C(=O)OCC(F)(F)C(F)(F)C(F)(F)F,6.6215
[*]CCCCCCCCCCCCC(=O)O[*],6.6223
[*]CC([*])CC,6.6228
[*]CCC(C)C([*])C,6.6239
[*]CCCCCOC(=O)CCCCCCCC(=O)O[*],6.624
[*]CC([*])C(=O)OCC(F)(F)F,6.6246
[*]CC([*])(C#N)C(=O)OC,6.627000000000002
[*]CCCCCCCCCCCC(=O)O[*],6.629
[*]CCCCCCCCCCOC(=O)C1CCC(C(=O)O[*])CC1,6.6352
[*]O[Si](C)(C)O[Si](C)(C)OC(C)CCCCC([*])C,6.6365
[*]OC1CCC(OC(=O)CCCCC([*])=O)CC1,6.6371
[*]C(C#N)C(C#N)(C#N)[*],6.6373
[*]OC([*])CCC,6.6375
[*]OC(C)CCOC(=O)CCCCC([*])=O,6.64
[*]C([*])F,6.641
[*]CCCCCCCCCCOC(=O)CCCCCC(=O)O[*],6.6472
[*]CC1CCC(COC(=O)CCCCCCCCC(=O)O[*])CC1,6.6477
[*]CC1CCC(COC(=O)CCCCCC(=O)O[*])CC1,6.649
[*]CCCCCCCCCCCCCCCCCCCCOC(=O)CCCCCC(=O)O[*],6.6516
[*]CC(C)(C)COC(=O)CCCCC(=O)O[*],6.6524
[*]OC(=O)OCCCCCCCCOC(=O)OC1COC2C([*])COC12,6.6545
[*]CCC1CC([*])C2C3CC(CC)C(C3)C12,6.6591
[*]CC([*])(C)C(=O)OCC(F)(F)F,6.6593
[*]CCCCCCCCCCCCCCCCCCCCOC(=O)CCC(=O)O[*],6.6641
[*]CC1CCC(COC(=O)CCCC(=O)O[*])CC1,6.6651
[*]CC([*])(C#N)C(=O)OCC(C)C,6.6657
[*]CCCCCCOC(=O)CCCCCCCC(=O)O[*],6.666
[*]CC(C)(C)COC(=O)CCCCCCC(=O)O[*],6.666
[*]CCCCCOC(=O)CCCCS(=O)(=O)CCCCC(=O)O[*],6.6662
[*]CCCCCCCCCCCCCCOC(=O)CCCCC(=O)O[*],6.6687
[*]CCC1CC([*])C2C3CCC(C3)C12,6.669
[*]CC([*])(CF)C(=O)OC,6.6709
[*]CCCCCCCC(=O)O[*],6.6711
[*]CCCCCCCCCCC(=O)O[*],6.6722
[*]CC([*])C(=O)OCF,6.6724
[*]CC(C)(CCC)C(=O)O[*],6.6736
[*]CC(C)(CC)COC(=O)CCCCCCCCC(=O)O[*],6.6739
[*]CCOCCOC(=O)C1CCC(C(=O)O[*])CC1,6.676
[*]CCCCCCCCCOC(=O)C(O)C(O)C(=O)O[*],6.6774
[*]CC(CCCC)(CCCC)C(=O)O[*],6.6774
[*]CC([*])(F)C(=O)OCC(F)(F)C(F)(F)C(F)(F)F,6.6812
[*]CC([*])C(=O)OCCOC(F)(F)C(F)F,6.6828
[*]CCCCCCCCCCOC(=O)CCCCCCCC(=O)O[*],6.6862
[*]CCCCCCCCOC(=O)CCCCCCC(=O)O[*],6.6874
[*]OC(C)COC(=O)CCCCCCCC([*])=O,6.6887
[*]CCCOC(=O)CCCCCCCCCCCCCCCCC(=O)O[*],6.6892
[*]OC(C)CCOC(=O)CCCC([*])=O,6.6901
[*]CC1CCC(COC(=O)CCCCCCCC(=O)O[*])CC1,6.6905
[*]OC(CCCCCC)CC([*])=O,6.6912
[*]CCCCCCCOC(=O)CCCCCCCCC(=O)O[*],6.6947
[*]CCC(C)(C)CC(C)COC(=O)CCCCC(=O)O[*],6.6953
[*]CCCC(=O)O[*],6.7015
[*]CCCCOC(=O)CCCCCC(=O)O[*],6.7037
[*]CCCOC(=O)CCCCCCCCCC(=O)O[*],6.7038
[*]CC1CCC(COC(=O)CCCCCCCCCCC(=O)O[*])CC1,6.7041
[*]OC(=O)OCCOCCOC(=O)OC1COC2C([*])COC12,6.7043
[*]OC(C)CCOC(=O)CCCCCCCCC([*])=O,6.7075
[*]CCCCCC([*])CC,6.7087
[*]CCCCCCCCCCOC(=O)CC(C)(C)CC(=O)O[*],6.7111
[*]OC(C)COC(=O)CCC([*])=O,6.7151
[*]OC(CC([*])=O)C1CO1,6.7174
[*]CCCCCCCCCCOC(=O)CC(C)C(=O)O[*],6.7186
[*]OC(C)CCOC(=O)CCCCCCCCCCC([*])=O,6.7191
[*]CCCCCS([*])(=O)=O,6.7191
[*]CC(O)C(O)COC(=O)O[*],6.72
[*]CC(C)(C)CS(=O)(=O)CC(C)(C)COC(=O)O[*],6.7247
[*]CCCCOC(=O)CCCCCCCCC(=O)O[*],6.7249
[*]CC([*])CC(C)C,6.7268
[*]CC([*])C(=O)O,6.7294
[*]CCCCCOC(=O)CCC(C)CC(=O)O[*],6.7309
[*]CCCCCCCCCCCCOC(=O)CCCCC(=O)O[*],6.7363
[*]CC([*])CCC,6.738
[*]CCCCCCCCCCCCCCCCOC(=O)CCCCC(=O)O[*],6.7432
[*]CCC1CC([*])C2CCCC12,6.7458
[*]CCCCCCCCCCCCCCCC(=O)O[*],6.7472
[*]CCC(C)CC(=O)O[*],6.7476
[*]ON(C(F)(F)F)C(F)(F)C([*])(F)F,6.7484
[*]CC(F)(F)C(F)(F)C(F)(F)COC(=O)NCC(F)(F)C(F)(F)C(F)(F)C(F)(F)CNC(=O)O[*],6.7502
[*]CCCCCCCCCCOC(=O)CCCCCCCCC(=O)O[*],6.7518
[*]CC1CCC(COC(=O)CCCCCCC(=O)O[*])CC1,6.7519
[*]CCCCCCCCCCCCCCCCCCCCOC(=O)CCCCC(=O)O[*],6.7541
[*]CC(F)(F)C(F)(F)C(F)(F)COC(=O)CCCC(=O)O[*],6.7542
[*]CCCOC(=O)CCCC(=O)O[*],6.7543
[*]CCCCCCCCOC(=O)CCCCC(=O)O[*],6.755
[*]CCCCCCOC(=O)CCCCCCCCC(=O)O[*],6.7561
[*]CC([*])C(=O)OCC(F)(F)C(F)(F)OC(F)(F)C(F)(F)C(F)(F)C(F)(F)F,6.7568
[*]CCCCOC(=O)CCCCC(=O)O[*],6.7585
[*]CCCCCOC(=O)CCCCCCCCC(=O)O[*],6.7588
[*]CCC(Cl)C([*])C,6.7598
[*]CCCCCCCCCCOC(=O)CCCCCCC(=O)O[*],6.7606
[*]CCCCCCCCCCCCCC(=O)O[*],6.7653
[*]CC(CCl)(CCl)COC(=O)CCC(=O)O[*],6.7655
[*]OC(CCl)CC([*])=O,6.7664
[*]CCCCCCCCCCCCCCCCCCCCOC(=O)CCCCCCCCC(=O)O[*],6.7686
[*]CC([*])C(=O)OCC(F)(F)C(F)C(F)(F)F,6.7714
[*]CC([*])(F)C(=O)OCC(F)(F)C(F)F,6.7718
[*]CC([*])OC(=O)C(F)(F)F,6.7735
[*]C1CC([*])(C#N)C1,6.7759
[*]OC(C)CCOC(=O)CC([*])=O,6.7779
[*]CCCCCC([*])CCCCCCCCCCCCCC,6.7781
[*]CCCCCCOC(=O)CCCCC(=O)O[*],6.78
[*]CC(C)(C)C(=O)O[*],6.7827
[*]CCC(C)CCC(=O)O[*],6.7876
[*]CC(CCl)(CCl)COC(=O)CCCCCCCCC(=O)O[*],6.7882
[*]CCCOC(=O)CCC(=O)O[*],6.7889
[*]CC([*])(F)C(=O)OC,6.7927
[*]C1CCC2C([*])CCC12,6.7946
[*]CC([*])OC(C)=O,6.7973
[*]N=P([*])(OCC(F)(F)F)OCC(F)(F)F,6.7975
[*]C[*],6.8063
[*]OC(=O)OC1COC2C([*])COC12,6.8154
[*]CCCCCCCCCCOC(=O)CCCCCCCCCCC(=O)O[*],6.8154
[*]CCCOC(=O)CCCCCCCCC(=O)O[*],6.8189
[*]CCCCCCCCCCCCCCCCOC(=O)CCCCCCC(=O)O[*],6.8272
[*]CCOC(=O)CCCCCC(=O)O[*],6.8318
[*]CC([*])OC(=O)CCC,6.8392
[*]CC1CCC(COC(=O)O[*])CC1,6.8439
[*]OC([*])C,6.845
[*]CCCOC(=O)CCCCCC(=O)O[*],6.855
[*]CC1CCC([*])C1,6.8566
[*]CCCCCCC(Cl)C([*])Cl,6.8597
[*]CC(Cl)C(Cl)C([*])Cl,6.8616
[*]OC(C)COC([*])=O,6.8711
[*]CCCOC(=O)CCCCCCC(=O)O[*],6.8719
[*]CC(F)(F)C(F)(F)C(F)(F)C(F)(F)COC(=O)CC(CC(=O)O[*])C(F)(F)C(F)(F)C(F)(F)F,6.872999999999998
[*]CCC([2H])C([*])([2H])C,6.8858
[*]OC(CC([*])=O)C(C)C,6.8886
[*]CCCCCCOC(=O)CCC(=O)O[*],6.8893
[*]CC(C)S([*])(=O)=O,6.8893
[*]CCCCCOC(=O)CCCCC(=O)O[*],6.8909
[*]COC(=O)OCC1OC(OCC)OC1[*],6.9052
[*]ON(C(F)(F)F)C(F)(C([*])(F)F)C(F)(F)F,6.9062
[*]CC([*])OC=O,6.9115
[*]CCOC(=O)CCCCCCCCC(=O)O[*],6.9145
[*]CCCCCCOC(=O)CC(=O)O[*],6.9173
[*]CCCCCCCCCCCCCCC(=O)O[*],6.917999999999998
[*]CCCCCCCCCCC(Cl)C([*])Cl,6.9183
[*]CCOC(=O)CCCCCCC(=O)O[*],6.9199
[*]CC(F)(F)C(F)(F)COC(=O)NCC(F)(F)C(F)(F)C(F)(F)C(F)(F)CNC(=O)O[*],6.9345
[*]OC(C)COC(=O)CCCCCCCCC([*])=O,6.9368
[*]CCCCCCOC(=O)O[*],6.9481
[*]OC1C(O)C([*])OC(CO)C1O,6.9578
[*]CC(C)(C)COC(=O)O[*],6.9656
[*]C(F)(F)C1(F)C(F)(F)C([*])(F)C1(F)F,6.9783
[*]CCCC([*])Cl,6.9819
[*]CCCCCCCCC(Cl)C([*])Cl,6.9848
[*]CC(C#N)(C#N)CC(C#N)(C#N)C(C#N)C(C#N)(C#N)[*],6.9871
[*]OC1CCC(OC(=O)OCCCCCOC([*])=O)CC1,6.9925
[*]CC(OC(=O)OCC)C(COC(=O)O[*])OC(=O)OCC,6.9928
[*]OC1CCC(OC(=O)OCCCCCCCOC([*])=O)CC1,6.9944
[*]CCCCOC(=O)OCC1CCC(COC(=O)O[*])CC1,7.0059
[*]CC(OC=O)C(COC(=O)O[*])OC=O,7.0118
[*]CCC(=O)O[*],7.0157
[*]CCCCCOC(=O)O[*],7.0388
[*]CC(C#N)(C#N)CC(C#N)(C#N)CC(C#N)(C#N)C(C#N)C(C#N)(C#N)[*],7.044
[*]CC([*])Cl,7.0461
[*]C(F)(F)C1(F)C(F)(F)C([*])(F)C(F)(F)C1(F)F,7.0615
[*]C(F)(F)C1(F)C(F)(F)C([*])(F)C(F)(F)C(F)(F)C(F)(F)C1(F)F,7.0703
[*]CCCCCCCCC([*])Cl,7.0727
[*]CC(=O)O[*],7.085
[*]CCCC([*])C,7.097
[*]CCC1CCC([*])C1,7.0987
[*]CCCCCCCCCCCCCCCCCCCCC([*])Cl,7.1075
[*]CCCCOC(=O)O[*],7.1273
[*]OC1CCC(OC(=O)OCCCCCCOC([*])=O)CC1,7.1388
[*]CC(C#N)(C#N)C(C#N)C(C#N)(C#N)[*],7.1417
[*]CCCCCCCCOC(=O)O[*],7.1538
[*]OC1CCC(OC([*])=O)CC1,7.1614
[*]CCCCCC([*])C,7.1712
[*]C(F)(F)C1(F)C(F)(F)C([*])(F)C(F)(F)C(F)(Cl)C1(F)F,7.1763
[*]C([*])(F)F,7.183
[*]OC1(F)CC(C([*])C)C1C(F)(F)C1(F)CC1,7.1864
[*]C1OCOC(C([*])(F)F)C1(F)F,7.1866
[*]CCCOC(=O)O[*],7.197
[*]CCCCCCCCCCCCCCC([*])Cl,7.2178
[*]CCCCCCCCCCOC(=O)O[*],7.2198
[*]C([2H])([2H])C([*])(F)F,7.2226
[*]CC([*])(F)F,7.2321
[*]OC([*])CCC#N,7.2521
[*]OC([*])CCl,7.2652
[*]CCC(O[*])(C(F)(F)F)C(F)(F)F,7.3424
[*]CC(C#N)(C#N)[*],7.4643
[*]CCOC(=O)O[*],7.4995
[*]CC(F)(F)C(F)(F)C(F)(F)C(F)(F)COC(=O)O[*],7.5614
[*]CCC(F)(F)C([*])(F)Cl,7.6185
[*]CC([*])(F)C#N,7.624
[*]CC([*])(C)C#N,7.6507
[*]CC([*])OC(=O)OCC(F)(F)F,7.6731
[*]CC([*])F,7.7611
[*]CC([*])C#N,7.7739
[*]CCCC([*])C#N,7.8416
[*]CC(F)(F)C1(F)CC(CC(O)(C(F)(F)F)C(F)(F)F)CC1[*],7.8745
[*]C1OC(C(F)(F)F)(C(F)(F)F)OC1([*])F,7.8893
[*]C1(F)OC(C(F)(F)F)(C(F)(F)Cl)OC1([*])F,7.9372
[*]C(F)(F)C([*])(F)OC(F)(F)F,8.0507
[*]COC(=O)O[*],8.088
[*]C(F)(F)C(F)(F)C(F)(F)C([*])(F)C(F)(F)F,8.1013
[*]C(F)C([*])(F)F,8.2406
[*]C(F)C([*])(F)OC(F)(F)F,8.2674
[*]C(OC(F)(F)F)C([*])(F)F,8.3525
[*]OC(F)(C([*])(F)F)C(F)(F)F,8.3828
[*]CC([*])C(F)(F)F,8.4665
[*]C(F)(F)C([*])(F)OC(F)(F)C(F)(F)F,8.4702
[*]CCC(F)(F)C([*])(F)F,8.6322
[*]CC([*])C(F)(F)C(F)(F)C(F)(F)F,8.7077
[*]CC([*])(F)C(F)(F)F,8.7581
[*]OC(F)(F)C(F)(F)C(F)(F)C([*])(F)F,8.8881
[*]OC(F)(F)C(F)(F)C([*])(F)F,9.3031
[*]OC(F)(F)OC(F)(F)C([*])(F)F,9.68
[*]OC(F)(F)C([*])(F)F,9.8351
