smiles,value
*/C=C/C(C*)C,-60.0
*/C=C/c1cc(OCCC(CCCC(C)C)C)c(cc1OC)*,50.0
*/C=C/c1ccc(cc1)/C=C/[Si](c1ccc(cc1)[Si](C)(C)*)(C)C,90.2
*/C=C/c1ccc(cc1)/C=C/[Si](c1ccc(cc1)[Si](CCC(F)(F)F)(C)*)(CCC(F)(F)F)C,52.8
*/C=C/c1ccc(cc1)/C=C/[Si](c1cccc(c1)[Si](C)(C)*)(C)C,39.2
*/C=C/c1ccc(cc1)/C=C/[Si](c1cccc(c1)[Si](CCC(F)(F)F)(C)*)(CCC(F)(F)F)C,23.4
*/C=C/c1ccc(cc1)N(Cc1ccccc1CN(c1ccc(cc1)/C=C/c1ccc(s1)/C=C(/S(=O)(=O)/C(=C/c1ccc(s1)*)/C#N)\C#N)CC)CC,178.0
*/C=C/c1cccc(c1)/C=C/[Si](c1ccc(cc1)[Si](C)(C)*)(C)C,41.7
*/C=C/c1cccc(c1)/C=C/[Si](c1ccc(cc1)[Si](CCC(F)(F)F)(C)*)(CCC(F)(F)F)C,39.2
*/C=C/c1cccc(c1)/C=C/[Si](c1cccc(c1)[Si](C)(C)*)(C)C,28.7
*/C=C\C(C*)C,-39.5
*/C=C\C1CC(C2C1C=CC2)*,53.0
*/C=C\c1ccc(cc1)/C=C\[Si](c1ccc(cc1)[Si](C)(C)*)(C)C,63.0
*/C=C\c1ccc(cc1)/C=C\[Si](c1ccc(cc1)[Si](CCC(F)(F)F)(C)*)(CCC(F)(F)F)C,55.7
*/C=C\c1ccc(cc1)/C=C\[Si](c1cccc(c1)[Si](C)(C)*)(C)C,33.0
*/C=C\c1ccc(cc1)/C=C\[Si](c1cccc(c1)[Si](CCC(F)(F)F)(C)*)(CCC(F)(F)F)C,23.4
*/C=C\c1cccc(c1)/C=C\[Si](c1ccc(cc1)[Si](C)(C)*)(C)C,38.1
*/C=C\c1cccc(c1)/C=C\[Si](c1ccc(cc1)[Si](CCC(F)(F)F)(C)*)(CCC(F)(F)F)C,34.5
*/C=C\c1cccc(c1)/C=C\[Si](c1cccc(c1)[Si](CCC(F)(F)F)(C)*)(CCC(F)(F)F)C,9.5
*=CNc1ccc(cc1)CCc1ccc(cc1)N=*,125.0
*=CNc1ccc(cc1)Cc1ccc(cc1)N=*,95.5
*=Cc1ccc(cc1)C=Nc1ccc(cc1OC)c1ccc(c(c1)OC)N=*,258.0
*=Cc1ccc(cc1)N(c1ccccc1)c1ccc(cc1)C=Nc1ccc(cc1OC)c1ccc(c(c1)OC)N=*,178.0
*=NP(=NP(=NC(=*)Cl)(Cl)Cl)(Cl)Cl,-21.0
*=NP(=NP(=NC(=*)Oc1ccc(cc1)Br)(Oc1ccc(cc1)Br)Oc1ccc(cc1)Br)(Oc1ccc(cc1)Br)Oc1ccc(cc1)Br,45.0
*=NP(=NP(=NC(=*)Oc1ccc(cc1)C(C)(C)C)(Oc1ccc(cc1)C(C)(C)C)Oc1ccc(cc1)C(C)(C)C)(Oc1ccc(cc1)C(C)(C)C)Oc1ccc(cc1)C(C)(C)C,74.0
*=NP(=NP(=NC(=*)Oc1ccc(cc1)C(F)(F)F)(Oc1ccc(cc1)C(F)(F)F)Oc1ccc(cc1)C(F)(F)F)(Oc1ccc(cc1)C(F)(F)F)Oc1ccc(cc1)C(F)(F)F,31.0
*=NP(=NP(=NC(=*)Oc1ccc(cc1)C(c1ccccc1)(C)C)(Oc1ccc(cc1)C(c1ccccc1)(C)C)Oc1ccc(cc1)C(c1ccccc1)(C)C)(Oc1ccc(cc1)C(c1ccccc1)(C)C)Oc1ccc(cc1)C(c1ccccc1)(C)C,55.0
*=NP(=NP(=NC(=*)Oc1ccccc1)(Oc1ccccc1)Oc1ccccc1)(Oc1ccccc1)Oc1ccccc1,18.0
*=NP(=NP(=NC(=*)Oc1ccccc1C(F)(F)F)(Oc1ccccc1C(F)(F)F)Oc1ccccc1C(F)(F)F)(Oc1ccccc1C(F)(F)F)Oc1ccccc1C(F)(F)F,-20.0
*=Nc1c(cc(cc1c1ccccc1)c1ccc(cc1)c1cc(c2ccccc2)c(c(c1)c1ccccc1)N=Cc1ccc(cc1)C=*)c1ccccc1,300.0
*=Nc1ccc(cc1)C(c1ccc(cc1)C(c1ccc(cc1)N=C1OC(=O)c2c1cc(cc2)Oc1ccc2c(c1)C(=O)OC2=*)(C)C)(C)C,247.0
*=Nc1ccc(cc1)Cc1ccc(cc1)NC(=*)C,142.0
*=Nc1ccc(cc1)Cc1ccc(cc1)NC(=*)c1ccccc1,158.0
*=Nc1ccc(cc1)N=C(c1ccccc1)/C=C/C(=*)c1ccccc1,157.0
*=Nc1ccc(cc1)N=C(c1ccccc1)c1ccc(cc1)C(=*)c1ccccc1,179.0
*=Nc1ccc(cc1)Oc1ccc(cc1)C(C(F)(F)F)(C(F)(F)F)c1ccc(cc1)Oc1ccc(cc1)N=c1oc(=O)c2c1cc1c(=*)oc(=O)c1c2,287.0
*=Nc1cccc(c1)N=C(c1ccccc1)/C=C/C(=*)c1ccccc1,178.0
*=Nc1cccc(c1)N=C(c1ccccc1)c1ccc(cc1)C(=*)c1ccccc1,179.0
*=Nc1cccc(c1)S(=O)(=O)c1cccc(c1)N=C1OC(=O)c2c1cc(cc2)Oc1ccc2c(c1)C(=O)OC2=*,190.0
*C#CC(=C(COS(=O)(=O)c1ccc(cc1)C)*)COS(=O)(=O)c1ccc(cc1)C,-73.0
*C#Cc1cccc(c1)C#C[SiH](C)*,72.0
*C#Cc1cccc(c1)C#C[SiH](c1ccccc1)*,52.0
*C#Cc1cccc(c1)C#C[Si](C)(C)*,50.0
*C#Cc1ccccc1C#C[SiH](c1ccccc1)*,71.0
*C(=C(C(C(F)(F)F)(C(F)(F)*)F)F)F,-3.0
*C(=C(C(C([2H])([2H])*)([2H])[2H])[2H])C([2H])([2H])[2H],-58.0
*C(=C(C)*)c1ccccc1,200.0
*C(=C(Cl)*)CCCC,190.0
*C(=C(Cl)*)c1ccccc1,215.0
*C(=C([Ge](C)(C)C)*)C,250.0
*C(=C([Si](C)(C)C)*)C,200.0
*C(=C([Si](CC[Si](C)(C)C)(C)C)*)C,200.0
*C(=C([Si](C[Si](C)(C)C)(C)C)*)C,200.0
*C(=C(c1ccc(cc1)Oc1ccccc1)*)c1ccccc1,200.0
*C(=C(c1ccc(cc1)[Si](C)(C)C)*)C,-5.0
*C(=C(c1ccc(s1)*)OC)OC,91.0
*C(=C(c1ccccc1)*)c1ccc(cc1)C(C)(C)C,200.0
*C(=C(c1ccccc1)*)c1ccc(cc1)[Si](C(C)C)(C(C)C)C(C)C,250.0
*C(=C(c1ccccc1)*)c1ccc(cc1)[Si](C)(C)C,200.0
*C(=C(c1ccccc1)*)c1cccc(c1)[Ge](C)(C)C,200.0
*C(=C(c1ccccc1)*)c1cccc(c1)[Si](C)(C)C,200.0
*C(=O)C1=C(*)C2CC1C=C2,94.0
*C(=O)C1C2C=CC(C1*)C2,77.0
*C(=O)C=Cc1ccc(cc1)C=CC(=O)N1CC(=O)N(C1=O)*,156.0
*C(=O)CCCCCCCCC(=O)N1CC(C)N(CC1C)*,-60.5
*C(=O)NC(=S)Nc1ccc(cc1)NC(=O)c1ccc(cc1)C(=O)Nc1ccc(cc1)N1C(=O)c2c(C1=O)cc(cc2)*,292.0
*C(=O)NC(=S)Nc1ccc(cc1)NC(=O)c1cccc(c1)C(=O)Nc1ccc(cc1)N1C(=O)c2c(C1=O)cc(cc2)*,290.0
*C(=O)NC(=S)Nc1cccnc1OC(=O)CCCCC(=O)Oc1ncccc1N1C(=O)c2c(C1=O)cc(cc2)*,223.0
*C(=O)NC(=S)Nc1cccnc1OC(=O)c1ccc(cc1)C(=O)Oc1ncccc1N1C(=O)c2c(C1=O)cc(cc2)*,230.0
*C(=O)NC(=S)Nc1cccnc1OC(=O)c1cccc(c1)C(=O)Oc1ncccc1N1C(=O)c2c(C1=O)cc(cc2)*,225.0
*C(=O)NC(=S)Nc1ncccc1C(=O)Nc1ccc(cc1)NC(=O)c1cccnc1N1C(=O)c2c(C1=O)cc(cc2)*,270.0
*C(=O)NC(=S)Nc1ncccc1C(=O)Nc1ccc(cc1)Oc1ccc(cc1)C(c1ccc(cc1)Oc1ccc(cc1)NC(=O)c1cccnc1N1C(=O)c2c(C1=O)cc(cc2)*)(C)C,264.0
*C(=O)NC(=S)Nc1ncccc1C(=O)Nc1ccc(cc1)Oc1ccc(cc1)NC(=O)c1cccnc1N1C(=O)c2c(C1=O)cc(cc2)*,265.0
*C(=O)NC(=S)Nc1ncccc1C(=O)Nc1cccc2c1cccc2NC(=O)c1cccnc1N1C(=O)c2c(C1=O)cc(cc2)*,267.0
*C(=O)NC1CCC(CC1)CC1CCC(CC1)NC(=O)c1ccc(cc1)N1C(=O)c2c(C1=O)cc(cc2)*,275.0
*C(=O)NC1CCCC(O1)*,145.0
*C(=O)NCCCCCCNC(=O)c1ccc(cc1)N1C(=O)c2c(C1=O)cc(cc2)*,225.0
*C(=O)NCCCCCCNC(=O)c1ccc(nc1)*,80.0
*C(=O)NCCCCCCNC(=O)c1ncn(c1*)C,86.0
*C(=O)NCCN(c1ccc(cc1)C=Cc1ccc(cc1)[N+](=O)[O-])CCNC(=O)c1ccc(cc1)N1C(=O)c2c(C1=O)cc(cc2)*,178.0
*C(=O)NCCN(c1ccc(cc1)C=Cc1ccc(cc1)[N+](=O)[O-])CCNC(=O)c1ccc2c(c1)C(=O)N(C2=O)c1ccc(cc1)Oc1ccc(cc1)N1C(=O)c2c(C1=O)cc(cc2)*,224.0
*C(=O)NCCN(c1ccc(cc1)C=Cc1ccc(cc1)[N+](=O)[O-])CCNC(=O)c1cccc(c1)N1C(=O)c2c(C1=O)cc(cc2)*,178.0
*C(=O)NCCNC(=O)c1ccc(cc1)N1C(=O)c2c(C1=O)cc(cc2)*,235.0
*C(=O)NNC(=O)c1ccc(cc1)[Si](c1ccccc1)(c1ccccc1)c1ccc(cc1)C(=O)NNC(=O)c1ccc(nc1)*,240.0
*C(=O)NNC(=O)c1ccc(cc1)[Si](c1ccccc1)(c1ccccc1)c1ccc(cc1)C(=O)NNC(=O)c1ccc(o1)*,252.0
*C(=O)NNC(=O)c1ccc(cc1)[Si](c1ccccc1)(c1ccccc1)c1ccc(cc1)C(=O)NNC(=O)c1cncc(c1)*,234.0
*C(=O)Nc1cc(NC(=O)c2ccc3c(c2)C(=O)N(C3=O)c2cc(cc(c2)N2C(=O)c3c(C2=O)cc(cc3)*)c2nnc(o2)c2ccccn2)cc(c1)c1nnc(o1)c1ccccn1,164.0
*C(=O)Nc1cc(NC(=O)c2ccc3c(c2)C(=O)N(C3=O)c2cc(cc(c2)N2C(=O)c3c(C2=O)cc(cc3)*)c2oc3c(n2)cccc3)cc(c1)c1[nH]c2c(n1)cccc2,371.0
*C(=O)Nc1cc(NC(=O)c2ccc3c(c2)C(=O)N(C3=O)c2cc(cc(c2)N2C(=O)c3c(C2=O)cc(cc3)*)c2sc3c(n2)cccc3)cc(c1)c1[nH]c2c(n1)cccc2,368.0
*C(=O)Nc1cc(NC(=O)c2ccc3c(c2)C(=O)N(C3=O)c2cccc(c2)N2C(=O)c3c(C2=O)cc(cc3)*)cc(c1)c1[nH]c2c(n1)cccc2,361.0
*C(=O)Nc1cc(NC(=O)c2ccc3c(c2)nc([nH]3)c2cc(cc(c2)N2C(=O)c3c(C2=O)cccc3)c2nc3c([nH]2)ccc(c3)*)cc(c1)c1nc2c([nH]1)cccc2,334.0
*C(=O)Nc1cc(NC(=O)c2ccc3c(c2)nc([nH]3)c2cccc(c2)c2nc3c([nH]2)ccc(c3)*)cc(c1)c1nc2c([nH]1)cccc2,315.0
*C(=O)Nc1cc(NC(=O)c2cccc(n2)*)cc(c1)c1nnc(o1)c1ccccn1,255.0
*C(=O)Nc1cc(NC(=O)c2cncc(c2)*)cc(c1)c1nnc(o1)c1ccccn1,185.0
*C(=O)Nc1cc(cc(c1Oc1ccc(cc1)C(F)(F)F)NC(=O)c1ccc2c(c1)C(=O)N(C2=O)c1cc(cc(c1Oc1ccc(cc1)C(F)(F)F)N1C(=O)c2c(C1=O)ccc(c2)*)C(F)(F)F)C(F)(F)F,315.0
*C(=O)Nc1cc(ccc1Oc1cccc2c1cccc2Oc1ccc(cc1NC(=O)c1ccc2c(c1)C(=O)N(C2=O)c1ccc(c(c1)c1ccccc1)Oc1ccc(cc1c1ccccc1)N1C(=O)c2c(C1=O)cc(cc2)*)C(F)(F)F)C(F)(F)F,376.0
*C(=O)Nc1ccc(c(c1)C(F)(F)F)c1ccc(cc1C(F)(F)F)NC(=O)c1ccc2c(c1)C(=O)N(C2=O)c1c(C)cc(c(c1C)N1C(=O)c2c(C1=O)cc(cc2)*)C,267.0
*C(=O)Nc1ccc(c(c1)C)c1ccc(cc1C)NC(=O)c1ccc2c(c1)C(=O)N(C2=O)c1c(C)cc(c(c1C)N1C(=O)c2c(C1=O)cc(cc2)*)C,259.0
*C(=O)Nc1ccc(c(c1)NC(=O)c1ccc2c(c1)C(=O)N(C2=O)c1c(C)cc(cc1C)Cc1cc(C)c(c(c1)C)N1C(=O)c2c(C1=O)cc(cc2)*)N=Nc1ccc(cc1)[N+](=O)[O-],264.0
*C(=O)Nc1ccc(c(c1)NC(=O)c1ccc2c(c1)C(=O)N(C2=O)c1c(C)cc(cc1C)c1cc(C)c(c(c1)C)N1C(=O)c2c(C1=O)cc(cc2)*)N=Nc1ccc(cc1)[N+](=O)[O-],278.0
*C(=O)Nc1ccc(c(c1)NC(=O)c1cccc(n1)*)Oc1ccc(cc1)c1cc(nc(c1)c1ccccc1)c1ccccc1,233.0
*C(=O)Nc1ccc(c(c1)OCCCCCCS(=O)(=O)c1ccc(cc1)C=Cc1ccc(cc1)N(C)C)NC(=O)c1ccc2c(c1)C(=O)N(C2=O)c1ccc(cc1)Oc1ccc(cc1)N1C(=O)c2c(C1=O)cc(cc2)*,192.0
*C(=O)Nc1ccc(c(c1)c1ccccc1)Oc1ccc(cc1c1ccccc1)NC(=O)c1ccc2c(c1)C(=O)N(C2=O)c1cc(cc(c1Oc1ccc(cc1)C(F)(F)F)N1C(=O)c2c(C1=O)cc(cc2)*)C(F)(F)F,312.0
*C(=O)Nc1ccc(c(c1)c1ccccc1)Oc1ccc(cc1c1ccccc1)NC(=O)c1ccc2c(c1)C(=O)N(C2=O)c1ccc(c(c1)c1ccccc1)Oc1ccc(cc1c1ccccc1)N1C(=O)c2c(C1=O)cc(cc2)*,369.0
*C(=O)Nc1ccc(cc1)C(=O)Nc1ccc(cc1)NC(=O)c1ccc2c(c1)nc([nH]2)c1ccc(cc1)c1nc2c([nH]1)ccc(c2)*,300.0
*C(=O)Nc1ccc(cc1)C(=O)Nc1ccc(cc1)NC(=O)c1ccc2c(c1)nc([nH]2)c1cccc(c1)c1nc2c([nH]1)ccc(c2)*,322.0
*C(=O)Nc1ccc(cc1)C(=O)c1ccc(cc1)NC(=O)c1ccc2c(c1)C(=O)N(C2=O)c1cccc(c1)P(=O)(c1cccc(c1)N1C(=O)c2c(C1=O)cc(cc2)*)c1ccccc1,238.0
*C(=O)Nc1ccc(cc1)C(C(F)(F)F)(C(F)(F)F)c1ccc(cc1)NC(=O)c1ccc(cc1C)N1C(=O)c2c(C1=O)cc(cc2)*,355.0
*C(=O)Nc1ccc(cc1)C(C(F)(F)F)(C(F)(F)F)c1ccc(cc1)NC(=O)c1ccc2c(c1)C(=O)N(C2=O)c1c(C)cc(c(c1C)N1C(=O)c2c(C1=O)cc(cc2)*)C,250.0
*C(=O)Nc1ccc(cc1)C(C(F)(F)F)(C(F)(F)F)c1ccc(cc1)NC(=O)c1ccc2c(c1)C(=O)N(C2=O)c1c(C)cc(c2c1cccc2)c1cc(C)c(c2c1cccc2)N1C(=O)c2c(C1=O)cc(cc2)*,250.0
*C(=O)Nc1ccc(cc1)C(C(F)(F)F)(C(F)(F)F)c1ccc(cc1)NC(=O)c1ccc2c(c1)C(=O)N(C2=O)c1c(C)cc(cc1C)c1cc(C)c(c(c1)C)N1C(=O)c2c(C1=O)cc(cc2)*,386.0
*C(=O)Nc1ccc(cc1)C(C(F)(F)F)(C(F)(F)F)c1ccc(cc1)NC(=O)c1ccc2c(c1)C(=O)N(C2=O)c1ccc(cc1)Oc1ccc2c(c1)cc(cc2)Oc1ccc(cc1)N1C(=O)c2c(C1=O)cc(cc2)*,292.0
*C(=O)Nc1ccc(cc1)C(C(F)(F)F)(C(F)(F)F)c1ccc(cc1)NC(=O)c1ccc2c(c1)C(=O)N(C2=O)c1ccc(cc1)Oc1cccc2c1cccc2Oc1ccc(cc1)N1C(=O)c2c(C1=O)cc(cc2)*,283.0
*C(=O)Nc1ccc(cc1)C(C(F)(F)F)(C(F)(F)F)c1ccc(cc1)NC(=O)c1ccc2c(c1)C(=O)N(C2=O)c1cccc2c1cccc2N1C(=O)c2c(C1=O)cc(cc2)*,250.0
*C(=O)Nc1ccc(cc1)C1(CC(C)CC(C1)(C)C)c1ccc(cc1)N1C(=O)c2c(C1=O)cc(cc2)*,328.0
*C(=O)Nc1ccc(cc1)C1(CCC(CC1)C(C)(C)C)c1ccc(cc1)N1C(=O)c2c(C1=O)cc(cc2)*,331.0
*C(=O)Nc1ccc(cc1)C1(CCCCC1)c1ccc(cc1)N1C(=O)c2c(C1=O)cc(cc2)*,319.0
*C(=O)Nc1ccc(cc1)C1(c2ccc(cc2)NC(=O)c2ccc3c(c2)C(=O)N(C3=O)c2ccc(cc2)Oc2ccc(cc2)N2C(=O)c3c(C2=O)cc(cc3)*)c2ccccc2-c2c1cccc2,240.0
*C(=O)Nc1ccc(cc1)C1(c2ccc(cc2)NC(=O)c2ccc3c(c2)C(=O)N(C3=O)c2ccc(cc2)Oc2cccc(c2)Oc2ccc(cc2)N2C(=O)c3c(C2=O)cc(cc3)*)c2ccccc2-c2c1cccc2,278.0
*C(=O)Nc1ccc(cc1)C1(c2ccc(cc2)NC(=O)c2ccc3c(c2)C(=O)N(C3=O)c2ccc(cc2)Sc2ccc(cc2)Oc2ccc(cc2)Sc2ccc(cc2)N2C(=O)c3c(C2=O)cc(cc3)*)c2ccccc2-c2c1cccc2,264.0
*C(=O)Nc1ccc(cc1)C1(c2ccc(cc2)NC(=O)c2ccc3c(c2)C(=O)N(C3=O)c2cccc(c2)N2C(=O)c3c(C2=O)cc(cc3)*)c2ccccc2-c2c1cccc2,209.0
*C(=O)Nc1ccc(cc1)Cc1ccc(cc1)N1C(=O)CC(C1=O)N1C(=O)c2c(C1=O)cc(cc2)*,123.0
*C(=O)Nc1ccc(cc1)Cc1ccc(cc1)N1C(=O)c2c(C1=O)cc(cc2)*,279.5
*C(=O)Nc1ccc(cc1)Cc1ccc(cc1)NC(=O)c1ccc(cc1)N1C(=O)c2c(C1=O)cc(cc2)*,222.0
*C(=O)Nc1ccc(cc1)Cc1ccc(cc1)NC(=O)c1ccc2c(c1)C(=O)N(C2=O)c1ccc(c(c1)N1C(=O)c2c(C1=O)cc(cc2)*)N=Nc1ccc(cc1)C,268.0
*C(=O)Nc1ccc(cc1)Cc1ccc(cc1)NC(=O)c1ccc2c(c1)C(=O)N(C2=O)c1ccc(cc1)Oc1ccc(cc1)N1C(=O)c2c(C1=O)cc(cc2)*,270.0
*C(=O)Nc1ccc(cc1)Cc1ccc(cc1)NC(=O)c1ccc2c(c1)C(=O)N(C2=O)c1ccc(cc1)Oc1ccc2c(c1)cc(cc2)Oc1ccc(cc1)N1C(=O)c2c(C1=O)cc(cc2)*,273.0
*C(=O)Nc1ccc(cc1)Cc1ccc(cc1)NC(=O)c1ccc2c(c1)C(=O)N(C2=O)c1ccc(cc1)S(=O)(=O)c1ccc(cc1)N1C(=O)c2c(C1=O)cc(cc2)*,324.0
*C(=O)Nc1ccc(cc1)Cc1ccc(cc1)NC(=O)c1ccc2c(c1)C(=O)N(C2=O)c1ccc(cc1)c1sc(c(c1c1ccccc1)c1ccccc1)c1ccc(cc1)N1C(=O)c2c(C1=O)cc(cc2)*,253.0
*C(=O)Nc1ccc(cc1)Cc1ccc(cc1)NC(=O)c1ccc2c(c1)C(=O)N(C2=O)c1cccc(c1)P(=O)(c1cccc(c1)N1C(=O)c2c(C1=O)cc(cc2)*)c1ccccc1,233.0
*C(=O)Nc1ccc(cc1)N1C(=O)CC(C1=O)N1C(=O)c2c(C1=O)cc(cc2)*,120.0
*C(=O)Nc1ccc(cc1)NC(=O)c1ccc(cc1)N1C(=O)c2c(C1=O)cc(cc2)*,297.5
*C(=O)Nc1ccc(cc1)NC(=O)c1ccc(cc1)NC(=O)c1ccc(cc1)c1nc2c([nH]1)ccc(c2)*,295.0
*C(=O)Nc1ccc(cc1)NC(=O)c1ccc2c(c1)C(=O)N(C2=O)c1c(C)cc(c(c1C)N1C(=O)c2c(C1=O)cc(cc2)*)C,327.0
*C(=O)Nc1ccc(cc1)NC(=O)c1ccc2c(c1)C(=O)N(C2=O)c1cc(cc(c1)N1C(=O)c2c(C1=O)cc(cc2)*)c1sc2c(n1)cccc2,356.0
*C(=O)Nc1ccc(cc1)NC(=O)c1ccc2c(c1)C(=O)N(C2=O)c1ccc(cc1)Oc1cccc2c1cccc2N1C(=O)c2c(C1=O)cc(cc2)*,307.0
*C(=O)Nc1ccc(cc1)NC(=O)c1ccc2c(c1)C(=O)N(C2=O)c1ccc(cc1)S(=O)(=O)c1ccc(cc1)N1C(=O)c2c(C1=O)cc(cc2)*,368.0
*C(=O)Nc1ccc(cc1)NC(=O)c1ccc2c(c1)C(=O)N(C2=O)c1ccc(cc1)c1sc(c(c1c1ccccc1)c1ccccc1)c1ccc(cc1)N1C(=O)c2c(C1=O)cc(cc2)*,333.0
*C(=O)Nc1ccc(cc1)NC(=O)c1ccc2c(c1)C(=O)N(C2=O)c1cccc(c1)N1C(=O)c2c(C1=O)cc(cc2)*,341.0
*C(=O)Nc1ccc(cc1)NC(=O)c1ccc2c(c1)C(=O)N(C2=O)c1cccc(c1)P(=O)(c1cccc(c1)N1C(=O)c2c(C1=O)cc(cc2)*)c1ccccc1,204.0
*C(=O)Nc1ccc(cc1)NC(=O)c1ccc2c(c1)nc([nH]2)c1cc(cc(c1)c1[nH]c2c(n1)cc(cc2)*)N1C(=O)c2c(C1=O)cccc2,295.0
*C(=O)Nc1ccc(cc1)Oc1c(C)cc(cc1C)C(c1cc(C)c(c(c1)C)Oc1ccc(cc1)NC(=O)c1ccc2c(c1)C(=O)N(C2=O)c1ccc(cc1)Oc1ccc(cc1)C1(CC2CC1C1C2CCC1)c1ccc(cc1)Oc1ccc(cc1)N1C(=O)c2c(C1=O)cc(cc2)*)(C)C,276.0
*C(=O)Nc1ccc(cc1)Oc1cc(c(cc1C(C)(C)C)Oc1ccc(cc1)NC(=O)c1ccc2c(c1)C(=O)N(C2=O)c1ccc(cc1)Oc1ccc(cc1)C1(CC2CC1C1C2CCC1)c1ccc(cc1)Oc1ccc(cc1)N1C(=O)c2c(C1=O)cc(cc2)*)C(C)(C)C,290.0
*C(=O)Nc1ccc(cc1)Oc1ccc(c(c1)C(C)(C)C)Oc1ccc(cc1)NC(=O)c1ccc2c(c1)C(=O)N(C2=O)c1ccc(cc1)Oc1ccc(cc1)C1(CC2CC1C1C2CCC1)c1ccc(cc1)Oc1ccc(cc1)N1C(=O)c2c(C1=O)cc(cc2)*,275.0
*C(=O)Nc1ccc(cc1)Oc1ccc(c(c1)C)c1ccc(cc1C)Oc1ccc(cc1)NC(=O)c1ccc2c(c1)C(=O)N(C2=O)c1ccc(cc1)Oc1ccc(cc1)C1(CC2CC1C1C2CCC1)c1ccc(cc1)Oc1ccc(cc1)N1C(=O)c2c(C1=O)cc(cc2)*,265.0
*C(=O)Nc1ccc(cc1)Oc1ccc(cc1)C(=O)c1ccc(cc1)Oc1ccc(cc1)NC(=O)c1ccc(nc1)*,170.0
*C(=O)Nc1ccc(cc1)Oc1ccc(cc1)C(C(F)(F)F)(C(F)(F)F)c1ccc(cc1)Oc1ccc(cc1)NC(=O)c1ccc2c(c1)C(=O)N(C2=O)c1ccc(cc1)Oc1ccc(cc1)C1(CC2CC1C1C2CCC1)c1ccc(cc1)Oc1ccc(cc1)N1C(=O)c2c(C1=O)cc(cc2)*,254.0
*C(=O)Nc1ccc(cc1)Oc1ccc(cc1)C(C(F)(F)F)(C(F)(F)F)c1ccc(cc1)Oc1ccc(cc1)NC(=O)c1ccc2c(c1)C(=O)N(C2=O)c1ccc(cc1)Oc1ccc2c(c1)cc(cc2)Oc1ccc(cc1)N1C(=O)c2c(C1=O)cc(cc2)*,250.0
*C(=O)Nc1ccc(cc1)Oc1ccc(cc1)C(C(F)(F)F)(C(F)(F)F)c1ccc(cc1)Oc1ccc(cc1)NC(=O)c1ccc2c(c1)C(=O)N(C2=O)c1ccc(cc1)Oc1cccc2c1cccc2Oc1ccc(cc1)N1C(=O)c2c(C1=O)cc(cc2)*,231.0
*C(=O)Nc1ccc(cc1)Oc1ccc(cc1)C(c1ccc(cc1)Oc1ccc(cc1)N1C(=O)c2c(C1=O)cc(cc2)*)(C)C,230.0
*C(=O)Nc1ccc(cc1)Oc1ccc(cc1)C(c1ccc(cc1)Oc1ccc(cc1)NC(=O)c1ccc(cc1)N1C(=O)c2c(C1=O)cc(cc2)*)(C)C,216.0
*C(=O)Nc1ccc(cc1)Oc1ccc(cc1)C(c1ccc(cc1)Oc1ccc(cc1)NC(=O)c1ccc2c(c1)C(=O)N(C2=O)c1ccc(cc1)Oc1ccc2c(c1)cc(cc2)Oc1ccc(cc1)N1C(=O)c2c(C1=O)cc(cc2)*)(C)C,250.0
*C(=O)Nc1ccc(cc1)Oc1ccc(cc1)C(c1ccc(cc1)Oc1ccc(cc1)NC(=O)c1ccc2c(c1)C(=O)N(C2=O)c1ccc(cc1)Oc1cccc(c1)N1C(=O)c2c(C1=O)cc(cc2)*)(C)C,207.0
*C(=O)Nc1ccc(cc1)Oc1ccc(cc1)C(c1ccc(cc1)Oc1ccc(cc1)NC(=O)c1ccc2c(c1)C(=O)N(C2=O)c1ccc(cc1)Oc1cccc2c1cccc2Oc1ccc(cc1)N1C(=O)c2c(C1=O)cc(cc2)*)(C)C,235.0
*C(=O)Nc1ccc(cc1)Oc1ccc(cc1)C(c1ccc(cc1)Oc1ccc(cc1)NC(=O)c1ccc2c(c1)C(=O)N(C2=O)c1ccc(cc1)c1sc(c(c1c1ccccc1)c1ccccc1)c1ccc(cc1)N1C(=O)c2c(C1=O)cc(cc2)*)(C)C,287.0
*C(=O)Nc1ccc(cc1)Oc1ccc(cc1)C(c1cccc(c1)C(c1ccc(cc1)Oc1ccc(cc1)N1C(=O)c2c(C1=O)cc(cc2)*)(C)C)(C)C,177.0
*C(=O)Nc1ccc(cc1)Oc1ccc(cc1)C1(NC(=O)c2c1cccc2)c1ccc(cc1)Oc1ccc(cc1)NC(=O)c1ccc2c(c1)C(=O)N(C2=O)c1ccc(c(c1)N1C(=O)c2c(C1=O)cc(cc2)*)C,315.0
*C(=O)Nc1ccc(cc1)Oc1ccc(cc1)C1(NC(=O)c2c1cccc2)c1ccc(cc1)Oc1ccc(cc1)NC(=O)c1ccc2c(c1)C(=O)N(C2=O)c1ccc(cc1)N1C(=O)c2c(C1=O)cc(cc2)*,322.0
*C(=O)Nc1ccc(cc1)Oc1ccc(cc1)C1(NC(=O)c2c1cccc2)c1ccc(cc1)Oc1ccc(cc1)NC(=O)c1ccc2c(c1)C(=O)N(C2=O)c1ccc(cc1)Oc1ccc(c(c1)C)Oc1ccc(cc1)N1C(=O)c2c(C1=O)cc(cc2)*,293.0
*C(=O)Nc1ccc(cc1)Oc1ccc(cc1)C1(NC(=O)c2c1cccc2)c1ccc(cc1)Oc1ccc(cc1)NC(=O)c1ccc2c(c1)C(=O)N(C2=O)c1ccc(cc1)Oc1ccc(cc1)C1(NC(=O)c2c1cccc2)c1ccc(cc1)Oc1ccc(cc1)N1C(=O)c2c(C1=O)cc(cc2)*,330.0
*C(=O)Nc1ccc(cc1)Oc1ccc(cc1)C1(NC(=O)c2c1cccc2)c1ccc(cc1)Oc1ccc(cc1)NC(=O)c1ccc2c(c1)C(=O)N(C2=O)c1ccc(cc1)Oc1ccc(cc1)N1C(=O)c2c(C1=O)cc(cc2)*,320.0
*C(=O)Nc1ccc(cc1)Oc1ccc(cc1)C1(NC(=O)c2c1cccc2)c1ccc(cc1)Oc1ccc(cc1)NC(=O)c1ccc2c(c1)C(=O)N(C2=O)c1ccc(cc1)Oc1ccc(cc1)Oc1ccc(cc1)N1C(=O)c2c(C1=O)cc(cc2)*,284.0
*C(=O)Nc1ccc(cc1)Oc1ccc(cc1)C1(NC(=O)c2c1cccc2)c1ccc(cc1)Oc1ccc(cc1)NC(=O)c1ccc2c(c1)C(=O)N(C2=O)c1ccc(cc1)Oc1ccc(cc1)S(=O)(=O)c1ccc(cc1)Oc1ccc(cc1)N1C(=O)c2c(C1=O)cc(cc2)*,283.0
*C(=O)Nc1ccc(cc1)Oc1ccc(cc1)C1(NC(=O)c2c1cccc2)c1ccc(cc1)Oc1ccc(cc1)NC(=O)c1ccc2c(c1)C(=O)N(C2=O)c1ccc(cc1)Oc1cccc(c1)N1C(=O)c2c(C1=O)cc(cc2)*,272.0
*C(=O)Nc1ccc(cc1)Oc1ccc(cc1)C1(NC(=O)c2c1cccc2)c1ccc(cc1)Oc1ccc(cc1)NC(=O)c1ccc2c(c1)C(=O)N(C2=O)c1ccc(cc1)Oc1cccc(c1)Oc1ccc(cc1)N1C(=O)c2c(C1=O)cc(cc2)*,267.0
*C(=O)Nc1ccc(cc1)Oc1ccc(cc1)C1(NC(=O)c2c1cccc2)c1ccc(cc1)Oc1ccc(cc1)NC(=O)c1ccc2c(c1)C(=O)N(C2=O)c1cccc(c1)N1C(=O)c2c(C1=O)cc(cc2)*,320.0
*C(=O)Nc1ccc(cc1)Oc1ccc(cc1)N1C(=O)CC(C1=O)N1C(=O)c2c(C1=O)cc(cc2)*,223.0
*C(=O)Nc1ccc(cc1)Oc1ccc(cc1)N1C(=O)c2c(C1=O)cc(cc2)*,288.5
*C(=O)Nc1ccc(cc1)Oc1ccc(cc1)NC(=O)c1ccc(cc1)N1C(=O)c2c(C1=O)cc(cc2)*,244.0
*C(=O)Nc1ccc(cc1)Oc1ccc(cc1)NC(=O)c1ccc2c(c1)C(=O)N(C2=O)C1CCC(CC1)CC1CCC(CC1)N1C(=O)c2c(C1=O)cc(cc2)*,250.0
*C(=O)Nc1ccc(cc1)Oc1ccc(cc1)NC(=O)c1ccc2c(c1)C(=O)N(C2=O)c1cc(cc(c1Oc1ccc(cc1)C(F)(F)F)N1C(=O)c2c(C1=O)cc(cc2)*)C(F)(F)F,295.0
*C(=O)Nc1ccc(cc1)Oc1ccc(cc1)NC(=O)c1ccc2c(c1)C(=O)N(C2=O)c1ccc(c(c1)c1ccccc1)Oc1ccc(cc1c1ccccc1)N1C(=O)c2c(C1=O)cc(cc2)*,345.0
*C(=O)Nc1ccc(cc1)Oc1ccc(cc1)NC(=O)c1ccc2c(c1)C(=O)N(C2=O)c1ccc(cc1)Cc1ccc(cc1)N1C(=O)c2c(C1=O)cc(cc2)*,251.0
*C(=O)Nc1ccc(cc1)Oc1ccc(cc1)NC(=O)c1ccc2c(c1)C(=O)N(C2=O)c1ccc(cc1)Oc1ccc(cc1)C1(CC2CC1C1C2CCC1)c1ccc(cc1)Oc1ccc(cc1)N1C(=O)c2c(C1=O)cc(cc2)*,250.0
*C(=O)Nc1ccc(cc1)Oc1ccc(cc1)NC(=O)c1ccc2c(c1)C(=O)N(C2=O)c1ccc(cc1)Oc1ccc(cc1)C1(NC(=O)c2c1cccc2)c1ccc(cc1)Oc1ccc(cc1)N1C(=O)c2c(C1=O)cc(cc2)*,325.0
*C(=O)Nc1ccc(cc1)Oc1ccc(cc1)NC(=O)c1ccc2c(c1)C(=O)N(C2=O)c1ccc(cc1)Oc1ccc(cc1)N1C(=O)c2c(C1=O)cc(cc2)*,282.0
*C(=O)Nc1ccc(cc1)Oc1ccc(cc1)NC(=O)c1ccc2c(c1)C(=O)N(C2=O)c1ccc(cc1)Oc1cccc2c1cccc2N1C(=O)c2c(C1=O)cc(cc2)*,278.0
*C(=O)Nc1ccc(cc1)Oc1ccc(cc1)NC(=O)c1ccc2c(c1)C(=O)N(C2=O)c1ccc(cc1)S(=O)(=O)c1ccc(cc1)N1C(=O)c2c(C1=O)cc(cc2)*,281.0
*C(=O)Nc1ccc(cc1)Oc1ccc(cc1)NC(=O)c1ccc2c(c1)C(=O)N(C2=O)c1ccc(cc1)c1sc(c(c1c1ccccc1)c1ccccc1)c1ccc(cc1)N1C(=O)c2c(C1=O)cc(cc2)*,320.0
*C(=O)Nc1ccc(cc1)Oc1ccc(cc1)NC(=O)c1ccc2c(c1)C(=O)N(C2=O)c1cccc(c1)P(=O)(c1cccc(c1)N1C(=O)c2c(C1=O)cc(cc2)*)c1ccccc1,235.0
*C(=O)Nc1ccc(cc1)Oc1ccc(cc1)Oc1ccc(cc1)N1C(=O)c2c(C1=O)cc(cc2)*,250.0
*C(=O)Nc1ccc(cc1)Oc1ccc(cc1)Oc1ccc(cc1)NC(=O)c1ccc2c(c1)C(=O)N(C2=O)c1ccc(cc1)Oc1ccc(cc1)C1(CC2CC1C1C2CCC1)c1ccc(cc1)Oc1ccc(cc1)N1C(=O)c2c(C1=O)cc(cc2)*,257.0
*C(=O)Nc1ccc(cc1)Oc1ccc(cc1)Oc1ccc(cc1)NC(=O)c1ccc2c(c1)C(=O)N(C2=O)c1ccc(cc1)Oc1ccc(cc1)C1(NC(=O)c2c1cccc2)c1ccc(cc1)Oc1ccc(cc1)N1C(=O)c2c(C1=O)cc(cc2)*,300.0
*C(=O)Nc1ccc(cc1)Oc1ccc(cc1)Oc1ccc(cc1)NC(=O)c1ccc2c(c1)C(=O)N(C2=O)c1ccc(cc1)Oc1ccc(cc1)N1C(=O)c2c(C1=O)cc(cc2)*,260.0
*C(=O)Nc1ccc(cc1)Oc1ccc(cc1)Oc1ccc(cc1)NC(=O)c1ccc2c(c1)C(=O)N(C2=O)c1ccc(cc1)Oc1cccc2c1cccc2Oc1ccc(cc1)N1C(=O)c2c(C1=O)cc(cc2)*,285.0
*C(=O)Nc1ccc(cc1)Oc1ccc(cc1)Oc1ccc(cc1)NC(=O)c1ccc2c(c1)C(=O)N(C2=O)c1ccc(cc1)S(=O)(=O)c1ccc(cc1)N1C(=O)c2c(C1=O)cc(cc2)*,243.0
*C(=O)Nc1ccc(cc1)Oc1ccc(cc1)Oc1ccc(cc1)NC(=O)c1ccc2c(c1)C(=O)N(C2=O)c1ccc(cc1)c1sc(c(c1c1ccccc1)c1ccccc1)c1ccc(cc1)N1C(=O)c2c(C1=O)cc(cc2)*,303.0
*C(=O)Nc1ccc(cc1)Oc1ccc(cc1)S(=O)(=O)c1ccc(cc1)Oc1ccc(cc1)NC(=O)c1ccc2c(c1)C(=O)N(C2=O)c1ccc(cc1)Oc1ccc(cc1)C1(NC(=O)c2c1cccc2)c1ccc(cc1)Oc1ccc(cc1)N1C(=O)c2c(C1=O)cc(cc2)*,302.0
*C(=O)Nc1ccc(cc1)Oc1ccc(cc1)S(=O)(=O)c1ccc(cc1)Oc1ccc(cc1)NC(=O)c1ccc2c(c1)C(=O)N(C2=O)c1ccc(cc1)Oc1ccc2c(c1)cc(cc2)Oc1ccc(cc1)N1C(=O)c2c(C1=O)cc(cc2)*,274.0
*C(=O)Nc1ccc(cc1)Oc1ccc(cc1)S(=O)(=O)c1ccc(cc1)Oc1ccc(cc1)NC(=O)c1ccc2c(c1)C(=O)N(C2=O)c1ccc(cc1)Oc1cccc2c1cccc2Oc1ccc(cc1)N1C(=O)c2c(C1=O)cc(cc2)*,260.0
*C(=O)Nc1ccc(cc1)Oc1ccc(cc1)c1ccc(cc1)Oc1ccc(cc1)NC(=O)c1ccc2c(c1)C(=O)N(C2=O)c1ccc(c(c1)N1C(=O)c2c(C1=O)cc(cc2)*)C,299.0
*C(=O)Nc1ccc(cc1)Oc1ccc(cc1)c1ccc(cc1)Oc1ccc(cc1)NC(=O)c1ccc2c(c1)C(=O)N(C2=O)c1ccc(cc1)Oc1ccc(cc1)C(c1ccc(cc1)Oc1ccc(cc1)N1C(=O)c2c(C1=O)cc(cc2)*)(C)C,283.0
*C(=O)Nc1ccc(cc1)Oc1ccc(cc1)c1ccc(cc1)Oc1ccc(cc1)NC(=O)c1ccc2c(c1)C(=O)N(C2=O)c1ccc(cc1)Oc1ccc(cc1)N1C(=O)c2c(C1=O)cc(cc2)*,286.0
*C(=O)Nc1ccc(cc1)Oc1ccc(cc1)c1ccc(cc1)Oc1ccc(cc1)NC(=O)c1ccc2c(c1)C(=O)N(C2=O)c1ccc(cc1)Oc1ccc(cc1)S(=O)(=O)c1ccc(cc1)Oc1ccc(cc1)N1C(=O)c2c(C1=O)cc(cc2)*,267.0
*C(=O)Nc1ccc(cc1)Oc1ccc(cc1)c1ccc(cc1)Oc1ccc(cc1)NC(=O)c1ccc2c(c1)C(=O)N(C2=O)c1ccc(cc1)Oc1cccc2c1cccc2Oc1ccc(cc1)N1C(=O)c2c(C1=O)cc(cc2)*,310.0
*C(=O)Nc1ccc(cc1)Oc1ccc(cc1)c1ccc(cc1)Oc1ccc(cc1)NC(=O)c1ccc2c(c1)C(=O)N(C2=O)c1ccc(cc1)Oc1ccccc1c1ccccc1Oc1ccc(cc1)N1C(=O)c2c(C1=O)cc(cc2)*,254.0
*C(=O)Nc1ccc(cc1)Oc1ccc(cc1)c1ccc(cc1)Oc1ccc(cc1)NC(=O)c1ccc2c(c1)C(=O)N(C2=O)c1cccc(c1)N1C(=O)c2c(C1=O)cc(cc2)*,292.0
*C(=O)Nc1ccc(cc1)Oc1ccc2c(c1c1c(ccc3c1cccc3)Oc1ccc(cc1)NC(=O)c1ccc3c(c1)C(=O)N(C3=O)c1cc(cc(c1Oc1ccc(cc1)C(F)(F)F)N1C(=O)c3c(C1=O)cc(cc3)*)C(F)(F)F)cccc2,324.0
*C(=O)Nc1ccc(cc1)Oc1cccc(c1)NC(=O)c1ccc2c(c1)C(=O)N(C2=O)c1ccc(cc1)Oc1ccc(cc1)C1(NC(=O)c2c1cccc2)c1ccc(cc1)Oc1ccc(cc1)N1C(=O)c2c(C1=O)cc(cc2)*,302.0
*C(=O)Nc1ccc(cc1)Oc1cccc(c1)NC(=O)c1ccc2c(c1)C(=O)N(C2=O)c1ccc(cc1)Oc1ccc(cc1)N1C(=O)c2c(C1=O)cc(cc2)*,236.0
*C(=O)Nc1ccc(cc1)Oc1cccc(c1)NC(=O)c1ccc2c(c1)C(=O)N(C2=O)c1ccc(cc1)Oc1ccc2c(c1)cc(cc2)Oc1ccc(cc1)N1C(=O)c2c(C1=O)cc(cc2)*,263.0
*C(=O)Nc1ccc(cc1)Oc1cccc(c1)NC(=O)c1ccc2c(c1)C(=O)N(C2=O)c1ccc(cc1)Oc1cccc(c1)N1C(=O)c2c(C1=O)cc(cc2)*,211.0
*C(=O)Nc1ccc(cc1)Oc1cccc(c1)NC(=O)c1ccc2c(c1)C(=O)N(C2=O)c1ccc(cc1)c1sc(c(c1c1ccccc1)c1ccccc1)c1ccc(cc1)N1C(=O)c2c(C1=O)cc(cc2)*,315.0
*C(=O)Nc1ccc(cc1)Oc1cccc(c1)Oc1ccc(cc1)NC(=O)c1ccc2c(c1)C(=O)N(C2=O)c1ccc(cc1)Oc1ccc(cc1)C1(NC(=O)c2c1cccc2)c1ccc(cc1)Oc1ccc(cc1)N1C(=O)c2c(C1=O)cc(cc2)*,288.0
*C(=O)Nc1ccc(cc1)Oc1cccc(c1)Oc1ccc(cc1)NC(=O)c1ccc2c(c1)C(=O)N(C2=O)c1ccc(cc1)Sc1ccc(cc1)Oc1ccc(cc1)Sc1ccc(cc1)N1C(=O)c2c(C1=O)cc(cc2)*,179.0
*C(=O)Nc1ccc(cc1)Oc1cccc2c1cccc2NC(=O)c1ccc2c(c1)C(=O)N(C2=O)c1ccc(cc1)Oc1cccc2c1cccc2N1C(=O)c2c(C1=O)cc(cc2)*,276.0
*C(=O)Nc1ccc(cc1)Oc1ccccc1c1ccccc1Oc1ccc(cc1)NC(=O)c1ccc2c(c1)C(=O)N(C2=O)c1ccc(c(c1)N1C(=O)c2c(C1=O)cc(cc2)*)C,266.0
*C(=O)Nc1ccc(cc1)Oc1ccccc1c1ccccc1Oc1ccc(cc1)NC(=O)c1ccc2c(c1)C(=O)N(C2=O)c1ccc(cc1)Cc1ccc(cc1)N1C(=O)c2c(C1=O)cc(cc2)*,240.0
*C(=O)Nc1ccc(cc1)Oc1ccccc1c1ccccc1Oc1ccc(cc1)NC(=O)c1ccc2c(c1)C(=O)N(C2=O)c1ccc(cc1)N1C(=O)c2c(C1=O)cc(cc2)*,268.0
*C(=O)Nc1ccc(cc1)Oc1ccccc1c1ccccc1Oc1ccc(cc1)NC(=O)c1ccc2c(c1)C(=O)N(C2=O)c1ccc(cc1)Oc1ccc(cc1)C(c1ccc(cc1)Oc1ccc(cc1)N1C(=O)c2c(C1=O)cc(cc2)*)(C)C,229.0
*C(=O)Nc1ccc(cc1)Oc1ccccc1c1ccccc1Oc1ccc(cc1)NC(=O)c1ccc2c(c1)C(=O)N(C2=O)c1ccc(cc1)Oc1ccc(cc1)N1C(=O)c2c(C1=O)cc(cc2)*,244.0
*C(=O)Nc1ccc(cc1)Oc1ccccc1c1ccccc1Oc1ccc(cc1)NC(=O)c1ccc2c(c1)C(=O)N(C2=O)c1ccc(cc1)Oc1ccc(cc1)Oc1ccc(cc1)N1C(=O)c2c(C1=O)cc(cc2)*,238.0
*C(=O)Nc1ccc(cc1)Oc1ccccc1c1ccccc1Oc1ccc(cc1)NC(=O)c1ccc2c(c1)C(=O)N(C2=O)c1ccc(cc1)Oc1ccc(cc1)S(=O)(=O)c1ccc(cc1)Oc1ccc(cc1)N1C(=O)c2c(C1=O)cc(cc2)*,236.0
*C(=O)Nc1ccc(cc1)Oc1ccccc1c1ccccc1Oc1ccc(cc1)NC(=O)c1ccc2c(c1)C(=O)N(C2=O)c1ccc(cc1)Oc1ccc(cc1)c1ccc(cc1)Oc1ccc(cc1)N1C(=O)c2c(C1=O)cc(cc2)*,239.0
*C(=O)Nc1ccc(cc1)Oc1ccccc1c1ccccc1Oc1ccc(cc1)NC(=O)c1ccc2c(c1)C(=O)N(C2=O)c1ccc(cc1)Oc1cccc(c1)Oc1ccc(cc1)N1C(=O)c2c(C1=O)cc(cc2)*,229.0
*C(=O)Nc1ccc(cc1)Oc1ccccc1c1ccccc1Oc1ccc(cc1)NC(=O)c1ccc2c(c1)C(=O)N(C2=O)c1ccc(cc1)Oc1ccccc1c1ccccc1Oc1ccc(cc1)N1C(=O)c2c(C1=O)cc(cc2)*,227.0
*C(=O)Nc1ccc(cc1)Oc1ccccc1c1ccccc1Oc1ccc(cc1)NC(=O)c1ccc2c(c1)C(=O)N(C2=O)c1cccc(c1)N1C(=O)c2c(C1=O)cc(cc2)*,237.0
*C(=O)Nc1ccc(cc1)S(=O)(=O)c1ccc(cc1)N1C(=O)CC(C1=O)N1C(=O)c2c(C1=O)cc(cc2)*,145.0
*C(=O)Nc1ccc(cc1)S(=O)(=O)c1ccc(cc1)NC(=O)c1ccc(cc1)N1C(=O)c2c(C1=O)cc(cc2)*,220.0
*C(=O)Nc1ccc(cc1)S(=O)(=O)c1ccc(cc1)NC(=O)c1ccc2c(c1)C(=O)N(C2=O)c1cc(cc(c1)N1C(=O)c2c(C1=O)cc(cc2)*)c1oc2c(n1)cccc2,367.0
*C(=O)Nc1ccc(cc1)S(=O)(=O)c1ccc(cc1)NC(=O)c1ccc2c(c1)C(=O)N(C2=O)c1cc(cc(c1)N1C(=O)c2c(C1=O)cc(cc2)*)c1sc2c(n1)cccc2,357.0
*C(=O)Nc1ccc(cc1)S(=O)(=O)c1ccc(cc1)NC(=O)c1ccc2c(c1)C(=O)N(C2=O)c1ccc(cc1)Oc1ccc(cc1)N1C(=O)c2c(C1=O)cc(cc2)*,275.0
*C(=O)Nc1ccc(cc1)S(=O)(=O)c1ccc(cc1)NC(=O)c1ccc2c(c1)C(=O)N(C2=O)c1ccc(cc1)S(=O)(=O)c1ccc(cc1)N1C(=O)c2c(C1=O)cc(cc2)*,307.0
*C(=O)Nc1ccc(cc1)S(=O)(=O)c1ccc(cc1)NC(=O)c1ccc2c(c1)C(=O)N(C2=O)c1ccc(cc1)c1sc(c(c1c1ccccc1)c1ccccc1)c1ccc(cc1)N1C(=O)c2c(C1=O)cc(cc2)*,340.0
*C(=O)Nc1ccc(cc1)S(=O)(=O)c1ccc(cc1)NC(=O)c1ccc2c(c1)C(=O)N(C2=O)c1cccc(c1)N1C(=O)c2c(C1=O)cc(cc2)*,342.0
*C(=O)Nc1ccc(cc1)S(=O)(=O)c1ccc(cc1)NC(=O)c1ccc2c(c1)C(=O)N(C2=O)c1cccc(c1)P(=O)(c1cccc(c1)N1C(=O)c2c(C1=O)cc(cc2)*)c1ccccc1,241.0
*C(=O)Nc1ccc(cc1)S(=O)(=O)c1ccc(cc1)NC(=O)c1ccc2c(c1)nc([nH]2)c1cc(cc(c1)c1[nH]c2c(n1)cc(cc2)*)N1C(=O)c2c(C1=O)cccc2,325.0
*C(=O)Nc1ccc(cc1)S(=O)(=O)c1ccc(cc1)NC(=O)c1ccc2c(c1)nc([nH]2)c1cccc(c1)c1nc2c([nH]1)ccc(c2)*,312.0
*C(=O)Nc1ccc(cc1)Sc1ccc(cc1)NC(=O)c1ccc2c(c1)C(=O)N(C2=O)c1ccc(cc1)Oc1ccc(cc1)C1(NC(=O)c2c1cccc2)c1ccc(cc1)Oc1ccc(cc1)N1C(=O)c2c(C1=O)cc(cc2)*,312.0
*C(=O)Nc1ccc(cc1)Sc1ccc(cc1)NC(=O)c1ccc2c(c1)C(=O)N(C2=O)c1ccc(cc1)Oc1ccc(cc1)N1C(=O)c2c(C1=O)cc(cc2)*,284.0
*C(=O)Nc1ccc(cc1)Sc1ccc(cc1)NC(=O)c1ccc2c(c1)C(=O)N(C2=O)c1ccc(cc1)Oc1cccc2c1cccc2Oc1ccc(cc1)N1C(=O)c2c(C1=O)cc(cc2)*,265.0
*C(=O)Nc1ccc(cc1)c1ccc(cc1)N1C(=O)CC(C1=O)N1C(=O)c2c(C1=O)cc(cc2)*,219.0
*C(=O)Nc1ccc(cc1)c1ccc(cc1)NC(=O)N1CC(C)N(CC1C)*,250.0
*C(=O)Nc1ccc(cc1)c1ccc(cc1)NC(=O)c1ccc2c(c1)C(=O)N(C2=O)c1ccc(c(c1)c1ccccc1)Oc1ccc(cc1c1ccccc1)N1C(=O)c2c(C1=O)cc(cc2)*,358.0
*C(=O)Nc1ccc(cc1)c1ccc(cc1)NC(=O)c1ccc2c(c1)C(=O)N(C2=O)c1ccc(cc1)Oc1ccc(cc1)N1C(=O)c2c(C1=O)cc(cc2)*,315.0
*C(=O)Nc1ccc(cc1)c1ccc(cc1)NC(=O)c1ccc2c(c1)C(=O)N(C2=O)c1ccc(cc1)Oc1cccc2c1cccc2N1C(=O)c2c(C1=O)cc(cc2)*,301.0
*C(=O)Nc1ccc(cc1)c1ccc(cc1)NC(=O)c1ccc2c(c1)C(=O)N(C2=O)c1ccc(cc1)S(=O)(=O)c1ccc(cc1)N1C(=O)c2c(C1=O)cc(cc2)*,370.0
*C(=O)Nc1ccc(cc1)c1ccc(cc1)NC(=O)c1ccc2c(c1)C(=O)N(C2=O)c1cccc(c1)P(=O)(c1cccc(c1)N1C(=O)c2c(C1=O)cc(cc2)*)c1ccccc1,253.0
*C(=O)Nc1ccc(cc1)c1nc(cc(c1)c1ccccc1)c1ccc(cc1)NC(=O)c1ccc2c(c1)C(=O)N(C2=O)c1ccc(cc1)Oc1cccc2c1cccc2N1C(=O)c2c(C1=O)cc(cc2)*,295.0
*C(=O)Nc1ccc(cc1)c1nc(cc(c1)c1ccccc1)c1ccc(cc1)NC(=O)c1ccc2c(c1)C(=O)N(C2=O)c1cccc(c1)P(=O)(c1cccc(c1)N1C(=O)c2c(C1=O)cc(cc2)*)c1ccccc1,258.0
*C(=O)Nc1ccc(cc1)c1sc(c(c1c1ccccc1)c1ccccc1)c1ccc(cc1)NC(=O)c1ccc2c(c1)C(=O)N(C2=O)c1ccc(cc1)Oc1ccc2c(c1)cc(cc2)Oc1ccc(cc1)N1C(=O)c2c(C1=O)cc(cc2)*,311.0
*C(=O)Nc1ccc(cc1)c1sc(c(c1c1ccccc1)c1ccccc1)c1ccc(cc1)NC(=O)c1ccc2c(c1)C(=O)N(C2=O)c1ccc(cc1)Oc1cccc2c1cccc2Oc1ccc(cc1)N1C(=O)c2c(C1=O)cc(cc2)*,340.0
*C(=O)Nc1ccc(cc1)c1sc(c(c1c1ccccc1)c1ccccc1)c1ccc(cc1)NC(=O)c1ccc2c(c1)C(=O)N(C2=O)c1ccc(cc1)c1sc(c(c1c1ccccc1)c1ccccc1)c1ccc(cc1)N1C(=O)c2c(C1=O)cc(cc2)*,338.0
*C(=O)Nc1ccc(cc1C)Cc1ccc(c(c1)C)NC(=O)c1ccc2c(c1)C(=O)N(C2=O)c1c(C)cc(cc1C)c1cc(C)c(c(c1)C)N1C(=O)c2c(C1=O)cc(cc2)*,329.0
*C(=O)Nc1ccc2c(-c3cc(ccc3C2)NC(=O)c2ccc3c(c2)C(=O)N(C3=O)c2cccc(c2)P(=O)(c2cccc(c2)N2C(=O)c3c(C2=O)cc(cc3)*)c2ccccc2)c1,248.0
*C(=O)Nc1cccc(c1)C#Cc1cccc(c1)N1C(=O)c2c(C1=O)cc(cc2)*,312.0
*C(=O)Nc1cccc(c1)C(=O)Nc1cccc(c1)NC(=O)c1ccc2c(c1)nc([nH]2)c1ccc(cc1)c1nc2c([nH]1)ccc(c2)*,312.0
*C(=O)Nc1cccc(c1)C(=O)Nc1cccc(c1)NC(=O)c1ccc2c(c1)nc([nH]2)c1cccc(c1)c1nc2c([nH]1)ccc(c2)*,331.0
*C(=O)Nc1cccc(c1)C(=O)c1cccc(c1)NC(=O)c1ccc2c(c1)C(=O)N(C2=O)c1ccc(cc1)c1sc(c(c1c1ccccc1)c1ccccc1)c1ccc(cc1)N1C(=O)c2c(C1=O)cc(cc2)*,308.0
*C(=O)Nc1cccc(c1)N1C(=O)CC(C1=O)N1C(=O)c2c(C1=O)cc(cc2)*,130.0
*C(=O)Nc1cccc(c1)NC(=O)c1ccc(cc1)N1C(=O)c2c(C1=O)cc(cc2)*,240.0
*C(=O)Nc1cccc(c1)NC(=O)c1ccc(cc1)c1nc2c([nH]1)ccc(c2)*,325.0
*C(=O)Nc1cccc(c1)NC(=O)c1ccc2c(c1)C(=O)N(C2=O)c1ccc(cc1)Oc1ccc(cc1)C1(NC(=O)c2c1cccc2)c1ccc(cc1)Oc1ccc(cc1)N1C(=O)c2c(C1=O)cc(cc2)*,328.0
*C(=O)Nc1cccc(c1)NC(=O)c1ccc2c(c1)C(=O)N(C2=O)c1ccc(cc1)Oc1ccc2c(c1)cc(cc2)Oc1ccc(cc1)N1C(=O)c2c(C1=O)cc(cc2)*,286.0
*C(=O)Nc1cccc(c1)NC(=O)c1ccc2c(c1)C(=O)N(C2=O)c1ccc(cc1)Oc1cccc2c1cccc2Oc1ccc(cc1)N1C(=O)c2c(C1=O)cc(cc2)*,263.0
*C(=O)Nc1cccc(c1)NC(=O)c1ccc2c(c1)C(=O)N(C2=O)c1ccc(cc1)S(=O)(=O)c1ccc(cc1)N1C(=O)c2c(C1=O)cc(cc2)*,311.0
*C(=O)Nc1cccc(c1)NC(=O)c1ccc2c(c1)C(=O)N(C2=O)c1ccc(cc1)c1sc(c(c1c1ccccc1)c1ccccc1)c1ccc(cc1)N1C(=O)c2c(C1=O)cc(cc2)*,334.0
*C(=O)Nc1cccc(c1)NC(=O)c1ccc2c(c1)nc([nH]2)c1cc(cc(c1)c1[nH]c2c(n1)cc(cc2)*)N1C(=O)c2c(C1=O)cccc2,304.0
*C(=O)Nc1cccc(c1)NC(=O)c1ccc2c(c1)nc([nH]2)c1ccc(cc1)c1nc2c([nH]1)ccc(c2)*,294.0
*C(=O)Nc1cccc(c1)NC(=O)c1ccc2c(c1)nc([nH]2)c1cccc(c1)c1nc2c([nH]1)ccc(c2)*,297.5
*C(=O)Nc1cccc(c1)NC(=O)c1cccc(c1)NC(=O)c1ccc(cc1)c1nc2c([nH]1)ccc(c2)*,292.0
*C(=O)Nc1cccc(c1)Oc1ccc(cc1)C(=O)c1ccc(cc1)Oc1cccc(c1)NC(=O)c1ccc(nc1)*,154.0
*C(=O)Nc1cccc(c1)Oc1ccc(cc1)S(=O)(=O)c1ccc(cc1)Oc1cccc(c1)NC(=O)c1ccc(cc1)N1C(=O)c2c(C1=O)cc(cc2)*,235.0
*C(=O)Nc1cccc(c1)P(=O)(c1ccccc1)c1cccc(c1)NC(=O)c1ccc2c(c1)C(=O)N(C2=O)c1cccc(c1)P(=O)(c1cccc(c1)N1C(=O)c2c(C1=O)cc(cc2)*)c1ccccc1,206.0
*C(=O)Nc1cccc(c1)S(=O)(=O)c1cccc(c1)NC(=O)c1ccc2c(c1)C(=O)N(C2=O)c1cc(cc(c1)N1C(=O)c2c(C1=O)cc(cc2)*)c1nnc(o1)c1ccccn1,173.0
*C(=O)Nc1cccc(c1)S(=O)(=O)c1cccc(c1)NC(=O)c1ccc2c(c1)C(=O)N(C2=O)c1ccc(cc1)c1sc(c(c1c1ccccc1)c1ccccc1)c1ccc(cc1)N1C(=O)c2c(C1=O)cc(cc2)*,320.0
*C(=O)Nc1cccc(n1)NC(=O)c1ccc2c(c1)C(=O)N(C2=O)c1cc(cc(c1)N1C(=O)c2c(C1=O)cc(cc2)*)c1oc2c(n1)cccc2,365.0
*C(=O)Nc1cccc(n1)NC(=O)c1ccc2c(c1)C(=O)N(C2=O)c1cc(cc(c1)N1C(=O)c2c(C1=O)cc(cc2)*)c1sc2c(n1)cccc2,358.0
*C(=O)Nc1cccc(n1)NC(=O)c1ccc2c(c1)C(=O)N(C2=O)c1ccc(cc1)Oc1cccc2c1cccc2N1C(=O)c2c(C1=O)cc(cc2)*,293.0
*C(=O)Nc1cccc(n1)NC(=O)c1ccc2c(c1)C(=O)N(C2=O)c1cccc(c1)N1C(=O)c2c(C1=O)cc(cc2)*,339.0
*C(=O)Nc1cccc(n1)NC(=O)c1ccc2c(c1)C(=O)N(C2=O)c1cccc(c1)P(=O)(c1cccc(c1)N1C(=O)c2c(C1=O)cc(cc2)*)c1ccccc1,156.0
*C(=O)Nc1cccc(n1)NC(=O)c1ccc2c(c1)nc([nH]2)c1cc(cc(c1)c1[nH]c2c(n1)cc(cc2)*)N1C(=O)c2c(C1=O)cccc2,312.0
*C(=O)Nc1cccc(n1)NC(=O)c1ccc2c(c1)nc([nH]2)c1cccc(c1)c1nc2c([nH]1)ccc(c2)*,302.0
*C(=O)Nc1ccccc1NC(=O)c1ccc(cc1)N1C(=O)c2c(C1=O)cc(cc2)*,215.0
*C(=O)Nc1nc(NC(=O)c2ccc3c(c2)C(=O)N(C3=O)c2ccc(cc2)Oc2cccc3c2cccc3N2C(=O)c3c(C2=O)cc(cc3)*)nc(n1)c1ccccc1,291.0
*C(=O)OCC(CS(=O)(=O)CC(COC(=O)N1CC(C)N(CC1C)*)(C)C)(C)C,85.0
*C(=O)OCC(CSCC(COC(=O)C1(C)CNC(CN1)(*)C)(C)C)(C)C,40.0
*C(=O)OCC1(C)CCC(C1(C)C)COC(=O)c1ccc2c(c1)C(=O)N(C2=O)c1ccc(c(c1)C(F)(F)F)OCC1CCC(C1(C)C)(C)COc1ccc(cc1C(F)(F)F)N1C(=O)c2c(C1=O)cc(cc2)*,196.0
*C(=O)OCC1CCC(C1(C)C)(C)COC(=O)c1ccc2c(c1)C(=O)N(C2=O)c1ccc(cc1)Oc1ccc(cc1)Oc1ccc(cc1)N1C(=O)c2c(C1=O)cc(cc2)*,228.0
*C(=O)OCCCCCCCCCCCCCCCCCCCCCCOC(=O)c1ccc(cc1)N1C(=O)c2c(C1=O)cc(cc2)*,44.0
*C(=O)OCCCCCCCCCCCCOC(=O)C1OCOC1C1OCOC1*,-22.0
*C(=O)OCCCCCCCCCCCCOC(=O)c1ccc(cc1)N1C(=O)c2c(C1=O)cc(cc2)*,47.0
*C(=O)OCCCCCCCCCCCCOC(=O)c1ccc(cc1)NC(=O)c1ccc(cc1)N1C(=O)c2c(C1=O)cc(cc2)*,74.0
*C(=O)OCCCCCCCCCCCCOC(=O)c1ccc2c(c1)C(=O)N(C2=O)c1ccc(cc1)Oc1ccc(cc1)N1C(=O)c2c(C1=O)cc(cc2)*,105.0
*C(=O)OCCCCCCCCCCCOC(=O)c1ccc(cc1)N1C(=O)c2c(C1=O)cc(cc2)*,49.0
*C(=O)OCCCCCCCCCCOC(=O)c1ccc(cc1)N1C(=O)c2c(C1=O)cc(cc2)*,58.0
*C(=O)OCCCCCCCCCCOC(=O)c1ccc(cc1)NC(=O)c1ccc(cc1)N1C(=O)c2c(C1=O)cc(cc2)*,102.0
*C(=O)OCCCCCCCCCOC(=O)c1ccc(cc1)N1C(=O)c2c(C1=O)cc(cc2)*,62.0
*C(=O)OCCCCCCCCCOC(=O)c1ccc(cc1)NC(=O)c1ccc(cc1)N1C(=O)c2c(C1=O)cc(cc2)*,100.0
*C(=O)OCCCCCCCCOC(=O)c1ccc(cc1)N1C(=O)c2c(C1=O)cc(cc2)*,65.0
*C(=O)OCCCCCCCCOC(=O)c1ccc(cc1)NC(=O)c1ccc(cc1)N1C(=O)c2c(C1=O)cc(cc2)*,105.0
*C(=O)OCCCCCCCCOC(=O)c1ccc(o1)*,21.0
*C(=O)OCCCCCCCOC(=O)c1ccc(cc1)N1C(=O)c2c(C1=O)cc(cc2)*,77.0
*C(=O)OCCCCCCCOC(=O)c1ccc(cc1)NC(=O)c1ccc(cc1)N1C(=O)c2c(C1=O)cc(cc2)*,106.0
*C(=O)OCCCCCCOC(=O)C1OCOC1C1OCOC1*,0.0
*C(=O)OCCCCCCOC(=O)c1ccc(cc1)N1C(=O)c2c(C1=O)cc(cc2)*,80.5
*C(=O)OCCCCCCOC(=O)c1ccc(cc1)NC(=O)c1ccc(cc1)N1C(=O)c2c(C1=O)cc(cc2)*,107.0
*C(=O)OCCCCCCOC(=O)c1ccc(o1)*,26.2
*C(=O)OCCCCCOC(=O)c1ccc(cc1)N1C(=O)c2c(C1=O)cc(cc2)*,90.0
*C(=O)OCCCCCOC(=O)c1ccc(cc1)NC(=O)c1ccc(cc1)N1C(=O)c2c(C1=O)cc(cc2)*,129.0
*C(=O)OCCCCOC(=O)c1ccc(cc1)N1C(=O)c2c(C1=O)cc(cc2)*,100.5
*C(=O)OCCCCOC(=O)c1ccc(cc1)NC(=O)c1ccc(cc1)N1C(=O)c2c(C1=O)cc(cc2)*,130.0
*C(=O)OCCCCOC(=O)c1ccc(o1)*,38.0
*C(=O)OCCCOC(=O)c1ccc(o1)*,57.9
*C(=O)OCCCSCCCCCCSCCCOC(=O)c1ccc(cc1)N1C(=O)c2c(C1=O)cc(cc2)*,31.0
*C(=O)OCCCSCCCCSCCCOC(=O)c1ccc(cc1)N1C(=O)c2c(C1=O)cc(cc2)*,39.0
*C(=O)OCCN(c1ccc(cc1)N=Nc1ccc(cc1)C)CCOC(=O)c1ccc2c(c1)C(=O)N(C2=O)c1cccc(c1)N1C(=O)c2c(C1=O)cc(cc2)*,171.0
*C(=O)OCCN(c1ccc(cc1)N=Nc1ccc(cc1)F)CCOC(=O)c1ccc2c(c1)C(=O)N(C2=O)c1cccc(c1)N1C(=O)c2c(C1=O)cc(cc2)*,168.0
*C(=O)OCCN(c1ccc(cc1)N=Nc1ccc(cc1)[N+](=O)[O-])CCOC(=O)c1ccc2c(c1)C(=O)N(C2=O)c1c(C)cc(cc1C)Cc1cc(C)c(c(c1)C)N1C(=O)c2c(C1=O)cc(cc2)*,179.0
*C(=O)OCCN(c1ccc(cc1)N=Nc1ccc(cc1)[N+](=O)[O-])CCOC(=O)c1ccc2c(c1)C(=O)N(C2=O)c1cccc(c1)N1C(=O)c2c(C1=O)cc(cc2)*,210.0
*C(=O)OCCN(c1ccc(cc1)N=Nc1ccc(cc1[N+](=O)[O-])[N+](=O)[O-])CCOC(=O)c1ccc2c(c1)C(=O)N(C2=O)c1c(C)cc(cc1C)Cc1cc(C)c(c(c1)C)N1C(=O)c2c(C1=O)cc(cc2)*,176.0
*C(=O)OCCN(c1ccc(cc1)N=Nc1ccccc1)CCOC(=O)c1ccc2c(c1)C(=O)N(C2=O)c1ccc(c(c1)N1C(=O)c2c(C1=O)ccc(c2)*)N=Nc1ccccc1,119.0
*C(=O)OCCN(c1ccccc1)CCOC(=O)c1ccc2c(c1)C(=O)N(C2=O)c1c(C)cc(cc1C)Cc1cc(C)c(c(c1)C)N1C(=O)c2c(C1=O)cc(cc2)*,177.0
*C(=O)OCCN(c1ccccc1)CCOC(=O)c1ccc2c(c1)C(=O)N(C2=O)c1ccc(c(c1)N1C(=O)c2c(C1=O)cc(cc2)*)N=Nc1ccccc1,156.0
*C(=O)OCCOC(=O)c1ccc(cc1)N1C(=O)c2c(C1=O)cc(cc2)*,280.0
*C(=O)OCCOC(=O)c1ccc(o1)*,86.5
*C(=O)OCCOC(=O)c1cccc(c1)N1C(=O)c2c(C1=O)cc(cc2)*,220.0
*C(=O)OCCOC(=O)c1ccccc1N1C(=O)c2c(C1=O)cc(cc2)*,180.0
*C(=O)OCCOCCOC(=O)c1ccc(cc1)N1C(=O)c2c(C1=O)cc(cc2)*,101.0
*C(=O)OCCOCCOCCOC(=O)c1ccc(cc1)N1C(=O)c2c(C1=O)cc(cc2)*,63.0
*C(=O)OCCOCCOCCOCCOC(=O)c1ccc(cc1)N1C(=O)c2c(C1=O)cc(cc2)*,52.0
*C(=O)Oc1c(C)cc(cc1C)C(C(F)(F)F)(C(F)(F)F)c1cc(C)c(c(c1)C)OC(=O)c1ccc2c(c1)C(=O)N(C2=O)c1c(C)cc(cc1C)c1cc(C)c(c(c1)C)N1C(=O)c2c(C1=O)cc(cc2)*,327.0
*C(=O)Oc1c(C)cc(cc1C)C(c1cc(C)c(c(c1)C)OC(=O)c1ccc2c(c1)C(=O)N(C2=O)c1ccc(c(c1)C)c1ccc(cc1C)N1C(=O)c2c(C1=O)cc(cc2)*)(C)C,182.0
*C(=O)Oc1ccc(c(c1)C(C)(C)C)OC(=O)c1ccc2c(c1)C(=O)N(C2=O)c1ccc(cc1)Cc1ccc(cc1)N1C(=O)c2c(C1=O)cc(cc2)*,160.0
*C(=O)Oc1ccc(c(c1)C(C)(C)C)OC(=O)c1ccc2c(c1)C(=O)N(C2=O)c1ccc(cc1)Oc1ccc(cc1)N1C(=O)c2c(C1=O)cc(cc2)*,189.0
*C(=O)Oc1ccc(c(c1)C(C)(C)C)OC(=O)c1ccc2c(c1)C(=O)N(C2=O)c1ccc(cc1)S(=O)(=O)c1ccc(cc1)N1C(=O)c2c(C1=O)cc(cc2)*,179.0
*C(=O)Oc1ccc(c(c1)C)c1ccc(cc1C)OC(=O)c1ccc2c(c1)C(=O)N(C2=O)c1ccc(c(c1)C)c1ccc(cc1C)N1C(=O)c2c(C1=O)cc(cc2)*,177.0
*C(=O)Oc1ccc(c(c1)OC(=O)c1ccc2c(c1)C(=O)N(C2=O)c1ccc(c(c1)C)c1ccc(cc1C)N1C(=O)c2c(C1=O)cc(cc2)*)C12CC3CC(C2)CC(C1)C3,225.0
*C(=O)Oc1ccc(c(c1)c1ccccc1)OC(=O)c1ccc2c(c1)C(=O)N(C2=O)c1ccc(cc1)Oc1ccc(cc1)N1C(=O)c2c(C1=O)cc(cc2)*,212.0
*C(=O)Oc1ccc(cc1)C(=O)Oc1cccc(c1)OC(=O)c1ccc(cc1)OC(=O)c1ccc(nc1)*,110.0
*C(=O)Oc1ccc(cc1)C(C(F)(F)F)(C(F)(F)F)c1ccc(cc1)OC(=O)c1ccc2c(c1)C(=O)N(C2=O)c1c(C)cc(cc1C)c1cc(C)c(c(c1)C)N1C(=O)c2c(C1=O)cc(cc2)*,335.0
*C(=O)Oc1ccc(cc1)C(c1ccc(cc1)OC(=O)c1ccc2c(c1)C(=O)N(C2=O)c1ccc(c(c1)C)c1ccc(cc1C)N1C(=O)c2c(C1=O)cc(cc2)*)(C)C,166.0
*C(=O)Oc1ccc(cc1)C(c1ccc(cc1)OC(=O)c1ccc2c(c1)C(=O)N(C2=O)c1ccc(c(c1)N1C(=O)c2c(C1=O)cc(cc2)*)O)(C)C,225.0
*C(=O)Oc1ccc(cc1)C(c1ccc(cc1)OC(=O)c1ccc2c(c1)C(=O)N(C2=O)c1ccc(cc1)Oc1ccc(cc1)N1C(=O)c2c(C1=O)cc(cc2)*)(C)C,200.0
*C(=O)Oc1ccc(cc1)C(c1ccc(cc1)OC(=O)c1ccc2c(c1)C(=O)N(C2=O)c1ccc(cc1)Oc1cccc2c1cccc2N1C(=O)c2c(C1=O)cc(cc2)*)(C)C,221.0
*C(=O)Oc1ccc(cc1)C(c1ccc(cc1)OC(=O)c1ccc2c(c1)C(=O)N(C2=O)c1cccc(c1)N1C(=O)c2c(C1=O)cc(cc2)*)(C)C,225.0
*C(=O)Oc1ccc(cc1)C1(C2CC3CC1CC(C2)C3)c1ccc(cc1)OC(=O)c1ccc2c(c1)C(=O)N(C2=O)c1ccc(c(c1)C)c1ccc(cc1C)N1C(=O)c2c(C1=O)cc(cc2)*,222.0
*C(=O)Oc1ccc(cc1)C1(CC2CC1C1C2CCC1)c1ccc(cc1)OC(=O)c1ccc2c(c1)C(=O)N(C2=O)c1ccc(c(c1)C)c1ccc(cc1C)N1C(=O)c2c(C1=O)cc(cc2)*,226.0
*C(=O)Oc1ccc(cc1)C1(CCC(CC1)C(C)(C)C)c1ccc(cc1)OC(=O)c1ccc2c(c1)C(=O)N(C2=O)c1ccc(c(c1)C)c1ccc(cc1C)N1C(=O)c2c(C1=O)cc(cc2)*,217.0
*C(=O)Oc1ccc(cc1)C1(CCCC1)c1ccc(cc1)OC(=O)c1ccc2c(c1)C(=O)N(C2=O)c1ccc(c(c1)C)c1ccc(cc1C)N1C(=O)c2c(C1=O)cc(cc2)*,271.0
*C(=O)Oc1ccc(cc1)C1(CCCC1)c1ccc(cc1)OC(=O)c1ccc2c(c1)C(=O)N(C2=O)c1ccc(cc1)Oc1ccc(cc1)N1C(=O)c2c(C1=O)cc(cc2)*,248.0
*C(=O)Oc1ccc(cc1)C1(CCCC1)c1ccc(cc1)OC(=O)c1ccc2c(c1)C(=O)N(C2=O)c1ccc(cc1)Oc1ccc(cc1)Oc1ccc(cc1)N1C(=O)c2c(C1=O)cc(cc2)*,237.0
*C(=O)Oc1ccc(cc1)C1(CCCC1)c1ccc(cc1)OC(=O)c1ccc2c(c1)C(=O)N(C2=O)c1ccc(cc1)Oc1cccc(c1)Oc1ccc(cc1)N1C(=O)c2c(C1=O)cc(cc2)*,217.0
*C(=O)Oc1ccc(cc1)C1(CCCCCCCCCCC1)c1ccc(cc1)OC(=O)c1ccc2c(c1)C(=O)N(C2=O)c1ccc(c(c1)C)c1ccc(cc1C)N1C(=O)c2c(C1=O)cc(cc2)*,204.0
*C(=O)Oc1ccc(cc1)OC(=O)c1ccc2c(c1)C(=O)N(C2=O)C1CCC(CC1)N1C(=O)c2c(C1=O)cc(cc2)*,360.0
*C(=O)Oc1ccc(cc1)OC(=O)c1ccc2c(c1)C(=O)N(C2=O)c1ccc(cc1)Oc1ccc(cc1)N1C(=O)c2c(C1=O)cc(cc2)*,270.0
*C(=O)Oc1ccc(cc1)OC(=O)c1ccc2c(c1)C(=O)N(C2=O)c1ccc(cc1)Oc1ccc(cc1)Oc1ccc(cc1)N1C(=O)c2c(C1=O)cc(cc2)*,230.0
*C(=O)Oc1ccc(cc1)OC(=O)c1ccc2c(c1)C(=O)N(C2=O)c1ccc(cc1)Oc1cccc2c1cccc2N1C(=O)c2c(C1=O)cc(cc2)*,236.0
*C(=O)Oc1ccc(cc1)OCCCCCCCCCCCCOc1ccc(cc1)OC(=O)c1ccc2c(c1)C(=O)N(C2=O)c1ccc(cc1)Cc1ccc(cc1)N1C(=O)c2c(C1=O)cc(cc2)*,125.0
*C(=O)Oc1ccc(cc1)OCCCCCCCCCCCCOc1ccc(cc1)OC(=O)c1ccc2c(c1)C(=O)N(C2=O)c1ccc(cc1)S(=O)(=O)c1ccc(cc1)N1C(=O)c2c(C1=O)cc(cc2)*,140.0
*C(=O)Oc1ccc(cc1)[Si](c1ccc(cc1)OC(=O)c1ccc(s1)*)(C)C,-68.0
*C(=O)Oc1ccc(cc1)[Si](c1ccccc1)(c1ccc(cc1)OC(=O)c1ccc(s1)*)C,-71.0
*C(=O)Oc1ccc(cc1)[Si](c1ccccc1)(c1ccccc1)c1ccc(cc1)OC(=O)c1ccc(s1)*,-78.0
*C(=O)Oc1ccc(cc1)c1ccc(cc1)OC(=O)c1ccc2c(c1)C(=O)N(C2=O)c1ccc(cc1)Oc1ccc(cc1)N1C(=O)c2c(C1=O)cc(cc2)*,232.0
*C(=O)Oc1ccc2c(c1)cc(cc2)OC(=O)c1ccc2c(c1)C(=O)N(C2=O)c1ccc(cc1)Oc1ccc(cc1)N1C(=O)c2c(C1=O)cc(cc2)*,246.0
*C(=O)Oc1cccc(c1)OC(=O)c1ccc2c(c1)C(=O)N(C2=O)c1ccc(cc1)Oc1cccc2c1cccc2N1C(=O)c2c(C1=O)cc(cc2)*,232.0
*C(=O)Oc1ccccc1OC(=O)c1ccc2c(c1)C(=O)N(C2=O)c1ccc(cc1)Oc1cccc2c1cccc2N1C(=O)c2c(C1=O)cc(cc2)*,227.0
*C(=O)c1cc(OCCCCC)c(cc1)C(=O)NN*,234.0
*C(=O)c1cc(OCCCCCCCC)c(cc1)C(=O)NN*,203.5
*C(=O)c1ccc(c(c1)Sc1ccccc1)C(=O)N(c1ccccc1)*,152.0
*C(=S)Nc1ccc(cc1)Oc1ccc(cc1)NC(=S)N1C(=O)c2c(C1=O)cc(cc2)C(=O)c1ccc2c(c1)C(=O)N(C2=O)*,262.0
*C(=S)Nc1ccc(cc1)Oc1ccc(cc1)NC(=S)N1C(=O)c2c(C1=O)cc(cc2)C(C(F)(F)F)(C(F)(F)F)c1ccc2c(c1)C(=O)N(C2=O)*,260.0
*C(=S)Nc1ccc(cc1)Oc1ccc(cc1)NC(=S)n1c(=O)c2c(c1=O)cc1c(c2)c(=O)n(c1=O)*,265.0
*C(C#N)(C*)C,67.0
*C(C#N)C*,95.35
*C(C(=O)C)(C*)F,142.0
*C(C(=O)C)C*,115.0
*C(C(=O)N)(C*)C,88.7
*C(C(=O)N)C*,193.0
*C(C(=O)NC)C*,171.0
*C(C(=O)NCC#C)(C*)O,136.0
*C(C(=O)NCC(=O)N)C*,186.0
*C(C(=O)NCC=C)(C*)O,146.0
*C(C(=O)Nc1ccc(cc1)Oc1ccc(cc1)[Si](c1ccccc1)(c1ccccc1)c1ccc(cc1)Oc1ccc(cc1)NC(=O)C(N1C(=O)c2c(C1=O)cc(cc2)[Si](c1ccc2c(c1)C(=O)N(C2=O)*)(C)C)C)C,149.0
*C(C(=O)Nc1ccc(cc1)Oc1ccc(cc1)[Si](c1ccccc1)(c1ccccc1)c1ccc(cc1)Oc1ccc(cc1)NC(=O)C(N1C(=O)c2c(C1=O)cc(cc2)[Si](c1ccc2c(c1)C(=O)N(C2=O)*)(C)C)Cc1ccccc1)Cc1ccccc1,131.0
*C(C(=O)Nc1ccc(cc1)[Si](c1ccccc1)(c1ccccc1)c1ccc(cc1)NC(=O)C(N1C(=O)c2c(C1=O)cc(cc2)[Si](c1ccc2c(c1)C(=O)N(C2=O)*)(C)C)C)C,220.0
*C(C(=O)Nc1ccc(cc1)[Si](c1ccccc1)(c1ccccc1)c1ccc(cc1)NC(=O)C(N1C(=O)c2c(C1=O)cc(cc2)[Si](c1ccc2c(c1)C(=O)N(C2=O)*)(C)C)Cc1ccccc1)Cc1ccccc1,200.0
*C(C(=O)O)(C*)C,169.8
*C(C(=O)O)(C*)CC(=O)OC,159.0
*C(C(=O)O)(CCC*)C,132.0
*C(C(=O)O)C*,115.5
*C(C(=O)OC)(C#N)C*,130.0
*C(C(=O)OC)(C*)C,109.0
*C(C(=O)OC)(C*)Cl,125.0
*C(C(=O)OC)(C*)F,142.0
*C(C(=O)OC)(CC(C*)C)C,16.0
*C(C(=O)OC)C*,10.0
*C(C(=O)OC12CC3CC(C2)CC(C1)C3)C(C)*,236.5
*C(C(=O)OC1CCCCC1)*,140.0
*C(C(=O)OCC#C)(C*)C,58.0
*C(C(=O)OCC#N)(C*)C,91.0
*C(C(=O)OCC(=O)Nc1cc(on1)C)(C*)C,128.0
*C(C(=O)OCC(O)C)(C*)C,74.0
*C(C(=O)OCC(O)C)C*,-7.0
*C(C(=O)OCC1CO1)(C*)C,74.0
*C(C(=O)OCC1COC(=O)O1)(C*)C,124.0
*C(C(=O)OCC=C)(C*)C,45.0
*C(C(=O)OCCC#N)(C*)C,74.0
*C(C(=O)OCCC#N)C*,4.0
*C(C(=O)OCCCCSC)C*,-70.0
*C(C(=O)OCCCOC)C*,-66.5
*C(C(=O)OCCCSC)C*,-65.0
*C(C(=O)OCCN=C=S)(C*)C,55.0
*C(C(=O)OCCOC)(C*)C,23.5
*C(C(=O)OCCOC)C*,-37.5
*C(C(=O)OCCSC)C*,-60.0
*C(C(=O)OCCSCC#N)C*,-24.0
*C(C(=O)OCCSCCCC#N)C*,-58.0
*C(C(=O)OCSC)(C*)C,60.0
*C(C(=O)OCc1cc(Cl)ccc1Cl)(C*)C,27.8
*C(C(=O)OCc1cc(F)ccc1F)(C*)C,50.0
*C(C(=O)OCc1cccc(c1Cl)Cl)(C*)C,42.6
*C(C(=O)O[Na])C*,172.2
*C(C(C(=O)OC)(/C=C/*)C)C,30.0
*C(C(C(=O)OC12CC3CC(C2)(CC(C1)(C3)C)C)*)C,194.5
*C(C(C(C(C(C(C(C(c1ccc2c(c1)C(=O)N(C2=O)c1ccc(cc1)Oc1ccc(cc1)N1C(=O)c2c(C1=O)cc(cc2)*)(F)F)(F)F)(F)F)(F)F)(F)F)(F)F)(F)F)(F)F,186.0
*C(C(C(C(C(C(C(F)(F)F)(F)F)(F)F)(F)F)(F)F)(F)*)(F)F,232.5
*C(C(C(F)(F)F)*)F,87.0
*C(C(F)(F)*)(Cl)F,54.0
*C(C(F)(F)*)(OC(C(C(C(F)(F)F)(F)F)(F)F)(F)F)F,-10.0
*C(C(F)(F)*)(OC(C(F)(F)F)(F)F)F,29.0
*C(C(F)(F)*)(OC(F)(F)F)OC(F)(F)F,-60.0
*C(C(F)(F)*)(c1ccccc1)F,202.0
*C(C(F)(F)*)F,31.45
*C(C(F)(F)*)OC(F)(F)F,-10.0
*C(C(F)(F)F)(C(F)(F)*)F,158.5
*C(C(F)(F)F)(C(F)(F)F)c1ccc(cc1)c1ccc(cc1)*,259.0
*C(C(OC(F)(F)F)(F)*)F,-10.0
*C(C([2H])([2H])*)(C([2H])([2H])[2H])[2H],-8.5
*C(C([2H])([2H])*)(Cl)[2H],85.0
*C(C*)COCC1COC(=O)O1,-30.0
*C(C1(*)OC(C(O1)(F)C(F)(F)F)(F)C(F)(F)F)(F)F,165.0
*C(C1(*)OC(C(O1)(F)F)(F)C(F)(F)F)(F)F,133.95
*C(C1(F)C(F)(F)C(*)(F)C(C(C(C1(F)F)(F)F)(F)F)(F)F)(F)F,198.0
*C(C1(F)C(F)(F)C(*)(F)C(C(C1(F)F)(F)Cl)(F)F)(F)F,147.0
*C(C1(F)C(F)(F)C(*)(F)C(C(C1(F)F)(F)F)(F)F)(F)F,101.0
*C(C1(F)C(F)(F)C(C(C1(F)F)(F)F)(*)F)(F)F,117.0
*C(C1(F)C(F)(F)C(C1(F)F)(*)F)(F)F,122.0
*C(C=C)C*,-7.0
*C(Cl)(F)*,77.0
*C(F)(F)*,120.0
*C(F)*,98.0
*C(NC=O)C*,147.0
*C(O)*,137.0
*C(O*)CCC,-41.0
*C(OC(=O)C)C*,31.8
*C(OC)(C*)C,67.0
*C(OC)C*,-26.0
*C(OC=O)C*,34.75
*C(SC)C*,-1.0
*C(c1cc(Br)ccc1OC)C*,86.0
*C(c1cc(C)ccc1C)C*,143.0
*C(c1cc(Cl)ccc1Cl)C*,108.0
*C(c1cccc(n1)C)C*,92.0
*C(c1cccc2c1OCO2)C*,119.0
*C(n1cncn1)C*,165.0
*C*,-60.0
*C/C=C/COC(=O)CCCCCCCCC(=O)O*,-40.0
*C/C=C/COC(=O)NCCCCCCNC(=O)O*,-44.0
*C/C=C/COc1ccc(cc1)Oc1ccc(cc1)S(=O)(=O)c1ccc(cc1)Oc1ccc(cc1)O*,118.0
*C/C=C\COC(=O)CCCCCCCCC(=O)O*,-41.0
*C/C=C\COC(=O)NCCCCCCNC(=O)O*,-39.0
*C/C=C\COc1ccc(cc1)Oc1ccc(cc1)S(=O)(=O)c1ccc(cc1)Oc1ccc(cc1)O*,113.0
*C/C=C\C[Si](C)(C)*,-57.5
*C/C=C\C[Si](CCCOc1ccc(cc1)c1ccccc1)(C)*,10.0
*C/C=C\C[Si](CCCOc1ccc2c(c1)cccc2)(C)*,-1.0
*C/C=C\C[Si](CCCOc1ccccc1)(C)*,-30.0
*C/C=C\C[Si](c1ccccc1)(C)*,-1.0
*C/C=C\C[Si](c1ccccc1)(CCCOc1ccccc1)*,-5.0
*C/C=C\C[Si](c1ccccc1)(c1ccccc1)*,18.0
*C1(C)C(=O)OC(=O)C1(C)C(OC)C*,260.0
*C1(C*)CC(OC1=O)C,222.0
*C1(OC(C(O1)(F)F)(F)F)C(F)(F)*,105.5
*C1(OC2(C(O1)(F)C(F)(F)C(C(C2(F)F)(F)F)(F)F)F)C(F)(F)*,165.0
*C1(OC2(C(O1)(F)C(OC2(F)F)(F)F)F)C(F)(F)*,168.0
*C1C(*)C2CC1C1C2CC=C1,145.0
*C1C(*)Cc2c1cccc2,200.0
*C1C(*)Oc2c1cccc2,65.2
*C1C(*)c2c3c1cccc3ccc2,255.0
*C1C(=O)N(C(=O)C1*)C(C)(C)C,195.0
*C1C(=O)N(C(=O)C1*)C1CCCCC1,232.0
*C1C(=O)N(C(=O)C1*)CCCCCCCCOc1ccc(cc1)c1ccc(cc1)C#N,43.0
*C1C(=O)N(C(=O)C1*)CCCCCCCOc1ccc(cc1)c1ccc(cc1)C#N,61.0
*C1C(=O)N(C(=O)C1*)CCCCCCOc1ccc(cc1)c1ccc(cc1)C#N,76.0
*C1C(=O)N(C(=O)C1*)CCCCCOc1ccc(cc1)c1ccc(cc1)C#N,75.0
*C1C(=O)N(C(=O)C1*)CCCCOc1ccc(cc1)c1ccc(cc1)C#N,115.0
*C1C(=O)N(C(=O)C1*)CCCOc1ccc(cc1)c1ccc(cc1)C#N,130.0
*C1C(=O)N(C(=O)C1*)CCOc1ccc(cc1)c1ccc(cc1)C#N,150.0
*C1C(=O)N(C(=O)C1*)c1c(C)cccc1C,345.0
*C1C(=O)N(C(=O)C1*)c1ccc(cc1)O[Si](C(C)(C)C)(C)C,169.0
*C1C(=O)N(C(=O)C1*)c1ccc(cc1)O[Si](C)(C)C,172.0
*C1C(=O)N(C(=O)C1*)c1ccc(cc1)O[Si](c1ccccc1)(c1ccccc1)c1ccccc1,183.0
*C1C(=O)N(C(=O)C1*)c1ccccc1,325.0
*C1C(C(OC)C*)C(=O)OC1=O,152.5
*C1C(CC*)C(=O)N(C1=O)C,141.2
*C1C(c2ccccc2)C(C1c1ccccc1)c1cnc(cn1)*,150.0
*C1C2CC(C(C1*)C2)CCCCc1ccccc1,148.0
*C1C2CC(C1*)C(C2)[Si](C)(C)C,298.0
*C1C2CC(C1*)C(C2C(=O)OCC12CC3CC(C2)CC(C1)C3)C(=O)OCC12CC3CC(C2)CC(C1)C3,328.0
*C1C2CC(C1*)C(C2C(=O)OCCC12CC3CC(C2)CC(C1)C3)C(=O)OCCC12CC3CC(C2)CC(C1)C3,300.0
*C1C2CC(C1*)C(C2C(=O)OCCCc1ccccc1)C(=O)OCCCc1ccccc1,200.0
*C1C2CC(C1*)C(C2C(=O)OCCc1ccccc1)C(=O)OCCc1ccccc1,254.0
*C1C2CC(C1*)C(C2C(=O)OCc1ccccc1)C(=O)OCc1ccccc1,277.0
*C1C2CC(C1*)C(C2COCCCc1ccccc1)COCCCc1ccccc1,134.0
*C1C2CC(C1*)C(C2COCc1ccccc1)COCc1ccccc1,176.0
*C1C2CC(C1*)CC2C(=O)OCCc1ccc(cc1)N(c1cccc2c1cccc2)c1ccccc1,333.0
*C1C2CCC(C1*)C2,240.0
*C1C2CCC(C1S(=O)(=O)*)C2,33.0
*C1CC(C1)(*)C#N,220.0
*C1CC(CC1(CCCC)C#N)C=C*,87.0
*C1CC(CN1C(=O)OCc1ccccc1)OC(=O)*,78.0
*C1CCC(C1)*,65.1
*C1CCC(C=C1)*,124.0
*C1CCC(CC1)CC1CCC(CC1)N1C(=O)C2C(C1=O)C1C=CC2C2C1C(=O)N(C2=O)*,239.0
*C1CCC(CC1)CC1CCC(CC1)N1C(=O)c2c(C1=O)cc(cc2)Oc1ccc2c(c1)C(=O)N(C2=O)*,240.0
*C1CCC(CC1)CC1CCC(CC1)N1C(=O)c2c(C1=O)cc(cc2)c1ccc2c(c1)C(=O)N(C2=O)*,242.0
*C1CCC(CC1)N1C(=O)c2c(C1=O)cc(cc2)S(=O)(=O)c1ccc2c(c1)C(=O)N(C2=O)*,363.0
*C1CCC(CC1)N1C(=O)c2c(C1=O)cc(cc2)c1ccc2c(c1)C(=O)N(C2=O)*,360.0
*C1CCC(CC1)c1oc2c(n1)cc(cc2)S(=O)(=O)c1ccc2c(c1)nc(o2)*,296.0
*C1CCCC(C1)S(=O)(=O)*,108.0
*C1CCCCC1S(=O)(=O)*,77.0
*C1OC(OC1(*)F)(C(F)(F)F)C(F)(F)F,256.0
*C1OCCC1*,129.0
*C1OCCCC1C1C(=O)OC(=O)C1*,210.0
*C1OCOC(C1(F)F)C(F)(F)*,125.0
*C=C(C(C)(C)C)*,200.0
*C=C(C(C*)(F)F)F,-35.0
*C=C(CCCOC(=O)c1cc(ccc1c1ccc(cc1)OC)c1ccc(cc1)OC)*,72.4
*C=C([As](c1ccccc1)*)c1ccccc1,92.9
*C=C(c1c(C)cc(cc1C)C(C)(C)C)*,200.0
*C=C(c1ccc(cc1)*)c1ccc(cc1)C(F)(F)F,199.0
*C=C(c1ccc(cc1)n1c(=O)c2c(c1=O)cc1c(c2)c(=O)n(c1=O)c1ccc(cc1)C#C)*,420.0
*C=C(c1ccccc1C(F)(F)F)*,130.0
*C=C(c1ccccc1C[Si](C)(C)C)*,170.0
*C=C(c1ccccc1[Ge](C)(C)C)*,180.0
*C=C(c1ccccc1[Si](C)(C)C)*,190.0
*C=C*,-30.5
*C=C1CC(C)CC(=Cc2ccc(o2)[Si](CC[Si](c2ccc(o2)*)(C)C)(C)C)C1=O,0.0
*C=C1CC(C)CC(=Cc2ccc(s2)[Si](CC[Si](c2ccc(s2)*)(C)C)(C)C)C1=O,0.0
*C=C1CC(CC(=Cc2ccc(o2)[Si](CC[Si](c2ccc(o2)*)(C)C)(C)C)C1=O)C(C)(C)C,35.01
*C=C1CC(CC(=Cc2ccc(s2)[Si](CC[Si](c2ccc(s2)*)(C)C)(C)C)C1=O)C(C)(C)C,0.0
*C=C1CCCC(=Cc2ccc(o2)[Si](CC[Si](c2ccc(o2)*)(C)C)(C)C)C1=O,0.0
*C=C1CCCC(=Cc2ccc(s2)[Si](CC[Si](c2ccc(s2)*)(C)C)(C)C)C1=O,0.0
*C=CC(C(C(=O)OC)*)C,53.0
*C=CC(C(C(=O)OC12CC3CC(C2)CC(C1)C3)*)C,115.0
*C=CC(C(C(=O)OCCCCCCN(c1ccc(cc1)N(C)C)C)*)C,2.0
*C=CC(C(C(=O)OCCCN(c1ccc(cc1)N(C)C)C)*)C,11.5
*C=CC(C(C(=O)OCCN(c1ccc(cc1)N(C)C)C)*)C,20.5
*C=CC(C(C(=O)OCc1ccccc1)*)C(=O)OCc1ccccc1,21.0
*C=CC(C(COCc1ccccc1)*)COCc1ccccc1,-4.0
*C=CC(C)(C)*,-10.0
*C=CC(COCC(=O)OCCCCCCCCOc1ccc(cc1)C=Cc1ccc(cc1)[N+](=O)[O-])C*,21.0
*C=CC(OC)C*,-10.5
*C=CC(c1ccccc1)(C)*,51.5
*C=CC1CC(=CC)C(C1)*,120.0
*C=CC1CC(C(C1(F)F)(C(F)(F)F)C(F)(F)F)*,172.5
*C=CC1CC(C(C1(F)OC(C(C(F)(F)F)(F)F)(F)F)(F)F)*,77.0
*C=CC1CC(C(C1)(C#N)C[Si](C)(C)C)*,128.0
*C=CC1CC(C(C1)(C#N)C[Si](O[Si](C)(C)C)(C)C)*,68.0
*C=CC1CC(C(C1)(C#N)[Si](C)(C)C)*,211.0
*C=CC1CC(C(C1)(C#N)[Si](O[Si](C)(C)C)(C)C)*,88.0
*C=CC1CC(C(C1)(C#N)[Si](O[Si](O[Si](C)(C)C)(C)C)(C)C)*,47.0
*C=CC1CC(C(C1)(C#N)[Si]([Si](C)(C)C)(C)C)*,120.0
*C=CC1CC(C(C1)(CC)C#N)*,134.0
*C=CC1CC(C(C1)*)C#N,140.0
*C=CC1CC(C(C1)*)C(=O)OCCN(C)C,12.5
*C=CC1CC(C(C1)*)C(=O)OCCNC(C)(C)C,29.0
*C=CC1CC(C(C1)*)C(=O)Oc1ccccc1,72.6
*C=CC1CC(C(C1)*)C=C,27.9
*C=CC1CC(C(C1)*)CCCCC[Si]1(c2ccccc2)C(=C(C(=C1c1ccccc1)c1ccccc1)c1ccccc1)c1ccccc1,91.0
*C=CC1CC(C(C1)C(=O)OC)*,65.0
*C=CC1CC(C(C1)C(=O)OCCCCCCCCOc1ccc(cc1)C=Cc1ccc(cc1)[N+](=O)[O-])*,50.0
*C=CC1CC(C(C1)C1CCC=CC1)*,105.0
*C=CC1CC(C(C1)[Si](C)(C)C)*,110.0
*C=CC1CC(C(C1)[Si](C[Si](C)(C)C)(C)C)*,24.0
*C=CC1CC(C(C1C(=O)OC(C)(C)C)C(=O)OC(C)(C)C)*,83.4
*C=CC1CC(C(C1C(=O)OC)C(=O)OC)*,77.3
*C=CC1CC(C(C1C(=O)OCCCCCCCCCCCOc1ccc(cc1)c1ccc(cc1)C#N)C(=O)OCCCCCCCCCCCOc1ccc(cc1)c1ccc(cc1)C#N)*,22.8
*C=CC1CC(C(C1C(=O)OCCCCCCOc1ccc(cc1)c1ccc(cc1)C#N)C(=O)OCCCCCCOc1ccc(cc1)c1ccc(cc1)C#N)*,42.0
*C=CC1CC(C(C1C(=O)Oc1ccccc1)C(=O)Oc1ccccc1)*,96.5
*C=CC1CC(C2C1C(=O)N(C2=O)C1CCCCC1)*,218.0
*C=CC1CC(C2C1C(=O)N(C2=O)c1cc(cc(c1)C(F)(F)F)C(F)(F)F)*,162.0
*C=CC1CC(C2C1C(=O)N(C2=O)c1ccc(cc1)Br)*,227.8
*C=CC1CC(C2C1C(=O)N(C2=O)c1ccc(cc1)C)*,222.0
*C=CC1CC(C2C1C(=O)N(C2=O)c1ccc(cc1)Cl)*,226.3
*C=CC1CC(C2C1C(=O)N(C2=O)c1ccc(cc1)F)*,225.0
*C=CC1CC(C2C1C(=O)N(C2=O)c1ccc(cc1)c1cc(cc(c1)C(F)(F)F)C(F)(F)F)*,217.5
*C=CC1CC(C2C1C(=O)N(C2=O)c1ccc2c(c1)c1ccccc1n2CC)*,263.0
*C=CC1CC(C2C1C(=O)N(C2=O)c1cccc(c1)Br)*,203.5
*C=CC1CC(C2C1C(=O)N(C2=O)c1cccc(c1)C)*,206.0
*C=CC1CC(C2C1C(=O)N(C2=O)c1cccc(c1)Cl)*,204.8
*C=CC1CC(C2C1C(=O)N(C2=O)c1cccc(c1)F)*,207.8
*C=CC1CC(C2C1C(=O)N(C2=O)c1cccc(c1)I)*,199.0
*C=CC1CC(C2C1C(=O)N(C2=O)c1ccccc1)*,220.0
*C=CC1CC(C2C1C(=O)N(C2=O)c1ccccc1Br)*,270.2
*C=CC1CC(C2C1C(=O)N(C2=O)c1ccccc1C)*,248.0
*C=CC1CC(C2C1C(=O)N(C2=O)c1ccccc1Cl)*,255.6
*C=CC1CC(C2C1C(=O)N(C2=O)c1ccccc1F)*,238.9
*C=CC1CC(C2C1C1CCC2C1)*,207.4
*C=CC1CC(C2C1C=CC2)*,149.0
*C=CC1CC(C2C1CN(C2)c1ccc(cc1)c1cc(cc(c1)C(F)(F)F)C(F)(F)F)*,169.0
*C=CC1CCC(C1)*,31.0
*C=CC1OC(C2C1C(=O)N(C2=O)C)*,217.0
*C=CC1OC(C2C1C(=O)N(C2=O)c1ccccc1)*,249.0
*C=CCC(C(=O)OC12CC3CC(C2)CC(C1)C3)(C(=O)OC12CC3CC(C2)CC(C1)C3)C*,34.0
*C=CCC(c1ccccc1)C*,14.0
*C=CCCCCCCCCCC(CCCCCCCCC*)COCCOCCOCCOCCOCc1ccc2c3c1ccc1c3c(cc2)ccc1,-36.0
*C=C[Ge](c1ccccc1)(c1ccccc1)*,-36.0
*C=C[Ge](c1ccccc1)(c1ccccc1)C=C[Si](c1ccccc1)(c1ccccc1)*,28.0
*C=C[Si](c1ccccc1)(c1ccccc1)*,-9.0
*C=Cc1c(ccc2c1cccc2)OC(=O)c1ccc(cc1)C(=O)Oc1ccc2c(c1C=Cc1cccc(n1)*)cccc2,145.0
*C=Cc1c(ccc2c1cccc2)OC(=O)c1ccc(cc1)C(=O)Oc1cccc2c1nc(*)cc2,175.0
*C=Cc1cc(OC)c(cc1OC)C=Cc1ccc(cc1)C=C(c1ccc(cc1)C(=Cc1ccc(cc1)*)c1ccc(cc1)Oc1ccccc1)Oc1ccccc1,175.0
*C=Cc1cc(OCC2CC3CC2C2C3CCC2)c(cc1OC)*,174.0
*C=Cc1cc(OCCc2ccccc2)c(cc1OC)*,111.2
*C=Cc1ccc(c(c1)c1cc(OCCC(C)C)c(cc1c1ccccc1)OCCC(C)C)*,164.0
*C=Cc1ccc(cc1)*,220.0
*C=Cc1ccc(cc1)C=Cc1ccc2-c3c(C(c2c1)(CCCCCCOc1ccc2c(c1)oc(=O)cc2)CCCCCCOc1ccc2c(c1)oc(=O)cc2)cc(cc3)*,104.0
*C=Cc1ccc(cc1)N=Nc1ccc(cc1)N(CCOC(=O)Nc1ccc(c(c1)NC(=O)OCCN(c1ccc(cc1)N=Nc1ccc(cc1)C=CC1=CC(=C(C#N)C#N)C=C(O1)*)C)C)C,196.0
*C=Cc1ccc(cc1)OC(=O)CCCCCCCCC(=O)Oc1ccc(cc1)c1nnc(s1)*,30.0
*C=Cc1ccc(cc1)OC(=O)CCCCCCCCC(=O)Oc1cccc(c1)c1nnc(s1)*,37.0
*C=Cc1ccc(cc1)OC(=O)c1ccc(cc1)C(=O)Oc1cccc2c1nc(*)cc2,112.0
*C=Cc1ccc(s1)N(CCOC(=O)Nc1ccc(c(c1)NC(=O)OCCN(c1ccc(s1)C=CC1=CC(=C(C#N)C#N)C=C(O1)*)C)C)C,183.0
*C=Cc1ccc(s1)c1ccc(cc1)C(=Cc1ccc2-c3c(C(c2c1)(CC)CC)cc(cc3)C=C(c1ccc(cc1)c1ccc(s1)C=CC1=CC(=C(C#N)C#N)C=C(O1)*)C#N)C#N,144.0
*C=Cc1cccc(c1)OC(=O)CCCCCCCCC(=O)Oc1ccc(cc1)c1nnc(s1)*,55.0
*C=Cc1cccc(c1)OC(=O)CCCCCCCCC(=O)Oc1cccc(c1)c1nnc(s1)*,41.0
*C=Nc1ccc(cc1)C(=O)OCCCCOCCCCOCCCCOC(=O)c1ccc(cc1)N=Cc1ccc(s1)*,25.0
*CC#CC#CCOC(=O)c1ccc(cc1)C(=O)O*,143.0
*CC#CC#CCOc1ccc(cc1)C(=O)OCCN(c1ccc(cc1)N=Nc1ccc(cc1)C#N)CCOC(=O)c1ccc(cc1)O*,121.0
*CC#CC#CCOc1ccc(cc1)C(=O)OCCN(c1ccc(cc1)N=Nc1ccc(cc1)N=Nc1cc(C)c(c(c1)C)C#N)CCOC(=O)c1ccc(cc1)O*,120.0
*CC#CC#CCOc1ccc(cc1)C(=O)OCCN(c1ccc(cc1)N=Nc1ccc(cc1)N=Nc1cc(C)c(c(c1)C)[N+](=O)[O-])CCOC(=O)c1ccc(cc1)O*,115.0
*CC#CC#CCOc1ccc(cc1)C(=O)OCCN(c1ccc(cc1)N=Nc1ccc(cc1)[N+](=O)[O-])CCOC(=O)c1ccc(cc1)O*,100.0
*CC#CC#CCOc1ccc(cc1)C(=O)OCCN(c1ccc(cc1)[N+](=O)[O-])CCOC(=O)c1ccc(cc1)O*,100.0
*CC#CC#CCOc1cccc(c1)C(=O)OCCN(c1ccc(cc1)N=Nc1ccc(cc1)C#N)CCOC(=O)c1cccc(c1)O*,50.0
*CC#CC(=Cc1ccc(cc1)C#Cc1ccc(cc1)C=C(C#Cc1ccccc1)C#Cc1ccccc1)C#CCOC(=O)CCCCCCCCC(=O)O*,60.0
*CC#CC(=Cc1ccc(cc1)C#Cc1ccc(cc1)[N+](=O)[O-])C#CCOC(=O)CCCCCCCCC(=O)O*,60.0
*CC#CC(=Cc1ccc(cc1)C#Cc1ccccc1)C#CCOC(=O)CCCCCCCCC(=O)O*,60.0
*CC#CCOC(=O)CCCCCCC(=O)O*,-38.0
*CC#CCOC(=O)CCCCCCCCC(=O)O*,-30.5
*CC#CCOC(=O)CCCCCCCCCCC(=O)O*,-27.0
*CC#CCOC(=O)NCCCCCCNC(=O)O*,-45.0
*CC(=C)COCC(=C)COC(=O)O*,70.5
*CC(=CC(S(=O)(=O)*)C)C,83.0
*CC(=O)C(C)*,22.0
*CC(=O)C(c1ccc(cc1)C(C)(C)C)*,151.5
*CC(=O)C(c1ccccc1)*,100.0
*CC(=O)N(C(C)C)*,121.0
*CC(=O)N(C)*,98.0
*CC(=O)N*,67.0
*CC(=O)NC(C(=O)O*)C,54.6
*CC(=O)NCC(=O)O*,67.0
*CC(=O)NCCCCCC(=O)O*,16.0
*CC(=O)NCCCCCCNC(=O)CC1COC(CO1)*,73.0
*CC(=O)NCCCCCCNC(=O)CCc1ccc(cc1)O*,72.0
*CC(=O)NCCCCCCNC(=O)COC(=O)CCC(=O)O*,30.0
*CC(=O)NCCCCCCNC(=O)COC(=O)CCCCC(=O)O*,19.0
*CC(=O)NCCCCCCNC(=O)COc1ccc(cc1)O*,67.0
*CC(=O)NCCCCCCNC(=O)Cc1ccc(cc1)O*,69.5
*CC(=O)Nc1ccc(cc1)C1(c2ccc(cc2)NC(=O)Cn2c(=O)c3c(c2=O)cc2c(c3)c(=O)n(c2=O)*)c2ccccc2-c2c1cccc2,350.0
*CC(=O)Nc1ccc(cc1)C1(c2ccc(cc2)NC(=O)c2ccc3c(c2)C(=O)N(C3=O)*)c2ccccc2-c2c1cccc2,345.0
*CC(=O)Nc1ccc(cc1)Cc1ccc(cc1)NC(=O)CN1C(=O)c2c(C1=O)cc(cc2)C(=O)c1ccc2c(c1)C(=O)N(C2=O)*,233.0
*CC(=O)Nc1ccc(cc1)Cc1ccc(cc1)NC(=O)COc1ccc2c(c1Sc1c(O*)ccc3c1cccc3)cccc2,241.0
*CC(=O)Nc1ccc(cc1)Cc1ccc(cc1)NC(=O)c1ccc2c(c1)C(=O)N(C2=O)*,266.0
*CC(=O)Nc1ccc(cc1)NC(=O)CN1C(=O)c2c(C1=O)cc(cc2)C(=O)c1ccc2c(c1)C(=O)N(C2=O)*,250.0
*CC(=O)Nc1ccc(cc1)NC(=O)COc1ccc2c(c1Sc1c(O*)ccc3c1cccc3)cccc2,268.0
*CC(=O)Nc1ccc(cc1)NC(=O)c1ccc2c(c1)C(=O)N(C2=O)*,292.0
*CC(=O)Nc1ccc(cc1)Oc1c(F)c(F)c(c(c1F)F)Oc1ccc(cc1)NC(=O)c1ccc2c(c1)C(=O)N(C2=O)*,254.0
*CC(=O)Nc1ccc(cc1)Oc1ccc(cc1)C(c1ccc(cc1)Oc1ccc(cc1)NC(=O)CN1C(=O)c2c(C1=O)cc(cc2)C(C(F)(F)F)(C(F)(F)F)c1ccc2c(c1)C(=O)N(C2=O)*)(C)C,224.0
*CC(=O)Nc1ccc(cc1)Oc1ccc(cc1)NC(=O)CN1C(=O)c2c(C1=O)cc(cc2)C(=O)c1ccc2c(c1)C(=O)N(C2=O)*,235.0
*CC(=O)Nc1ccc(cc1)Oc1ccc(cc1)NC(=O)COc1ccc2c(c1Sc1c(O*)ccc3c1cccc3)cccc2,245.0
*CC(=O)Nc1ccc(cc1)Oc1ccc(cc1)NC(=O)c1ccc2c(c1)C(=O)N(C2=O)*,262.0
*CC(=O)Nc1ccc(cc1)Oc1ccc(cc1)Oc1ccc(cc1)NC(=O)CN1C(=O)c2c(C1=O)cc(cc2)C(=O)c1ccc2c(c1)C(=O)N(C2=O)*,230.0
*CC(=O)Nc1ccc(cc1)Oc1ccc(cc1)Oc1ccc(cc1)NC(=O)CN1C(=O)c2c(C1=O)cc(cc2)C(C(F)(F)F)(C(F)(F)F)c1ccc2c(c1)C(=O)N(C2=O)*,242.0
*CC(=O)Nc1ccc(cc1)Oc1ccc(cc1)Oc1ccc(cc1)NC(=O)c1ccc2c(c1)C(=O)N(C2=O)*,242.0
*CC(=O)Nc1ccc(cc1)Oc1ccc(cc1)S(=O)(=O)c1ccc(cc1)Oc1ccc(cc1)NC(=O)CN1C(=O)c2c(C1=O)cc(cc2)C(C(F)(F)F)(C(F)(F)F)c1ccc2c(c1)C(=O)N(C2=O)*,241.0
*CC(=O)Nc1ccc(cc1)Oc1ccc(cc1)c1ccc(cc1)Oc1ccc(cc1)NC(=O)CN1C(=O)c2c(C1=O)cc(cc2)C(C(F)(F)F)(C(F)(F)F)c1ccc2c(c1)C(=O)N(C2=O)*,245.0
*CC(=O)Nc1ccc(cc1)Oc1cccc(c1)NC(=O)CN1C(=O)c2c(C1=O)cc(cc2)C(=O)c1ccc2c(c1)C(=O)N(C2=O)*,226.0
*CC(=O)Nc1ccc(cc1)Oc1cccc(c1)Oc1ccc(cc1)NC(=O)CN1C(=O)c2c(C1=O)cc(cc2)C(C(F)(F)F)(C(F)(F)F)c1ccc2c(c1)C(=O)N(C2=O)*,221.0
*CC(=O)Nc1ccc(cc1)Oc1cccc(c1)Oc1ccc(cc1)NC(=O)c1ccc2c(c1)C(=O)N(C2=O)*,220.0
*CC(=O)Nc1ccc(cc1)S(=O)(=O)c1ccc(cc1)NC(=O)c1ccc2c(c1)C(=O)N(C2=O)*,232.0
*CC(=O)Nc1ccc(cc1)[Si](c1ccccc1)(c1ccccc1)c1ccc(cc1)NC(=O)CN1C(=O)c2c(C1=O)cc(cc2)[Si](c1ccc2c(c1)C(=O)N(C2=O)*)(C)C,178.0
*CC(=O)Nc1ccc(cc1)[Si](c1ccccc1)(c1ccccc1)c1ccc(cc1)NC(=O)CN1C(=O)c2c(C1=O)cc(cc2)[Si](c1ccc2c(c1)C(=O)N(C2=O)*)(CC)C,179.0
*CC(=O)Nc1cccc(c1)NC(=O)COc1ccc2c(c1Sc1c(O*)ccc3c1cccc3)cccc2,254.0
*CC(=O)Nc1cccc2c1cccc2NC(=O)COc1ccc2c(c1Sc1c(O*)ccc3c1cccc3)cccc2,264.0
*CC(=O)O*,45.0
*CC(=O)OC(=O)COc1ccc(cc1)C(c1ccc(cc1)O*)(C)C,105.0
*CC(=O)OC(=O)COc1ccc(cc1)O*,70.0
*CC(=O)Oc1ccc(cc1)[Si](c1ccc(cc1)OC(=O)CN1C(=O)c2c(C1=O)cc(cc2)[Si](c1ccc2c(c1)C(=O)N(C2=O)*)(C)C)(C)C,174.0
*CC(=O)Oc1ccc(cc1)[Si](c1ccc(cc1)OC(=O)CN1C(=O)c2c(C1=O)cc(cc2)[Si](c1ccc2c(c1)C(=O)N(C2=O)*)(CC)C)(CC)C,126.0
*CC(=O)c1ccc(cc1)Oc1ccc(cc1)C(=O)COc1ccc(cc1OC)C=C1CCCC(=Cc2ccc(c(c2)OC)O*)C1=O,211.75
*CC(C(=C(Cl)*)F)(F)F,-17.0
*CC(C(=O)N(C)C)*,112.0
*CC(C(=O)N*)C,96.0
*CC(C(=O)N1CCCCC1)*,108.0
*CC(C(=O)N1CCOCC1)*,141.0
*CC(C(=O)N1CC[NH+](CC1)CC)*,72.5
*CC(C(=O)NC(=O)OC(COc1c(Br)cc(cc1Br)S(=O)(=O)c1cc(Br)c(c(c1)Br)OCC(O)C)C)(C)*,45.0
*CC(C(=O)NC(=O)OC(COc1ccc(cc1)S(=O)(=O)c1ccc(cc1)OCC(O)C)C)(C)*,73.0
*CC(C(=O)NC(=O)Oc1c(Br)cc(cc1Br)S(=O)(=O)c1cc(Br)c(c(c1)Br)O)(C)*,116.0
*CC(C(=O)NC(=O)Oc1ccc(cc1)S(=O)(=O)c1ccc(cc1)O)(C)*,182.0
*CC(C(=O)NC(C)(C)C)*,135.0
*CC(C(=O)NC(C)C)*,135.73
*CC(C(=O)NC(CC(=O)C)(C)C)*,83.2
*CC(C(=O)NC(CS(=O)(=O)O)(C)C)*,92.5
*CC(C(=O)NC(c1cccc2c1cccc2)C)(C)*,161.0
*CC(C(=O)NC(c1ccccc1)C)(C)*,156.5
*CC(C(=O)NCC1CC1)(O)*,178.0
*CC(C(=O)NCC1CCCO1)(O)*,113.0
*CC(C(=O)NCCCCCC(=O)O)*,68.0
*CC(C(=O)NCCCN(C)C)(O)*,76.0
*CC(C(=O)NCCC[N+](C)(C)C)*,78.0
*CC(C(=O)NCCC[N+](CCCS(=O)(=O)O)(C)C)*,141.5
*CC(C(=O)NCCN(CC)CC)*,47.0
*CC(C(=O)NCP(=O)(O)O)*,26.0
*CC(C(=O)Nc1ccc(cc1)C(=O)C=Cc1ccc(cc1)Br)*,64.0
*CC(C(=O)Nc1ccc(cc1)C(=O)C=Cc1ccc(cc1)OC)(C)*,35.0
*CC(C(=O)Nc1ccc(cc1)C(=O)C=Cc1cccc(c1)Br)*,55.0
*CC(C(=O)Nc1ccc(cc1)C(=O)O)(C)*,278.0
*CC(C(=O)Nc1ccc(cc1)Cl)*,76.0
*CC(C(=O)Nc1ccc(cc1)c1cc(cc(c1)C(F)(F)F)C(F)(F)F)*,171.0
*CC(C(=O)Nc1ccc2c(c1)C(=O)c1c(C2=O)cccc1)*,128.0
*CC(C(=O)Nc1cccc(c1)Cl)*,70.0
*CC(C(=O)Nc1cccc(c1)c1nnc(o1)c1ccccc1)(C)*,65.0
*CC(C(=O)Nc1ccccc1)*,160.0
*CC(C(=O)Nc1ccccc1C(=O)O)(C)*,237.0
*CC(C(=O)Nc1ccccc1Cl)*,63.0
*CC(C(=O)Nc1nnn[nH]1)(C)*,93.0
*CC(C(=O)O)(CC(=O)O)*,141.0
*CC(C(=O)O)(CC(=O)OCCc1ccccc1)*,61.5
*CC(C(=O)O)(CC(=O)OCCc1ccccc1Cl)*,90.0
*CC(C(=O)O*)C,-27.0
*CC(C(=O)OC(C(C(C(C(C(C(C(F)(F)F)(F)F)(F)F)(F)F)(F)F)(F)F)(F)F)(F)F)(C)*,49.0
*CC(C(=O)OC(C(C(C(C(C(C(C(F)(F)F)(F)F)(F)F)(F)F)(F)F)(F)F)(F)F)(F)F)*,9.0
*CC(C(=O)OC(C(C)(C)C)C)(C)*,108.0
*CC(C(=O)OC(C(Cl)(Cl)Cl)Cl)*,70.5
*CC(C(=O)OC(C(F)(F)F)(C(F)(F)F)C(F)(F)F)(C)*,95.0
*CC(C(=O)OC(C(F)(F)F)(C(F)(F)F)C)(C)*,95.0
*CC(C(=O)OC(C(F)(F)F)(C(F)(F)F)F)*,7.5
*CC(C(=O)OC(C(F)(F)F)C(F)(F)F)(C)*,77.0
*CC(C(=O)OC(C(F)(F)F)C(F)(F)F)(F)*,102.0
*CC(C(=O)OC(C(F)(F)F)C(F)(F)F)*,24.0
*CC(C(=O)OC(C)(C)C)(C)*,106.5
*CC(C(=O)OC(C)(C)C)*,41.5
*CC(C(=O)OC(C)C)(C#N)*,66.0
*CC(C(=O)OC(C)C)(C)*,85.0
*CC(C(=O)OC(C)C)(CC(=O)OC(C)C)*,93.0
*CC(C(=O)OC(C)C)*,-5.5
*CC(C(=O)OC(CC)C)*,-20.0
*CC(C(=O)OC(CC)CC)*,-6.0
*CC(C(=O)OC(COc1cc2ccccc2c2c1cccc2)COc1cc2ccccc2c2c1cccc2)(C)*,112.0
*CC(C(=O)OC(COc1ccc(cc1)c1ccccc1)COc1ccc(cc1)c1ccccc1)(C)*,85.0
*CC(C(=O)OC(COc1cccc2c1cccc2)COc1cccc2c1cccc2)(C)*,80.0
*CC(C(=O)OC1(C)C2CC3CC1CC(C2)C3)(C)*,165.0
*CC(C(=O)OC1(C)CCOC(=O)C1)(C)*,110.0
*CC(C(=O)OC12CC3CC(C2)(CC(C1)(C3)C)C)(C)*,194.0
*CC(C(=O)OC12CC3CC(C2)(CC(C1)(C3)C)C)(CC(=O)OC(C)C)*,158.0
*CC(C(=O)OC12CC3CC(C2)(CC(C1)(C3)C)C)*,104.0
*CC(C(=O)OC12CC3CC(C2)CC(C1)C3)(C)*,183.0
*CC(C(=O)OC12CC3CC(C2)CC(C1)C3)(CC(=O)OC(C)C)*,180.0
*CC(C(=O)OC12CC3CC(C2)CC(C1)C3)*,156.0
*CC(C(=O)OC1CC(C)CC(C1)(C)C)(C)*,125.0
*CC(C(=O)OC1CC(C)CC(C1)(C)C)*,15.0
*CC(C(=O)OC1CC(C)CCC1C(C)C)(C)*,147.0
*CC(C(=O)OC1CC2C(C1(C)CC2)(C)C)(C)*,165.5
*CC(C(=O)OC1CC2C(C1(C)CC2)(C)C)*,98.0
*CC(C(=O)OC1CC2CC1C1C2C2CC1CC2)(C)*,199.0
*CC(C(=O)OC1CCC(CC1)C(C)(C)C)(C)*,116.0
*CC(C(=O)OC1CCC(CC1)C)(C)*,109.0
*CC(C(=O)OC1CCC1)(C)*,119.0
*CC(C(=O)OC1CCC1)(CC(=O)OC1CCC1)*,60.0
*CC(C(=O)OC1CCC2C(C1)CCCC2)(C)*,145.0
*CC(C(=O)OC1CCCC(C1)C)(C)*,89.0
*CC(C(=O)OC1CCCC1)(C)*,75.0
*CC(C(=O)OC1CCCCC1)(C)*,88.0
*CC(C(=O)OC1CCCCC1)(CC(=O)OC1CCCCC1)*,142.0
*CC(C(=O)OC1CCCCC1)*,24.0
*CC(C(=O)OC1CCCCC1C(C)(C)C)(C)*,163.4
*CC(C(=O)OC1CCCCC1C)(C)*,85.0
*CC(C(=O)OC1CCCCCC1)(CC(=O)OC1CCCCCC1)*,105.0
*CC(C(=O)OC1CCCCCCC1)(C)*,73.0
*CC(C(=O)OC1CCCCCCC1)(CC(=O)OC1CCCCCCC1)*,124.0
*CC(C(=O)OC1CCCCCCCCC1)(C)*,58.0
*CC(C(=O)OC1CCCCCCCCCCC1)(C)*,56.0
*CC(C(=O)OC1CCCCCCCCCCC1)*,37.0
*CC(C(=O)OC1CCOCC1)(C)*,153.5
*CC(C(=O)OCC#CO[Si](C)(C)C)(C)*,57.0
*CC(C(=O)OCC(=O)N1CCCC1)(C)*,144.0
*CC(C(=O)OCC(=O)N1CCOCC1)(C)*,128.0
*CC(C(=O)OCC(=O)Nc1ccc(cc1)C)(C)*,125.0
*CC(C(=O)OCC(=O)Nc1ccccc1)(C)*,101.0
*CC(C(=O)OCC(=O)Oc1ccc(cc1)Cl)(C)*,118.0
*CC(C(=O)OCC(=O)Oc1ccc(cc1)OC)(C)*,123.0
*CC(C(=O)OCC(=O)c1cc2c(o1)c(OC)ccc2)(C)*,141.0
*CC(C(=O)OCC(=O)c1cc2c(o1)ccc(c2)Br)(C)*,137.0
*CC(C(=O)OCC(=O)c1ccc(cc1)OC)(C)*,81.0
*CC(C(=O)OCC(=O)c1ccccc1)(C)*,92.5
*CC(C(=O)OCC(C(C(C(C(C(C(C(F)F)(F)F)(F)F)(F)F)(F)F)(F)F)(F)F)(F)F)(C)*,-15.0
*CC(C(=O)OCC(C(C(C(C(C(C(F)(F)F)(F)F)(F)F)(F)F)(F)F)(F)F)(F)F)*,-17.0
*CC(C(=O)OCC(C(C(C(C(C(F)F)(F)F)(F)F)(F)F)(F)F)(F)F)(C)*,12.5
*CC(C(=O)OCC(C(C(C(C(F)(F)F)(F)F)(F)F)(F)F)(F)F)*,-39.0
*CC(C(=O)OCC(C(C(C(F)(F)F)(F)F)(F)F)(F)F)(F)*,63.0
*CC(C(=O)OCC(C(C(C(F)(F)F)(F)F)(F)F)(F)F)*,-37.0
*CC(C(=O)OCC(C(C(C(F)F)(F)F)(F)F)(F)F)(C)*,36.0
*CC(C(=O)OCC(C(C(C(F)F)(F)F)(F)F)(F)F)(F)*,60.0
*CC(C(=O)OCC(C(C(C(F)F)(F)F)(F)F)(F)F)*,-35.0
*CC(C(=O)OCC(C(C(F)(F)F)(F)F)(F)F)(F)*,75.0
*CC(C(=O)OCC(C(C(F)(F)F)(F)F)(F)F)*,-30.0
*CC(C(=O)OCC(C(C(F)(F)F)F)(F)F)(C)*,45.0
*CC(C(=O)OCC(C(C(F)(F)F)F)(F)F)*,-22.0
*CC(C(=O)OCC(C(F)(F)F)(F)F)(C)*,77.0
*CC(C(=O)OCC(C(F)(F)F)(F)F)(F)*,99.0
*CC(C(=O)OCC(C(F)(F)F)(F)F)*,-26.0
*CC(C(=O)OCC(C(F)F)(F)F)(C)*,80.0
*CC(C(=O)OCC(C(F)F)(F)F)(F)*,90.5
*CC(C(=O)OCC(C(OC(C(C(C(F)(F)F)(F)F)(F)F)(F)F)(F)F)(F)F)*,-68.0
*CC(C(=O)OCC(C(OC(C(C(F)(F)F)(F)F)(F)F)(F)F)(F)F)*,-68.0
*CC(C(=O)OCC(C(OC(C(F)(F)F)(F)F)(F)F)(F)F)*,-49.0
*CC(C(=O)OCC(C(OC(F)(F)F)(F)F)(F)F)*,-55.0
*CC(C(=O)OCC(C)(C)C)(C)*,34.0
*CC(C(=O)OCC(C)(C)C)*,22.0
*CC(C(=O)OCC(C)C)(C#N)*,51.0
*CC(C(=O)OCC(C)C)(C)*,52.0
*CC(C(=O)OCC(C)C)(CC(=O)OCC(C)C)*,104.0
*CC(C(=O)OCC(C)C)*,-17.0
*CC(C(=O)OCC(C1CC(C1)(C)c1ccccc1)O)(C)*,105.0
*CC(C(=O)OCC(C1OCC(CO1)(C)C)(C)C)(C)*,111.0
*CC(C(=O)OCC(CC)C)*,-32.0
*CC(C(=O)OCC(CN1C(=O)c2c(C1=O)cccc2)O)(C)*,135.0
*CC(C(=O)OCC(COC(=O)c1ccccc1)(COC(=O)c1ccccc1)COC(=O)c1ccccc1)*,48.0
*CC(C(=O)OCC(COc1ccc(cc1)[N+](=O)[O-])O)(C)*,110.0
*CC(C(=O)OCC(Cl)(Cl)Cl)(F)*,127.0
*CC(C(=O)OCC(F)(F)F)(C)*,75.0
*CC(C(=O)OCC(F)(F)F)(F)*,118.0
*CC(C(=O)OCC(F)(F)F)*,-6.75
*CC(C(=O)OCC(Oc1ccc(cc1)c1ccc(cc1)c1ccc(cc1)C#N)C)(C)*,140.0
*CC(C(=O)OCC1(C)COC(OC1)(C)C)(C)*,104.0
*CC(C(=O)OCC1(C)COCOC1)(C)*,142.0
*CC(C(=O)OCC1(CC)COC(OC1)c1ccccc1)*,50.0
*CC(C(=O)OCC1(CC)COC1)(C)*,105.0
*CC(C(=O)OCC1CC(CN1C(=O)C1CC(CN1C(=O)OC(C)(C)C)NC(=O)OC(C)(C)C)NC(=O)C1CC(CN1C(=O)OC(C)(C)C)NC(=O)OC(C)(C)C)(C)*,200.0
*CC(C(=O)OCC1CC(CN1C(=O)OC(C)(C)C)NC(=O)OC(C)(C)C)(C)*,127.0
*CC(C(=O)OCC1CCC1)(C)*,114.0
*CC(C(=O)OCC1CCCCC1)(CC(=O)OCC1CCCCC1)*,83.0
*CC(C(=O)OCC1CCCN1c1ccc(cc1)[N+](=O)[O-])(C)*,124.9
*CC(C(=O)OCC1CCCO1)(C)*,105.0
*CC(C(=O)OCC1COC(O1)(C)C)(C)*,44.6
*CC(C(=O)OCC1COC(O1)c1ccccc1)(C)*,131.0
*CC(C(=O)OCC1COC2(O1)CCCO2)*,32.0
*CC(C(=O)OCC1COCCOCCOCCO1)(C)*,35.0
*CC(C(=O)OCC1COCCOCCOCCOCCOC1)(C)*,25.0
*CC(C(=O)OCC1OC(C(C1O)O)n1ccc(=O)[nH]c1=O)(C)*,151.0
*CC(C(=O)OCC1OC(OC(=O)C)C(C(C1OC(=O)C)OC(=O)C)OC(=O)C)*,104.0
*CC(C(=O)OCCC(C(C(C(C(C(C(C(C(C(F)(F)F)(F)F)(F)F)(F)F)(F)F)(F)F)(F)F)(F)F)(F)F)(F)F)(F)*,53.0
*CC(C(=O)OCCC(C(C(C(C(C(C(C(F)(F)F)(F)F)(F)F)(F)F)(F)F)(F)F)(F)F)(F)F)(C)*,37.0
*CC(C(=O)OCCC(C(C(C(C(C(C(C(F)(F)F)(F)F)(F)F)(F)F)(F)F)(F)F)(F)F)(F)F)(Cl)*,61.0
*CC(C(=O)OCCC(C(C(C(C(C(C(C(F)(F)F)(F)F)(F)F)(F)F)(F)F)(F)F)(F)F)(F)F)(F)*,87.5
*CC(C(=O)OCCC(C(C(C(C(C(C(C(F)(F)F)(F)F)(F)F)(F)F)(F)F)(F)F)(F)F)(F)F)*,52.0
*CC(C(=O)OCCC(C(C(C(C(C(F)(F)F)(F)F)(F)F)(F)F)(F)F)(F)F)(F)*,53.0
*CC(C(=O)OCCC(C(C(C(C(C(F)(F)F)(F)F)(F)F)(F)F)(F)F)(F)F)*,-12.0
*CC(C(=O)OCCC(C(C(C(F)(F)F)(F)F)(F)F)(F)F)(C)*,23.0
*CC(C(=O)OCCC(C(C(C(F)(F)F)(F)F)(F)F)(F)F)(F)*,6.0
*CC(C(=O)OCCC(C)(C)C)(C)*,45.0
*CC(C(=O)OCCC(CC(C)(C)C)C)(C)*,1.0
*CC(C(=O)OCCC(OC)C)*,-56.0
*CC(C(=O)OCCC1CCCCC1)(C)*,60.0
*CC(C(=O)OCCC1CCCCC1)(CC(=O)OCCC1CCCCC1)*,48.0
*CC(C(=O)OCCC1CCN(CC1)CCCCCCOc1ccc(cc1)N=Nc1ccc(cc1)[N+](=O)[O-])(C)*,27.0
*CC(C(=O)OCCC1CC[N+](CC1)(C)CCCCCCOc1ccc(cc1)N=Nc1ccc(cc1)[N+](=O)[O-])(C)*,57.8
*CC(C(=O)OCCCC1CCCCC1)(C)*,35.0
*CC(C(=O)OCCCC1CCCCC1)(CC(=O)OCCCC1CCCCC1)*,7.0
*CC(C(=O)OCCCCC(C(C(C(C(C(F)(F)F)(F)F)(F)F)(F)F)(F)F)(F)F)(C)*,23.0
*CC(C(=O)OCCCCC(C(C(C(F)(F)F)(F)F)(F)F)(F)F)(C)*,23.0
*CC(C(=O)OCCCCC1CCCCC1)(C)*,25.0
*CC(C(=O)OCCCCCC(=O)Oc1ccc(cc1)OC(=O)c1ccc(cc1)OC)(C)*,40.0
*CC(C(=O)OCCCCCC(=O)Oc1ccc(cc1)c1ccc(cc1)C#N)*,38.0
*CC(C(=O)OCCCCCCC(C(C(C(C(C(C(C(C(C(C(C(F)(F)F)(F)F)(F)F)(F)F)(F)F)(F)F)(F)F)(F)F)(F)F)(F)F)(F)F)(F)F)(C)*,84.0
*CC(C(=O)OCCCCCCC(C(C(C(F)(F)F)(F)F)(F)F)(F)F)(C)*,23.0
*CC(C(=O)OCCCCCCCCCCCCCCC(=O)NC1OC(COC(=O)C)C(C(C1OC(=O)C)OC(=O)C)OC1OC(COC(=O)C)C(C(C1OC(=O)C)OC(=O)C)OC(=O)C)(C)*,95.2
*CC(C(=O)OCCCCCCCCCCCCCCCC[NH+]1CC=C(C=C1)N(C)C)(C)*,60.0
*CC(C(=O)OCCCCCCCCCCCCOC(=O)c1ccc(cc1)OC(=O)c1ccc(cc1)C#N)*,15.0
*CC(C(=O)OCCCCCCCCCCCCOc1ccc2c(c1)ccc(c2)C(=O)Oc1ccccc1)(C)*,12.0
*CC(C(=O)OCCCCCCCCCCCC[NH+]1CC=C(C=C1)N(C)C)(C)*,55.5
*CC(C(=O)OCCCCCCCCCCCOc1ccc(cc1)C(=O)Oc1ccc(cc1)C#N)(C)*,10.0
*CC(C(=O)OCCCCCCCCCCCOc1ccc(cc1)C=Nc1ccc(cc1)C#N)(C)*,23.0
*CC(C(=O)OCCCCCCCCCCCOc1ccc(cc1)N=Nc1ccc(cc1)OC(=O)c1ccc2c(c1)OCCOCCOCCOCCO2)(C)*,59.0
*CC(C(=O)OCCCCCCCCCCCOc1ccc2c(c1)ccc(c2)C(=O)Oc1ccccc1)(C)*,10.0
*CC(C(=O)OCCCCCCCCCCC[N+](C)(C)C)(C)*,67.0
*CC(C(=O)OCCCCCCCCCCCn1c2ccccc2c2c1cccc2)(C)*,6.0
*CC(C(=O)OCCCCCCCCCCCn1c2ccccc2c2c1cccc2)*,15.0
*CC(C(=O)OCCCCCCCCCCOC(=O)c1ccc(cc1)OC(=O)c1ccc(cc1)C#N)*,15.0
*CC(C(=O)OCCCCCCCCCCOc1ccc(cc1)C#Cc1cc(C)c(cc1C)C=Cc1ccncc1)(C)*,51.0
*CC(C(=O)OCCCCCCCCCCOc1ccc(cc1)C#Cc1cc(OC)c(cc1OC)C=Cc1ccncc1)(C)*,62.0
*CC(C(=O)OCCCCCCCCCCOc1ccc(cc1)C(=O)Oc1ccc(cc1)C(=O)C=Cc1c(C)c2c(n1C)cccc2)(C)*,72.0
*CC(C(=O)OCCCCCCCCCCOc1ccc(cc1)N=Nc1ccc(cc1)C#N)(C)*,30.5
*CC(C(=O)OCCCCCCCCCCOc1ccc(cc1)N=Nc1ccc(cc1)C1OCC2(CO1)CC1CC2C=C1)(C)*,103.2
*CC(C(=O)OCCCCCCCCCCOc1ccc(cc1)N=Nc1ccc(cc1)Cl)(C)*,54.0
*CC(C(=O)OCCCCCCCCCCOc1ccc(cc1)N=Nc1ccc(cc1)F)(C)*,49.0
*CC(C(=O)OCCCCCCCCCCOc1ccc(cc1)N=Nc1ccc(cc1)OC)(C)*,62.0
*CC(C(=O)OCCCCCCCCCCOc1ccc(cc1)N=Nc1ccc(cc1)[N+](=O)[O-])(C)*,55.0
*CC(C(=O)OCCCCCCCCCCOc1ccc(cc1)N=Nc1ccccc1)(C)*,56.0
*CC(C(=O)OCCCCCCCCCCOc1ccc(cc1)OC(=O)c1ccc(c(c1)Br)OC)(C)*,29.0
*CC(C(=O)OCCCCCCCCCCOc1ccc(cc1)OC(=O)c1ccc(cc1)OC)(C)*,21.0
*CC(C(=O)OCCCCCCCCCCOc1ccc(cc1)OC(=O)c1ccc(cc1)c1ccc(cc1)OC)(C)*,57.0
*CC(C(=O)OCCCCCCCCCCOc1ccc2c(c1)ccc(c2)C(=O)Oc1ccccc1)(C)*,24.0
*CC(C(=O)OCCCCCCCCCCOc1cnc(nc1)c1ccc(cc1)OC(=O)C1COC(O1)(C)C)*,29.0
*CC(C(=O)OCCCCCCCCCCn1c2ccc(cc2c2c1cccc2)N=Nc1ccc(cc1)[N+](=O)[O-])(C)*,36.0
*CC(C(=O)OCCCCCCCCCCn1c2ccc(cc2c2c1cccc2)N=Nc1ccc(cc1[N+](=O)[O-])[N+](=O)[O-])(C)*,60.0
*CC(C(=O)OCCCCCCCCCOC(=O)c1ccc(cc1)OC(=O)c1ccc(cc1)C#N)*,15.0
*CC(C(=O)OCCCCCCCCCOc1ccc(cc1)N=Nc1ccc(cc1)C#N)(C)*,16.0
*CC(C(=O)OCCCCCCCCCOc1ccc2c(c1)ccc(c2)C(=O)Oc1ccccc1)(C)*,18.0
*CC(C(=O)OCCCCCCCCOC(=O)c1ccc(cc1)OC(=O)c1ccc(cc1)C#N)*,15.0
*CC(C(=O)OCCCCCCCCOc1ccc(cc1)C(=O)Oc1ccc(cc1)C(=O)C=Cc1c(C)c2c(n1C)cccc2)(C)*,75.0
*CC(C(=O)OCCCCCCCCOc1ccc(cc1)N=Nc1ccc(cc1)C#N)(C)*,26.0
*CC(C(=O)OCCCCCCCCOc1ccc(cc1)N=Nc1ccc(cc1)C1OCC2(CO1)CC1CC2C=C1)(C)*,106.2
*CC(C(=O)OCCCCCCCCOc1ccc2c(c1)ccc(c2)C(=O)Oc1ccccc1)(C)*,34.0
*CC(C(=O)OCCCCCCCC[NH+]1CC=C(C=C1)N(C)C)(C)*,70.0
*CC(C(=O)OCCCCCCCCn1c2ccccc2c2c1cccc2)*,12.0
*CC(C(=O)OCCCCCCCOC(=O)c1ccc(cc1)OC(=O)c1ccc(cc1)C#N)*,20.0
*CC(C(=O)OCCCCCCCOc1ccc2c(c1)ccc(c2)C(=O)Oc1ccccc1)(C)*,40.0
*CC(C(=O)OCCCCCCN(c1ccc(cc1)N(C)C)C)(C)*,8.5
*CC(C(=O)OCCCCCCN(c1ccc(cc1)N=Nc1ccc(cc1)S(=O)(=O)C)C)(C)*,100.0
*CC(C(=O)OCCCCCCN1CCN(CC1)c1ccc(cc1)N=Nc1ccc(cc1)C#N)(C)*,77.0
*CC(C(=O)OCCCCCCN1CCN(CC1)c1ccc(cc1)N=Nc1ccc(cc1)C=C(C#N)C#N)(C)*,83.0
*CC(C(=O)OCCCCCCN1CCN(CC1)c1ccc(cc1)N=Nc1ccc(cc1)[N+](=O)[O-])(C)*,60.0
*CC(C(=O)OCCCCCCOC(=O)c1ccc(cc1)OC(=O)c1ccc(cc1)C#N)*,30.0
*CC(C(=O)OCCCCCCOc1ccc(cc1)C(=O)Oc1ccc(c2c1cccc2)N=Nc1ccc(cc1)Br)(C)*,46.0
*CC(C(=O)OCCCCCCOc1ccc(cc1)C(=O)Oc1ccc(c2c1cccc2)N=Nc1ccc(cc1)C#N)(C)*,41.0
*CC(C(=O)OCCCCCCOc1ccc(cc1)C(=O)Oc1ccc(c2c1cccc2)N=Nc1ccc(cc1)C)(C)*,40.0
*CC(C(=O)OCCCCCCOc1ccc(cc1)C(=O)Oc1ccc(c2c1cccc2)N=Nc1ccc(cc1)Cl)(C)*,50.0
*CC(C(=O)OCCCCCCOc1ccc(cc1)C(=O)Oc1ccc(c2c1cccc2)N=Nc1ccc(cc1)F)(C)*,42.0
*CC(C(=O)OCCCCCCOc1ccc(cc1)C(=O)Oc1ccc(c2c1cccc2)N=Nc1ccc(cc1)I)(C)*,40.0
*CC(C(=O)OCCCCCCOc1ccc(cc1)C(=O)Oc1ccc(c2c1cccc2)N=Nc1ccccc1)(C)*,46.0
*CC(C(=O)OCCCCCCOc1ccc(cc1)C(=O)Oc1ccc(cc1)C#N)(C)*,38.0
*CC(C(=O)OCCCCCCOc1ccc(cc1)C(=O)Oc1ccc(cc1)C#N)*,21.0
*CC(C(=O)OCCCCCCOc1ccc(cc1)C(=O)Oc1ccc(cc1)C(=O)C=Cc1c(C)c2c(n1C)cccc2)(C)*,98.0
*CC(C(=O)OCCCCCCOc1ccc(cc1)C(=O)Oc1ccc(cc1)C)(C)*,44.0
*CC(C(=O)OCCCCCCOc1ccc(cc1)C(=O)Oc1ccc(cc1)N=Nc1ccc(cc1)C#N)(C)*,42.1
*CC(C(=O)OCCCCCCOc1ccc(cc1)C(=O)Oc1ccc(cc1)N=Nc1ccc(cc1)C(C)(C)C)(C)*,94.7
*CC(C(=O)OCCCCCCOc1ccc(cc1)C(=O)Oc1ccc(cc1)N=Nc1ccccc1)(C)*,76.6
*CC(C(=O)OCCCCCCOc1ccc(cc1)C(=O)Oc1ccc(cc1)OC)(C)*,41.0
*CC(C(=O)OCCCCCCOc1ccc(cc1)C(=O)Oc1ccc(cc1)OC)*,23.0
*CC(C(=O)OCCCCCCOc1ccc(cc1)C(=O)Oc1ccc2c(c1)oc(=O)cc2)(C)*,102.0
*CC(C(=O)OCCCCCCOc1ccc(cc1)C=CC(=O)c1ccc(cc1)Br)(C)*,73.0
*CC(C(=O)OCCCCCCOc1ccc(cc1)C=Nc1ccc(cc1)C#N)(C)*,35.0
*CC(C(=O)OCCCCCCOc1ccc(cc1)N=Nc1ccc(cc1)C#N)(C)*,60.5
*CC(C(=O)OCCCCCCOc1ccc(cc1)N=Nc1ccc(cc1)C1OCC2(CO1)CC1CC2C=C1)(C)*,118.5
*CC(C(=O)OCCCCCCOc1ccc(cc1)N=Nc1ccc(cc1)OC)(C)*,76.0
*CC(C(=O)OCCCCCCOc1ccc(cc1)N=Nc1ccc(cc1)[N+](=O)[O-])(C)*,108.0
*CC(C(=O)OCCCCCCOc1ccc(cc1)N=Nc1ccc(cc1)[N+](=O)[O-])*,35.8
*CC(C(=O)OCCCCCCOc1ccc(cc1)N=Nc1ccncc1)(C)*,40.0
*CC(C(=O)OCCCCCCOc1ccc(cc1)NC(=O)C)(C)*,318.0
*CC(C(=O)OCCCCCCOc1ccc(cc1)OC(=O)c1ccc(c(c1)Br)OC)(C)*,51.0
*CC(C(=O)OCCCCCCOc1ccc(cc1)OC(=O)c1ccc(cc1)OC)(C)*,38.0
*CC(C(=O)OCCCCCCOc1ccc(cc1)c1ccc(cc1)C#N)(C)*,63.0
*CC(C(=O)OCCCCCCOc1ccc(cc1)c1ccc(cc1)C#N)*,44.0
*CC(C(=O)OCCCCCCOc1ccc(cc1OC)C(=O)Oc1ccc(cc1)OC)(C)*,49.0
*CC(C(=O)OCCCCCCOc1ccc2c(c1)ccc(c2)C(=O)Oc1ccccc1)(C)*,39.0
*CC(C(=O)OCCCCCCOc1cccc(c1)C(=O)Oc1ccc(cc1)C#N)(C)*,38.0
*CC(C(=O)OCCCCCCc1ccc(cc1)C(=Cc1ccc(cc1)OC)C)(C)*,31.0
*CC(C(=O)OCCCCCCc1ccc(cc1)N=Nc1ccc(cc1)OC(F)(F)F)(C)*,194.5
*CC(C(=O)OCCCCCCn1c2ccc(cc2c2c1cccc2)N=Nc1ccc(cc1[N+](=O)[O-])[N+](=O)[O-])(C)*,125.0
*CC(C(=O)OCCCCCCn1c2ccccc2c2c1cccc2)(C)*,107.5
*CC(C(=O)OCCCCCCn1c2ccccc2c2c1cccc2)*,48.0
*CC(C(=O)OCCCCCOC(=O)c1ccc(cc1)OC(=O)c1ccc(cc1)C#N)*,30.0
*CC(C(=O)OCCCCCOc1ccc(cc1)N=Nc1ccc(cc1)C#N)(C)*,27.0
*CC(C(=O)OCCCCCOc1ccc(cc1)OC(=O)c1ccc(cc1)OC)(C)*,38.0
*CC(C(=O)OCCCCCOc1ccc(cc1)c1ccc(cc1)C#N)(C)*,60.0
*CC(C(=O)OCCCCCOc1ccc2c(c1)ccc(c2)C(=O)Oc1ccccc1)(C)*,48.0
*CC(C(=O)OCCCCCc1ccc(cc1)N=Nc1ccc(cc1)OC(F)(F)F)(C)*,202.5
*CC(C(=O)OCCCCCn1c2ccccc2c2c1cccc2)(C)*,91.0
*CC(C(=O)OCCCCCn1c2ccccc2c2c1cccc2)*,53.0
*CC(C(=O)OCCCCOC(=O)c1ccc(cc1)OC(=O)c1ccc(cc1)C#N)*,40.0
*CC(C(=O)OCCCCOc1ccc(cc1)C(=O)Oc1ccc(cc1)OC)(C)*,45.0
*CC(C(=O)OCCCCOc1ccc(cc1)N=Nc1ccc(cc1)C#N)(C)*,80.0
*CC(C(=O)OCCCCOc1ccc(cc1)N=Nc1ccc(cc1)[N+](=O)[O-])*,36.7
*CC(C(=O)OCCCCOc1ccc(cc1)OC(=O)c1ccc(c(c1)Br)OC)(C)*,69.0
*CC(C(=O)OCCCCOc1ccc(cc1)OC(=O)c1ccc(cc1)OC)(C)*,57.0
*CC(C(=O)OCCCCOc1ccc(cc1)OC(=O)c1ccc(cc1)c1ccc(cc1)OC)(C)*,77.0
*CC(C(=O)OCCCCOc1ccc(cc1)c1ccc(cc1)C#N)*,30.0
*CC(C(=O)OCCCCOc1ccc2c(c1)ccc(c2)C(=O)Oc1ccccc1)(C)*,88.0
*CC(C(=O)OCCCCc1ccc(cc1)N=Nc1ccc(cc1)OC(F)(F)F)(C)*,203.5
*CC(C(=O)OCCCCc1ccccc1)(C)*,9.0
*CC(C(=O)OCCCCn1c2ccc(cc2c2c1cccc2)N=Nc1ccc(cc1[N+](=O)[O-])[N+](=O)[O-])(C)*,132.0
*CC(C(=O)OCCCCn1c2ccccc2c2c1cccc2)(C)*,84.2
*CC(C(=O)OCCCCn1c2ccccc2c2c1cccc2)*,68.0
*CC(C(=O)OCCCN(c1ccc(cc1)N(C)C)C)(C)*,12.5
*CC(C(=O)OCCCOc1ccc(cc1)C(=O)OCCCC(C(C(C(C(C(C(C(F)(F)F)(F)F)(F)F)(F)F)(F)F)(F)F)(F)F)(F)F)*,48.0
*CC(C(=O)OCCCOc1ccc(cc1)C(=O)OCCCC(C(C(C(C(C(F)(F)F)(F)F)(F)F)(F)F)(F)F)(F)F)*,17.0
*CC(C(=O)OCCCOc1ccc(cc1)C(=O)Oc1ccc(cc1)C#N)(C)*,77.0
*CC(C(=O)OCCCOc1ccc(cc1)C(=O)Oc1ccc2c(c1)oc(=O)cc2)(C)*,68.0
*CC(C(=O)OCCCOc1ccc(cc1)N=Nc1ccc(cc1)[N+](=O)[O-])*,45.6
*CC(C(=O)OCCCOc1ccc(cc1)c1ccc(cc1)C#N)(C)*,97.0
*CC(C(=O)OCCCOc1ccc(cc1)c1ccc(cc1)C#N)*,51.25
*CC(C(=O)OCCCOc1ccc2c(c1)ccc(c2)C(=O)Oc1ccccc1)(C)*,84.0
*CC(C(=O)OCCCSCCC#N)*,-58.0
*CC(C(=O)OCCC[Si](O[Si](C)(C)C)(O[Si](C)(C)C)O[Si](C)(C)C)(C)*,-6.3
*CC(C(=O)OCCC[Si]1(C)O[Si](C)(C)O[Si](O[Si](O1)(C)C)(C)C)(C)*,-31.0
*CC(C(=O)OCCC[Si]12O[Si]3(CC(C)C)O[Si]4(O[Si](O2)(CC(C)C)O[Si]2(O[Si](O1)(CC(C)C)O[Si](O3)(CC(C)C)O[Si](O4)(O2)CC(C)C)CC(C)C)CC(C)C)(C)*,62.75
*CC(C(=O)OCCCc1ccc(cc1)N=Nc1ccc(cc1)OC(F)(F)F)(C)*,211.5
*CC(C(=O)OCCCc1ccccc1)(CC(=O)OCCCc1ccccc1)*,-8.0
*CC(C(=O)OCCCn1c2ccccc2c2c1cccc2)(C)*,113.0
*CC(C(=O)OCCCn1c2ccccc2c2c1cccc2)*,83.0
*CC(C(=O)OCCN(C(C)C)C(C)C)(C)*,20.5
*CC(C(=O)OCCN(C)C)(C)*,19.0
*CC(C(=O)OCCN(C)C)*,-39.0
*CC(C(=O)OCCN(S(=O)(=O)C(C(C(C(C(C(C(C(F)(F)F)(F)F)(F)F)(F)F)(F)F)(F)F)(F)F)(F)F)CC)*,48.7
*CC(C(=O)OCCN(c1ccc(cc1)C=Cc1ccc(cc1)[N+](=O)[O-])C)(C)*,107.0
*CC(C(=O)OCCN(c1ccc(cc1)N(C)C)C)(C)*,41.0
*CC(C(=O)OCCN(c1ccc(cc1)N=Nc1ccc(cc1)S(=O)(=O)Nc1cc(C)nc(n1)C)C)(C)*,126.15
*CC(C(=O)OCCN(c1ccc(cc1)N=Nc1ccc(cc1)S(=O)(=O)Nc1noc(c1)C)C)(C)*,123.0
*CC(C(=O)OCCN(c1ccc(cc1)N=Nc1ccc(cc1)[N+](=O)[O-])C)(C)*,110.0
*CC(C(=O)OCCN(c1ccc(cc1)N=Nc1ccc(cc1)[N+](=O)[O-])CC)*,92.0
*CC(C(=O)OCCN(c1ccc(cc1)N=Nc1ccc(cc1Cl)[N+](=O)[O-])CC)*,87.0
*CC(C(=O)OCCN(c1ccc(cc1)N=Nc1noc(c1)C)C)(C)*,81.8
*CC(C(=O)OCCNC(=O)OCCSC1CC2CC1C1C2SC(=O)S1)(C)*,43.5
*CC(C(=O)OCCNC(=S)NCc1ccccc1)(C)*,78.0
*CC(C(=O)OCCNC(=S)OCc1ccccc1)(C)*,57.0
*CC(C(=O)OCCNC(=S)SCc1ccccc1)(C)*,68.0
*CC(C(=O)OCCNC(C)(C)C)(C)*,41.0
*CC(C(=O)OCCOC(=O)C1(C)CCCC2(C1CCc1c2ccc(c1)C(C)C)C)*,-25.04
*CC(C(=O)OCCOC(=O)NCCCCNC(=O)C(C(C(C(CO)O)O)O)O)*,15.5
*CC(C(=O)OCCOC(=O)c1cc(cc(c1)[N+](=O)[O-])[N+](=O)[O-])(C)*,92.0
*CC(C(=O)OCCOC(=O)c1cc(cc(c1)[N+](=O)[O-])[N+](=O)[O-])*,60.8
*CC(C(=O)OCCOC(C(F)F)(F)F)*,-22.0
*CC(C(=O)OCCOCC(C(C(F)(F)F)(F)F)(F)F)*,-45.0
*CC(C(=O)OCCOCC(F)(F)F)*,-38.0
*CC(C(=O)OCCOCC1(CC)COC1)*,-16.0
*CC(C(=O)OCCOCCN(c1ccc(cc1)N=Nc1ccc(cc1)S(=O)(=O)Nc1cc(C)nc(n1)C)C)(C)*,74.1
*CC(C(=O)OCCOCCOC(C(F)F)(F)F)*,-40.0
*CC(C(=O)OCCOCCOCCOCCOCCOCCC(C(C(C(C(C(C(C(F)(F)F)(F)F)(F)F)(F)F)(F)F)(F)F)(F)F)(F)F)*,-51.0
*CC(C(=O)OCCOCCOCCOCCOc1ccc(cc1)N=Nc1ccc(cc1)C#N)(C)*,20.0
*CC(C(=O)OCCOCCOCCOc1ccc(cc1)N=Nc1ccc(cc1)C#N)(C)*,37.0
*CC(C(=O)OCCOCCOCC[N+](CCCCS(=O)(=O)O)(CC)CC)(C)*,27.0
*CC(C(=O)OCCOCCOc1ccc(cc1)N=Nc1ccc(cc1)C#N)(C)*,57.0
*CC(C(=O)OCCOCC[N+](CCCCS(=O)(=O)O)(CC)CC)(C)*,95.0
*CC(C(=O)OCCO[Si](C)(C)C)(C)*,89.0
*CC(C(=O)OCCOc1ccc(cc1)C(=O)Oc1ccc(cc1)[N+](=O)[O-])(C)*,104.0
*CC(C(=O)OCCOc1ccc(cc1)C(=O)Oc1ccccc1)(C)*,88.0
*CC(C(=O)OCCOc1ccc(cc1)N=Nc1ccc(cc1)[N+](=O)[O-])(C)*,112.0
*CC(C(=O)OCCOc1ccc(cc1)NC(=O)C)(C)*,385.0
*CC(C(=O)OCCOc1ccc(cc1)c1ccc(cc1)c1ccc(cc1)C#N)(C)*,115.0
*CC(C(=O)OCCS(=O)CC)(C)*,25.0
*CC(C(=O)OCCSC1CC2CC1C1C2SC(=O)S1)(C)*,104.7
*CC(C(=O)OCCSC1CC2CC1C1C2SC(=O)S1)*,84.4
*CC(C(=O)OCCSCCC#N)*,-50.0
*CC(C(=O)OCC[N+](C)(C)C)(C)*,74.0
*CC(C(=O)OCC[N+](CCCCS(=O)(=O)O)(C)C)(C)*,261.0
*CC(C(=O)OCC[N+](COC)(C)C)*,13.1
*CC(C(=O)OCCc1ccc(cc1)Cl)(CC(=O)OCCc1ccc(cc1)Cl)*,43.5
*CC(C(=O)OCCc1ccc(cc1)N=Nc1ccc(cc1)OC(F)(F)F)(C)*,209.5
*CC(C(=O)OCCc1ccc(cc1)N=Nc1ccccc1)(C)*,80.0
*CC(C(=O)OCCc1ccc(s1)c1ccc(s1)c1cccs1)(C)*,50.0
*CC(C(=O)OCCc1ccccc1)(C)*,49.0
*CC(C(=O)OCCc1ccccc1)(CC(=O)OCCc1ccccc1)*,42.0
*CC(C(=O)OCCc1ccccc1)*,-3.0
*CC(C(=O)OCCn1c2ccc(cc2c2c1cccc2)N=Nc1ccc(cc1)[N+](=O)[O-])(C)*,164.0
*CC(C(=O)OCCn1c2ccc(cc2c2c1cccc2)N=Nc1ccc(cc1[N+](=O)[O-])[N+](=O)[O-])(C)*,182.0
*CC(C(=O)OCCn1c2ccccc2c2c1cccc2)(C)*,144.0
*CC(C(=O)OCCn1c2ccccc2c2c1cccc2)*,105.0
*CC(C(=O)OCP(=O)(OC)OC)(C)*,63.0
*CC(C(=O)OCc1c(Br)c(Br)c(c(c1Br)Br)Br)*,180.5
*CC(C(=O)OCc1c(Cl)cccc1Cl)(C)*,58.9
*CC(C(=O)OCc1c(F)cccc1F)(C)*,82.0
*CC(C(=O)OCc1cc(Cl)cc(c1)Cl)(C)*,29.95
*CC(C(=O)OCc1cc(OCCCNC(=O)c2cc(OCCCNC(=O)CCC(=O)O)cc(c2)OCCCNC(=O)CCC(=O)O)cc(c1)OCCCNC(=O)c1cc(OCCCNC(=O)CCC(=O)O)cc(c1)OCCCNC(=O)CCC(=O)O)(C)*,53.0
*CC(C(=O)OCc1cc(OCCCNC(=O)c2cc(OCCCNC(=O)CCC(=O)OC(C)(C)C)cc(c2)OCCCNC(=O)CCC(=O)OC(C)(C)C)cc(c1)OCCCNC(=O)c1cc(OCCCNC(=O)CCC(=O)OC(C)(C)C)cc(c1)OCCCNC(=O)CCC(=O)OC(C)(C)C)(C)*,52.0
*CC(C(=O)OCc1cc(OCc2c(F)c(F)c(c(c2F)F)F)cc(c1)OCc1c(F)c(F)c(c(c1F)F)F)*,49.0
*CC(C(=O)OCc1ccc(c(c1)Cl)Cl)(C)*,34.8
*CC(C(=O)OCc1ccc(cc1)C#N)*,44.0
*CC(C(=O)OCc1ccc(cc1)C=CC(=O)C1c2ccccc2C(=O)c2c1cccc2)(C)*,163.0
*CC(C(=O)OCc1ccc(cc1)C=CC(=O)Oc1ccc(cc1)OC)(C)*,89.0
*CC(C(=O)OCc1ccc(cc1)C=CC(=O)Oc1ccc2c(c1)ccc(=O)o2)(C)*,140.0
*CC(C(=O)OCc1ccc(cc1)Cl)(C)*,43.6
*CC(C(=O)OCc1ccc(cc1)OC)(C)*,55.0
*CC(C(=O)OCc1ccc(cc1Cl)Cl)(C)*,19.4
*CC(C(=O)OCc1ccc(cc1F)F)(C)*,46.0
*CC(C(=O)OCc1ccc2c(c1)OCCOCCOCCOCCO2)(C)*,38.0
*CC(C(=O)OCc1ccc2c(c1)c1ccccc1n2CC)(C)*,134.0
*CC(C(=O)OCc1ccc2c(c1)c1ccccc1n2CC)*,128.0
*CC(C(=O)OCc1ccc[se]1)(C)*,56.0
*CC(C(=O)OCc1cccc(c1)Cl)(C)*,18.25
*CC(C(=O)OCc1ccccc1)(C)*,56.0
*CC(C(=O)OCc1ccccc1)(CC(=O)OCc1ccccc1)*,55.0
*CC(C(=O)OCc1ccccc1)*,9.25
*CC(C(=O)OCc1ccccc1Cl)(C)*,54.1
*CC(C(=O)OCc1ccco1)(C)*,111.0
*CC(C(=O)OCc1ccco1)*,48.0
*CC(C(=O)OCc1cccs1)(C)*,66.0
*CC(C(=O)OCc1cscc1)(C)*,83.5
*CC(C(=O)O[Si](C)(C)C)(C)*,97.5
*CC(C(=O)Oc1c(Br)cc(cc1Br)Br)*,149.5
*CC(C(=O)Oc1c(C)cccc1C)(C)*,167.0
*CC(C(=O)Oc1c(Cl)c(Cl)c(c(c1Cl)Cl)Cl)(C)*,110.0
*CC(C(=O)Oc1c(Cl)c(Cl)c(c(c1Cl)Cl)Cl)*,145.0
*CC(C(=O)Oc1c(F)c(F)c(c(c1F)F)F)*,64.0
*CC(C(=O)Oc1c(OC)cc(cc1OC)C=Cc1ccccc1)(C)*,140.0
*CC(C(=O)Oc1c(cccc1C(C)C)C(C)C)(C)*,198.0
*CC(C(=O)Oc1cc(C)cc(c1)C)(C)*,95.5
*CC(C(=O)Oc1cc(C)cc(c1)C)*,48.0
*CC(C(=O)Oc1cc(C)ccc1C)(C)*,111.0
*CC(C(=O)Oc1cc(OC)cc(c1)OC)(C)*,84.0
*CC(C(=O)Oc1ccc(c(c1)C)[N+](=O)[O-])(C)*,101.0
*CC(C(=O)Oc1ccc(c(c1)O)C(=O)c1ccccc1)(C)*,150.0
*CC(C(=O)Oc1ccc(c2c1nccc2)Cl)(C)*,171.0
*CC(C(=O)Oc1ccc(c2c1nccc2)Cl)*,118.0
*CC(C(=O)Oc1ccc(cc1)C#N)(C)*,155.0
*CC(C(=O)Oc1ccc(cc1)C#N)*,57.5
*CC(C(=O)Oc1ccc(cc1)C(=O)C=Cc1ccc(c(c1)OC)OC)(C)*,137.0
*CC(C(=O)Oc1ccc(cc1)C(=O)C=Cc1ccc(cc1)Cl)(C)*,127.0
*CC(C(=O)Oc1ccc(cc1)C(=O)C=Cc1ccc(cc1)OCc1ccccc1)(C)*,152.0
*CC(C(=O)Oc1ccc(cc1)C(=O)O)(C)*,110.0
*CC(C(=O)Oc1ccc(cc1)C(=O)O)*,125.0
*CC(C(=O)Oc1ccc(cc1)C(=O)OC)(C)*,106.0
*CC(C(=O)Oc1ccc(cc1)C(=O)OC)*,67.0
*CC(C(=O)Oc1ccc(cc1)C(=O)OCc1ccccc1)*,16.25
*CC(C(=O)Oc1ccc(cc1)C(=O)Oc1ccc(cc1)C(=O)c1ccccc1)(C)*,72.0
*CC(C(=O)Oc1ccc(cc1)C(=O)Oc1ccc(cc1)C)(C)*,98.0
*CC(C(=O)Oc1ccc(cc1)C(=O)Oc1ccc(cc1)OC)(C)*,77.0
*CC(C(=O)Oc1ccc(cc1)C(=O)Oc1ccc(cc1)Oc1ccccc1)(C)*,74.0
*CC(C(=O)Oc1ccc(cc1)C(=O)Oc1ccc(cc1)c1ccccc1)(C)*,100.0
*CC(C(=O)Oc1ccc(cc1)C(=O)Oc1ccccc1)(C)*,99.0
*CC(C(=O)Oc1ccc(cc1)C(=O)c1ccc(cc1)Cl)*,78.0
*CC(C(=O)Oc1ccc(cc1)C(=O)c1ccccc1)(C)*,118.0
*CC(C(=O)Oc1ccc(cc1)C(C)(C)C)(C)*,89.0
*CC(C(=O)Oc1ccc(cc1)C(C)(C)C)*,71.0
*CC(C(=O)Oc1ccc(cc1)C)*,42.5
*CC(C(=O)Oc1ccc(cc1)C=Cc1ccccc1)(C)*,143.0
*CC(C(=O)Oc1ccc(cc1)CC#N)(C)*,128.0
*CC(C(=O)Oc1ccc(cc1)Cl)*,58.0
*CC(C(=O)Oc1ccc(cc1)N=Nc1ccc(cc1)C#N)(C)*,185.0
*CC(C(=O)Oc1ccc(cc1)N=Nc1ccc(cc1)OC)(C)*,120.0
*CC(C(=O)Oc1ccc(cc1)N=Nc1ccc(cc1)OC)*,137.0
*CC(C(=O)Oc1ccc(cc1)N=Nc1ccc(cc1)OCCCCCCCCCCCOC(=O)c1ccc2c(c1)OCCOCCOCCOCCO2)(C)*,19.0
*CC(C(=O)Oc1ccc(cc1)N=Nc1ccc(cc1)[N+](=O)[O-])(C)*,145.0
*CC(C(=O)Oc1ccc(cc1)N=Nc1ccc(cc1)[N+](=O)[O-])*,129.0
*CC(C(=O)Oc1ccc(cc1)N=Nc1ccccc1)*,92.0
*CC(C(=O)Oc1ccc(cc1)NC(=O)C)(C)*,471.0
*CC(C(=O)Oc1ccc(cc1)OC)*,50.5
*CC(C(=O)Oc1ccc(cc1)OCc1ccccc1)(C)*,95.3
*CC(C(=O)Oc1ccc(cc1)[N+](=O)[O-])*,73.3
*CC(C(=O)Oc1ccc(cc1)c1ccccc1)(C)*,89.0
*CC(C(=O)Oc1ccc(cc1)c1ccccc1)*,110.0
*CC(C(=O)Oc1ccc(cc1)c1nnc(o1)c1ccc(cc1)C(C)(C)C)(C)*,156.0
*CC(C(=O)Oc1ccc(cc1)c1nnc(o1)c1cccc2c1cccc2)(C)*,160.0
*CC(C(=O)Oc1ccc(cc1C)C)(C)*,109.0
*CC(C(=O)Oc1ccc(cc1Cl)Cl)*,60.0
*CC(C(=O)Oc1ccc2c(c1)CCC2)(C)*,107.0
*CC(C(=O)Oc1ccc2c(c1)oc(=O)cc2CCl)(C)*,145.0
*CC(C(=O)Oc1cccc(c1)C(=O)OC)*,38.0
*CC(C(=O)Oc1cccc(c1)C)*,24.5
*CC(C(=O)Oc1cccc(c1)N(C)C)*,47.0
*CC(C(=O)Oc1cccc(c1C)C)(C)*,120.0
*CC(C(=O)Oc1cccc2c1cccc2)*,85.0
*CC(C(=O)Oc1ccccc1)(C)*,110.0
*CC(C(=O)Oc1ccccc1)(CC(=O)Oc1ccccc1)*,132.0
*CC(C(=O)Oc1ccccc1)*,58.25
*CC(C(=O)Oc1ccccc1C(=O)OC)*,46.0
*CC(C(=O)Oc1ccccc1C(C)(C)C)*,72.0
*CC(C(=O)Oc1ccccc1C)*,51.5
*CC(C(=O)Oc1ccccc1Cl)*,60.5
*CC(C(=O)SCCSC1CC2CC1C1C2SC(=O)S1)(C)*,109.0
*CC(C(=O)c1ccc(c(c1)C)C)*,42.0
*CC(C(=O)c1ccc(c(c1)OC)Br)*,44.0
*CC(C(=O)c1ccc(cc1)Br)*,101.5
*CC(C(=O)c1ccc(cc1)C(C)(C)C)*,103.5
*CC(C(=O)c1ccc(cc1)C(C)C)*,62.5
*CC(C(=O)c1ccc(cc1)C)*,59.5
*CC(C(=O)c1ccc(cc1)CC)*,49.25
*CC(C(=O)c1ccc(cc1)Cl)*,63.0
*CC(C(=O)c1ccc(cc1)OC)*,46.0
*CC(C(=O)c1ccccc1)*,59.5
*CC(C(=O)n1c2ccccc2c2c1cccc2)*,49.7
*CC(C(C(C(=O)O)*)C(=O)O)OC,143.0
*CC(C(C(C(=O)OC)(C)*)(C(=O)OC)C)OC,134.0
*CC(C(C(C(=O)OC)(C)*)(C(=O)OC)C)OCC(C)C,125.5
*CC(C(C(C(=O)OC)*)C(=O)OC)OC,59.5
*CC(C(C(C(=O)OC)*)C(=O)OC)OCC(C)C,44.5
*CC(C(C(C(COC(=O)CCCCC(=O)O*)O)O)O)O,-2.0
*CC(C(C(C(F)(F)F)(F)F)(F)F)*,58.0
*CC(C(C(C)(C)*)CCC(C=C)(O)C)C#N,50.0
*CC(C(C(C)(C)*)CCC(C=C)(O)C)OC(=O)C,85.0
*CC(C(C(C)C)COC(=O)c1ccc(cc1)C(=O)O*)C(C)C,65.0
*CC(C(C(F)(F)F)(F)F)*,41.0
*CC(C(C(c1ccccn1)*)c1ccccc1)c1ccccn1,150.0
*CC(C(C)(C)*)C,37.0
*CC(C(C)(C)C)O*,35.0
*CC(C(C)C)*,60.0
*CC(C(CN(c1ccc(cc1)N(C)C)*)O)O,72.0
*CC(C(COC(=O)O*)O)O,32.3
*CC(C(COC(=O)c1ccc(cc1)C(=O)O*)C)C,37.5
*CC(C(F)(F)F)(F)*,47.0
*CC(C(F)(F)F)*,27.0
*CC(C)(C)*,-72.0
*CC(C)*,-0.39
*CC(C1(C)C(=O)OC(=O)C1(*)C)OCC(C)C,219.0
*CC(C1(F)C(*)CC(C1(F)F)(O)C(F)(F)F)(F)F,152.0
*CC(C1(F)CC(CC1*)C(C(F)(F)F)(C(F)(F)F)O)(F)F,118.0
*CC(C1(F)CC(CC1*)CC(C(F)(F)F)(C(F)(F)F)O)(F)F,98.0
*CC(C1=NC(C(=O)O1)(C)C)(C)*,165.0
*CC(C1=NC(C(=O)O1)(C)C)*,100.0
*CC(C1C(*)C(=O)N(C1=O)C(C)(C)C)c1ccccc1,178.0
*CC(C1C(*)C(=O)N(C1=O)C(C)C)(C)C,145.0
*CC(C1C(*)C(=O)N(C1=O)C1CCCCC1)(C)C,192.0
*CC(C1C(*)C(=O)N(C1=O)CCCCNC(=O)C(C(C(C(C(C(C(F)(F)F)(F)F)(F)F)(F)F)(F)F)(F)F)(F)F)c1ccccc1,113.0
*CC(C1C(*)C(=O)N(C1=O)c1ccc(cc1)C(C)(C)C)c1ccccc1,237.0
*CC(C1C(*)C(=O)N(C1=O)c1ccc(cc1)N(C)C)OC,221.0
*CC(C1C(*)C(=O)N(C1=O)c1ccc(cc1)NC(=O)OCC1CCCN1c1ccc(cc1)[N+](=O)[O-])c1ccccc1,208.0
*CC(C1C(*)C(=O)N(C1=O)c1ccccc1)(C)C,188.0
*CC(C1C(=O)N(C(=O)C1*)C)(C)C,156.5
*CC(C1C(=O)N(C(=O)C1*)C)c1ccccc1,205.0
*CC(C1C(=O)N(C(=O)C1*)c1c(C)cccc1C)(C)C,237.0
*CC(C1C(=O)N(C(=O)C1*)c1ccc(cc1)Oc1ccccc1)c1ccccc1,194.0
*CC(C1C(=O)N(C(=O)C1*)c1ccccc1)c1ccccc1,221.0
*CC(C1C(=O)N(C(=O)C1*)c1ccccc1C)(C)C,207.0
*CC(C1C(=O)NC(=O)C1*)(c1ccc(cc1)[Si](C)(C)C)C,230.0
*CC(C1C(=O)NC(=O)C1*)c1ccc(cc1)[Si](C)(C)C,216.0
*CC(C1C(=O)NC(=O)C1*)c1ccccc1,252.0
*CC(C1C(=O)OC(=O)C1*)(C)C,141.0
*CC(C1C(=O)OC(=O)C1*)OC(C)C,142.0
*CC(C1C(=O)OC(=O)C1*)OC1CCCCC1,201.0
*CC(C1C(=O)OC(=O)C1*)OCC(C)C,145.0
*CC(C1C(=O)OC(=O)C1*)c1ccccc1,185.95
*CC(C1CC(C1(F)F)(F)F)O*,-25.0
*CC(C1CCC(=CC1)*)(C)C,77.0
*CC(C1CCC(CC1)C(C)(C)C)*,131.0
*CC(C1CCC(CC1)C)*,132.0
*CC(C1CCCC(C1)C)*,141.0
*CC(C1CCCC1)*,75.0
*CC(C1CCCCC1)*,120.0
*CC(C1CCCCC1C)*,186.0
*CC(C=C(C)*)C,2.2
*CC(CC#N)O*,-14.0
*CC(CC(=O)N)O*,55.0
*CC(CC(=O)O)O*,29.0
*CC(CC(C#N)(C#N)*)OCCC(C(C(C(C(C(C(C(F)(F)F)(F)F)(F)F)(F)F)(F)F)(F)F)(F)F)(F)F,60.7
*CC(CC(C(F)(F)F)(C(F)(F)F)*)(F)F,132.0
*CC(CC(C)(C)C)*,190.0
*CC(CC(C)C)*,35.2
*CC(CC(Cl)(Cl)Cl)O*,-36.0
*CC(CC)(C)*,-5.0
*CC(CC)*,-24.05
*CC(CC1CCCC1)*,60.0
*CC(CC1CCCCC1)*,75.0
*CC(CCC(CNC(=O)c1cc(cc(c1)C(C)(C)C)C(=O)N*)C)C,149.0
*CC(CCC1CCCCC1)*,40.0
*CC(CCCCC(CN(c1ccc(cc1)N(C)C)*)O)O,72.0
*CC(CC[Si](C)(C)C)*,132.0
*CC(CCc1ccccc1)*,10.0
*CC(CN(C(=O)C)C)O*,18.9
*CC(CN(Cc1ccccc1)C)O*,-36.1
*CC(CN(Cc1ccccc1)Cc1ccccc1)O*,6.45
*CC(CN(S(=O)(=O)c1ccc(cc1)c1ccc(cc1)S(=O)(=O)N(CC(COc1ccc(cc1)C(c1ccc(cc1)O*)(C)C)O)C)C)O,101.0
*CC(CN(S(=O)(=O)c1ccc(cc1)c1ccc(cc1)S(=O)(=O)N(CC(COc1ccc(cc1)O*)O)C)C)O,84.0
*CC(CN(S(=O)(=O)c1cccc(c1)S(=O)(=O)N(CC(COc1ccc(cc1)C(c1ccc(cc1)O*)(C)C)O)C)C)O,76.0
*CC(CN(S(=O)(=O)c1cccc(c1)S(=O)(=O)N(CC(COc1ccc(cc1)C1(c2ccc(cc2)O*)c2ccccc2-c2c1cccc2)O)C)C)O,127.0
*CC(CN(S(=O)(=O)c1cccc(c1)S(=O)(=O)N(CC(COc1ccc(cc1)O*)O)C)C)O,66.0
*CC(CN(S(=O)(=O)c1cccc(c1)S(=O)(=O)N(CC(COc1ccc(cc1)S(=O)(=O)c1ccc(cc1)O*)O)C)C)O,100.0
*CC(CN(S(=O)(=O)c1cccc(c1)S(=O)(=O)N(CC(COc1ccc(cc1)Sc1ccc(cc1)O*)O)C)C)O,90.0
*CC(CN(S(=O)(=O)c1cccc(c1)S(=O)(=O)N(CC(COc1ccc(cc1)c1ccc(cc1)O*)O)C)C)O,58.0
*CC(CN(c1cc(C)c(c(c1)C)N=Nc1ccc(cc1)C#N)*)O,150.0
*CC(CN(c1cc(C)c(c(c1)C)N=Nc1ccc(cc1)Cl)*)O,150.0
*CC(CN(c1cc(C)c(c(c1)C)N=Nc1ccc(cc1)[N+](=O)[O-])*)O,152.0
*CC(CN(c1cc(C)c(c(c1)C)N=Nc1ccc(cc1C)[N+](=O)[O-])*)O,149.0
*CC(CN(c1cc(C)cc(c1)C)*)O,80.0
*CC(CN(c1ccc(cc1)C#N)CC(COc1ccc(cc1)C(c1ccc(cc1)O*)(C)C)O)O,100.0
*CC(CN(c1ccc(cc1)C=C[Si](c1ccc(cc1)C=Cc1ccc(cc1)[Si](C=Cc1ccc(cc1)N(C)*)(C)C)(C)C)C)(C)C,99.0
*CC(CN(c1ccc(cc1)N=Nc1ccc(cc1)C(=O)O)*)O,99.0
*CC(CN(c1ccc(cc1)N=Nc1ccc(cc1)Cl)*)O,160.0
*CC(CN(c1ccc(cc1)N=Nc1ccc(cc1)[N+](=O)[O-])CC(CN(c1ccccc1)*)O)O,70.0
*CC(CN(c1ccc(cc1)N=Nc1ccc(cc1)[N+](=O)[O-])CC(COc1ccc(cc1)C(c1ccc(cc1)O*)(C)C)O)O,59.0
*CC(CN(c1ccc(cc1)N=Nc1ccc(cc1C)[N+](=O)[O-])*)O,156.0
*CC(CN(c1ccccc1)*)O,70.0
*CC(CN(c1ccccc1)N=Cc1scc2c1OCCO2)O*,53.0
*CC(CN(c1ccccc1)N=Cc1scc2c1OCCO2)S*,58.0
*CC(CN)*,190.0
*CC(CN1C(=O)C2C(C1=O)C1CC2C=C1)O*,87.5
*CC(CN1CCOCC1)O*,1.0
*CC(CNC(=O)C)O*,40.0
*CC(CNC(=O)O*)C,40.0
*CC(CNc1ccc(c(c1)C(F)(F)F)[N+](=O)[O-])*,153.0
*CC(CNc1ccc(cc1)[N+](=O)[O-])*,144.0
*CC(CNc1ccc(cc1C)[N+](=O)[O-])*,151.0
*CC(CNc1ccc(cc1[N+](=O)[O-])[N+](=O)[O-])*,160.0
*CC(CNc1ccc(cn1)[N+](=O)[O-])*,151.0
*CC(CO)*,36.0
*CC(COC(=O)/C=C\C(=O)Oc1ccc(cc1)C(c1ccc(cc1)O*)(C)C)O,32.0
*CC(COC(=O)C(=C)C)O*,-34.0
*CC(COC(=O)C1CCC(CC1)C(=O)OCC(COc1ccc(cc1)C(c1ccc(cc1)O*)(C)C)O)O,70.0
*CC(COC(=O)C1CCC(CC1)C(=O)OCC(COc1ccc(cc1)C1(c2ccc(cc2)O*)c2ccccc2-c2c1cccc2)O)O,110.0
*CC(COC(=O)CCCCC(=O)O*)CCCCCCOc1ccc(cc1)N=Nc1ccc(cc1)Br,24.0
*CC(COC(=O)CCCCC(=O)O*)CCCCCCOc1ccc(cc1)N=Nc1ccc(cc1)C,29.0
*CC(COC(=O)CCCCC(=O)O*)CCCCCCOc1ccc(cc1)N=Nc1ccc(cc1)C#N,5.0
*CC(COC(=O)CCCCC(=O)O*)CCCCCCOc1ccc(cc1)N=Nc1ccc(cc1)C(F)(F)F,44.0
*CC(COC(=O)CCCCC(=O)O*)CCCCCCOc1ccc(cc1)N=Nc1ccc(cc1)Cl,9.0
*CC(COC(=O)CCCCC(=O)O*)CCCCCCOc1ccc(cc1)N=Nc1ccc(cc1)OC,22.0
*CC(COC(=O)CCCCC(=O)O*)O,-20.0
*CC(COC(=O)CCCCC(=O)OCC(COc1ccc(cc1)C(=O)Oc1ccc(cc1)O*)O)O,37.0
*CC(COC(=O)CCCCC(=O)OCC(COc1ccc(cc1)C(c1ccc(cc1)O*)(C)C)O)O,34.0
*CC(COC(=O)CCCCC(=O)OCC(COc1ccc(cc1)C=C(c1ccc(cc1)O*)C)O)O,33.0
*CC(COC(=O)CCCCC(=O)OCC(COc1ccc(cc1)O*)O)O,19.0
*CC(COC(=O)CCCCCCC(=O)OCC(COc1ccc(cc1)C(c1ccc(cc1)O*)(C)C)O)O,35.0
*CC(COC(=O)CCCCCCCCC(=O)OCC(COc1ccc(cc1)C(=O)Oc1ccc(cc1)O*)O)O,36.0
*CC(COC(=O)CCCCCCCCC(=O)OCC(COc1ccc(cc1)C(c1ccc(cc1)O*)(C)C)O)O,30.0
*CC(COC(=O)CCCCCCCCC(=O)OCC(COc1ccc(cc1)C=C(c1ccc(cc1)O*)C)O)O,30.0
*CC(COC(=O)CCCCCCCCCCC(=O)OCC(COc1ccc(cc1)C(c1ccc(cc1)O*)(C)C)O)O,25.0
*CC(COC(=O)CCCCCCCCCCC(=O)OCC(COc1ccc(cc1)O*)O)O,10.0
*CC(COC(=O)CCCCCCCCCCCCC(=O)O*)CCCCCCOc1ccc(cc1)N=Nc1ccc(cc1)C#N,21.5
*CC(COC(=O)CCCCCCCCCCN1C(=O)C2C(C1=O)C1CC2C=C1)O*,-31.0
*CC(COC(=O)CCCCCN1C(=O)C2C(C1=O)C1CC2C=C1)O*,1.0
*CC(COC(=O)O*)OCCCCCCCCCCCOc1ccc(cc1)C=Cc1ccc(cc1)[N+](=O)[O-],21.0
*CC(COC(=O)O*)OCCCCCCOc1ccc(cc1)C=Cc1ccc(cc1)[N+](=O)[O-],32.0
*CC(COC(=O)O*)OCCCCOc1ccc(cc1)C=Cc1ccc(cc1)[N+](=O)[O-],42.0
*CC(COC(=O)O*)OCCOCc1ccccc1,-26.0
*CC(COC(=O)O*)OCCOc1ccc(cc1)C=Cc1ccc(cc1)[N+](=O)[O-],53.0
*CC(COC(=O)c1ccc(cc1)C(=O)O*)C,55.0
*CC(COC(=O)c1ccc(cc1)N1C(=O)C2C(C1=O)C1CC2C=C1)O*,62.5
*CC(COC(=O)c1cccc(c1)C(=O)OCC(COc1ccc(cc1)C(c1ccc(cc1)O*)(C)C)O)O,97.0
*CC(COC(C(F)(F)F)(C(F)(F)F)F)O*,-43.0
*CC(COC(C)(C)C)O*,-24.0
*CC(COC(C)C)O*,-67.0
*CC(COCOCC([N+](=O)[O-])([N+](=O)[O-])C)O*,-17.5
*CC(COc1c(C)cc(cc1C)C(c1cc(C)c(c(c1)C)O*)(C)C)O,130.0
*CC(COc1c(C)cc(cc1C)C(c1cc(C)c(c(c1)C)OCC(COc1c(C)cc(cc1C)S(=O)(=O)c1cc(C)c(c(c1)C)O*)O)(C)C)O,145.0
*CC(COc1c(C)cc(cc1C)C(c1cc(C)c(c(c1)C)OCC(COc1ccc(cc1)S(=O)(=O)c1ccc(cc1)O*)O)(C)C)O,145.0
*CC(COc1c(C)cc(cc1C)S(=O)(=O)c1cc(C)c(c(c1)C)O*)O,152.5
*CC(COc1c(Cl)cc(cc1Cl)C(c1cc(Cl)c(c(c1)Cl)O*)(C)C)O,135.0
*CC(COc1c(Cl)cc(cc1Cl)C(c1cc(Cl)c(c(c1)Cl)OCC(COc1ccc(cc1)C(c1ccc(cc1)O*)(C)C)O)(C)C)O,100.0
*CC(COc1ccc(cc1)C(=O)c1ccc(cc1)O*)O,130.0
*CC(COc1ccc(cc1)C(=O)c1ccc(cc1)OCC(COc1ccc(cc1)C(c1ccc(cc1)O*)(C)C)O)O,120.0
*CC(COc1ccc(cc1)C(C(F)(F)F)(C(F)(F)F)c1ccc(cc1)O*)(CCl)CO,107.0
*CC(COc1ccc(cc1)C(C1CCC(CC1)(C)c1ccc(cc1)O*)(C)C)O,135.0
*CC(COc1ccc(cc1)C(CC(c1ccc(cc1)O*)(C)C)C)O,75.0
*CC(COc1ccc(cc1)C(c1ccc(cc1)O*)(C)C)O,90.0
*CC(COc1ccc(cc1)C(c1ccc(cc1)O*)(CC)C)O,95.0
*CC(COc1ccc(cc1)C(c1ccc(cc1)O*)(c1ccccc1)C)O,115.0
*CC(COc1ccc(cc1)C(c1ccc(cc1)OCC(CN1CCN(CC1)*)O)(C)C)O,100.0
*CC(COc1ccc(cc1)C(c1ccc(cc1)OCC(COc1c(C)cc(cc1C)C(c1cc(C)c(c(c1)C)O*)(C)C)O)(C)C)O,100.0
*CC(COc1ccc(cc1)C(c1ccc(cc1)OCC(COc1c(C)cc(cc1C)S(=O)(=O)c1cc(C)c(c(c1)C)O*)O)(C)C)O,137.5
*CC(COc1ccc(cc1)C(c1ccc(cc1)OCC(COc1ccc(cc1)C(=O)Nc1ccc(cc1)O*)O)(C)C)O,127.0
*CC(COc1ccc(cc1)C(c1ccc(cc1)OCC(COc1ccc(cc1)C1(c2ccc(cc2)O*)c2ccccc2-c2c1cccc2)O)(C)C)O,161.0
*CC(COc1ccc(cc1)C(c1ccc(cc1)OCC(COc1ccc(cc1)NC(=O)CCCC(=O)Nc1ccc(cc1)O*)O)(C)C)O,105.0
*CC(COc1ccc(cc1)C(c1ccc(cc1)OCC(COc1ccc(cc1)NC(=O)CCCCC(=O)Nc1ccc(cc1)O*)O)(C)C)O,112.0
*CC(COc1ccc(cc1)C(c1ccc(cc1)OCC(COc1ccc(cc1)NC(=O)CCCCCC(=O)Nc1ccc(cc1)O*)O)(C)C)O,116.0
*CC(COc1ccc(cc1)C(c1ccc(cc1)OCC(COc1ccc(cc1)Oc1ccc(cc1)O*)O)(C)C)O,85.0
*CC(COc1ccc(cc1)C(c1ccc(cc1)OCC(COc1ccc(cc1)S(=O)(=O)c1ccc(cc1)O*)O)(C)C)O,130.0
*CC(COc1ccc(cc1)C(c1ccc(cc1)OCC(COc1ccc(cc1C)S(=O)(=O)c1ccc(c(c1)C)O*)O)(C)C)O,117.5
*CC(COc1ccc(cc1)C(c1ccc(cc1)OCC(COc1cccc(c1)C(=O)Nc1cccc(c1)O*)O)(C)C)O,117.0
*CC(COc1ccc(cc1)C(c1ccc(cc1)OCC(COc1cccc(c1)NC(=O)C(=O)Nc1cccc(c1)O*)O)(C)C)O,119.0
*CC(COc1ccc(cc1)C(c1ccc(cc1)OCC(COc1cccc(c1)NC(=O)CCCC(=O)Nc1cccc(c1)O*)O)(C)C)O,111.0
*CC(COc1ccc(cc1)C(c1ccc(cc1)OCC(COc1cccc(c1)NC(=O)CCCCC(=O)Nc1cccc(c1)O*)O)(C)C)O,103.0
*CC(COc1ccc(cc1)C(c1ccc(cc1)OCC(COc1cccc(c1)NC(=O)CCCCCC(=O)Nc1cccc(c1)O*)O)(C)C)O,107.0
*CC(COc1ccc(cc1)C(c1ccc(cc1)OCC(COc1cccc(c1)NC(=O)CCCCCCC(=O)Nc1cccc(c1)O*)O)(C)C)O,92.0
*CC(COc1ccc(cc1)C(c1ccc(cc1)OCC(COc1cccc(c1)NC(=O)CCCCCCCCCCC(=O)Nc1cccc(c1)O*)O)(C)C)O,90.0
*CC(COc1ccc(cc1)C(c1ccc(cc1)OCC(COc1cccc(c1)NC(=O)Cc1cccc(c1)CC(=O)Nc1cccc(c1)O*)O)(C)C)O,119.0
*CC(COc1ccc(cc1)C(c1ccc(cc1)OCC(COc1cccc(c1)NC(=O)c1cccc(c1)C(=O)Nc1cccc(c1)O*)O)(C)C)O,133.0
*CC(COc1ccc(cc1)C(c1ccc(cc1)OCC(COc1cccc(c1)O*)O)(C)C)O,83.0
*CC(COc1ccc(cc1)C(c1ccc(cc1)OCC(COc1ccccc1C(=O)Nc1ccc(cc1)O*)O)(C)C)O,121.0
*CC(COc1ccc(cc1)C1(C)CC(c2c1ccc(c2)O*)(C)C)O,120.0
*CC(COc1ccc(cc1)C1CC(CCC1(C)c1ccc(cc1)O*)C(C)C)O,175.0
*CC(COc1ccc(cc1)C1CCCC(C1)(CC)c1ccc(cc1)O*)O,140.0
*CC(COc1ccc(cc1)Cc1ccc(cc1)O*)O,80.0
*CC(COc1ccc(cc1)O*)O,60.0
*CC(COc1ccc(cc1)S(=O)(=O)c1ccc(cc1)O*)O,160.0
*CC(COc1ccc(cc1)S(=O)(=O)c1ccc(cc1)OCC(COc1c(C)cc(cc1C)S(=O)(=O)c1cc(C)c(c(c1)C)O*)O)O,145.0
*CC(COc1ccc(cc1)S(=O)(=O)c1ccc(cc1)OCC(COc1ccc(cc1C)S(=O)(=O)c1ccc(c(c1)C)O*)O)O,142.5
*CC(COc1ccc(cc1)S(=O)(=O)c1ccc(cc1)OCC(COc1cccc(c1)O*)O)O,105.0
*CC(COc1ccc(cc1)c1ccc(cc1)C#N)O*,94.15
*CC(COc1ccc(cc1)c1ccc(cc1)OC)O*,111.0
*CC(COc1ccc(cc1C)S(=O)(=O)c1ccc(c(c1)C)O*)O,132.5
*CC(COc1ccc(cc1Cl)C(c1ccc(c(c1)Cl)O*)(C)C)O,85.0
*CC(COc1cccc(c1)O*)O,65.0
*CC(COc1ccccc1)O*,35.0
*CC(CS(=O)(=O)*)(C)C,108.5
*CC(CS(=O)(=O)C(C)C)O*,64.0
*CC(CS(=O)(=O)C)O*,85.0
*CC(CS(=O)(=O)CC)O*,57.0
*CC(CSC(C)C)O*,-44.0
*CC(C[N-][N+]#N)O*,-35.0
*CC(C[Si](C)(C)*)Cc1ccc(cc1)c1ccccc1,28.0
*CC(C[Si](C)(C)*)Cc1cccc2c1cccc2,17.0
*CC(C[Si](C)(C)C)*,114.0
*CC(Cc1ccc(cc1)C)*,62.5
*CC(Cc1cccc(c1)C)*,40.0
*CC(Cc1ccccc1)*,60.0
*CC(Cc1ccccc1C)*,80.0
*CC(Cl)(Cl)*,-18.0
*CC(Cl)*,80.0
*CC(F)(F)*,-34.4
*CC(F)*,41.0
*CC(N)*,57.0
*CC(N1C(=O)C2C(C1=O)C1C=CC2C2C1C(=O)N(C2=O)*)C,212.0
*CC(N1CCCC1=O)*,158.0
*CC(N1CCCC1=S)*,80.0
*CC(N1CCCCCC1=O)*,168.0
*CC(NC(=O)OC(C)(C)C)*,120.0
*CC(O)*,76.5
*CC(O*)(C)C,92.0
*CC(O*)C,-70.0
*CC(O*)CBr,-14.0
*CC(O*)CC,-73.5
*CC(O*)CCl,-24.0
*CC(O*)CN,68.2
*CC(O*)CO,-27.0
*CC(OC(=O)C(C(C(C(C(C(C(C(C(F)(F)F)(F)F)(F)F)(F)F)(F)F)(F)F)(F)F)(F)F)(F)F)*,-19.0
*CC(OC(=O)C(C(C(C(C(C(C(F)(F)F)(F)F)(F)F)(F)F)(F)F)(F)F)(F)F)*,-12.5
*CC(OC(=O)C(C(C(C(C(F)(F)F)(F)F)(F)F)(F)F)(F)F)*,-9.0
*CC(OC(=O)C(C(C(C(F)(F)F)(F)F)(F)F)(F)F)*,17.5
*CC(OC(=O)C(C(C(C)C)C)(C)C)*,50.0
*CC(OC(=O)C(C(C(F)(F)F)(F)F)(F)F)*,27.0
*CC(OC(=O)C(C(C)(C)C)(CC)C)*,115.0
*CC(OC(=O)C(C(C)C)(C(C)C)C)*,120.0
*CC(OC(=O)C(C(CC)(C)C)(C)C)*,90.0
*CC(OC(=O)C(C(F)(F)F)(F)F)*,42.0
*CC(OC(=O)C(C)(C)C)*,86.0
*CC(OC(=O)C(CC(C)(C)C)(C)C)*,55.0
*CC(OC(=O)C(Cl)(Cl)Cl)*,59.0
*CC(OC(=O)C(F)(F)F)*,46.0
*CC(OC(=O)C)COc1c(Cl)cc(cc1Cl)C(c1cc(Cl)c(c(c1)Cl)O*)(C)C,100.0
*CC(OC(=O)C)COc1ccc(cc1)C(c1ccc(cc1)O*)(C)C,60.0
*CC(OC(=O)C)COc1ccc(cc1)C(c1ccc(cc1)O*)(c1ccccc1)C,110.0
*CC(OC(=O)C)COc1ccc(cc1)C1CCCC(C1)(CC)c1ccc(cc1)O*,107.0
*CC(OC(=O)C)COc1ccc(cc1)O*,49.0
*CC(OC(=O)C)COc1ccc(cc1)S(=O)(=O)c1ccc(cc1)O*,130.0
*CC(OC(=O)C1(C)CCCCC1)*,86.0
*CC(OC(=O)C1(F)C(F)(F)C(F)(F)C(C(C1(F)F)(F)F)(F)F)*,54.0
*CC(OC(=O)C1CCCC1)*,36.0
*CC(OC(=O)C1CCCCC1)*,52.0
*CC(OC(=O)C=Cc1ccccc1)*,127.0
*CC(OC(=O)C=Cc1ccccc1)COc1ccc(cc1)C(c1ccc(cc1)O*)(C)C,100.6
*CC(OC(=O)C=Cc1ccco1)COc1ccc(cc1)C(c1ccc(cc1)O*)(C)C,107.2
*CC(OC(=O)CC(c1ccccc1)(C)C)*,20.0
*CC(OC(=O)CC)*,10.95
*CC(OC(=O)CC)COc1ccc(cc1)C(c1ccc(cc1)O*)(C)C,60.0
*CC(OC(=O)CC1CCCC1)*,-3.0
*CC(OC(=O)CC1CCCCC1)*,25.0
*CC(OC(=O)CCCC(=O)c1ccc(cc1)C)*,40.0
*CC(OC(=O)CCCC(=O)c1ccccc1)*,45.0
*CC(OC(=O)CCCC1CCCCC1)*,-10.0
*CC(OC(=O)CCl)*,20.935
*CC(OC(=O)CCl)COc1ccc(cc1)C(c1ccc(cc1)O*)(C)C,65.0
*CC(OC(=O)OCC(Cl)(Cl)Cl)*,74.0
*CC(OC(=O)OCC(F)(F)F)*,57.0
*CC(OC(=O)OCCC(C(C(C(C(C(F)(F)F)(F)F)(F)F)(F)F)(F)F)(F)F)*,37.0
*CC(OC(=O)c1ccc(cc1)Br)*,85.5
*CC(OC(=O)c1ccc(cc1)C(C)(C)C)*,121.0
*CC(OC(=O)c1ccc(cc1)C(C)C)*,66.5
*CC(OC(=O)c1ccc(cc1)C)*,71.0
*CC(OC(=O)c1ccc(cc1)CC)*,54.75
*CC(OC(=O)c1ccc(cc1)Cl)*,70.25
*CC(OC(=O)c1ccc(cc1)OC(=O)C)*,76.0
*CC(OC(=O)c1ccc(cc1)OC(=O)CC)*,71.5
*CC(OC(=O)c1ccc(cc1)OC)*,85.0
*CC(OC(=O)c1ccc(cc1)[N+](=O)[O-])*,122.0
*CC(OC(=O)c1ccc(cc1)[Si](C)(C)C)*,123.0
*CC(OC(=O)c1ccc(cc1)c1ccccc1)*,84.5
*CC(OC(=O)c1cccc(c1)Br)*,57.5
*CC(OC(=O)c1cccc(c1)C)*,49.0
*CC(OC(=O)c1cccc(c1)Cl)*,61.75
*CC(OC(=O)c1cccc(c1)OC)*,44.0
*CC(OC(=O)c1cccc(c1)[N+](=O)[O-])*,93.0
*CC(OC(=O)c1cccc(c1)[Si](C)(C)C)*,80.0
*CC(OC(=O)c1ccccc1)*,70.4
*CC(OC(=O)c1ccccc1)COc1ccc(cc1)C(c1ccc(cc1)O*)(C)C,65.0
*CC(OC(=O)c1ccccc1)COc1ccc(cc1)C(c1ccc(cc1)O*)(c1ccccc1)C,126.0
*CC(OC(=O)c1ccccc1C)*,42.5
*CC(OC(=O)c1ccccc1Cl)*,55.75
*CC(OC(=O)c1ccccc1Cl)COc1ccc(cc1)C(c1ccc(cc1)O*)(C)C,66.0
*CC(OC(=O)c1ccccc1OC(=O)C)*,59.5
*CC(OC(=O)c1ccccc1OC)*,65.0
*CC(OC(=O)c1cccnc1)*,86.5
*CC(OC(=O)c1ccncc1)*,98.5
*CC(OC(=O)c1nn(c2c1cccc2)C(=O)C)*,150.0
*CC(OC(C(F)(F)F)(C(F)(F)F)F)*,60.0
*CC(OC(C)C)*,-7.5
*CC(OC(CC)C)*,-26.0
*CC(OC1CC2CC1C1C2CCC1)*,107.0
*CC(OCC(C)C)*,-22.0
*CC(OCC(CC)(C)C)*,9.0
*CC(OCCCCCCCCCCCOc1ccc(cc1)C(=O)Oc1ccc(cc1)C#N)*,37.0
*CC(OCCCCCCCOc1ccc(cc1)c1ccc(cc1)C#N)*,13.0
*CC(OCCOc1ccc(cc1)C=C(C#N)C#N)*,38.0
*CC(OCCOc1ccc(cc1)C=C(C(=O)OC)C#N)*,47.0
*CC(OCCOc1ccc(cc1)N=Nc1ccc(cc1)C#N)*,61.0
*CC(OCCOc1ccc(cc1)N=Nc1ccc(cc1)[N+](=O)[O-])*,54.0
*CC(P(=O)(N(C)C)N(C)C)*,25.0
*CC(P(=O)(N(C)C)Oc1ccccc1)*,27.0
*CC(P(=O)(c1ccccc1)c1ccccc1)*,127.5
*CC(S(=O)(=O)*)CC,29.2
*CC(S(=O)(=O)*)CC(C)C,23.0
*CC(S(=O)(=O)c1ccccc1)*,128.0
*CC(S*)(C)C,-14.0
*CC(S*)C,-42.0
*CC(S*)CC,-48.0
*CC([Si](C)(C)C)*,146.0
*CC([Si](Cc1ccccc1)(C)C)*,-24.0
*CC(c1c(C)cc(cc1C)C)*,126.0
*CC(c1c(Cl)cccc1Cl)*,165.0
*CC(c1c(F)c(F)c(c(c1F)F)C(F)(F)F)*,112.0
*CC(c1c(F)c(F)c(c(c1F)F)F)*,105.0
*CC(c1c(F)c(F)c(c(c1F)F)OC)*,94.0
*CC(c1c(F)c(F)c(c(c1F)F)OCC(C(C(C(C(C(C(F)(F)F)(F)F)(F)F)(F)F)(F)F)(F)F)(F)F)*,21.0
*CC(c1c(F)c(F)c(c(c1F)F)OCC(C(F)(F)F)(F)F)*,58.0
*CC(c1c(F)c(F)c(c(c1F)F)Oc1ccc(cc1)C(C(F)(F)F)(C(F)(F)F)c1ccc(cc1)OCC1CO1)*,102.3
*CC(c1c(F)c(F)c(c(c1F)F)P(=O)(O)O)*,330.0
*CC(c1c([2H])c([2H])c(c(c1[2H])[2H])[2H])*,100.0
*CC(c1cc(Br)ccc1OC(C)C)*,35.0
*CC(c1cc(Br)ccc1OCCC(C)C)*,37.0
*CC(c1cc(C)c(cc1C)C)*,104.0
*CC(c1cc(C)cc(c1)C)*,104.0
*CC(c1cc(OC)c(c(c1)OC)O)*,111.2
*CC(c1cc(OC)c(c(c1)OC)OC(=O)C)*,147.0
*CC(c1cc(cc(c1)C(F)(F)F)C(F)(F)F)*,116.0
*CC(c1cc(ccc1C(F)(F)F)C(F)(F)F)*,160.0
*CC(c1cc(ccc1C)C(C)(C)C)*,87.0
*CC(c1cc(ccc1c1ccc(cc1)C(=O)OC1CC(C)CCC1C(C)C)c1ccc(cc1)C(=O)OC1CC(C)CCC1C(C)C)*,217.5
*CC(c1cc(ccc1c1ccc(cc1)OC)C(=O)OCC(C(C(F)(F)F)(F)F)(F)F)*,169.0
*CC(c1ccc(c(c1)C)C)*,108.5
*CC(c1ccc(c(c1)C)Cl)*,114.0
*CC(c1ccc(c(c1)Cl)Cl)*,128.0
*CC(c1ccc(c(c1)F)Cl)*,122.0
*CC(c1ccc(c(c1)OC)O)*,119.705
*CC(c1ccc(c(c1)OC)OC(=O)C)*,115.0
*CC(c1ccc(c(c1)[N+](=O)[O-])Cl)*,132.9
*CC(c1ccc(cc1)B(O[Si](C)(C)C)O[Si](C)(C)C)*,84.0
*CC(c1ccc(cc1)B(c1ccc(cc1)C(C)(C)C)Oc1ccc(c2c1nccc2)B1OC(C(O1)(C)C)(C)C)*,275.0
*CC(c1ccc(cc1)B(c1ccc(cc1)C(C)(C)C)Oc1ccc(c2c1nccc2)Cl)*,238.0
*CC(c1ccc(cc1)B(c1ccc(cc1)C(C)(C)C)Oc1ccc(c2c1nccc2)c1c(F)c(F)c(c(c1F)F)F)*,245.0
*CC(c1ccc(cc1)B(c1ccc(cc1)C(C)(C)C)Oc1ccc(c2c1nccc2)c1ccc(cc1)N(C)C)*,230.0
*CC(c1ccc(cc1)B(c1ccc(cc1)C(C)(C)C)Oc1cccc2c1nccc2)*,240.0
*CC(c1ccc(cc1)Br)*,134.5
*CC(c1ccc(cc1)Br)OO*,9.6
*CC(c1ccc(cc1)C#C)*,114.0
*CC(c1ccc(cc1)C#Cc1ccccc1)*,148.0
*CC(c1ccc(cc1)C#N)(C)*,240.5
*CC(c1ccc(cc1)C#N)*,180.0
*CC(c1ccc(cc1)C(=NO)C)*,134.0
*CC(c1ccc(cc1)C(=NO)Cc1ccccc1)*,111.0
*CC(c1ccc(cc1)C(=O)C(F)(F)F)*,95.0
*CC(c1ccc(cc1)C(=O)C)*,115.5
*CC(c1ccc(cc1)C(=O)CC)*,102.0
*CC(c1ccc(cc1)C(=O)CCN1CCCCC1)*,38.0
*CC(c1ccc(cc1)C(=O)CCN1CCOCC1)*,41.0
*CC(c1ccc(cc1)C(=O)Cc1ccccc1)*,78.0
*CC(c1ccc(cc1)C(=O)N(C)C)*,125.0
*CC(c1ccc(cc1)C(=O)N(CC)CC)*,102.0
*CC(c1ccc(cc1)C(=O)N1CCCCC1)*,114.0
*CC(c1ccc(cc1)C(=O)N1CCOCC1)*,127.0
*CC(c1ccc(cc1)C(=O)OC(C)C)*,95.0
*CC(c1ccc(cc1)C(=O)OC)*,122.0
*CC(c1ccc(cc1)C(=O)OCC(C)C)*,90.0
*CC(c1ccc(cc1)C(=O)OCCN(C)C)*,91.0
*CC(c1ccc(cc1)C(=O)OCCN(CC)CC)*,74.0
*CC(c1ccc(cc1)C(=O)c1ccc(cc1)C)*,99.0
*CC(c1ccc(cc1)C(=O)c1ccc(cc1)OC)*,103.0
*CC(c1ccc(cc1)C(=O)c1ccccc1)*,98.0
*CC(c1ccc(cc1)C(C(C(C(C(C(C(F)(F)F)(F)F)(F)F)(F)F)(F)F)(F)F)(F)F)*,42.0
*CC(c1ccc(cc1)C(C(F)(F)F)(C(F)(F)F)OC(=O)OC(C)(C)C)*,55.0
*CC(c1ccc(cc1)C(C(F)(F)F)(C(F)(F)F)OCC(=O)OC(C)(C)C)*,62.0
*CC(c1ccc(cc1)C(C(F)(F)F)(C(F)(F)F)OCOC(C)(C)C)*,63.0
*CC(c1ccc(cc1)C(C(F)(F)F)(C(F)(F)F)OCOC)*,69.0
*CC(c1ccc(cc1)C(C(F)(F)F)O)(C)*,199.0
*CC(c1ccc(cc1)C(C(F)(F)F)O)*,110.0
*CC(c1ccc(cc1)C(C)(C)C)*,138.0
*CC(c1ccc(cc1)C(C)(C)C)OO*,19.9
*CC(c1ccc(cc1)C(C)C)(C)*,140.0
*CC(c1ccc(cc1)C(C)C)*,62.4
*CC(c1ccc(cc1)C(CC)(O)C)*,186.0
*CC(c1ccc(cc1)C(CCN(C)C)O)*,43.0
*CC(c1ccc(cc1)C(CCN1CCCCC1)O)*,54.0
*CC(c1ccc(cc1)C(CCN1CCOCC1)O)*,50.0
*CC(c1ccc(cc1)C(O)(C)C)*,165.0
*CC(c1ccc(cc1)C([Si](C)(C)C)[Si](C)(C)C)*,156.0
*CC(c1ccc(cc1)C([Sn](C)(C)C)[Sn](C)(C)C)*,140.0
*CC(c1ccc(cc1)C)(C)*,175.0
*CC(c1ccc(cc1)C)*,103.0
*CC(c1ccc(cc1)C)OO*,4.6
*CC(c1ccc(cc1)CC(Cc1ccccc1)(CO)CO)*,125.0
*CC(c1ccc(cc1)CC)*,45.9
*CC(c1ccc(cc1)CC1(COB(OC1)c1ccccc1)Cc1ccccc1)*,118.0
*CC(c1ccc(cc1)CCC(C(C(C(F)(F)F)(F)F)(F)F)(F)F)*,23.0
*CC(c1ccc(cc1)CC[Si]12O[Si]3(O[Si]4(O[Si](O2)(O[Si]2(O[Si](O1)(O[Si](O3)(O[Si](O4)(O2)C1CCCC1)C1CCCC1)C1CCCC1)C1CCCC1)C1CCCC1)C1CCCC1)C1CCCC1)*,343.0
*CC(c1ccc(cc1)CC[Si]12O[Si]3(O[Si]4(O[Si](O2)(O[Si]2(O[Si](O1)(O[Si](O3)(O[Si](O4)(O2)C1CCCCC1)C1CCCCC1)C1CCCCC1)C1CCCCC1)C1CCCCC1)C1CCCCC1)C1CCCCC1)*,396.0
*CC(c1ccc(cc1)CCl)*,113.5
*CC(c1ccc(cc1)CCl)CC(C#N)(C#N)*,150.0
*CC(c1ccc(cc1)CN(c1ccccc1)N=Cc1ccc(cc1)N(c1ccccc1)c1ccccc1)*,108.0
*CC(c1ccc(cc1)CN(c1ccccc1)N=Cc1ccc2c(c1)c1ccccc1n2CC)*,131.0
*CC(c1ccc(cc1)CN(c1ccccc1)N=Cc1ccc2c(c1)c1ccccc1n2c1ccccc1)*,143.0
*CC(c1ccc(cc1)CN(c1ccccc1)N=Cc1scc2c1OCCO2)*,65.0
*CC(c1ccc(cc1)COC(=O)C1(C)CCCC2(C1CC=C1C2CCC(=C1)C(C)C)C)*,135.0
*CC(c1ccc(cc1)COC(CC)C)*,40.0
*CC(c1ccc(cc1)COCC(C(C(C(F)(F)F)(F)F)(F)F)(F)F)*,23.0
*CC(c1ccc(cc1)COCCC(C(C(C(C(C(C(C(F)(F)F)(F)F)(F)F)(F)F)(F)F)(F)F)(F)F)(F)F)*,55.0
*CC(c1ccc(cc1)COCCC(C(C(C(C(C(F)(F)F)(F)F)(F)F)(F)F)(F)F)(F)F)*,18.0
*CC(c1ccc(cc1)COCCC(C(C(C(F)(F)F)(F)F)(F)F)(F)F)*,13.0
*CC(c1ccc(cc1)COc1ccc(cc1)CC)*,56.0
*CC(c1ccc(cc1)COc1ccc(cc1)Cl)*,64.0
*CC(c1ccc(cc1)COc1ccc(cc1)OC)*,53.0
*CC(c1ccc(cc1)COc1ccc(cc1)c1ccc(c2c1nsn2)c1ccc(cc1)C)*,117.0
*CC(c1ccc(cc1)COc1ccc(cc1)c1ccc(c2c1nsn2)c1ccc(s1)C)*,128.0
*CC(c1ccc(cc1)COc1ccc(cc1)c1ccc(cc1)C#N)*,132.0
*CC(c1ccc(cc1)COc1cccc2c1cccc2)*,74.0
*CC(c1ccc(cc1)C[N+](CCOCCOC)(CCOCCOC)CCOCCOC)*,-43.0
*CC(c1ccc(cc1)C[Si](C)(C)C)*,82.0
*CC(c1ccc(cc1)Cl)*,124.0
*CC(c1ccc(cc1)Cl)CC(C#N)(C#N)*,150.0
*CC(c1ccc(cc1)Cn1c2ccccc2c2c1cccc2)*,166.0
*CC(c1ccc(cc1)F)*,101.0
*CC(c1ccc(cc1)F)CC(C#N)(C#N)*,150.0
*CC(c1ccc(cc1)I)*,156.0
*CC(c1ccc(cc1)N(c1ccccc1)c1ccccc1)*,123.5
*CC(c1ccc(cc1)O)*,159.0
*CC(c1ccc(cc1)OC(=O)C)*,112.0
*CC(c1ccc(cc1)OC(=O)C)CC(C#N)(C#N)*,150.0
*CC(c1ccc(cc1)OC(=O)OC(C)(C)C)*,130.0
*CC(c1ccc(cc1)OC(C)(C)C)*,98.5
*CC(c1ccc(cc1)OC)*,108.0
*CC(c1ccc(cc1)OCC#C)*,60.5
*CC(c1ccc(cc1)OCCC(C)C)*,57.0
*CC(c1ccc(cc1)OCCCCCc1nnn[nH]1)*,46.5
*CC(c1ccc(cc1)OCCOCCOC(=O)C)*,-3.0
*CC(c1ccc(cc1)Oc1ccccc1)*,85.0
*CC(c1ccc(cc1)S(=O)(=O)N(S(=O)(=O)C(F)(F)F)[Li])*,152.0
*CC(c1ccc(cc1)[SiH](C)C)*,105.0
*CC(c1ccc(cc1)[Si](C)(C)C)*,136.0
*CC(c1ccc(cc1)[Si](O)(C)C)*,147.0
*CC(c1ccc(cc1)[Si](O[Si](C)(C)C)(C)C)*,35.5
*CC(c1ccc(cc1)[Si](O[Si](C)(C)C)(O[Si](C)(C)C)C)*,54.0
*CC(c1ccc(cc1)[Si](O[Si](C)(C)C)(O[Si](C)(C)C)O[Si](C)(C)C)*,114.0
*CC(c1ccc(cc1)[Si](O[Si](O[Si](C)(C)C)(C)C)(C)C)*,-27.0
*CC(c1ccc(cc1)[Si](c1ccccc1)(O)C)*,116.0
*CC(c1ccc(cc1)[Si]12O[Si]3(O[Si]4(O[Si](O2)(O[Si]2(O[Si](O1)(O[Si](O3)(O[Si](O4)(O2)C1CCCC1)C1CCCC1)C1CCCC1)C1CCCC1)C1CCCC1)C1CCCC1)C1CCCC1)*,400.0
*CC(c1ccc(cc1)[Si]12O[Si]3(O[Si]4(O[Si](O2)(O[Si]2(O[Si](O1)(O[Si](O3)(O[Si](O4)(O2)C1CCCCC1)C1CCCCC1)C1CCCCC1)C1CCCCC1)C1CCCCC1)C1CCCCC1)C1CCCCC1)*,370.0
*CC(c1ccc(cc1)c1c2ccccc2cc2c1cccc2)*,270.0
*CC(c1ccc(cc1)c1cccc2c1nsn2)*,150.0
*CC(c1ccc(cc1)c1ccccc1)*,161.0
*CC(c1ccc(cc1)c1nnc(o1)c1ccccc1)*,187.0
*CC(c1ccc(cc1C)C)*,102.5
*CC(c1ccc(cc1C)Cl)*,145.0
*CC(c1ccc(cc1Cl)Cl)*,135.0
*CC(c1ccc(nc1)C)*,130.0
*CC(c1ccc2c(c1)OCO2)*,138.0
*CC(c1ccc2c(c1)cccc2)(C)*,208.0
*CC(c1ccc2c(c1)cccc2)*,143.5
*CC(c1ccc2c(n1)cccc2)(C)*,184.0
*CC(c1cccc(c1)B(O[Si](C)(C)C)O[Si](C)(C)C)*,35.0
*CC(c1cccc(c1)Br)*,102.0
*CC(c1cccc(c1)C#C)*,80.0
*CC(c1cccc(c1)C#Cc1ccccc1)*,118.0
*CC(c1cccc(c1)C)*,72.0
*CC(c1cccc(c1)Cl)*,87.5
*CC(c1cccc(c1)F)*,86.0
*CC(c1cccc(c1)N(C)C)*,82.5
*CC(c1cccc(c1)N(c1ccc(cc1)C)c1ccc(cc1)C)*,126.5
*CC(c1cccc(c1)NC(=O)C)*,163.0
*CC(c1cccc(c1)O)*,167.0
*CC(c1cccc(c1)OC(=O)C)*,76.0
*CC(c1cccc(c1)OC(=O)OC(C)(C)C)*,85.0
*CC(c1cccc2c1cccc2)*,159.0
*CC(c1cccc2c1cccc2)C[Si](C)(C)*,39.0
*CC(c1ccccc1)(C(=O)OC)*,121.0
*CC(c1ccccc1)(C)*,168.0
*CC(c1ccccc1)*,97.25
*CC(c1ccccc1)C[Si](C)(C)*,-5.0
*CC(c1ccccc1)O*,34.5
*CC(c1ccccc1)S*,-2.5
*CC(c1ccccc1)SS*,4.8
*CC(c1ccccc1Br)*,149.0
*CC(c1ccccc1C#C)*,107.0
*CC(c1ccccc1C#Cc1ccccc1)*,99.0
*CC(c1ccccc1C(=O)N(C)C)*,190.0
*CC(c1ccccc1C(=O)NC)*,189.0
*CC(c1ccccc1C(=O)Nc1ccccc1)*,191.0
*CC(c1ccccc1C(=O)O)*,177.0
*CC(c1ccccc1C(=O)OC(C)C)*,146.0
*CC(c1ccccc1C(=O)OC)*,130.0
*CC(c1ccccc1C(=O)OCC(C)C)*,127.0
*CC(c1ccccc1C(=O)OCCC(C)C)*,68.0
*CC(c1ccccc1C(=O)OCCN(C)C)*,69.0
*CC(c1ccccc1C(=O)Oc1ccccc1)*,124.0
*CC(c1ccccc1C(F)(F)F)*,165.0
*CC(c1ccccc1C)*,131.0
*CC(c1ccccc1COC(C)C)*,88.0
*CC(c1ccccc1COCCC(C)C)*,78.0
*CC(c1ccccc1COCCc1ccccc1)*,63.0
*CC(c1ccccc1COCc1ccccc1)*,72.0
*CC(c1ccccc1Cl)*,123.95
*CC(c1ccccc1O)*,172.0
*CC(c1ccccc1OC(=O)C)*,118.0
*CC(c1ccccn1)*,102.5
*CC(c1ccco1)O*,12.5
*CC(c1cccs1)*,71.0
*CC(c1ccncc1)*,150.0
*CC(c1nc(C)nc(n1)C)*,70.0
*CC(c1nnn[nH]1)*,72.0
*CC(n1c2ccc3c(c2c2c1cccc2)cccc3)*,289.5
*CC(n1c2ccccc2c2c1cc1ccccc1c2)*,253.0
*CC(n1c2ccccc2c2c1cccc2)*,224.5
*CC(n1cc2c(n1)cccc2)*,41.5
*CC(n1cncc1)*,175.0
*CC/C(=C(/C)\*)/C,4.0
*CC/C(=C(\C)/*)/C,12.0
*CC/C=C(/C(C)(C)C)\*,25.0
*CC/C=C(/C)\*,-65.0
*CC/C=C(/Cl)\*,-20.0
*CC/C=C(/[Sn](CCCC)(CCCC)CCCC)\*,-85.0
*CC/C=C(\C)/*,-59.0
*CC/C=C(\Cl)/*,-32.75
*CC/C=C/*,-69.0
*CC/C=C\*,-103.0
*CC/C=C\C[Si](c1ccccc1)(C)*,-14.9
*CC1(*)CC(=O)N(C1=O)c1ccccc1,236.0
*CC1(*)CCCCC1,100.0
*CC1(*)OC(=O)C(OC1=O)C,244.0
*CC1(*)OCC(O1)c1ccccc1,75.0
*CC1(C)CC(*)(C)C(=O)OC1=O,144.0
*CC1(C)CC(CC(C1)(C)C)N1C(=O)c2c(C1=O)ccc(c2)Oc1ccc2c(c1)C(=O)N(C2=O)*,266.0
*CC1(C)CC(CC(C1)(C)C)N1C(=O)c2c(C1=O)ccc(c2)c1ccc2c(c1)C(=O)N(C2=O)*,311.0
*CC1(COCC(C1)(*)C(=O)OC12CC3CC(C2)CC(C1)C3)C(=O)OC12CC3CC(C2)CC(C1)C3,260.0
*CC1CC(*)C(=O)OC1=O,140.0
*CC1CC(C(C1)OC(=O)CCCCCCCCCCOc1ccc(cc1)c1ccc(cc1)C#N)*,30.5
*CC1CC(CNC(=O)c2cccc(c2)C(=O)N*)CC(C1)C(C)(C)C,209.0
*CC1CC(COC(=O)c2ccc(cc2)C(=O)O*)CC(C1)C(C)(C)C,118.0
*CC1CC2C(C1)C1CC2CC1COC(=O)NCC1(C)CC(NC(=O)O*)CC(C1)(C)C,118.0
*CC1CC2CC1C1C2C(CC1)CN1C(=O)c2c(C1=O)ccc(c2)C(=O)c1ccc2c(c1)C(=O)N(C2=O)*,217.0
*CC1CC2CC1C1C2C(CC1)CN1C(=O)c2c(C1=O)ccc(c2)C(C(F)(F)F)(C(F)(F)F)c1ccc2c(c1)C(=O)N(C2=O)*,207.0
*CC1CC2CC1C1C2C(CC1)CN1C(=O)c2c(C1=O)ccc(c2)Oc1ccc2c(c1)C(=O)N(C2=O)*,201.0
*CC1CC2CC1C1C2C(CC1)CN1C(=O)c2c(C1=O)ccc(c2)c1ccc2c(c1)C(=O)N(C2=O)*,230.0
*CC1CC2CC1C1C2C(CC1)Cn1c(=O)c2c(c1=O)cc1c(c2)c(=O)n(c1=O)*,265.0
*CC1CC2CC1C1C2CC(C1)CNC(=O)c1ccc(cc1)C(=O)N*,206.0
*CC1CCC(C1)*,162.0
*CC1CCC(CC1)CNC(=O)CCCCC(=O)N*,113.0
*CC1CCC(CC1)CNC(=O)CCCCCCCCC(=O)N*,89.0
*CC1CCC(CC1)CNC(=O)CCCCCCCCCCC(=O)N*,85.0
*CC1CCC(CC1)CNC(=O)c1cc(cc(c1)C(C)(C)C)C(=O)N*,236.0
*CC1CCC(CC1)CNC(=O)c1cccc(c1)C(=O)N*,208.0
*CC1CCC(CC1)COC(=O)C1CCC(CC1)C(=O)O*,67.4
*CC1CCC(CC1)COC(=O)CCC(=O)O*,-1.0
*CC1CCC(CC1)COC(=O)Nc1ccc(cc1)Cc1ccc(cc1)NC(=O)O*,134.0
*CC1CCC(CC1)COC(=O)O*,38.7
*CC1CCC(CC1)COC(=O)c1ccc(cc1)C(=O)O*,84.75
*CC1CCC(CC1)COC(=O)c1cccc(c1)C(=O)O*,70.0
*CC1CCC(CC1)COCc1c(C)c(C)c(c(c1C)O*)C,95.0
*CC1CCC(CC1)COP(=O)(N=Nc1ccc(cc1)C(=O)c1ccc(cc1)N=NP(=O)(OC)O*)OC,52.0
*CC1CCC(CC1)COP(=O)(N=Nc1ccc(cc1)Oc1ccc(cc1)N=NP(=O)(OC)O*)OC,50.0
*CC1CCC(CC1)COP(=O)(N=Nc1ccc(cc1)c1ccc(cc1)N=NP(=O)(OC)O*)OC,58.0
*CC1CCCC(C1)CN1C(=O)c2c(C1=O)cc(cc2)C(=O)c1ccc2c(c1)C(=O)N(C2=O)*,213.0
*CC1CCCC(C1)CN1C(=O)c2c(C1=O)cc(cc2)C(C(F)(F)F)(C(F)(F)F)c1ccc2c(c1)C(=O)N(C2=O)*,222.0
*CC1CCCC(C1)CN1C(=O)c2c(C1=O)cc(cc2)Oc1ccc2c(c1)C(=O)N(C2=O)*,199.0
*CC1CCCC(C1)CN1C(=O)c2c(C1=O)cc(cc2)c1ccc2c(c1)C(=O)N(C2=O)*,234.0
*CC1CCCC(C1)CNC(=O)CCCCC(=O)N*,97.0
*CC1CCCC(C1)CNC(=O)c1cc(cc(c1)C(C)(C)C)C(=O)N*,200.0
*CC1CCCC(C1)CNC(=O)c1ccc(cc1)C(=O)N*,196.0
*CC1CCCC(C1)CNC(=O)c1cccc(c1)C(=O)N*,180.0
*CC1CCCC(C1)COC(=O)c1ccc(cc1)C(=O)O*,75.0
*CC1CCCC(C1)Cn1c(=O)c2c(c1=O)cc1c(c2)c(=O)n(c1=O)*,263.0
*CC1OCOC(C1)*,68.0
*CC=C(C(S(=O)(=O)*)C)C,73.0
*CC=C(CS(=O)(=O)*)C,88.2
*CC=CC(S(=O)(=O)*)C,71.0
*CC=CC(S(=O)(=O)*)CC,70.1
*CC=CCOC(=O)C(Cc1ccccc1)NC(=O)C=CC(=O)NC(C(=O)O*)Cc1ccccc1,109.0
*CC=CCOC(=O)C(Cc1ccccc1)NC(=O)CCCCC(=O)NC(C(=O)O*)Cc1ccccc1,61.0
*CC=CCOC(=O)C(Cc1ccccc1)NC(=O)CCCCCCCCC(=O)NC(C(=O)O*)Cc1ccccc1,46.0
*CC=CCS(=O)(=O)*,86.0
*CC=CC[Si](C=C)(C=C)*,-65.0
*CC=CN(c1ccc(cc1)N=Nc1ccc(cc1)[N+](=O)[O-])C=CCC1CC(=O)N(C1=O)c1ccc(cc1)Cc1ccc(cc1)N1C(=O)CC(C1=O)*,234.0
*CC=Cc1cc(ccc1O)C(c1ccc(c(c1)C=CCC1CC(=O)N(C1=O)c1ccc(cc1)Cc1ccc(cc1)N1C(=O)CC(C1=O)*)O)(C)C,215.0
*CCC(=C(C)*)C,-11.0
*CCC(=C(c1ccccc1)*)c1ccccc1,120.5
*CCC(=O)*,10.0
*CCC(=O)N*,111.0
*CCC(=O)NCc1c(C)c(C)c(c(c1C)C)CNC(=O)CCO*,191.0
*CCC(=O)NCc1cc(C)c(cc1C)CNC(=O)CCO*,80.0
*CCC(=O)Nc1ccc(cc1)Cc1ccc(cc1)NC(=O)CCN1C(=O)c2c(C1=O)cc(cc2)C(=O)c1ccc2c(c1)C(=O)N(C2=O)*,221.0
*CCC(=O)Nc1ccc(cc1)NC(=O)CCN1C(=O)c2c(C1=O)cc(cc2)C(=O)c1ccc2c(c1)C(=O)N(C2=O)*,237.0
*CCC(=O)Nc1ccc(cc1)Oc1ccc(cc1)NC(=O)CCN1C(=O)c2c(C1=O)cc(cc2)C(=O)c1ccc2c(c1)C(=O)N(C2=O)*,232.0
*CCC(=O)Nc1ccc(cc1)Oc1ccc(cc1)Oc1ccc(cc1)NC(=O)CCN1C(=O)c2c(C1=O)cc(cc2)C(=O)c1ccc2c(c1)C(=O)N(C2=O)*,221.0
*CCC(=O)Nc1ccc(cc1)Oc1cccc(c1)NC(=O)CCN1C(=O)c2c(C1=O)cc(cc2)C(=O)c1ccc2c(c1)C(=O)N(C2=O)*,224.0
*CCC(=O)O*,-21.0
*CCC(=O)OCCN(c1ccc(cc1)N=Nc1ccc(cc1)c1nc2c(n1*)cc(cc2)[N+](=O)[O-])C,157.0
*CCC(C(C(=O)OC)(C)*)C,44.0
*CCC(C(C(=O)OC)*)C(=O)OC,31.2
*CCC(C(C)(C)*)(C)C,87.0
*CCC(C(C)([2H])*)[2H],-47.5
*CCC(C(C)*)C,-30.0
*CCC(C(CCNC(=O)c1cc(cc(c1)C(C)(C)C)C(=O)N*)C)C,173.0
*CCC(C(CCNC(=O)c1cccc(c1)C(=O)N*)C)C,125.0
*CCC(C(Cl)*)Cl,68.0
*CCC(C(F)(F)*)(F)F,-108.0
*CCC(C(c1ccccc1)*)c1ccccc1,102.15
*CCC(C)(C)*,-14.5
*CCC(CC(=O)O*)C,-71.5
*CCC(CC(CNC(=O)CCCCC(=O)N*)C)(C)C,65.0
*CCC(CC(CNC(=O)c1ccc(cc1)C(=O)N*)(C)C)C,147.0
*CCC(CC(CNC(=O)c1ccc(cc1)C(=O)N*)C)(C)C,148.0
*CCC(CC(CNC(=O)c1ccc(cc1)C(=O)N*)C)CC,139.0
*CCC(CC(COC(=O)CCCCC(=O)O*)C)(C)C,-70.0
*CCC(CC(COC(=O)c1ccc(cc1)C(=O)O*)C)(C)C,-12.0
*CCC(CCC(=O)O*)C,-54.3
*CCC(CCC(=O)S*)C,-50.0
*CCC(CCOC(=O)CCCCC(=O)O*)C,-78.6
*CCC(CCOC(=O)c1ccc(cc1)c1ccc(cc1)C(=O)O*)C,28.0
*CCC(CO*)C,-71.0
*CCC(O*)C,-50.0
*CCC(O[Si](O*)(C)C)C,-88.0
*CCC(Oc1ccc(cc1)c1ccc(cc1)C(=O)OCC(COC(=O)c1ccc(cc1)c1ccc(cc1)O*)C)C,84.0
*CCC(S*)C,-59.0
*CCC([Si](C)(C)*)c1ccccc1,27.0
*CCC(c1ccccc1)(C)*,93.0
*CCC(c1ccccc1)CCC(=O)O*,13.6
*CCC/C=C/*,-92.5
*CCC/C=C\*,-114.0
*CCC1=C(*)C2CCC1C(OC(=O)C)C2,78.0
*CCC1C(*)C(=O)N(C1=O)CC,109.2
*CCC1C(*)C(=O)N(C1=O)CCC,90.4
*CCC1C(*)C(=O)N(C1=O)CCCCNC(=O)C(C(C(C(C(C(C(F)(F)F)(F)F)(F)F)(F)F)(F)F)(F)F)(F)F,100.0
*CCC1C(*)C(=O)N(C1=O)c1ccc(cc1)N(C)C,195.0
*CCC1CC(=O)N(C1=O)*,123.5
*CCC1CC(C2C1C1CC2CC1(C)C(=O)OC)*,146.0
*CCC1CC(C2C1C1CC2CC1C)*,150.0
*CCC1CC(C2C1C1CC2CC1CC)*,138.0
*CCC1CC(C2C1C1CC2CC1c1ccc(cc1)COC(CC)C)*,139.0
*CCC1CC(C2C1C1CCC2C1)*,164.0
*CCC1CC(C2C1CCC2)*,101.0
*CCC1CC(C2C1c1ccccc1C2)*,141.0
*CCC1CC(CC1*)OC(=O)CCCCCCCCCCOc1ccc(cc1)c1ccc(cc1)C#N,24.0
*CCC1CC2C(C1OC(=O)CCCCCCCCCCOc1ccc(cc1)c1ccc(cc1)C#N)CC(C2OC(=O)CCCCCCCCCCOc1ccc(cc1)c1ccc(cc1)C#N)*,23.5
*CCC1C[N+](CC1*)(C)C,-11.7
*CCC1OC(C2C1C(=O)N(C2=O)CCC)*,103.0
*CCC1OC1(*)C,16.5
*CCC=C(C(C)(C)C)*,20.0
*CCC=C(C(C)C)*,-47.0
*CCC=C(C)*,-67.0
*CCC=C(CCC=C(C)C)*,-60.0
*CCC=C(CCCCCCC)*,-83.0
*CCC=C(Cl)*,-45.0
*CCC=C(c1ccccc1)*,28.0
*CCC=C*,-90.5
*CCC=CCCC1OC(=O)C(C1)CCC1CC(OC1=O)*,36.6
*CCCC(=O)N*,62.9
*CCCC(=O)NNC(=O)c1ccc(cc1)C(=O)NNC(=O)CCCOc1ccc(c(c1)C)O*,139.0
*CCCC(=O)Nc1ccc(cc1)Cc1ccc(cc1)NC(=O)CCCN1C(=O)c2c(C1=O)cc(cc2)C(=O)c1ccc2c(c1)C(=O)N(C2=O)*,195.0
*CCCC(=O)Nc1ccc(cc1)NC(=O)CCCN1C(=O)c2c(C1=O)cc(cc2)C(=O)c1ccc2c(c1)C(=O)N(C2=O)*,209.0
*CCCC(=O)Nc1ccc(cc1)Oc1ccc(cc1)NC(=O)CCCN1C(=O)c2c(C1=O)cc(cc2)C(=O)c1ccc2c(c1)C(=O)N(C2=O)*,198.0
*CCCC(=O)Nc1ccc(cc1)Oc1ccc(cc1)Oc1ccc(cc1)NC(=O)CCCN1C(=O)c2c(C1=O)cc(cc2)C(=O)c1ccc2c(c1)C(=O)N(C2=O)*,178.0
*CCCC(=O)Nc1ccc(cc1)Oc1cccc(c1)NC(=O)CCCN1C(=O)c2c(C1=O)cc(cc2)C(=O)c1ccc2c(c1)C(=O)N(C2=O)*,188.0
*CCCC(=O)O*,-53.5
*CCCC(=O)OCCN(c1ccc(cc1)N=Nc1ccc(cc1)c1nc2c(n1*)cc(cc2)[N+](=O)[O-])C,143.0
*CCCC(=O)Oc1ccc(cc1)OC(=O)c1ccc2c(c1)C(=O)N(C2=O)*,132.0
*CCCC(=O)Oc1ccc(cc1)c1ccc(cc1)OC(=O)c1ccc2c(c1)C(=O)N(C2=O)*,132.0
*CCCC(C(C)C)CCNC(=O)c1ccc(cc1)C(=O)N*,146.5
*CCCC(C(Cl)*)Cl,25.0
*CCCC(C)(C)*,-20.0
*CCCC(C)*,-59.5
*CCCC(CC)(C)*,-23.0
*CCCC(CCCC=C*)Cl,-63.0
*CCCC(CCCNC(=O)c1ccc(cc1)C(=O)N*)(C)C,152.0
*CCCC(CCCn1c(=O)c2c(c1=O)cc1c(c2)c(=O)n(c1=O)*)(C)C,135.0
*CCCC(CCNC(=O)c1ccc(cc1)C(=O)N*)CC,132.5
*CCCC(CN1C(=O)c2c(C1=O)cc(cc2)C(=O)Oc1ccc(cc1)c1ccc(cc1)OC(=O)c1ccc2c(c1)C(=O)N(C2=O)*)C,155.0
*CCCC(CN1C(=O)c2c(C1=O)cc(cc2)C(=O)Oc1ccc2c(c1)ccc(c2)OC(=O)c1ccc2c(c1)C(=O)N(C2=O)*)C,130.0
*CCCC(CNC(=O)C(=O)N*)(C)C,109.0
*CCCC(CNC(=O)CCCC(=O)N*)(C)C,82.0
*CCCC(CNC(=O)CCCCC(=O)N*)(C)C,77.0
*CCCC(CNC(=O)CCCCCC(=O)N*)(C)C,70.5
*CCCC(CNC(=O)CCCCCCCC(=O)N*)(C)C,63.0
*CCCC(CNC(=O)c1ccc(cc1)C(=O)N*)(C)C,157.0
*CCCC(CNC(=O)c1ccc(cc1)C(=O)N*)C,150.0
*CCCC(CNC(=O)c1cccc(c1)C(=O)N*)(C)C,153.0
*CCCC(CNC(=O)c1cccc(c1)C(=O)N*)C,142.5
*CCCC(O[Si](O*)(C)C)C,-81.0
*CCCC(c1ccc(cc1)OCCCCCOc1ccc(cc1)c1ccc(cc1)C(=O)C)(c1ccc(cc1)OCCCCCOc1ccc(cc1)c1ccc(cc1)C(=O)Oc1ccc(cc1)O*)C,121.0
*CCCC1(C)CCN(CC1)C(=O)CC(C(=O)N1CCC(CC1)(*)C)C,72.0
*CCCC1(C)CCN(CC1)C(=O)CCC(=O)N1CCC(CC1)(*)C,99.0
*CCCC1(C)CCN(CC1)C(=O)CCCC(=O)N1CCC(CC1)(*)C,58.0
*CCCC1(CCCNC(=O)CCC2(CCC(=O)N*)c3ccccc3-c3c2cccc3)c2ccccc2-c2c1cccc2,165.0
*CCCC1(CCCNC(=O)CCCCC(=O)N*)c2ccccc2-c2c1cccc2,120.0
*CCCC1(CCCNC(=O)CCCCCCCCC(=O)N*)c2ccccc2-c2c1cccc2,85.0
*CCCC1(CCCNC(=O)c2cccc(c2)C(=O)N*)c2ccccc2-c2c1cccc2,175.0
*CCCC1(CCCNC(=O)c2ccccc2c2ccccc2C(=O)N*)c2ccccc2-c2c1cccc2,165.0
*CCCC1CC(=O)N(C(=O)C1)*,90.0
*CCCC=C(c1ccc(cc1)Cl)*,16.0
*CCCC=C(c1ccc(cc1)OC)*,11.0
*CCCC=C(c1ccccc1)*,0.0
*CCCC=C*,-100.85
*CCCC=CCCCOC(=O)c1ccc(cc1)C(=O)O*,-10.0
*CCCCC(=O)NCc1ccc(cc1)CNC(=O)CCCCO*,70.0
*CCCCC(=O)NCc1ccc(cc1)CNC(=O)CCCCS*,70.0
*CCCCC(=O)NNC(=O)c1ccc(cc1)C(=O)NNC(=O)CCCCOc1ccc(c(c1)C)O*,150.0
*CCCCC(=O)O*,-66.0
*CCCCC(=O)Oc1ccc(c(c1)C)OC(=O)c1ccc2c(c1)C(=O)N(C2=O)*,75.76
*CCCCC(=O)Oc1ccc(cc1)OC(=O)c1ccc2c(c1)C(=O)N(C2=O)*,89.315
*CCCCC(=O)Oc1ccc(cc1)c1ccc(cc1)OC(=O)c1ccc2c(c1)C(=O)N(C2=O)*,123.0
*CCCCC(C(c1ccc(cc1C)O)*)c1ccc(cc1)O,25.0
*CCCCC(CCn1c(=O)c2c(c1=O)cc1c(c2)c(=O)n(c1=O)*)C,135.0
*CCCCC=CCCCCC1OC(=O)C(C1)CCC1CC(OC1=O)*,24.7
*CCCCCC(=O)N*,51.6
*CCCCCC(=O)NCCCCCCNC(=O)CCCCCOC(=O)Nc1ccc(c(c1)NC(=O)O*)C,78.0
*CCCCCC(=O)NCCCCNC(=O)CCCCCOC(=O)Nc1ccc(c(c1)NC(=O)O*)C,82.0
*CCCCCC(=O)NCCNC(=O)CCCCCOC(=O)Nc1ccc(c(c1)NC(=O)O*)C,60.0
*CCCCCC(=O)NNC(=O)c1ccc(cc1)C(=O)NNC(=O)CCCCCOc1ccc(c(c1)C)O*,126.0
*CCCCCC(=O)Nc1ccc(cc1)Cc1ccc(cc1)NC(=O)CCCCCN1C(=O)c2c(C1=O)cc(cc2)C(=O)c1ccc2c(c1)C(=O)N(C2=O)*,187.0
*CCCCCC(=O)Nc1ccc(cc1)NC(=O)CCCCCN1C(=O)c2c(C1=O)cc(cc2)C(=O)c1ccc2c(c1)C(=O)N(C2=O)*,200.0
*CCCCCC(=O)Nc1ccc(cc1)Oc1ccc(cc1)NC(=O)CCCCCN1C(=O)c2c(C1=O)cc(cc2)C(=O)c1ccc2c(c1)C(=O)N(C2=O)*,195.0
*CCCCCC(=O)Nc1ccc(cc1)Oc1ccc(cc1)Oc1ccc(cc1)NC(=O)CCCCCN1C(=O)c2c(C1=O)cc(cc2)C(=O)c1ccc2c(c1)C(=O)N(C2=O)*,158.0
*CCCCCC(=O)Nc1ccc(cc1)Oc1cccc(c1)NC(=O)CCCCCN1C(=O)c2c(C1=O)cc(cc2)C(=O)c1ccc2c(c1)C(=O)N(C2=O)*,170.0
*CCCCCC(=O)O*,-60.0
*CCCCCC(=O)OCCCCCCN1C(=O)c2c(C1=O)ccc(c2)c1ccc2c(c1)C(=O)N(C2=O)CCCCCCOC(=O)CCCCCN1C(=O)c2c(C1=O)cc(cc2)c1ccc2c(c1)C(=O)N(C2=O)*,67.0
*CCCCCC(=O)Oc1ccc(c(c1)C)OC(=O)CCCCCn1c(=O)c2c(c1=O)cc1c(c2)c(=O)n(c1=O)*,78.0
*CCCCCC(=O)Oc1ccc(c(c1)Cl)OC(=O)CCCCCn1c(=O)c2c(c1=O)cc1c(c2)c(=O)n(c1=O)*,87.0
*CCCCCC(=O)Oc1ccc(c(c1)c1ccccc1)OC(=O)CCCCCn1c(=O)c2c(c1=O)cc1c(c2)c(=O)n(c1=O)*,82.0
*CCCCCC(=O)Oc1ccc(cc1)C(c1ccc(cc1)C(c1ccc(cc1)OC(=O)c1ccc2c(c1)C(=O)N(C2=O)*)(C)C)(C)C,104.0
*CCCCCC(=O)Oc1ccc(cc1)C(c1ccc(cc1)OC(=O)c1ccc2c(c1)C(=O)N(C2=O)*)(C)C,110.0
*CCCCCC(=O)Oc1ccc(cc1)C1(CCCCC1)c1ccc(cc1)OC(=O)c1ccc2c(c1)C(=O)N(C2=O)*,122.0
*CCCCCC(=O)Oc1ccc(cc1)OC(=O)c1ccc2c(c1)C(=O)N(C2=O)*,89.0
*CCCCCC(=O)Oc1ccc(cc1)Oc1ccc(cc1)OC(=O)CCCCCn1c(=O)c2c(c1=O)cc1c(c2)c(=O)n(c1=O)*,91.0
*CCCCCC(=O)Oc1ccc(cc1)c1ccc(cc1)OC(=O)c1ccc2c(c1)C(=O)N(C2=O)*,126.5
*CCCCCC(=O)Oc1ccc2c(c1)cc(cc2)OC(=O)CCCCCn1c(=O)c2c(c1=O)cc1c(c2)c(=O)n(c1=O)*,98.0
*CCCCCC(=O)Oc1ccc2c(c1)cc(cc2)OC(=O)c1ccc2c(c1)C(=O)N(C2=O)*,113.0
*CCCCCC(=O)S*,19.0
*CCCCCC(C(Cl)*)Cl,-17.0
*CCCCCC(C(c1ccc(cc1C)O)*)c1ccc(cc1)O,16.0
*CCCCCC(C)*,-66.0
*CCCCCC(CC)*,-73.0
*CCCCCC(CCC)*,-68.0
*CCCCCC(CCCC)*,-69.0
*CCCCCC(CCCCCC)*,-76.0
*CCCCCC(CCCCCCCC)*,-72.0
*CCCCCC(CCCCCCCCCC)*,-65.0
*CCCCCCC(=O)N*,52.0
*CCCCCCC(=O)NCc1ccc(cc1)CNC(=O)CCCCCCS*,65.0
*CCCCCCC(=O)O*,-14.0
*CCCCCCC(=O)Oc1ccc(c(c1)C)OC(=O)c1ccc2c(c1)C(=O)N(C2=O)*,57.21
*CCCCCCC(=O)Oc1ccc(cc1)OC(=O)c1ccc2c(c1)C(=O)N(C2=O)*,74.315
*CCCCCCC(=O)Oc1ccc(cc1)c1ccc(cc1)OC(=O)c1ccc2c(c1)C(=O)N(C2=O)*,107.0
*CCCCCCC(C(Cl)*)Cl,-18.0
*CCCCCCC(C(c1ccc(cc1C)O)*)c1ccc(cc1)O,18.0
*CCCCCCC(CCCCCCC=C*)Cl,-57.0
*CCCCCCC1OC(=O)C(C1)CCC1CC(OC1=O)*,37.9
*CCCCCCC=C*,-78.0
*CCCCCCC=CCCCCCCOCCOCCOCCOCCO*,-58.0
*CCCCCCCC(=O)N*,38.0
*CCCCCCCC(=O)OC1COC(OC1)*,6.5
*CCCCCCCC(=O)OCC1(C)COC(OC1)*,-26.0
*CCCCCCCC(=O)OCC1COC(O1)*,-23.0
*CCCCCCCC(=O)OCCCCC1COC(O1)*,-44.0
*CCCCCCCC(=O)OCCOC(=O)CCCCCCCC1OCC2(CO1)COC(OC2)*,0.0
*CCCCCCCC(C(c1ccc(cc1C)O)*)c1ccc(cc1)O,4.0
*CCCCCCCC(C)*,-58.0
*CCCCCCCCC(=O)N*,46.0
*CCCCCCCCC(C(=O)O)*,9.5
*CCCCCCCCC(C(Cl)*)Cl,-30.0
*CCCCCCCCC(C(c1ccc(cc1C)O)*)c1ccc(cc1)O,-12.0
*CCCCCCCCC(Cl)*,-33.0
*CCCCCCCCCC(=O)N*,43.0
*CCCCCCCCCC(C(c1ccc(cc1C)O)*)c1ccc(cc1)O,-1.0
*CCCCCCCCCC(CCCCCCCCCC=C*)Cl,-37.0
*CCCCCCCCCC=CCCCCCCCCCOCCOCCOCCOCCO*,-47.0
*CCCCCCCCCCC(=O)N(C)*,-12.0
*CCCCCCCCCCC(=O)N*,45.25
*CCCCCCCCCCC(=O)NCCCCCC(=O)N*,25.5
*CCCCCCCCCCC(=O)NCCc1ccc(cc1)CCNC(=O)CCCCCCCCCCS*,58.0
*CCCCCCCCCCC(=O)Nc1ccc(cc1)Cc1ccc(cc1)NC(=O)CCCCCCCCCCN1C(=O)c2c(C1=O)cc(cc2)C(=O)c1ccc2c(c1)C(=O)N(C2=O)*,136.0
*CCCCCCCCCCC(=O)Nc1ccc(cc1)NC(=O)CCCCCCCCCCN1C(=O)c2c(C1=O)cc(cc2)C(=O)c1ccc2c(c1)C(=O)N(C2=O)*,125.0
*CCCCCCCCCCC(=O)Nc1ccc(cc1)Oc1ccc(cc1)NC(=O)CCCCCCCCCCN1C(=O)c2c(C1=O)cc(cc2)C(=O)c1ccc2c(c1)C(=O)N(C2=O)*,132.0
*CCCCCCCCCCC(=O)Nc1ccc(cc1)Oc1ccc(cc1)Oc1ccc(cc1)NC(=O)CCCCCCCCCCN1C(=O)c2c(C1=O)cc(cc2)C(=O)c1ccc2c(c1)C(=O)N(C2=O)*,122.0
*CCCCCCCCCCC(=O)Nc1ccc(cc1)Oc1cccc(c1)NC(=O)CCCCCCCCCCN1C(=O)c2c(C1=O)cc(cc2)C(=O)c1ccc2c(c1)C(=O)N(C2=O)*,126.0
*CCCCCCCCCCC(=O)O*,-46.05
*CCCCCCCCCCC(=O)Oc1ccc(cc1)OC(=O)c1ccc2c(c1)C(=O)N(C2=O)*,48.0
*CCCCCCCCCCC(=O)Oc1ccc(cc1)c1ccc(cc1)OC(=O)c1ccc2c(c1)C(=O)N(C2=O)*,88.5
*CCCCCCCCCCC(=O)Oc1ccc2c(c1)ccc(c2)OC(=O)CCCCCCCCCCn1c(=O)c2c(c1=O)cc1c(c2)c(=O)n(c1=O)*,66.0
*CCCCCCCCCCC(C(Cl)*)Cl,-32.0
*CCCCCCCCCCC(C(c1ccc(cc1C)O)*)c1ccc(cc1)O,-4.0
*CCCCCCCCCCC=C*,-53.0
*CCCCCCCCCCCC(=O)N(C)*,-30.5
*CCCCCCCCCCCC(=O)N*,42.0
*CCCCCCCCCCCC(=O)Oc1ccc(cc1)C(c1ccc(cc1)C(c1ccc(cc1)OC(=O)c1ccc2c(c1)C(=O)N(C2=O)*)(C)C)(C)C,97.0
*CCCCCCCCCCCC(=O)Oc1ccc(cc1)C(c1ccc(cc1)OC(=O)c1ccc2c(c1)C(=O)N(C2=O)*)(C)C,93.0
*CCCCCCCCCCCC(=O)Oc1ccc(cc1)C1(CCCCC1)c1ccc(cc1)OC(=O)c1ccc2c(c1)C(=O)N(C2=O)*,96.0
*CCCCCCCCCCCC(=O)Oc1ccc(cc1)C1(OC(=O)c2c1cccc2)c1ccc(cc1)OC(=O)c1ccc2c(c1)C(=O)N(C2=O)*,114.0
*CCCCCCCCCCCC(=O)Oc1ccc(cc1)OC(=O)c1ccc2c(c1)C(=O)N(C2=O)*,58.0
*CCCCCCCCCCCC(=O)Oc1ccc(cc1)c1ccc(cc1)OC(=O)c1ccc2c(c1)C(=O)N(C2=O)*,60.0
*CCCCCCCCCCCC(=O)Oc1ccc2c(c1)cc(cc2)OC(=O)c1ccc2c(c1)C(=O)N(C2=O)*,98.0
*CCCCCCCCCCCC(=O)Oc1ccc2c(c1)ccc(c2)OC(=O)CCCCCCCCCCCn1c(=O)c2c(c1=O)cc1c(c2)c(=O)n(c1=O)*,62.0
*CCCCCCCCCCCC(C(c1ccc(cc1C)O)*)c1ccc(cc1)O,4.0
*CCCCCCCCCCCCC(=O)N*,41.0
*CCCCCCCCCCCCC(=O)O*,-44.0
*CCCCCCCCCCCCC(C(c1ccc(cc1C)O)*)c1ccc(cc1)O,-1.0
*CCCCCCCCCCCCCCC(=O)N*,-7.0
*CCCCCCCCCCCCCCC(=O)O*,-25.0
*CCCCCCCCCCCCCCC(C(=O)O)*,4.0
*CCCCCCCCCCCCCCCCCCCCC(C(=O)O)*,13.5
*CCCCCCCCCCCCCCCCCCCCC(COCCOCCOCCOCCOCc1ccc2c3c1ccc1c3c(cc2)ccc1)*,-21.0
*CCCCCCCCCCCCCCCCCCCCOC(=O)CC(=O)O*,-35.1
*CCCCCCCCCCCCCCCCCCNC(=O)CCCCCCCCCCCCCCCCC(=O)N*,50.0
*CCCCCCCCCCCCCCCCCCNC(=O)CCc1ccc(cc1)CCC(=O)N*,65.0
*CCCCCCCCCCCCCCCCCCNC(=O)Cc1ccc(cc1)CC(=O)N*,78.0
*CCCCCCCCCCCCCCCCCCNC(=O)NCc1ccc(cc1)CNC(=O)N*,52.0
*CCCCCCCCCCCCCCCCOC(=O)C/C=C/CC(=O)O*,-22.0
*CCCCCCCCCCCCCCCCOC(=O)CC/C=C/CCC(=O)O*,-18.0
*CCCCCCCCCCCCCCCCOC(=O)CCCCC(=O)O*,-15.0
*CCCCCCCCCCCCCCCCOC(=O)CCCCCCC(=O)O*,-26.0
*CCCCCCCCCCCCCCCCOC(=O)NCCCCCCCCCCNC(=O)O*,34.0
*CCCCCCCCCCCCCCCCOC(=O)NCCCCCCNC(=O)O*,39.0
*CCCCCCCCCCCCCCCCOC(=O)NCc1ccc(cc1)CNC(=O)O*,47.0
*CCCCCCCCCCCCCCCCOC(=O)Nc1ccc(cc1)Cc1ccc(cc1)NC(=O)O*,40.0
*CCCCCCCCCCCCCCNC(=O)CCCCCCCCCCCCCCCCC(=O)N*,48.0
*CCCCCCCCCCCCCCNC(=O)CCc1ccc(cc1)CCC(=O)N*,85.0
*CCCCCCCCCCCCCCNC(=O)NCCCCCCCCCCNC(=O)N*,40.0
*CCCCCCCCCCCCCCNC(=O)NCCCCCCNC(=O)N*,47.0
*CCCCCCCCCCCCCCNC(=O)NCc1ccc(cc1)CNC(=O)N*,54.0
*CCCCCCCCCCCCCCc1ccc(cc1)c1c(cc(c(c1c1ccccc1)c1ccccc1)c1ccc(cc1)c1cc(c2ccccc2)c(c(c1c1ccccc1)c1ccccc1)c1ccc(cc1)*)c1ccccc1,185.0
*CCCCCCCCCCCCCCc1ccc(cc1)c1c(cc(c(c1c1ccccc1)c1ccccc1)c1cccc(c1)c1cc(c2ccccc2)c(c(c1c1ccccc1)c1ccccc1)c1ccc(cc1)*)c1ccccc1,160.0
*CCCCCCCCCCCCCNC(=O)CCCCCCCCCCCC(=O)N*,56.5
*CCCCCCCCCCCCN1C(=O)c2c(C1=O)cc(cc2)C(=O)Oc1ccc(cc1)c1ccc(cc1)OC(=O)c1ccc2c(c1)C(=O)N(C2=O)*,153.0
*CCCCCCCCCCCCN1C(=O)c2c(C1=O)cc(cc2)C(=O)c1ccc2c(c1)C(=O)N(C2=O)*,87.5
*CCCCCCCCCCCCN1C(=O)c2c(C1=O)cc(cc2)C(C(F)(F)F)(C(F)(F)F)c1ccc2c(c1)C(=O)N(C2=O)*,100.0
*CCCCCCCCCCCCN1C(=O)c2c(C1=O)cc(cc2)Oc1ccc2c(c1)C(=O)N(C2=O)*,70.0
*CCCCCCCCCCCCN1C(=O)c2c(C1=O)cc(cc2)c1ccc(cc1)c1ccc2c(c1)C(=O)N(C2=O)*,86.0
*CCCCCCCCCCCCN1C(=O)c2c(C1=O)ccc(c2)C(C(F)(F)F)(C(F)(F)F)c1ccc2c(c1)C(=O)N(C2=O)CCCCCCCCCCCCN1C(=O)c2ccc3c4c2c(C1=O)ccc4c1c2c3ccc3c2c(cc1)C(=O)N(C3=O)*,170.0
*CCCCCCCCCCCCN1C(=O)c2ccc(c3c2c(C1=O)ccc3)c1ccc2c3c1cccc3C(=O)N(C2=O)CCCCCCCCCCCCN1C(=O)c2ccc3c4c2c(C1=O)ccc4c1c2c3ccc3c2c(cc1)C(=O)N(C3=O)*,210.0
*CCCCCCCCCCCCNC(=O)C(C(C(=O)N*)OC)OC,84.0
*CCCCCCCCCCCCNC(=O)CCCCCCCCCCCCC(=O)N*,49.0
*CCCCCCCCCCCCNC(=O)CCCCCCCCCCCCCCC(=O)N*,46.0
*CCCCCCCCCCCCNC(=O)CCCCCCCCCCCCCCCCC(=O)N*,46.5
*CCCCCCCCCCCCNC(=O)CCP(=O)(CCC(=O)N*)C,44.0
*CCCCCCCCCCCCNC(=O)CCc1ccc(cc1)CCC(=O)N*,85.0
*CCCCCCCCCCCCNC(=O)NCCCCCCNC(=O)N*,49.0
*CCCCCCCCCCCCNC(=O)c1ccc(c(c1)Oc1ccccc1)C(=O)N*,75.0
*CCCCCCCCCCCCNC(=O)c1ccc(c(c1)Sc1ccccc1)C(=O)N*,92.0
*CCCCCCCCCCCCNC(=O)c1ccc(cc1)C(=O)N*,130.0
*CCCCCCCCCCCCOC(=O)NCCCCCCCCCCNC(=O)O*,34.0
*CCCCCCCCCCCCOC(=O)NCCCCCCNC(=O)O*,36.0
*CCCCCCCCCCCCOC(=O)NCc1ccc(cc1)CNC(=O)O*,45.0
*CCCCCCCCCCCCOC(=O)Nc1ccc(cc1)Cc1ccc(cc1)NC(=O)O*,43.0
*CCCCCCCCCCCCOC(=O)c1ccc(cc1)C(=O)O*,-6.0
*CCCCCCCCCCCCOC(=O)c1ccc(cc1)c1ccc(cc1)C(=O)O*,42.5
*CCCCCCCCCCCCOC(=O)c1ccc2c(c1)ccc(c2)C(=O)O*,38.5
*CCCCCCCCCCCCOc1c(OC)cc(cc1OC)/C=C/c1ccc(cc1)/C=C/c1cc(OC)c(c(c1)OC)O*,61.1
*CCCCCCCCCCCCOc1ccc(c(c1)O)C=NN=Cc1ccc(cc1O)O*,89.0
*CCCCCCCCCCCCOc1ccc(cc1)C(Cc1ccc(cc1)c1ccc(cc1)O*)C,40.0
*CCCCCCCCCCCCOc1ccc(cc1)C(c1ccc(cc1)OCOc1ccc(cc1)C(c1ccc(cc1)O*)(C)C)(C)C,37.0
*CCCCCCCCCCCCOc1ccc(cc1)CCc1ccc(cc1C)O*,-0.9
*CCCCCCCCCCCCOc1ccc(cc1)N(c1ccc(cc1)c1ccc(cc1)N(c1ccc(cc1)O*)c1ccccc1)c1ccccc1,92.0
*CCCCCCCCCCCCOc1ccc(cc1)OCc1ccc(cc1)COc1ccc(cc1)O*,24.0
*CCCCCCCCCCCC[N+](C)(C)*,67.0
*CCCCCCCCCCCC[N+](CCCCCC[N+](C)(C)*)(C)C,90.0
*CCCCCCCCCCCCc1nc2c(o1)cc(cc2)c1ccc2c(c1)oc(n2)*,55.0
*CCCCCCCCCCCN1C(=O)c2c(C1=O)cc(cc2)C(=O)Oc1ccc(cc1)c1ccc(cc1)OC(=O)c1ccc2c(c1)C(=O)N(C2=O)*,97.0
*CCCCCCCCCCCN1C(=O)c2c(C1=O)cc(cc2)Oc1ccc2c(c1)C(=O)N(C2=O)*,74.0
*CCCCCCCCCCCN1C(=O)c2c(C1=O)ccc(c2)c1ccc(cc1)c1ccc2c(c1)C(=O)N(C2=O)*,89.0
*CCCCCCCCCCCNC(=O)CCCCCCCCC(=O)N*,40.0
*CCCCCCCCCCCNC(=O)CCCCCCCCCCC(=O)N*,39.0
*CCCCCCCCCCCNC(=O)CCCCCCCCCCCCCCCCCCC(=O)N*,29.0
*CCCCCCCCCCCOC(=O)Nc1ccc(c(c1)C)NC(=O)OCCCCCCCCCCCOc1ccc(cc1)c1ccc(cc1)O*,77.0
*CCCCCCCCCCCOC(=O)c1cc(OCCCCCCCCCCOc2ccc(cc2)N=Nc2ccc(cc2)OC)cc(c1)C(=O)OCCCCCCCCCCCOc1ccc(cc1)c1ccc(cc1)O*,53.0
*CCCCCCCCCCCOC(=O)c1cc(OCCCCCCCCOc2ccc(cc2)N=Nc2ccc(cc2)OC)cc(c1)C(=O)OCCCCCCCCCCCOc1ccc(cc1)c1ccc(cc1)O*,60.0
*CCCCCCCCCCCOC(=O)c1ccc(cc1)c1ccc(cc1)C(=O)O*,42.0
*CCCCCCCCCCCOC(=O)c1ccc2c(c1)ccc(c2)C(=O)O*,39.0
*CCCCCCCCCCCOc1ccc(cc1)CCc1ccc(cc1C)O*,3.9
*CCCCCCCCCCCc1nc2c(o1)cc(cc2)c1ccc2c(c1)oc(n2)*,62.0
*CCCCCCCCCCN1C(=O)C2C(C1=O)C1C=CC2C2C1C(=O)N(C2=O)*,219.0
*CCCCCCCCCCN1C(=O)c2c(C1=O)cc(cc2)C(C(F)(F)F)(C(F)(F)F)c1ccc2c(c1)C(=O)N(C2=O)*,119.0
*CCCCCCCCCCN1C(=O)c2c(C1=O)cc(cc2)Oc1ccc2c(c1)C(=O)N(C2=O)*,91.5
*CCCCCCCCCCN1C(=O)c2c(C1=O)ccc(c2)c1ccc(cc1)c1ccc2c(c1)C(=O)N(C2=O)*,103.0
*CCCCCCCCCCNC(=N*)C,5.0
*CCCCCCCCCCNC(=N*)c1ccccc1,10.0
*CCCCCCCCCCNC(=O)C=C(C(=O)N*)C,74.0
*CCCCCCCCCCNC(=O)CCCCC(=O)N*,45.0
*CCCCCCCCCCNC(=O)CCCCCCCCC(=O)N*,60.0
*CCCCCCCCCCNC(=O)CCCCCCCCCCC(=O)N*,49.0
*CCCCCCCCCCNC(=O)CCCCCCCCCCCCCCC(=O)N*,45.0
*CCCCCCCCCCNC(=O)CCCCCCCCCCCCCCCCC(=O)N*,46.0
*CCCCCCCCCCNC(=O)CCP(=O)(CCC(=O)N*)C,45.5
*CCCCCCCCCCNC(=O)NCc1ccc(cc1)CNC(=O)N*,55.0
*CCCCCCCCCCNC(=O)c1ccc(c(c1)Oc1ccccc1)C(=O)N*,94.0
*CCCCCCCCCCNC(=O)c1ccc(c(c1)Sc1ccccc1)C(=O)N*,100.0
*CCCCCCCCCCNC(=O)c1ccc(cc1)Cc1ccc(cc1)C(=O)N*,140.0
*CCCCCCCCCCO*,-41.0
*CCCCCCCCCCOC(=O)CC/C=C/CCC(=O)O*,-15.0
*CCCCCCCCCCOC(=O)CCCCC(=O)O*,-68.0
*CCCCCCCCCCOC(=O)CCCCCCC(=O)O*,-22.0
*CCCCCCCCCCOC(=O)CCCCCCCCC(=O)O*,-53.0
*CCCCCCCCCCOC(=O)CCCCCCCCCCCCCCCCC(=O)O*,-17.0
*CCCCCCCCCCOC(=O)CCCCCNC(=O)CCCCC(=O)NCCCCCC(=O)O*,-12.0
*CCCCCCCCCCOC(=O)NCCCCCCNC(=O)O*,55.0
*CCCCCCCCCCOC(=O)NCc1ccc(cc1)CNC(=O)O*,49.0
*CCCCCCCCCCOC(=O)NNC(=O)CCCCCCCCC(=O)NNC(=O)O*,34.0
*CCCCCCCCCCOC(=O)Nc1ccc(c(c1)NC(=O)O*)C,18.0
*CCCCCCCCCCOC(=O)Nc1ccc(cc1)Cc1ccc(cc1)NC(=O)O*,60.0
*CCCCCCCCCCOC(=O)O*,-41.0
*CCCCCCCCCCOC(=O)c1ccc(cc1)C(=O)O*,-4.5
*CCCCCCCCCCOC(=O)c1ccc(cc1)c1ccc(cc1)C(=O)O*,46.0
*CCCCCCCCCCOC(=O)c1ccc(cc1)c1ccc(cc1)c1ccc(cc1)C(=O)O*,50.0
*CCCCCCCCCCOC(=O)c1ccc2c(c1)ccc(c2)C(=O)O*,43.5
*CCCCCCCCCCOC(=O)c1cccc(c1)C(=O)O*,-22.5
*CCCCCCCCCCOC(=O)c1ccccc1C(=O)O*,-14.0
*CCCCCCCCCCOc1c(OC)cc(cc1OC)/C=C/c1ccc(cc1)/C=C/c1cc(OC)c(c(c1)OC)O*,68.5
*CCCCCCCCCCOc1c(OC)cc(cc1OC)C=C1CCCC(=Cc2cc(OC)c(c(c2)OC)O*)C1=O,49.0
*CCCCCCCCCCOc1ccc(c(c1)C)N=Cc1ccc(cc1)C=Nc1ccc(cc1C)O*,77.6
*CCCCCCCCCCOc1ccc(c(c1)O)C=Nc1ccc(cc1OC)c1ccc(c(c1)OC)N=Cc1ccc(cc1O)O*,70.0
*CCCCCCCCCCOc1ccc(cc1)C=C1CCCC(=Cc2ccc(cc2)O*)C1=O,85.0
*CCCCCCCCCCOc1ccc(cc1)C=Cc1ccc(cc1)OCCCCCCCCCCOP(=O)(OCCCCCCCCCCOc1ccc(cc1)N=Nc1ccc(cc1)C#N)O*,60.0
*CCCCCCCCCCOc1ccc(cc1)C=Cc1ccc(cc1)OCCCCCCCCCCOP(=O)(OCCCCCCCCCCOc1ccc(cc1)N=Nc1ccc(cc1)Cl)O*,60.0
*CCCCCCCCCCOc1ccc(cc1)C=Cc1ccc(cc1)OCCCCCCCCCCOP(=O)(OCCCCCCCCCCOc1ccc(cc1)N=Nc1ccc(cc1)OC)O*,58.0
*CCCCCCCCCCOc1ccc(cc1)C=Cc1ccc(cc1)OCCCCCCCCCCOP(=O)(OCCCCCCCCCCOc1ccc(cc1)N=Nc1ccc(cc1)[N+](=O)[O-])O*,50.0
*CCCCCCCCCCOc1ccc(cc1)C=Cc1ccc(cc1)OCCCCCCCCCCOP(=O)(OCCCCCCCCCCOc1ccc(cc1)N=Nc1ccc(cc1)c1ccccc1)O*,50.0
*CCCCCCCCCCOc1ccc(cc1)C=Cc1ccc(cc1)OCCCCCCCCCCOP(=O)(OCCCCCCCCCCOc1ccc(cc1)N=Nc1ccccc1)O*,55.0
*CCCCCCCCCCOc1ccc(cc1)C=Cc1ccc(cc1)OCCCCCCCCCCOP(=O)(Oc1ccc(cc1)c1ccccc1)O*,72.0
*CCCCCCCCCCOc1ccc(cc1)CCc1ccc(cc1C)O*,-3.8
*CCCCCCCCCCOc1ccc(cc1)N(c1ccc(cc1)c1ccc(cc1)N(c1ccc(cc1)O*)c1ccccc1)c1ccccc1,90.0
*CCCCCCCCCCOc1ccc(cc1)OC(=O)c1ccc(cc1)OCCOCCOCCOc1ccc(cc1)C(=O)Oc1ccc(cc1)O*,64.0
*CCCCCCCCCCOc1ccc(cc1)c1cc(c2ccc(cc2)c2ccccc2)c(c(c1)c1ccc(cc1)c1ccccc1)c1ccc(cc1)NC(=O)c1ccc(cc1)C(=O)Nc1ccc(cc1)c1c(cc(cc1c1ccc(cc1)c1ccccc1)c1ccc(cc1)O*)c1ccc(cc1)c1ccccc1,111.0
*CCCCCCCCCCOc1ccc(cc1)c1cc(c2ccccc2)c(c(c1)c1ccccc1)c1ccc(cc1)NC(=O)c1ccc(cc1)C(=O)Nc1ccc(cc1)c1c(cc(cc1c1ccccc1)c1ccc(cc1)O*)c1ccccc1,116.0
*CCCCCCCCCCOc1ccc(cc1OC)C=C1CC(C)CC(=Cc2ccc(c(c2)OC)O*)C1=O,49.0
*CCCCCCCCCCOc1ccc(cc1OC)C=C1CCC(=Cc2ccc(c(c2)OC)OCCCCCCCCCCOP(=O)(OC)O*)C1=O,48.0
*CCCCCCCCCCOc1ccc(cc1OC)C=C1CCC(=Cc2ccc(c(c2)OC)OCCCCCCCCCCOP(=O)(OCC)O*)C1=O,47.0
*CCCCCCCCCCOc1ccc(cc1OC)C=C1CCCC(=Cc2ccc(c(c2)OC)O*)C1=O,60.0
*CCCCCCCCCCSS*,-65.0
*CCCCCCCCCCSSS*,-70.0
*CCCCCCCCCCSSSS*,-76.0
*CCCCCCCCCC[N+](C)(C)*,60.6
*CCCCCCCCCCc1ccc(cc1)c1c(cc(c(c1c1ccccc1)c1ccccc1)c1ccc(cc1)c1cc(c2ccccc2)c(c(c1c1ccccc1)c1ccccc1)c1ccc(cc1)*)c1ccccc1,235.0
*CCCCCCCCCCc1ccc(cc1)c1c(cc(c(c1c1ccccc1)c1ccccc1)c1cccc(c1)c1cc(c2ccccc2)c(c(c1c1ccccc1)c1ccccc1)c1ccc(cc1)*)c1ccccc1,180.0
*CCCCCCCCCCc1nc2c(o1)cc(cc2)c1ccc2c(c1)oc(n2)*,64.0
*CCCCCCCCCCn1c2ccc(cc2c2c1cccc2)C=C(C(=O)OCCCCCCOC(=O)C(=Cc1ccc2c(c1)c1ccccc1n2*)C#N)C#N,94.5
*CCCCCCCCCN1C(=O)c2c(C1=O)cc(cc2)C(C(F)(F)F)(C(F)(F)F)c1ccc2c(c1)C(=O)N(C2=O)*,122.5
*CCCCCCCCCN1C(=O)c2c(C1=O)cc(cc2)Oc1ccc2c(c1)C(=O)N(C2=O)*,89.0
*CCCCCCCCCN1C(=O)c2c(C1=O)cc(cc2)c1ccc(cc1)c1ccc2c(c1)C(=O)N(C2=O)*,104.0
*CCCCCCCCCNC(=O)C(C(C(=O)N*)OC)OC,84.0
*CCCCCCCCCNC(=O)CCCCC(=O)N*,68.0
*CCCCCCCCCNC(=O)CCCCCCCCCCCCCCCCCCC(=O)N*,42.0
*CCCCCCCCCNC(=O)N*,130.0
*CCCCCCCCCNC(=O)c1ccc(cc1)C(=O)N*,115.0
*CCCCCCCCCNC(=S)N*,48.0
*CCCCCCCCCOC(=O)C(C(C(=O)O*)O)O,-11.0
*CCCCCCCCCOC(=O)CCC(=O)O*,31.0
*CCCCCCCCCOC(=O)NCCCCCCNC(=O)O*,58.0
*CCCCCCCCCOC(=O)Nc1ccc(c(c1)NC(=O)O*)C,62.0
*CCCCCCCCCOC(=O)Nc1ccc(cc1)Cc1ccc(cc1)NC(=O)O*,72.0
*CCCCCCCCCOC(=O)c1ccc(cc1)C(=O)O*,34.0
*CCCCCCCCCOC(=O)c1ccc(cc1)c1ccc(cc1)C(=O)O*,43.5
*CCCCCCCCCOC(=O)c1ccc2c(c1)ccc(c2)C(=O)O*,43.5
*CCCCCCCCCOc1ccc(cc1)CCc1ccc(cc1C)O*,-1.1
*CCCCCCCCCc1nc2c(o1)cc(cc2)c1ccc2c(c1)oc(n2)*,64.0
*CCCCCCCCCn1c(=O)c2c(c1=O)cc1c(c2)c(=O)n(c1=O)*,110.0
*CCCCCCCCCn1c2ccc(cc2c2c1cccc2)C=C(C(=O)OCCCCCCOC(=O)C(=Cc1ccc2c(c1)c1ccccc1n2*)C#N)C#N,96.4
*CCCCCCCCN(c1ccc(cc1)C(=O)c1ccc(cc1)N(C)*)C,50.0
*CCCCCCCCN1C(=O)c2c(C1=O)cc(cc2)c1ccc(cc1)c1ccc2c(c1)C(=O)N(C2=O)*,120.0
*CCCCCCCCN1C(=O)c2c(C1=O)ccc(c2)C(=O)c1ccc2c(c1)C(=O)N(C2=O)*,113.0
*CCCCCCCCN1C(=O)c2c(C1=O)ccc(c2)C(C(F)(F)F)(C(F)(F)F)c1ccc2c(c1)C(=O)N(C2=O)*,138.5
*CCCCCCCCN1C(=O)c2c(C1=O)ccc(c2)Oc1ccc2c(c1)C(=O)N(C2=O)*,145.0
*CCCCCCCCNC(=O)C(C(C(=O)N*)OC)OC,89.0
*CCCCCCCCNC(=O)CC(=O)N*,55.0
*CCCCCCCCNC(=O)CCCCC(=O)N*,50.0
*CCCCCCCCNC(=O)CCCCCCCCC(=O)N*,54.0
*CCCCCCCCNC(=O)CCCCCCCCCCC(=O)N*,50.0
*CCCCCCCCNC(=O)CCCCCCCCCCCCCCC(=O)N*,52.0
*CCCCCCCCNC(=O)CCCCCCCCCCCCCCCCC(=O)N*,36.0
*CCCCCCCCNC(=O)CCCCCCCCCCCCCCCCCCCCC(=O)N*,48.0
*CCCCCCCCNC(=O)CCP(=O)(CCC(=O)N*)C,52.0
*CCCCCCCCNC(=O)Cc1ccc(cc1)CC(=O)N*,110.0
*CCCCCCCCNC(=O)NCc1ccc(cc1)CNC(=O)N*,68.0
*CCCCCCCCNC(=O)c1ccc(c(c1)Oc1ccccc1)C(=O)N*,96.0
*CCCCCCCCNC(=O)c1ccc(c(c1)Sc1ccccc1)C(=O)N*,110.0
*CCCCCCCCNC(=O)c1ccc(cc1)C(=O)N*,123.0
*CCCCCCCCNC(=O)c1cccc(c1)C(=O)N*,110.0
*CCCCCCCCO*,-18.0
*CCCCCCCCOC(=O)CCCCC(=O)O*,-28.0
*CCCCCCCCOC(=O)NCCCCCCNC(=O)O*,58.0
*CCCCCCCCOC(=O)NNC(=O)CCCCCCCCC(=O)NNC(=O)O*,38.0
*CCCCCCCCOC(=O)Nc1ccc(c(c1)C)NC(=O)OCCCCCCCCOc1ccc(cc1)c1ccc(cc1)O*,81.0
*CCCCCCCCOC(=O)Nc1ccc(c(c1)NC(=O)O*)C,64.0
*CCCCCCCCOC(=O)Nc1ccc(cc1)Cc1ccc(cc1)NC(=O)O*,79.0
*CCCCCCCCOC(=O)c1ccc(cc1)C(=O)O*,25.5
*CCCCCCCCOC(=O)c1ccc(cc1)c1ccc(cc1)C(=O)O*,44.5
*CCCCCCCCOC(=O)c1ccc2c(c1)ccc(c2)C(=O)O*,53.0
*CCCCCCCCOC(=O)c1cccc(c1)C(=O)O*,-9.0
*CCCCCCCCOc1c(OC)cc(cc1OC)/C=C/c1ccc(cc1)/C=C/c1cc(OC)c(c(c1)OC)O*,80.9
*CCCCCCCCOc1c(OC)cc(cc1OC)/C=C/c1ccc(cc1)/C=C/c1ccc(cc1)/C=C/c1cc(OC)c(c(c1)OC)O*,78.7
*CCCCCCCCOc1c(OC)cc(cc1OC)C=C1CCCC(=Cc2cc(OC)c(c(c2)OC)O*)C1=O,62.0
*CCCCCCCCOc1c(OC)cc(cc1OC)C=Cc1cc(C(C)C)c(cc1C(C)C)C=Cc1cc(OC)c(c(c1)OC)O*,85.0
*CCCCCCCCOc1c(OC)cc(cc1OC)C=Cc1ccc(cc1)C=Cc1cc(OC)c(c(c1)OC)O*,80.45
*CCCCCCCCOc1c(OC)cc(cc1OC)C=Cc1ccc(cc1)C=Cc1ccc(cc1)C=Cc1cc(OC)c(c(c1)OC)O*,78.7
*CCCCCCCCOc1ccc(cc1)C(C(F)(F)F)(C(F)(F)F)c1ccc(cc1)O*,27.8
*CCCCCCCCOc1ccc(cc1)C(c1ccc(cc1)O*)(C)C,13.6
*CCCCCCCCOc1ccc(cc1)C=C1CCCC(=Cc2ccc(cc2)O*)C1=O,90.0
*CCCCCCCCOc1ccc(cc1)C=Cc1ccc(cc1)OCCCCCCCCOP(=O)(Oc1ccc(cc1)c1ccccc1)O*,84.0
*CCCCCCCCOc1ccc(cc1)CCc1ccc(cc1C)O*,-12.1
*CCCCCCCCOc1ccc(cc1)NC(=O)c1cccc(c1)C(=O)Nc1ccc(cc1)O*,128.0
*CCCCCCCCOc1ccc(cc1OC)C=C1CCC(=Cc2ccc(c(c2)OC)OCCCCCCCCOP(=O)(OC)O*)C1=O,73.0
*CCCCCCCCOc1ccc(cc1OC)C=C1CCC(=Cc2ccc(c(c2)OC)OCCCCCCCCOP(=O)(OCC)O*)C1=O,62.0
*CCCCCCCCOc1ccc(cc1OC)C=C1CCCC(=Cc2ccc(c(c2)OC)O*)C1=O,72.0
*CCCCCCCCOc1cccc(c1)NC(=O)c1ccc(cc1)C(=O)Nc1cccc(c1)O*,122.0
*CCCCCCCCOc1cccc(c1)NC(=O)c1cccc(c1)C(=O)Nc1cccc(c1)O*,117.0
*CCCCCCCCc1ccc(cc1)Oc1ccc(cc1)c1cnc(o1)*,47.0
*CCCCCCCCc1nc2c([nH]1)ccc(c2)c1ccc2c(c1)nc([nH]2)*,234.0
*CCCCCCCCc1nc2c(o1)cc(cc2)c1ccc2c(c1)oc(n2)*,223.5
*CCCCCCCCc1nc2c(s1)cc(cc2)c1ccc2c(c1)sc(n2)*,238.0
*CCCCCCCCc1oc2c(n1)cc(cc2)NC(=O)CCCCC(=O)Nc1ccc2c(c1)nc(o2)*,91.0
*CCCCCCCCc1oc2c(n1)cc(cc2)NC(=O)CCCCCCCCC(=O)Nc1ccc2c(c1)nc(o2)*,92.5
*CCCCCCCCn1c2ccc(cc2c2c1cccc2)C=C(C(=O)OCCCCCCOC(=O)C(=Cc1ccc2c(c1)c1ccccc1n2*)C#N)C#N,96.7
*CCCCCCCN1C(=O)c2c(C1=O)cc(cc2)C(=O)Oc1ccc(cc1)c1ccc(cc1)OC(=O)c1ccc2c(c1)C(=O)N(C2=O)*,117.0
*CCCCCCCN1C(=O)c2c(C1=O)cc(cc2)c1ccc(cc1)c1ccc2c(c1)C(=O)N(C2=O)*,135.0
*CCCCCCCN1C(=O)c2c(C1=O)ccc(c2)C(C(F)(F)F)(C(F)(F)F)c1ccc2c(c1)C(=O)N(C2=O)*,150.0
*CCCCCCCN1C(=O)c2c(C1=O)ccc(c2)Oc1ccc2c(c1)C(=O)N(C2=O)*,110.0
*CCCCCCCNC(=O)C(C(C(=O)N*)OC)OC,87.0
*CCCCCCCNC(=O)CCCCC(=O)N*,49.5
*CCCCCCCNC(=O)CCCCCC(=O)N*,55.0
*CCCCCCCNC(=O)CCCCCCCCCCCCCCCCCCC(=O)N*,46.0
*CCCCCCCNC(=O)N*,62.0
*CCCCCCCNC(=O)c1ccc(cc1)C(=O)N*,123.0
*CCCCCCCNC(=S)N*,52.0
*CCCCCCCOC(=O)NCCCCCCNC(=O)O*,55.0
*CCCCCCCOC(=O)Nc1ccc(c(c1)NC(=O)O*)C,61.0
*CCCCCCCOC(=O)Nc1ccc(cc1)Cc1ccc(cc1)NC(=O)O*,84.0
*CCCCCCCOC(=O)c1ccc(cc1)C(=O)O*,-1.0
*CCCCCCCOC(=O)c1ccc(cc1)c1ccc(cc1)C(=O)O*,41.0
*CCCCCCCOC(=O)c1ccc2c(c1)ccc(c2)C(=O)O*,44.0
*CCCCCCCOc1ccc(c2c1cccc2)c1ccc(c2c1cccc2)O*,129.5
*CCCCCCCOc1ccc(cc1)CCc1ccc(cc1C)O*,6.5
*CCCCCCCc1nc2c(o1)cc(cc2)c1ccc2c(c1)oc(n2)*,85.0
*CCCCCCCn1c2ccc(cc2c2c1cccc2)C=C(C(=O)OCCCCCCOC(=O)C(=Cc1ccc2c(c1)c1ccccc1n2*)C#N)C#N,107.8
*CCCCCCN(C(=O)C(C(C(C(=O)N(C(C)C)*)(F)F)(F)F)(F)F)C(C)C,142.5
*CCCCCCN(C(=O)C(C(C(C(=O)N(CC(C(C(C(C(C(C(F)(F)F)(F)F)(F)F)(F)F)(F)F)(F)F)(F)F)*)(F)F)(F)F)(F)F)CC(C(C(C(C(C(C(F)(F)F)(F)F)(F)F)(F)F)(F)F)(F)F)(F)F,187.5
*CCCCCCN(C(=O)C(C(C(C(=O)N(CC(C(F)(F)F)(F)F)*)(F)F)(F)F)(F)F)CC(C(F)(F)F)(F)F,119.4
*CCCCCCN(C(=O)C(C(C(C(C(=O)N(CC(C(F)(F)F)(F)F)*)(F)F)(F)F)(F)F)(F)F)CC(C(F)(F)F)(F)F,174.0
*CCCCCCN(C(=O)CCC(=O)N(C)*)C,7.5
*CCCCCCN(C(=O)CCCC(=O)N(C)*)C,3.0
*CCCCCCN(c1ccc(cc1)C(=O)c1ccc(cc1)N(C)*)C,75.5
*CCCCCCN1C(=O)C(=O)N(C1=O)c1ccc(c(c1)N1C(=O)C(=O)N(C1=O)*)C,181.5
*CCCCCCN1C(=O)C(C(C1=O)C)SCCOCCSC1C(C)C(=O)N(C1=O)CCCCCCN1C(=O)CC(C1=O)(C)SCCOCCSC1(C)CC(=O)N(C1=O)*,78.0
*CCCCCCN1C(=O)N(C(=O)C1=O)*,55.0
*CCCCCCN1C(=O)N(C(=O)C1=O)c1ccc(cc1)CCc1ccccc1N1C(=O)N(C(=O)C1=O)*,137.0
*CCCCCCN1C(=O)N(C(=O)C1=O)c1ccc(cc1)Cc1ccc(cc1)N1C(=O)N(C(=O)C1=O)*,158.0
*CCCCCCN1C(=O)N(C(=O)C1=O)c1ccc(cc1)Oc1ccc(cc1)N1C(=O)N(C(=O)C1=O)*,172.0
*CCCCCCN1C(=O)c2c(C1=O)cc(cc2)C(=O)Nc1ccc(cc1)S(=O)(=O)c1cccc(c1)NC(=O)c1ccc2c(c1)C(=O)N(C2=O)*,190.0
*CCCCCCN1C(=O)c2c(C1=O)cc(cc2)C(=O)Oc1ccc(cc1)C(=O)c1ccc(cc1)OC(=O)c1ccc2c(c1)C(=O)N(C2=O)*,112.3
*CCCCCCN1C(=O)c2c(C1=O)cc(cc2)C(=O)c1ccc2c(c1)C(=O)N(C2=O)*,127.0
*CCCCCCN1C(=O)c2c(C1=O)cc(cc2)C(C(F)(F)F)(C(F)(F)F)c1ccc2c(c1)C(=O)N(C2=O)*,137.0
*CCCCCCN1C(=O)c2c(C1=O)cc(cc2)Oc1ccc2c(c1)C(=O)N(C2=O)*,164.0
*CCCCCCN1C(=O)c2c(C1=O)cc(cc2)c1ccc(cc1)c1ccc2c(c1)C(=O)N(C2=O)*,141.0
*CCCCCCN1C(=O)c2c(C1=O)ccc(c2)C(=O)Nc1ccc(cc1)S(=O)(=O)c1ccc(cc1)NC(=O)c1ccc2c(c1)C(=O)N(C2=O)*,198.0
*CCCCCCN1C(=O)c2c(C1=O)ccc(c2)C(=O)Oc1ccc(cc1)c1ccc(cc1)OC(=O)c1ccc2c(c1)C(=O)N(C2=O)*,133.0
*CCCCCCNC(=O)C(=O)N*,250.0
*CCCCCCNC(=O)C(C(C(=O)N*)OC)OC,106.0
*CCCCCCNC(=O)C(C(C(C(=O)N*)(F)F)(F)F)(F)F,33.0
*CCCCCCNC(=O)C(CC(C(=O)N*)CC)CC,94.0
*CCCCCCNC(=O)C=C(C(=O)N*)C,94.0
*CCCCCCNC(=O)CC(=O)N*,50.0
*CCCCCCNC(=O)CC(c1ccc(cc1)C(CC(=O)N*)(C)C)(C)C,91.0
*CCCCCCNC(=O)CC(c1ccc(cc1)C(CC(=O)N*)C)C,88.0
*CCCCCCNC(=O)CCC(CC(=O)N*)C,17.0
*CCCCCCNC(=O)CCC(c1ccc(cc1)C(CCC(=O)N*)(C)C)(C)C,91.75
*CCCCCCNC(=O)CCC1(CCC(=O)N*)c2ccccc2-c2c1cccc2,122.0
*CCCCCCNC(=O)CCCC(=O)N*,38.0
*CCCCCCNC(=O)CCCC(=O)O*,-18.0
*CCCCCCNC(=O)CCCCC(=O)N*,59.0
*CCCCCCNC(=O)CCCCC(=O)NCC(=O)N*,53.4
*CCCCCCNC(=O)CCCCCC(=O)N*,54.0
*CCCCCCNC(=O)CCCCCCC(=O)N*,53.0
*CCCCCCNC(=O)CCCCCCCC(=O)N*,33.8
*CCCCCCNC(=O)CCCCCCCCC(=O)N*,44.2
*CCCCCCNC(=O)CCCCCCCCCCC(=O)N*,46.0
*CCCCCCNC(=O)CCCCCCCCCCCCCCC(=O)N*,40.0
*CCCCCCNC(=O)CCCCCCCCCCCCCCCCC(=O)N*,47.0
*CCCCCCNC(=O)CCP(=O)(CCC(=O)N*)C,57.5
*CCCCCCNC(=O)CCP(=O)(c1ccccc1)CCC(=O)N*,29.0
*CCCCCCNC(=O)CCP(=S)(c1ccccc1)CCC(=O)N*,43.0
*CCCCCCNC(=O)CCc1ccc(cc1)C(CC(=O)N*)C,77.0
*CCCCCCNC(=O)CCc1ccc(cc1)CC(=O)N*,87.0
*CCCCCCNC(=O)CCc1ccc(cc1)CCC(=O)N*,85.0
*CCCCCCNC(=O)Cc1ccc(cc1)C(=O)N*,104.0
*CCCCCCNC(=O)Cc1ccc(cc1)CC(=O)N*,95.0
*CCCCCCNC(=O)NCc1ccc(cc1)CNC(=O)N*,72.0
*CCCCCCNC(=O)c1c(Cl)c(Cl)c(c(c1Cl)Cl)C(=O)N*,279.0
*CCCCCCNC(=O)c1cc(NC(=O)C(N2C(=O)c3c(C2=O)cccc3)C(CC)C)cc(c1)C(=O)N*,135.0
*CCCCCCNC(=O)c1cc(NC(=O)c2ccc(cc2)NC(=O)C(N2C(=O)c3c(C2=O)cccc3)CC(C)C)cc(c1)C(=O)N*,200.0
*CCCCCCNC(=O)c1cc(cc(c1)C(C)(C)C)C(=O)N*,163.0
*CCCCCCNC(=O)c1ccc(c(c1)Oc1ccc(cc1)Br)C(=O)N*,116.0
*CCCCCCNC(=O)c1ccc(c(c1)Oc1ccc(cc1)Cl)C(=O)N*,112.0
*CCCCCCNC(=O)c1ccc(c(c1)Oc1ccc(cc1)F)C(=O)N*,113.0
*CCCCCCNC(=O)c1ccc(c(c1)Oc1ccc(cc1)c1ccccc1)C(=O)N*,112.0
*CCCCCCNC(=O)c1ccc(c(c1)Oc1ccccc1)C(=O)N*,108.0
*CCCCCCNC(=O)c1ccc(c(c1)Sc1ccccc1)C(=O)N*,121.0
*CCCCCCNC(=O)c1ccc(cc1)C(=O)N*,140.0
*CCCCCCNC(=O)c1ccc(cc1)C(c1ccc(cc1)C(=O)N*)(CC)C,159.0
*CCCCCCNC(=O)c1ccc(cc1)C1(C)CC(c2c1cc(cc2)C(=O)N*)(C)C,155.0
*CCCCCCNC(=O)c1cccc(c1)C(=O)N*,120.0
*CCCCCCNC(=O)c1ccccc1c1ccccc1C(=O)N*,122.5
*CCCCCCO*,-61.7
*CCCCCCOC(=O)C(=O)O*,66.5
*CCCCCCOC(=O)C(C(=O)OCCCCCCOc1ccc(cc1)N1ON1c1ccc(cc1)O*)CCCCCCCCCCBr,16.0
*CCCCCCOC(=O)C(C(=O)OCCCCCCOc1ccc(cc1)N1ON1c1ccc(cc1)O*)CCCCCCCCCCP(=O)(O)O,16.0
*CCCCCCOC(=O)C(C(=O)OCCCCCCOc1ccc(cc1)N1ON1c1ccc(cc1)O*)CCCCCCCCCCP(=O)(OCC)OCC,9.0
*CCCCCCOC(=O)C(C(=O)OCCCCCCOc1ccc(cc1)N1ON1c1ccc(cc1)O*)CCCCCCP(=O)(O)O,21.0
*CCCCCCOC(=O)C(C(=O)OCCCCCCOc1ccc(cc1)N1ON1c1ccc(cc1)O*)CCCCCCP(=O)(OCC)OCC,9.0
*CCCCCCOC(=O)C(C(=O)OCCCCCCOc1ccc(cc1)N1ON1c1ccc(cc1)O*)CCCCCP(=O)(O)O,17.0
*CCCCCCOC(=O)C(C(=O)OCCCCCCOc1ccc(cc1)N1ON1c1ccc(cc1)O*)CCCCCP(=O)(OCC)OCC,7.0
*CCCCCCOC(=O)C(C(=O)OCCCCCCOc1ccc(cc1)N1ON1c1ccc(cc1)O*)CCCCP(=O)(O)O,19.0
*CCCCCCOC(=O)C(C(=O)OCCCCCCOc1ccc(cc1)N1ON1c1ccc(cc1)O*)CCCCP(=O)(OCC)OCC,4.0
*CCCCCCOC(=O)C(C(=O)OCCCCCCOc1ccc(cc1)c1ccc(cc1)O*)CCCCCOc1cc(nc(c1)c1ccccn1)c1ccccn1,49.9
*CCCCCCOC(=O)C(Cc1ccccc1)NC(=O)C=CC(=O)NC(C(=O)O*)Cc1ccccc1,92.0
*CCCCCCOC(=O)C(c1ccccc1)C(=O)OCCCCCCOc1ccc(cc1)N1ON1c1ccc(cc1)O*,23.0
*CCCCCCOC(=O)CC(=O)OCCCCCCOc1ccc(cc1)N1ON1c1ccc(cc1)O*,16.0
*CCCCCCOC(=O)CCC(=O)O*,-50.0
*CCCCCCOC(=O)CCCCC(=O)O*,-69.5
*CCCCCCOC(=O)CCCCCCC(=O)OCCCCCCN1C(=O)c2c(C1=O)cc(cc2)S(=O)(=O)c1ccc2c(c1)C(=O)N(C2=O)*,46.0
*CCCCCCOC(=O)CCCCCCCCC(=O)O*,-50.0
*CCCCCCOC(=O)CCCCCCCCC(=O)OCCCCCCN1C(=O)c2c(C1=O)cc(cc2)S(=O)(=O)c1ccc2c(c1)C(=O)N(C2=O)*,72.0
*CCCCCCOC(=O)CCCCCCCCCCCCCCCCCCC(=O)OCCCCCCN1C(=O)c2c(C1=O)cc(cc2)S(=O)(=O)c1ccc2c(c1)C(=O)N(C2=O)*,19.0
*CCCCCCOC(=O)CCCCCCCCCCN1C(=O)c2c(C1=O)ccc(c2)c1ccc(cc1)c1ccc2c(c1)C(=O)N(C2=O)CCCCCCCCCCC(=O)OCCCCCCN1C(=O)c2c(C1=O)cc(cc2)c1ccc2c(c1)C(=O)N(C2=O)*,45.0
*CCCCCCOC(=O)CCCCCCCCCCN1C(=O)c2c(C1=O)ccc(c2)c1ccc2c(c1)C(=O)N(C2=O)CCCCCCCCCCC(=O)OCCCCCCN1C(=O)c2c(C1=O)cc(cc2)c1ccc2c(c1)C(=O)N(C2=O)*,39.0
*CCCCCCOC(=O)CCCCCNC(=O)CCCCC(=O)NCCCCCC(=O)O*,-7.0
*CCCCCCOC(=O)NC1CCC(CC1)CC1CCC(CC1)NC(=O)OCCCCCCOc1ccc(cc1)CCc1ccc(cc1)O*,40.3
*CCCCCCOC(=O)NCC(C(C(C(CNC(=O)O*)(F)F)(F)F)(F)F)(F)F,5.0
*CCCCCCOC(=O)NCCCCCCNC(=O)O*,168.0
*CCCCCCOC(=O)NCCCCNC(=O)O*,16.0
*CCCCCCOC(=O)NCc1ccc(cc1)CNC(=O)O*,56.0
*CCCCCCOC(=O)NNC(=O)CCCCCCCCC(=O)NNC(=O)O*,45.0
*CCCCCCOC(=O)Nc1ccc(c(c1)C)NC(=O)OCCCCCCOc1ccc(cc1)c1ccc(cc1)O*,88.0
*CCCCCCOC(=O)Nc1ccc(c(c1)NC(=O)O*)C,32.0
*CCCCCCOC(=O)Nc1ccc(c(c1)NC(=O)OCCCCCCOc1ccc(cc1)c1ccc(cc1)O*)C,87.0
*CCCCCCOC(=O)Nc1ccc(cc1)Cc1ccc(cc1)NC(=O)O*,71.0
*CCCCCCOC(=O)Nc1cccc(c1)P(=O)(c1cccc(c1)NC(=O)O*)c1ccccc1,30.0
*CCCCCCOC(=O)O*,-43.0
*CCCCCCOC(=O)OCCCCCCCCCCCCOC(=O)OCCCCCCOc1ccc(cc1)C(=O)c1ccc(cc1)O*,-8.0
*CCCCCCOC(=O)OCCCCCCCCCCCCOC(=O)OCCCCCCOc1ccc(cc1)Oc1ccc(cc1)O*,-22.0
*CCCCCCOC(=O)OCCCCCCCCCCCCOC(=O)OCCCCCCn1c(=O)c2c(c1=O)cc1c(c2)c(=O)n(c1=O)*,-9.0
*CCCCCCOC(=O)OCCCCCCCCCCOC(=O)OCCCCCCOc1ccc(cc1)C(=O)c1ccc(cc1)O*,-13.0
*CCCCCCOC(=O)OCCCCCCCCCCOC(=O)OCCCCCCOc1ccc(cc1)Oc1ccc(cc1)O*,-22.0
*CCCCCCOC(=O)OCCCCCCCCCCOC(=O)OCCCCCCn1c(=O)c2c(c1=O)cc1c(c2)c(=O)n(c1=O)*,-2.0
*CCCCCCOC(=O)OCCCCCCCCCOC(=O)OCCCCCCOc1ccc(cc1)C(=O)c1ccc(cc1)O*,-6.0
*CCCCCCOC(=O)OCCCCCCCCCOC(=O)OCCCCCCOc1ccc(cc1)Oc1ccc(cc1)O*,-20.0
*CCCCCCOC(=O)OCCCCCCCCOC(=O)OCCCCCCOc1ccc(cc1)C(=O)c1ccc(cc1)O*,-7.7
*CCCCCCOC(=O)OCCCCCCCCOC(=O)OCCCCCCOc1ccc(cc1)Oc1ccc(cc1)O*,-17.0
*CCCCCCOC(=O)OCCCCCCCCOC(=O)OCCCCCCn1c(=O)c2c(c1=O)cc1c(c2)c(=O)n(c1=O)*,8.0
*CCCCCCOC(=O)OCCCCCCN1C(=O)c2c(C1=O)cc(cc2)C(=O)c1ccc2c(c1)C(=O)N(C2=O)*,76.0
*CCCCCCOC(=O)OCCCCCCN1C(=O)c2c(C1=O)cc(cc2)c1ccc(cc1)c1ccc2c(c1)C(=O)N(C2=O)*,73.0
*CCCCCCOC(=O)OCCCCCCN1C(=O)c2c(C1=O)cc(cc2)c1ccc2c(c1)C(=O)N(C2=O)*,71.0
*CCCCCCOC(=O)OCCCCCCOC(=O)OCCCCCCN1C(=O)c2c(C1=O)cc(cc2)C(=O)c1ccc2c(c1)C(=O)N(C2=O)*,40.0
*CCCCCCOC(=O)OCCCCCCOC(=O)OCCCCCCN1C(=O)c2c(C1=O)cc(cc2)Oc1ccc2c(c1)C(=O)N(C2=O)*,34.0
*CCCCCCOC(=O)OCCCCCCOC(=O)OCCCCCCN1C(=O)c2c(C1=O)cc(cc2)c1ccc(cc1)c1ccc2c(c1)C(=O)N(C2=O)*,61.0
*CCCCCCOC(=O)OCCCCCCOC(=O)OCCCCCCOc1ccc(cc1)C(=O)c1ccc(cc1)O*,-0.3
*CCCCCCOC(=O)OCCCCCCOC(=O)OCCCCCCOc1ccc(cc1)Oc1ccc(cc1)O*,-13.0
*CCCCCCOC(=O)OCCCCCCOC(=O)OCCCCCCOc1ccc(cc1)c1ccc(cc1)O*,16.6
*CCCCCCOC(=O)OCCCCCCOC(=O)OCCCCCCn1c(=O)c2c(c1=O)cc1c(c2)c(=O)n(c1=O)*,17.0
*CCCCCCOC(=O)OCCCCCOC(=O)OCCCCCCOc1ccc(cc1)C(=O)c1ccc(cc1)O*,-0.2
*CCCCCCOC(=O)OCCCCCOC(=O)OCCCCCCOc1ccc(cc1)Oc1ccc(cc1)O*,-11.0
*CCCCCCOC(=O)OCCCCOC(=O)OCCCCCCOc1ccc(cc1)C(=O)c1ccc(cc1)O*,2.1
*CCCCCCOC(=O)OCCCCOC(=O)OCCCCCCOc1ccc(cc1)Oc1ccc(cc1)O*,-8.0
*CCCCCCOC(=O)OCCCOC(=O)OCCCCCCN1C(=O)c2c(C1=O)cc(cc2)C(=O)c1ccc2c(c1)C(=O)N(C2=O)*,61.0
*CCCCCCOC(=O)OCCCOC(=O)OCCCCCCOc1ccc(cc1)C(=O)c1ccc(cc1)O*,16.0
*CCCCCCOC(=O)OCCCOC(=O)OCCCCCCOc1ccc(cc1)Oc1ccc(cc1)O*,-6.0
*CCCCCCOC(=O)OCCOC(=O)OCCCCCCOc1ccc(cc1)C(=O)c1ccc(cc1)O*,15.0
*CCCCCCOC(=O)OCCOC(=O)OCCCCCCOc1ccc(cc1)Oc1ccc(cc1)O*,-4.0
*CCCCCCOC(=O)c1cc(N=Nc2ccc(cc2)OCC)ccc1c1ccc(cc1C(=O)O*)N=Nc1ccc(cc1)OCC,83.0
*CCCCCCOC(=O)c1cc(OCCCCCCOc2ccc(cc2)N=Nc2ccc(cc2)C#N)cc(c1)C(=O)OCCCCCCN1C(=O)c2c(C1=O)cc(cc2)c1ccc(cc1)c1ccc2c(c1)C(=O)N(C2=O)*,67.0
*CCCCCCOC(=O)c1cc(OCCCCCCOc2ccc(cc2)N=Nc2ccc(cc2)C#N)cc(c1)C(=O)OCCCCCCN1C(=O)c2c(C1=O)ccc(c2)Oc1ccc2c(c1)C(=O)N(C2=O)*,61.0
*CCCCCCOC(=O)c1cc(OCCCCCCOc2ccc(cc2)N=Nc2ccc(cc2)C#N)cc(c1)C(=O)OCCCCCCN1C(=O)c2c(C1=O)ccc(c2)S(=O)(=O)c1ccc2c(c1)C(=O)N(C2=O)*,83.0
*CCCCCCOC(=O)c1cc(OCCCCCCOc2ccc(cc2)N=Nc2ccc(cc2)C#N)cc(c1)C(=O)OCCCCCCN1C(=O)c2c(C1=O)ccc(c2)c1ccc2c(c1)C(=O)N(C2=O)*,93.0
*CCCCCCOC(=O)c1cc(OCCCCCCOc2ccc(cc2)N=Nc2ccc(cc2)C#N)cc(c1)C(=O)OCCCCCCn1c(=O)c2c(c1=O)cc1c(c2)c(=O)n(c1=O)*,46.0
*CCCCCCOC(=O)c1ccc(cc1)C(=O)O*,13.0
*CCCCCCOC(=O)c1ccc(cc1)C=NC(COC(=O)CCCCC(=O)OCC(N=Cc1ccc(cc1)C(=O)O*)(C)C)(C)C,10.0
*CCCCCCOC(=O)c1ccc(cc1)C=NC1CCC(CC1)CC1CCC(CC1)N=Cc1ccc(cc1)C(=O)O*,90.0
*CCCCCCOC(=O)c1ccc(cc1)c1ccc(cc1)C(=O)O*,50.5
*CCCCCCOC(=O)c1ccc(cc1)c1ccc(cc1)c1ccc(cc1)C(=O)O*,60.0
*CCCCCCOC(=O)c1ccc2c(c1)ccc(c2)C(=O)O*,63.0
*CCCCCCOC(=O)c1cccc(c1)C(=O)O*,5.5
*CCCCCCOCc1c(C)c(C)c(c(c1C)O*)C,9.0
*CCCCCCOP(=O)(N=Nc1ccc(cc1)C(=O)c1ccc(cc1)N=NP(=O)(OC)O*)OC,31.0
*CCCCCCOP(=O)(N=Nc1ccc(cc1)CCOC(=O)NCCCCCCNC(=O)OCCc1ccc(cc1)N=NP(=O)(OC)O*)OC,18.0
*CCCCCCOP(=O)(N=Nc1ccc(cc1)CCOC(=O)Nc1ccc(c(c1)NC(=O)OCCc1ccc(cc1)N=NP(=O)(OC)O*)C)OC,56.0
*CCCCCCOP(=O)(N=Nc1ccc(cc1)CCOC(=O)c1cc(cc(c1)C(C)(C)C)C(=O)OCCc1ccc(cc1)N=NP(=O)(OC)O*)OC,47.0
*CCCCCCOP(=O)(N=Nc1ccc(cc1)COC(=O)NCCCCCCNC(=O)OCc1ccc(cc1)N=NP(=O)(OC)O*)OC,8.0
*CCCCCCOP(=O)(N=Nc1ccc(cc1)COC(=O)Nc1ccc(c(c1)NC(=O)OCc1ccc(cc1)N=NP(=O)(OC)O*)C)OC,58.0
*CCCCCCOP(=O)(N=Nc1ccc(cc1)COC(=O)c1cc(cc(c1)C(C)(C)C)C(=O)OCc1ccc(cc1)N=NP(=O)(OC)O*)OC,62.0
*CCCCCCOP(=O)(N=Nc1ccc(cc1)Oc1ccc(cc1)N=NP(=O)(OC)O*)OC,25.0
*CCCCCCOP(=O)(N=Nc1ccc(cc1)c1ccc(cc1)N=NP(=O)(OC)O*)OC,37.0
*CCCCCCOc1c(OC)cc(cc1OC)/C=C/c1ccc(cc1)/C=C/c1cc(OC)c(c(c1)OC)O*,90.0
*CCCCCCOc1c(OC)cc(cc1OC)C=C1CCCC(=Cc2cc(OC)c(c(c2)OC)O*)C1=O,71.0
*CCCCCCOc1ccc(c2c1cccc2)c1ccc(c2c1cccc2)O*,109.0
*CCCCCCOc1ccc(cc1)C(=O)N(C(=O)c1ccc(cc1)O*)c1cc(C)cc(c1)C,75.0
*CCCCCCOc1ccc(cc1)C(=O)N(C(=O)c1ccc(cc1)O*)c1ccc(cc1)Oc1ccccc1,78.0
*CCCCCCOc1ccc(cc1)C(=O)N(C(=O)c1ccc(cc1)O*)c1ccccc1,100.0
*CCCCCCOc1ccc(cc1)C(=O)N(c1cccc2c1cccc2)C(=O)c1ccc(cc1)O*,56.0
*CCCCCCOc1ccc(cc1)C(=O)OC(=O)c1ccc(cc1)O*,47.0
*CCCCCCOc1ccc(cc1)C(c1ccc(cc1)O*)(C)C,35.1
*CCCCCCOc1ccc(cc1)C=C1CCCC(=Cc2ccc(cc2)O*)C1=O,116.0
*CCCCCCOc1ccc(cc1)C=Cc1ccc(c2c1cccc2)O*,78.0
*CCCCCCOc1ccc(cc1)C=Cc1ccc(cc1)O*,76.0
*CCCCCCOc1ccc(cc1)C=Cc1ccc(cc1)OCCCCCCOP(=O)(Oc1ccc(cc1)c1ccccc1)O*,92.0
*CCCCCCOc1ccc(cc1)C=Cc1ccc(cc1)OCCCCCCOP(=O)(Oc1cccc2c1cccc2)O*,102.0
*CCCCCCOc1ccc(cc1)C=Cc1ccc(cc1)OCCCCCCOP(=O)(Oc1ccccc1)O*,93.0
*CCCCCCOc1ccc(cc1)CCc1ccc(cc1C)O*,17.9
*CCCCCCOc1ccc(cc1)N(c1ccccc1)c1ccc(cc1)c1ccc(cc1)N(c1ccc(cc1)O*)c1ccccc1,128.0
*CCCCCCOc1ccc(cc1)NC(=O)c1cc(cc(c1)C(C)(C)C)C(=O)Nc1ccc(cc1)O*,166.0
*CCCCCCOc1ccc(cc1)OC(=O)c1ccc(cc1)C(=O)Oc1ccc(cc1)O*,53.0
*CCCCCCOc1ccc(cc1)c1cc(c2ccc(cc2)c2ccccc2)c(c(c1)c1ccc(cc1)c1ccccc1)c1ccc(cc1)NC(=O)c1ccc(cc1)C(=O)Nc1ccc(cc1)c1c(cc(cc1c1ccc(cc1)c1ccccc1)c1ccc(cc1)O*)c1ccc(cc1)c1ccccc1,121.5
*CCCCCCOc1ccc(cc1)c1cc(c2ccccc2)c(c(c1)c1ccccc1)c1ccc(cc1)NC(=O)c1ccc(cc1)C(=O)Nc1ccc(cc1)c1c(cc(cc1c1ccccc1)c1ccc(cc1)O*)c1ccccc1,127.0
*CCCCCCOc1ccc(cc1OC)C=C1CCC(=Cc2ccc(c(c2)OC)OCCCCCCOP(=O)(OC)O*)C1=O,74.0
*CCCCCCOc1ccc(cc1OC)C=C1CCC(=Cc2ccc(c(c2)OC)OCCCCCCOP(=O)(OCC)O*)C1=O,75.0
*CCCCCCOc1ccc(cc1OC)C=C1CCCC(=Cc2ccc(c(c2)OC)O*)C1=O,80.0
*CCCCCCS(=O)(=O)c1ccc(cc1)N=Nc1ccc(cc1)N(CCCCCC(=O)O*)C,60.5
*CCCCCCSS*,-74.0
*CCCCCCc1ccc(cc1)c1c(cc(c(c1c1ccccc1)c1ccccc1)c1ccc(cc1)c1cc(c2ccccc2)c(c(c1c1ccccc1)c1ccccc1)c1ccc(cc1)*)c1ccccc1,250.0
*CCCCCCc1ccc(cc1)c1c(cc(c(c1c1ccccc1)c1ccccc1)c1cccc(c1)c1cc(c2ccccc2)c(c(c1c1ccccc1)c1ccccc1)c1ccc(cc1)*)c1ccccc1,215.0
*CCCCCCc1oc2c(n1)cc(cc2)NC(=O)CCCCCCC(=O)Nc1ccc2c(c1)nc(o2)*,77.0
*CCCCCCc1oc2c(n1)cc(cc2)NC(=O)CCCCCCCCC(=O)Nc1ccc2c(c1)nc(o2)*,86.0
*CCCCCCn1c(=O)n(CCCCCC)c(=O)n(c1=O)*,27.5
*CCCCCCn1c2ccc(cc2c2c1cccc2)C=C(C(=O)OCCCCCCOC(=O)C(=Cc1ccc2c(c1)c1ccccc1n2*)C#N)C#N,117.7
*CCCCCCn1ccc(n1)c1ccc(cc1)c1ccn(n1)*,55.0
*CCCCCCn1ccc(n1)c1cccc(c1)c1ccn(n1)*,70.0
*CCCCCN1C(=O)c2c(C1=O)cc(cc2)C(=O)Oc1ccc(cc1)c1ccc(cc1)OC(=O)c1ccc2c(c1)C(=O)N(C2=O)*,147.0
*CCCCCN1C(=O)c2c(C1=O)cc(cc2)C(C(F)(F)F)(C(F)(F)F)c1ccc2c(c1)C(=O)N(C2=O)*,170.0
*CCCCCNC(=O)C(C(C(=O)N*)OC)OC,113.0
*CCCCCNC(=O)CC(=O)N*,65.0
*CCCCCNC(=O)CCCCC(=O)N*,46.5
*CCCCCNC(=O)CCCCCCCCCCCCCCCCCCC(=O)N*,52.0
*CCCCCNC(=O)Cc1ccc(cc1)C(=O)N*,103.0
*CCCCCNC(=O)c1ccc(cc1)C(=O)N*,177.0
*CCCCCNC(=S)N*,55.0
*CCCCCNc1nc(NCCCCCc2[nH]c3c(n2)cc(cc3)c2ccc3c(c2)nc([nH]3)*)nc(n1)N(CC)CC,190.0
*CCCCCOC(=O)CCCCC(=O)O*,-69.0
*CCCCCOC(=O)CCCCCCCCCCN1C(=O)c2c(C1=O)ccc(c2)c1ccc(cc1)c1ccc2c(c1)C(=O)N(C2=O)CCCCCCCCCCC(=O)OCCCCCN1C(=O)c2c(C1=O)cc(cc2)c1ccc2c(c1)C(=O)N(C2=O)*,41.0
*CCCCCOC(=O)CCCCCCCCCCN1C(=O)c2c(C1=O)ccc(c2)c1ccc2c(c1)C(=O)N(C2=O)CCCCCCCCCCC(=O)OCCCCCN1C(=O)c2c(C1=O)cc(cc2)c1ccc2c(c1)C(=O)N(C2=O)*,46.0
*CCCCCOC(=O)CCCCCN1C(=O)c2c(C1=O)ccc(c2)c1ccc2c(c1)C(=O)N(C2=O)CCCCCC(=O)OCCCCCN1C(=O)c2c(C1=O)cc(cc2)c1ccc2c(c1)C(=O)N(C2=O)*,74.0
*CCCCCOC(=O)NCC(C(C(C(CNC(=O)O*)(F)F)(F)F)(F)F)(F)F,33.0
*CCCCCOC(=O)NCCCCCCNC(=O)O*,33.0
*CCCCCOC(=O)NNC(=O)CCCCCCCCC(=O)NNC(=O)O*,20.0
*CCCCCOC(=O)Nc1ccc(c(c1)NC(=O)O*)C,52.0
*CCCCCOC(=O)Nc1ccc(cc1)Cc1ccc(cc1)NC(=O)O*,95.0
*CCCCCOC(=O)O*,-42.95
*CCCCCOC(=O)OCCCCCCOC(=O)OCCCCCn1c(=O)c2c(c1=O)cc1c(c2)c(=O)n(c1=O)*,27.0
*CCCCCOC(=O)OCCCCCN1C(=O)c2c(C1=O)cc(cc2)C(=O)c1ccc2c(c1)C(=O)N(C2=O)*,77.0
*CCCCCOC(=O)OCCCCCN1C(=O)c2c(C1=O)cc(cc2)c1ccc2c(c1)C(=O)N(C2=O)*,84.0
*CCCCCOC(=O)c1ccc(cc1)C(=O)O*,11.0
*CCCCCOC(=O)c1ccc(cc1)C=Cc1ccc(cc1)C(=O)O*,60.0
*CCCCCOC(=O)c1ccc(cc1)c1ccc(cc1)C(=O)O*,44.0
*CCCCCOC(=O)c1ccc(cc1)c1ccc(cc1)c1ccc(cc1)C(=O)O*,40.0
*CCCCCOC(=O)c1ccc2c(c1)ccc(c2)C(=O)O*,54.0
*CCCCCOC(=O)c1cccc(c1)C(=O)O*,7.0
*CCCCCOC(=O)c1ccccc1C(=O)O[Cd]OC(=O)c1ccccc1C(=O)OCCCCCOC(=O)NCCCCCCNC(=O)O*,-6.8
*CCCCCOC(=O)c1ccccc1C(=O)O[Cd]OC(=O)c1ccccc1C(=O)OCCCCCOC(=O)Nc1ccc(c(c1)NC(=O)O*)C,2.3
*CCCCCOC(=O)c1ccccc1C(=O)O[Pb]OC(=O)c1ccccc1C(=O)OCCCCCOC(=O)NCCCCCCNC(=O)O*,-19.2
*CCCCCOC(=O)c1ccccc1C(=O)O[Pb]OC(=O)c1ccccc1C(=O)OCCCCCOC(=O)Nc1ccc(c(c1)NC(=O)O*)C,-11.3
*CCCCCOCO*,-80.75
*CCCCCOc1ccc(c(c1)C)OCCCCCc1nnc(o1)c1ccc(cc1)c1nnc(o1)*,95.0
*CCCCCOc1ccc(c2c1cccc2)c1ccc(c2c1cccc2)O*,151.0
*CCCCCOc1ccc(cc1)C(=O)OC(=O)c1ccc(cc1)O*,53.0
*CCCCCOc1ccc(cc1)C=CC(=O)OCCN(c1ccc(cc1)N=Nc1ccc(cc1)[N+](=O)[O-])CCOC(=O)C=Cc1ccc(cc1)O*,92.0
*CCCCCOc1ccc(cc1)CCc1ccc(cc1C)O*,15.4
*CCCCCOc1ccc(cc1)NC(=O)c1cccc(c1)C(=O)Nc1ccc(cc1)O*,155.0
*CCCCCOc1ccc(cc1)OC(=O)c1ccc(cc1)C(=O)Oc1ccc(cc1)O*,112.0
*CCCCCOc1cccc(c1)C(=O)OC(=O)c1cccc(c1)O*,61.0
*CCCCCOc1cccc(c1)NC(=O)c1ccc(cc1)C(=O)Nc1cccc(c1)O*,135.0
*CCCCCOc1cccc(c1)NC(=O)c1cccc(c1)C(=O)Nc1cccc(c1)O*,131.5
*CCCCCSS*,-72.0
*CCCCC[Si](c1ccccc1)(C)*,-10.4
*CCCCN(c1ccc(cc1)C=C[Si](c1ccc(cc1)C=Cc1ccc(cc1)[Si](C=Cc1ccc(cc1)N(C)*)(C)C)(C)C)C,87.0
*CCCCN1C(=O)C2C(C1=O)C1C=CC2C2C1C(=O)N(C2=O)*,211.0
*CCCCN1C(=O)c2c(C1=O)cc(cc2)C(C(F)(F)F)(C(F)(F)F)c1ccc2c(c1)C(=O)N(C2=O)*,185.0
*CCCCN1C(=O)c2c(C1=O)ccc(c2)C(=O)Oc1ccc(cc1)c1ccc(cc1)OC(=O)c1ccc2c(c1)C(=O)N(C2=O)*,126.0
*CCCCNC(=O)C(=O)N*,120.0
*CCCCNC(=O)C(C(C(=O)N*)OC)OC,100.0
*CCCCNC(=O)CC(=O)N*,73.0
*CCCCNC(=O)CCCCC(=O)N*,58.0
*CCCCNC(=O)CCCCCCC(=O)N*,66.0
*CCCCNC(=O)Cc1ccc(cc1)C(=O)N*,84.0
*CCCCNC(=O)c1ccc(c(c1)Oc1ccccc1)C(=O)N*,125.0
*CCCCNC(=O)c1ccc(c(c1)Sc1ccccc1)C(=O)N*,136.0
*CCCCNC(=O)c1ccc(cc1)C(c1ccc(cc1)C(=O)N*)(CC)C,177.5
*CCCCNC(=O)c1cccc(c1)C(=O)N*,141.0
*CCCCO*,-80.0
*CCCCOC(=O)/C=C/C(=O)O*,93.0
*CCCCOC(=O)/C=C\C(=O)O*,-22.0
*CCCCOC(=O)C(=O)O*,-32.0
*CCCCOC(=O)C(Cc1ccccc1)NC(=O)C=CC(=O)NC(C(=O)O*)Cc1ccccc1,54.5
*CCCCOC(=O)C1CCC(CC1)C(=O)O*,-10.5
*CCCCOC(=O)CCC(=O)O*,-32.0
*CCCCOC(=O)CCCC(=O)O*,-36.5
*CCCCOC(=O)CCCCC(=O)NCCCCNC(=O)CCCCC(=O)O*,-20.0
*CCCCOC(=O)CCCCC(=O)O*,-62.5
*CCCCOC(=O)CCCCC(=O)OCCCCOC(=O)c1ccc(cc1)C(=O)O*,-20.0
*CCCCOC(=O)CCCCCCCC(=O)O*,-62.5
*CCCCOC(=O)CCCCCCCCC(=O)O*,-57.0
*CCCCOC(=O)CCCCCCCCCCCCCCCCCCCCCCCCCCCCCCCCCCC(=O)O*,-55.0
*CCCCOC(=O)CCCCCNC(=O)CCCCC(=O)NCCCCCC(=O)O*,-15.0
*CCCCOC(=O)CCSCCCCCCSCCC(=O)O*,-74.0
*CCCCOC(=O)COCC(=O)O*,-27.0
*CCCCOC(=O)NCC(C(C(C(CNC(=O)O*)(F)F)(F)F)(F)F)(F)F,33.0
*CCCCOC(=O)NCCCCCCNC(=O)O*,26.0
*CCCCOC(=O)NCCCCNC(=O)O*,7.0
*CCCCOC(=O)NNC(=O)CCCCCCCCC(=O)NNC(=O)O*,56.0
*CCCCOC(=O)Nc1ccc(c(c1)NC(=O)O*)C,42.0
*CCCCOC(=O)Nc1ccc(c(c1)NC(=O)OCCCCn1c2ccc(cc2c2c1cccc2)C=C(C(=O)OCCCCCCOC(=O)C(=Cc1ccc2c(c1)c1ccccc1n2*)C#N)C#N)C,117.0
*CCCCOC(=O)Nc1ccc(cc1)Cc1ccc(cc1)NC(=O)O*,107.0
*CCCCOC(=O)Nc1ccc(cc1)Cc1ccc(cc1)NC(=O)OCCCCn1c2ccc(cc2c2c1cccc2)C=C(C(=O)OCCCCCCOC(=O)C(=Cc1ccc2c(c1)c1ccccc1n2*)C#N)C#N,122.0
*CCCCOC(=O)Nc1ccc(cc1C)c1ccc(c(c1)C)NC(=O)OCCCCn1c2ccccc2c2c1ccc(c2)C=C(C(=O)OCCCCCCOC(=O)C(=Cc1ccc2c(c1)c1ccccc1n2*)C#N)C#N,113.0
*CCCCOC(=O)O*,-27.0
*CCCCOC(=O)OCC1CCC(CC1)COC(=O)O*,13.0
*CCCCOC(=O)OCCCCCCOC(=O)OCCCCn1c(=O)c2c(c1=O)cc1c(c2)c(=O)n(c1=O)*,37.0
*CCCCOC(=O)OCCCCN1C(=O)c2c(C1=O)cc(cc2)c1ccc2c(c1)C(=O)N(C2=O)*,104.0
*CCCCOC(=O)c1ccc(cc1)C(=O)O*,47.45
*CCCCOC(=O)c1ccc(cc1)C(c1ccc(cc1)C(=O)O*)(C)C,44.0
*CCCCOC(=O)c1ccc(cc1)NC=Nc1ccc(cc1)C(=O)O*,91.0
*CCCCOC(=O)c1ccc(cc1)[Si](c1ccc(cc1)C(=O)O*)(C)C,42.0
*CCCCOC(=O)c1ccc(cc1)c1ccc(cc1)C(=O)O*,40.0
*CCCCOC(=O)c1ccc(cc1)c1ccc(cc1)c1ccc(cc1)C(=O)O*,180.0
*CCCCOC(=O)c1ccc2c(c1)ccc(c2)C(=O)O*,55.0
*CCCCOC(=O)c1cccc(c1)C(=O)O*,19.0
*CCCCOCCCCOCCCCOC(=O)c1ccc(cc1)N=Cc1cc(OCCC(CCCC(C)C)C)c(cc1OCCC(CCCC(C)C)C)C=Nc1ccc(cc1)C(=O)O*,-4.8
*CCCCOCCCCOCCCCOC(=O)c1ccc(cc1)N=Cc1ccc(cc1)C=Nc1ccc(cc1)C(=O)O*,-13.2
*CCCCOCCCCOCCCC[NH+]1C(C=C(C=C1c1ccccc1)c1ccc(cc1)C1=CC(c2ccccc2)[NH+](C(=C1)c1ccccc1)*)c1ccccc1,71.0
*CCCCOCO*,-84.0
*CCCCOc1ccc(c(c1)C)OCCCCc1nnc(o1)c1ccc(cc1)c1nnc(o1)*,129.0
*CCCCOc1ccc(c2c1cccc2)c1ccc(c2c1cccc2)O*,130.0
*CCCCOc1ccc(cc1)C(=O)Nc1cccc(c1)P(=O)(c1cccc(c1)NC(=O)c1ccc(cc1)O*)c1ccccc1,185.0
*CCCCOc1ccc(cc1)C(=O)OC(=O)c1ccc(cc1)O*,45.0
*CCCCOc1ccc(cc1)C(=O)OCCOC(=O)c1ccc(cc1)O*,53.0
*CCCCOc1ccc(cc1)C=Cc1ccc(cc1)OCCCCOP(=O)(Oc1cccc2c1cccc2)O*,123.0
*CCCCOc1ccc(cc1)C=Cc1ccc(cc1)OCCCCOP(=O)(Oc1ccccc1)O*,109.0
*CCCCOc1ccc(cc1)CCc1ccc(cc1C)O*,24.9
*CCCCOc1ccc(cc1OC)C=C1CCC(=Cc2ccc(c(c2)OC)OCCCCOP(=O)(OC)O*)C1=O,75.0
*CCCCOc1ccc(cc1OC)C=C1CCC(=Cc2ccc(c(c2)OC)OCCCCOP(=O)(OCC)O*)C1=O,79.0
*CCCCOc1cccc(c1)C(=O)OC(=O)c1cccc(c1)O*,20.0
*CCCCP(=O)(CCCNC(=O)CCCCC(=O)N*)C,59.0
*CCCCSS*,-55.0
*CCCCSSCCCCO*,-76.0
*CCCCSSCCCCOCO*,-76.0
*CCCCc1ccc(cc1)c1c(cc(c(c1c1ccccc1)c1ccccc1)c1ccc(cc1)c1cc(c2ccccc2)c(c(c1c1ccccc1)c1ccccc1)c1ccc(cc1)*)c1ccccc1,205.0
*CCCCc1ccc(cc1)c1c(cc(c(c1c1ccccc1)c1ccccc1)c1cccc(c1)c1cc(c2ccccc2)c(c(c1c1ccccc1)c1ccccc1)c1ccc(cc1)*)c1ccccc1,180.0
*CCCCc1nnc([nH]1)SC(=O)CCCCC(=O)Sc1nnc([nH]1)*,141.0
*CCCCc1nnc([nH]1)SCCCCSc1nnc([nH]1)*,107.0
*CCCN(C(=O)C(C(C(C(C(C(C(F)(F)F)(F)F)(F)F)(F)F)(F)F)(F)F)(F)F)*,25.0
*CCCN(C(=O)CC)*,8.0
*CCCN(C(=O)CCCCC)*,-16.0
*CCCN(C(=O)S*)Cc1ccccc1,27.0
*CCCN(C(=O)c1ccccc1)*,72.0
*CCCN(C)*,-88.0
*CCCN(c1ccc(cc1)C(=O)c1ccc(cc1)N(C)*)C,101.0
*CCCN1C(=O)C2C(C1=O)C1C=CC2C2C1C(=O)N(C2=O)*,210.0
*CCCN1C(=O)c2c(C1=O)cc(cc2)C(C(F)(F)F)(C(F)(F)F)c1ccc2c(c1)C(=O)N(C2=O)*,190.0
*CCCNC(=O)C(C(C(=O)N*)OC)OC,123.0
*CCCNC(=O)C(C(C)C)NC(=O)C(Cc1ccccc1)NC(=O)CCCCCCCCC(=O)NC(C(=O)NC(C(=O)NCCCOCCOCCO*)C(C)C)Cc1ccccc1,66.0
*CCCNC(=O)C(Cc1ccccc1)NC(=O)CCCCCCCCC(=O)NC(C(=O)NCCCOCCOCCO*)Cc1ccccc1,44.0
*CCCNC(=O)CCCCC(=O)NCCCN(C)*,5.0
*CCCNC(=O)CCCCC(=O)NCCCO*,34.0
*CCCNC(=O)CCCCCCCCC(=O)NCCCOCCOCCO*,40.0
*CCCNC(=O)CNC(=O)C(C(C)C)NC(=O)C(Cc1ccccc1)NC(=O)CCCCCCCCC(=O)NC(C(=O)NC(C(=O)NCC(=O)NCCCOCCOCCO*)C(C)C)Cc1ccccc1,58.0
*CCCNC(=O)CNC(=O)C(Cc1ccccc1)NC(=O)CCCCCCCCC(=O)NC(C(=O)NCC(=O)NCCCOCCOCCO*)Cc1ccccc1,36.0
*CCCNC(=O)Cc1ccc(cc1)C(=O)N*,109.0
*CCCNC(=O)O*,25.0
*CCCNC(=O)c1ccc(cc1)C(=O)N*,180.0
*CCCNC(=O)c1ccc(cc1)C(=O)NCCCO*,72.0
*CCCO*,-73.0
*CCCOC(=O)C(O*)C,-33.0
*CCCOC(=O)C1CCC(CC1)C(=O)O*,-6.0
*CCCOC(=O)CCC(=O)O*,-34.9
*CCCOC(=O)CCCC(=O)O*,-33.0
*CCCOC(=O)CCCCC(=O)O*,-58.0
*CCCOC(=O)CCCCCCC(=O)O*,-58.75
*CCCOC(=O)NCCCCCCNC(=O)O*,55.0
*CCCOC(=O)NNC(=O)CCCCCCCCC(=O)NNC(=O)O*,22.0
*CCCOC(=O)Nc1cc(ccc1C)NC(=O)O*,6.0
*CCCOC(=O)Nc1ccc(cc1)Cc1ccc(cc1)NC(=O)O*,119.0
*CCCOC(=O)O*,-17.6
*CCCOC(=O)OCCCCCCOC(=O)OCCCN1C(=O)c2c(C1=O)cc(cc2)C(=O)c1ccc2c(c1)C(=O)N(C2=O)*,70.0
*CCCOC(=O)OCCCCCCOC(=O)OCCCn1c(=O)c2c(c1=O)cc1c(c2)c(=O)n(c1=O)*,36.0
*CCCOC(=O)c1cc(N=Nc2ccc(cc2)OCC)ccc1c1ccc(cc1C(=O)O*)N=Nc1ccc(cc1)OCC,101.0
*CCCOC(=O)c1ccc(cc1)C(=O)O*,50.1
*CCCOC(=O)c1ccc2c(c1)ccc(c2)C(=O)O*,82.0
*CCCOC(=O)c1cccc(c1)C(=O)O*,36.0
*CCCOCCCCOCCCN1C(=O)c2c(C1=O)cc(cc2)C(=O)Oc1ccc(c(c1)c1ccccc1)OC(=O)c1ccc2c(c1)C(=O)N(C2=O)*,71.0
*CCCOCCCCOCCCN1C(=O)c2c(C1=O)cc(cc2)C(=O)Oc1ccc(cc1)C(c1ccc(cc1)OC(=O)c1ccc2c(c1)C(=O)N(C2=O)*)(C)C,60.0
*CCCOCCCCOCCCN1C(=O)c2c(C1=O)cc(cc2)C(=O)Oc1ccc(cc1)OC(=O)c1ccc2c(c1)C(=O)N(C2=O)*,56.0
*CCCOCCCCOCCCN1C(=O)c2c(C1=O)cc(cc2)C(=O)Oc1ccc(cc1)c1ccc(cc1)OC(=O)c1ccc2c(c1)C(=O)N(C2=O)*,70.0
*CCCOCCCCOCCCN1C(=O)c2c(C1=O)cc(cc2)C(=O)Oc1ccc2c(c1)ccc(c2)OC(=O)c1ccc2c(c1)C(=O)N(C2=O)*,68.0
*CCCOCCCOC(=O)O*,-54.0
*CCCOCCCOC(=O)c1ccc(cc1)C(=O)O*,-3.5
*CCCOCCCOC(=O)c1ccc(cc1)c1ccc(cc1)C(=O)O*,17.0
*CCCOc1ccc(c(c1)C)OCCCc1nnc(o1)c1ccc(cc1)c1nnc(o1)*,112.0
*CCCOc1ccc(c2c1cccc2)c1ccc(c2c1cccc2)O*,183.0
*CCCOc1ccc(cc1)C(=O)OC(=O)c1ccc(cc1)O*,95.0
*CCCOc1cccc(c1)C(=O)OC(=O)c1cccc(c1)O*,53.0
*CCCP(=O)(CCCNC(=O)CCCCC(=O)N*)C,33.0
*CCCP(=O)(c1ccccc1)CCCNC(=O)CCCCC(=O)N*,55.0
*CCCP(CC(C)C)CCCNC(=O)CCCCC(=O)N*,71.0
*CCCP(c1ccccc1)CCCNC(=O)CCCCC(=O)N*,49.0
*CCCS(=O)(=O)CCCCS(=O)(=O)CCCOC(=O)O*,43.0
*CCCS(=O)(=O)CCCCS(=O)(=O)CCCOC(=O)c1cccc(c1)C(=O)O*,65.0
*CCCS(=O)(=O)CCCCS(=O)(=O)CCCOC(=O)c1ccccc1C(=O)O*,49.0
*CCCS(=O)(=O)CCCS(=O)(=O)CCCOC(=O)c1cccc(c1)C(=O)O*,67.0
*CCCS(=O)(=O)CCCS(=O)(=O)CCCOC(=O)c1ccccc1C(=O)O*,52.0
*CCCS*,-57.5
*CCC[Si](C)(C)*,-70.0
*CCC[Si](CCC[Si](C)(C)C)(C)*,-46.0
*CCC[Si](C[Si](C)(C)C)(C)*,-51.0
*CCC[Si](C[Si](c1ccccc1)(C)C)(C[Si](c1ccccc1)(C)C)*,-36.0
*CCC[Si](O[Si](CCCN1C(=O)c2c(C1=O)cc(cc2)C(=O)c1ccc2c(c1)C(=O)N(C2=O)*)(C)C)(C)C,68.0
*CCC[Si](O[Si](CCCN1C(=O)c2c(C1=O)cc(cc2)C(C(F)(F)F)(C(F)(F)F)c1ccc2c(c1)C(=O)N(C2=O)*)(C)C)(C)C,90.0
*CCC[Si](O[Si](CCCN1C(=O)c2c(C1=O)cc(cc2)Oc1ccc(cc1)C(c1ccc(cc1)Oc1ccc2c(c1)C(=O)N(C2=O)*)(C)C)(C)C)(C)C,72.0
*CCC[Si](O[Si](CCCN1C(=O)c2c(C1=O)cc(cc2)c1ccc2c(c1)C(=O)N(C2=O)*)(C)C)(C)C,75.0
*CCC[Si](O[Si](CCCN1C(=O)c2c(C1=O)ccc(c2)Oc1c(Br)cc(cc1Br)C(c1cc(Br)c(c(c1)Br)Oc1ccc2c(c1)C(=O)N(C2=O)*)(C)C)(C)C)(C)C,110.0
*CCC[Si](O[Si](CCCOc1ccc(cc1)C#N)(C)C)(C)*,-45.5
*CCC[Si](O[Si](CCCOc1ccc(cc1)C(=O)Oc1ccc(cc1)C#N)(C)C)(C)*,-19.1
*CCC[Si](O[Si](CCCOc1ccc(cc1)C(=O)Oc1ccc(cc1)c1ccc(cc1)C#N)(C)C)(C)*,10.1
*CCC[Si](O[Si](CCCOc1ccc(cc1)c1ccc(cc1)C#N)(C)C)(C)*,-4.6
*CCC[Si](c1ccc(cc1)C)(c1ccc(cc1)C)*,38.0
*CCC[Si](c1ccc(cc1)N(C)C)(C)*,6.5
*CCC[Si](c1cccc(c1)C)(C)*,-25.0
*CCC[Si](c1cccc2c1cccc2)(C1CCCCC1)*,47.5
*CCC[Si](c1ccccc1)(C)*,-1.5
*CCC[Si](c1ccccc1)(c1ccc(cc1)N(C)C)*,52.0
*CCC[Sn](CCCOC(=O)C(C(=O)O*)CCCCCCCCOc1ccc(cc1)c1ccc(cc1)OCc1ccc(cc1)C#N)(C)C,4.5
*CCC[Sn](CCCOC(=O)C(C(=O)O*)CCCCCCOc1ccc(cc1)c1ccc(cc1)OCc1ccc(cc1)[N+](=O)[O-])(C)C,40.5
*CCCc1[nH]c2c(n1)cc(cc2)c1ccc2c(c1)nc([nH]2)*,275.0
*CCCc1ccc(cc1)c1c(cc(c(c1c1ccccc1)c1ccccc1)c1ccc(cc1)c1cc(c2ccccc2)c(c(c1c1ccccc1)c1ccccc1)c1ccc(cc1)*)c1ccccc1,290.0
*CCCc1ccc(cc1)c1c(cc(c(c1c1ccccc1)c1ccccc1)c1cccc(c1)c1cc(c2ccccc2)c(c(c1c1ccccc1)c1ccccc1)c1ccc(cc1)*)c1ccccc1,240.0
*CCN(C(=O)C(C(F)(F)F)(c1ccccc1)OC)*,89.0
*CCN(C(=O)C(C)C)*,30.0
*CCN(C(=O)C(CCCC)CC)*,33.0
*CCN(C(=O)C1(CCC1)c1ccc(cc1)Cl)*,112.0
*CCN(C(=O)C12CC3CC(C2)CC(C1)C3)*,123.0
*CCN(C(=O)C1CC1)*,77.0
*CCN(C(=O)CC(C)C)*,30.0
*CCN(C(=O)CC)*,60.0
*CCN(C(=O)CC12CC3CC(C2)CC(C1)C3)*,139.0
*CCN(C(=O)CCC(=O)N(CC)CC)CCOC(=O)CCC(=O)O*,-4.2
*CCN(C(=O)CCC(=O)N1CCCC1)CCOC(=O)CCC(=O)O*,0.2
*CCN(C(=O)CCC(=O)NC(C)C)CCOC(=O)CCC(=O)O*,10.0
*CCN(C(=O)CCC(=O)NC1CC1)CCOC(=O)CCC(=O)O*,13.8
*CCN(C(=O)CCC(=O)NCCC)CCOC(=O)CCC(=O)O*,4.8
*CCN(C(=O)CCC)*,30.0
*CCN(C(=O)CCCC)*,13.0
*CCN(C(=O)CCCCC)*,7.0
*CCN(C(=O)CCCCCC)*,10.0
*CCN(C(=O)CCCCCCC)*,10.0
*CCN(C(=O)CCCCCCCCC(=O)N(C)*)C,0.0
*CCN(C(=O)CSC)*,39.0
*CCN(C(=O)Cc1ccc(cc1)C(F)(F)F)*,75.0
*CCN(C(=O)S*)Cc1ccccc1,32.0
*CCN(C(=O)c1c(F)c(F)c(c(c1F)F)F)*,136.0
*CCN(C(=O)c1c(F)c(F)cc(c1F)F)*,122.0
*CCN(C(=O)c1c(F)cc(c(c1F)F)F)*,122.0
*CCN(C(=O)c1c(F)cc(cc1F)F)*,135.0
*CCN(C(=O)c1c(F)ccc(c1F)F)*,124.0
*CCN(C(=O)c1c(F)cccc1F)*,121.5
*CCN(C(=O)c1cc(F)c(c(c1)F)F)*,65.0
*CCN(C(=O)c1cc(F)c(c(c1F)F)F)*,97.0
*CCN(C(=O)c1cc(F)cc(c1)F)*,106.0
*CCN(C(=O)c1cc(F)cc(c1F)F)*,110.0
*CCN(C(=O)c1ccc(c(c1)F)F)*,101.0
*CCN(C(=O)c1ccc(cc1)F)*,104.0
*CCN(C(=O)c1ccc(cc1)SC(F)(F)F)*,100.0
*CCN(C(=O)c1ccc(cc1F)F)*,108.0
*CCN(C(=O)c1ccc2c(c1)cccc2)*,130.0
*CCN(C(=O)c1cccc(c1)F)*,97.0
*CCN(C(=O)c1ccccc1)*,107.5
*CCN(C(=O)c1ccccc1F)*,109.0
*CCN(C)*,-31.0
*CCN(CC)*,-32.0
*CCN(CCOC(=O)NCCCCCCNC(=O)O*)CCCCCCOc1ccc(cc1)C=Cc1ccc(cc1)[N+](=O)[O-],29.05
*CCN(CCOC(=O)Nc1ccc(c(c1)NC(=O)O*)C)CCCCCCOc1ccc(cc1)C=Cc1ccc(cc1)[N+](=O)[O-],58.5
*CCN(CCOC(=O)Nc1ccc(cc1)Cc1ccc(cc1)NC(=O)O*)CCCCCCOc1ccc(cc1)N=Nc1ccccc1,44.0
*CCN(CCOC(=O)Nc1ccc(cc1)Cc1ccc(cc1)NC(=O)O*)CCCCCOc1ccc(cc1)N=Nc1ccccc1,59.6
*CCN(CCOCCOC)*,-76.0
*CCN(CC[Si](C)(C)C)*,-65.6
*CCN(CCn1c2ccccc2c2c1cccc2)CCOC(=O)NCCCCCCNC(=O)O*,26.0
*CCN(CCn1c2ccccc2c2c1cccc2)CCOC(=O)Nc1ccc(c(c1)C)NC(=O)O*,59.0
*CCN(CCn1c2ccccc2c2c1cccc2)CCOC(=O)Nc1ccc(cc1)Cc1ccc(cc1)NC(=O)O*,55.5
*CCN(Cc1ccccc1)*,-16.0
*CCN(c1ccc(c(c1)C)N=Nc1ccc(cc1)[N+](=O)[O-])CCOC(=O)NCCCCCCNC(=O)O*,75.0
*CCN(c1ccc(c(c1)C)N=Nc1ccc(cc1)[N+](=O)[O-])CCOC(=O)Nc1ccc(cc1)Cc1ccc(cc1)NC(=O)O*,115.0
*CCN(c1ccc(c(c1)C)N=Nc1ccc(cc1C)[N+](=O)[O-])CCOC(=O)Nc1ccc(c(c1)NC(=O)O*)C,135.0
*CCN(c1ccc(c(c1)C)N=Nc1ccc(cc1C)[N+](=O)[O-])CCOC(=O)Nc1ccc(cc1)Cc1ccc(cc1)NC(=O)O*,130.0
*CCN(c1ccc(cc1)C(=C(C#N)C#N)C#N)CCOC(=O)Nc1ccc(c(c1)NC(=O)O*)C,125.0
*CCN(c1ccc(cc1)C=C(C#N)C#N)CCOC(=O)NCC1(C)CC(NC(=O)O*)CC(C1)(C)C,145.0
*CCN(c1ccc(cc1)C=C(C#N)C#N)CCOC(=O)c1ccc(c(c1)OCCC)C(=O)O*,94.0
*CCN(c1ccc(cc1)C=C(C#N)C#N)CCOC(=O)c1ccc(cc1)C(=O)O*,127.0
*CCN(c1ccc(cc1)C=C1NC(=O)NC1=O)CCOC(=O)Nc1ccc(c(c1)NC(=O)O*)C,178.0
*CCN(c1ccc(cc1)C=CC1=C(C#N)C(=C(C#N)C#N)OC1(C)C)CCOC(=O)Nc1ccc(c(c1)NC(=O)O*)C,172.0
*CCN(c1ccc(cc1)C=CC1=CC(=C(C#N)C#N)CC(C1)(C)C)CCN1C(=O)c2c(C1=O)cc(cc2)C(C(F)(F)F)(C(F)(F)F)c1ccc2c(c1)C(=O)N(C2=O)*,224.0
*CCN(c1ccc(cc1)C=C[Si](c1ccc(cc1)C=Cc1ccc(cc1)[Si](C=Cc1ccc(cc1)N(C)*)(C)C)(C)C)C,82.0
*CCN(c1ccc(cc1)C=Cc1ccc(cc1)[N+](=O)[O-])CCN1C(=O)c2c(C1=O)cc(cc2)C(C(F)(F)F)(C(F)(F)F)c1ccc2c(c1)C(=O)N(C2=O)*,219.0
*CCN(c1ccc(cc1)C=Cc1ccc(cc1)[N+](=O)[O-])CCNC(=O)c1ccc2c(c1)C(=O)N(C2=O)*,142.0
*CCN(c1ccc(cc1)C=Cc1ccc(cc1)[N+](=O)[O-])CCOC(=O)Nc1ccc(c(c1)NC(=O)O*)C,121.0
*CCN(c1ccc(cc1)C=Cc1ccc(cc1)[N+](=O)[O-])CCOC(=O)Nc1cccc(c1C)NC(=O)O*,123.0
*CCN(c1ccc(cc1)C=Cc1ccc(cc1)[N+](=O)[O-])CCOC(=O)c1ccc(cc1)[Si](c1ccc(cc1)C(=O)O*)(C)C,127.0
*CCN(c1ccc(cc1)C=Cc1ccc(s1)C=CC1=C(C#N)C(=C(C#N)C#N)OC1(c1ccccc1)C(F)(F)F)CCOC(=O)c1cc(OCc2c(F)c(F)c(c(c2F)F)OC)cc(c1)C(=O)O*,140.0
*CCN(c1ccc(cc1)C=Cc1ccc(s1)C=CC1=C(C#N)C(=C(C#N)C#N)OC1(c1ccccc1)C(F)(F)F)CCOC(=O)c1cc(OCc2cc(OCc3ccccc3)cc(c2)OCc2ccccc2)cc(c1)C(=O)O*,130.0
*CCN(c1ccc(cc1)C=NN(c1ccccc1)c1ccccc1)CCOC(=O)CCCCC(=O)O*,54.0
*CCN(c1ccc(cc1)N=Nc1c(C)cc(cc1C)N=Nc1ccc(cc1)C#N)CCOC(=O)CCC#CC#CCCC(=O)O*,63.0
*CCN(c1ccc(cc1)N=Nc1cc(OC)c(cc1OC)N=Nc1ccc(cc1)[N+](=O)[O-])CCOC(=O)Nc1ccc(c(c1)NC(=O)O*)C,150.0
*CCN(c1ccc(cc1)N=Nc1ccc(c(c1)C)N=Nc1cc(OC)c(cc1OC)N=Nc1ccc(cc1)[N+](=O)[O-])CCOC(=O)Nc1ccc(c(c1)NC(=O)O*)C,148.0
*CCN(c1ccc(cc1)N=Nc1ccc(cc1)B(c1c(C)cc(cc1C)C)c1c(C)cc(cc1C)C)CCOC(=O)NCC1(C)CC(NC(=O)O*)CC(C1)(C)C,146.0
*CCN(c1ccc(cc1)N=Nc1ccc(cc1)B(c1c(C)cc(cc1C)C)c1c(C)cc(cc1C)C)CCOC(=O)Nc1ccc(c(c1)NC(=O)O*)C,159.0
*CCN(c1ccc(cc1)N=Nc1ccc(cc1)C#N)CCN1C(=O)c2c(C1=O)cc(cc2)C(C(F)(F)F)(C(F)(F)F)c1ccc2c(c1)C(=O)N(C2=O)*,213.0
*CCN(c1ccc(cc1)N=Nc1ccc(cc1)C#N)CCOC(=O)NCC1(C)CC(NC(=O)O*)CC(C1)(C)C,136.0
*CCN(c1ccc(cc1)N=Nc1ccc(cc1)C1OCCO1)CCN1C(=O)c2c(C1=O)cc(cc2)C(C(F)(F)F)(C(F)(F)F)c1ccc2c(c1)C(=O)N(C2=O)*,178.0
*CCN(c1ccc(cc1)N=Nc1ccc(cc1)C=Cc1nc2c(n1CC)cc(cc2)[N+](=O)[O-])CCOC(=O)Nc1ccc(c(c1)NC(=O)O*)C,171.0
*CCN(c1ccc(cc1)N=Nc1ccc(cc1)C=Cc1nc2c(n1CC)cc(cc2)[N+](=O)[O-])CCOC(=O)c1ccc(c(c1)OC)C(=O)O*,173.0
*CCN(c1ccc(cc1)N=Nc1ccc(cc1)C=O)CCN1C(=O)c2c(C1=O)cc(cc2)C(C(F)(F)F)(C(F)(F)F)c1ccc2c(c1)C(=O)N(C2=O)*,170.0
*CCN(c1ccc(cc1)N=Nc1ccc(cc1)P(=O)(c1ccccc1)c1ccccc1)CCOC(=O)NCC1(C)CC(NC(=O)O*)CC(C1)(C)C,163.0
*CCN(c1ccc(cc1)N=Nc1ccc(cc1)P(=O)(c1ccccc1)c1ccccc1)CCOC(=O)NCCCCCCNC(=O)O*,120.0
*CCN(c1ccc(cc1)N=Nc1ccc(cc1)[N+](=O)[O-])CCN1C(=O)c2c(C1=O)cc(cc2)C(C(F)(F)F)(C(F)(F)F)c1ccc2c(c1)C(=O)N(C2=O)*,210.0
*CCN(c1ccc(cc1)N=Nc1ccc(cc1)[N+](=O)[O-])CCOC(=O)C=Cc1ccc(cc1)C=CC(=O)O*,120.0
*CCN(c1ccc(cc1)N=Nc1ccc(cc1)[N+](=O)[O-])CCOC(=O)NC(c1cccc(c1)C(NC(=O)O*)(C)C)(C)C,103.0
*CCN(c1ccc(cc1)N=Nc1ccc(cc1)[N+](=O)[O-])CCOC(=O)NCC1(C)CC(NC(=O)O*)CC(C1)(C)C,137.0
*CCN(c1ccc(cc1)N=Nc1ccc(cc1)[N+](=O)[O-])CCOC(=O)Nc1ccc(c(c1)NC(=O)O*)C,144.0
*CCN(c1ccc(cc1)N=Nc1ccc(cc1)[N+](=O)[O-])CCOC(=O)Nc1ccc(cc1)Cc1ccc(cc1)NC(=O)O*,136.4
*CCN(c1ccc(cc1)N=Nc1ccc(cc1)[N+](=O)[O-])CCOC(=O)Nc1ccc(cc1C)c1ccc(c(c1)C)NC(=O)O*,119.5
*CCN(c1ccc(cc1)N=Nc1ccc(cc1)[N+](=O)[O-])CCOC(=O)Nc1ccc(cc1OC)c1ccc(c(c1)OC)NC(=O)O*,140.0
*CCN(c1ccc(cc1)N=Nc1ccc(cc1)[N+](=O)[O-])CCOC(=O)Nc1cccc(c1C)NC(=O)O*,147.0
*CCN(c1ccc(cc1)N=Nc1ccc(cc1)[N+](=O)[O-])CCOC(=O)OCc1ccc(cc1)COC(=O)O*,138.8
*CCN(c1ccc(cc1)N=Nc1ccc(cc1)c1[nH]c2c(n1)cc(cc2)[N+](=O)[O-])CCOC(=O)Nc1ccc(c(c1)NC(=O)O*)C,188.0
*CCN(c1ccc(cc1)N=Nc1ccc(cc1)c1nc2c(n1CC)cc(cc2)[N+](=O)[O-])CCOC(=O)Nc1ccc(c(c1)NC(=O)O*)C,158.0
*CCN(c1ccc(cc1)N=Nc1ccc(cc1)c1nc2c(n1CC)cc(cc2)[N+](=O)[O-])CCOC(=O)c1ccc(c(c1)OC)C(=O)O*,146.0
*CCN(c1ccc(cc1)N=Nc1ccc(cc1)c1nc2c(n1CC)cc(cc2)[N+](=O)[O-])CCOC(=O)c1ccc(cc1)C(=O)O*,149.0
*CCN(c1ccc(cc1)N=Nc1ccc(cc1)c1nc2c(n1CC)cc(cc2)[N+](=O)[O-])CCOC(=O)c1cccc(c1)C(=O)O*,147.0
*CCN(c1ccc(cc1)N=Nc1ccc(cc1)c1nc2c(o1)cccc2)CCOC(=O)Nc1ccc(c(c1)NC(=O)O*)C,152.0
*CCN(c1ccc(cc1)N=Nc1ccc(cc1)c1sc2n(n1)c(nn2)c1ccncc1)CCOC(=O)Nc1ccc(c(c1)NC(=O)O*)C,170.0
*CCN(c1ccc(cc1)N=Nc1ccc(cc1C)[N+](=O)[O-])CCN1C(=O)c2c(C1=O)cc(cc2)C(C(F)(F)F)(C(F)(F)F)c1ccc2c(c1)C(=O)N(C2=O)*,205.0
*CCN(c1ccc(cc1)N=Nc1ccc(cc1C)[N+](=O)[O-])CCOC(=O)Nc1ccc(c(c1)NC(=O)O*)C,137.0
*CCN(c1ccc(cc1)S(=O)(=O)C(C(C(C(C(C(C(C(F)(F)F)(F)F)(F)F)(F)F)(F)F)(F)F)(F)F)(F)F)CCOC(=O)c1cc(OC2CCN(CC2)c2ccc(cc2)S(=O)(=O)C(C(C(C(C(C(C(C(F)(F)F)(F)F)(F)F)(F)F)(F)F)(F)F)(F)F)(F)F)cc(c1)C(=O)O*,99.0
*CCN(c1ccc(cc1)S(=O)(=O)C(C(C(C(C(C(C(C(F)(F)F)(F)F)(F)F)(F)F)(F)F)(F)F)(F)F)(F)F)CCOC(=O)c1cc(OCCC2CCN(CC2)c2ccc(cc2)S(=O)(=O)C(C(C(C(C(C(C(C(F)(F)F)(F)F)(F)F)(F)F)(F)F)(F)F)(F)F)(F)F)cc(c1)C(=O)O*,86.0
*CCN(c1ccc(cc1)S(=O)(=O)C(C(C(C(C(C(C(C(F)(F)F)(F)F)(F)F)(F)F)(F)F)(F)F)(F)F)(F)F)CCOC(=O)c1cc(OCCN(c2ccc(cc2)S(=O)(=O)C(C(C(C(C(C(C(C(F)(F)F)(F)F)(F)F)(F)F)(F)F)(F)F)(F)F)(F)F)C)cc(c1)C(=O)O*,83.0
*CCN(c1ccc(cc1)[N+](=O)[O-])CCOC(=O)CCC#CC#CCCC(=O)O*,30.0
*CCN(c1ccc(cc1)c1nc2c(o1)cc(cc2)[N+](=O)[O-])CCOC(=O)Nc1ccc(c(c1)NC(=O)O*)C,156.0
*CCN(c1ccc(cc1)c1oc2c(n1)ccc(c2)[N+](=O)[O-])CCOC(=O)c1ccc(cc1)C(=O)O*,208.0
*CCN(c1ccc(cc1C)[N+](=O)[O-])CCOC(=O)Nc1ccc(c(c1)NC(=O)O*)C,98.0
*CCN(c1ccccc1)CCOC(=O)NCCCCCCNC(=O)O*,31.9
*CCN(c1ccccc1)CCOC(=O)Nc1ccc(c(c1)NC(=O)O*)C,31.9
*CCN(c1ccccc1)CCOC(=O)Nc1ccc(cc1)Cc1ccc(cc1)NC(=O)O*,31.9
*CCN(c1ccccc1)CCOC(=O)c1cccc(c1)C(=O)O*,60.0
*CCN*,-35.75
*CCN1C(=O)c2c(C1=O)cc(cc2)C(C(F)(F)F)(C(F)(F)F)c1ccc2c(c1)C(=O)N(C2=O)*,180.0
*CCNC(=O)CCCCC(=O)N*,71.0
*CCNC(=O)Nc1ccc(cc1)Cc1ccc(cc1)NC(=O)NCCOCCO*,8.0
*CCNC(=O)c1ccc(c(c1)Oc1ccccc1)C(=O)N*,164.0
*CCNC(=O)c1ccc(c(c1)Sc1ccccc1)C(=O)N*,172.0
*CCNC(=O)c1ccc(cc1)C(=O)NCCOc1cc2ccccc2cc1O*,136.0
*CCNC(=O)c1ccc(cc1)C(=O)NCCOc1ccc2c(c1)cc(cc2)O*,159.0
*CCNC(=O)c1ccc(cc1)C(=O)NCCOc1ccc2c(c1)cccc2O*,160.5
*CCNC(=O)c1ccc(cc1)O*,150.0
*CCNC(=O)c1ccc(cc1)[Si](c1ccc(cc1)C(=O)NCCN(c1ccc(cc1)/C=C/c1ccc(cc1)[N+](=O)[O-])*)(C)C,150.0
*CCNC(=O)c1ccc(cc1)[Si](c1ccccc1)(c1ccccc1)c1ccc(cc1)C(=O)NCCN(c1ccc(cc1)/C=C/c1ccc(cc1)[N+](=O)[O-])*,165.0
*CCNC(=O)c1ccc(cc1)c1ccc(cc1)O*,169.0
*CCNC(=O)c1ccc2c(c1)ccc(c2)O*,182.0
*CCNC(=O)c1cccc(c1)C(=O)NCCOc1ccc2c(c1)cc(cc2)O*,143.0
*CCNC(=O)c1cccc(c1)C(=O)NCCOc1ccc2c(c1)cccc2O*,155.5
*CCNC(=O)c1cccc(c1)C(=O)NCCOc1cccc2c1cccc2O*,171.0
*CCNC(=O)c1cccc(c1)O*,106.0
*CCNC(=O)c1ccccc1O*,84.0
*CCO*,-56.0
*CCOC(=O)C(O*)C,-21.0
*CCOC(=O)C1=CCCCC(=C1C(=O)O*)N1CCCC1,345.0
*CCOC(=O)C1C2C=CC(C1C(=O)O*)C2,0.0
*CCOC(=O)C1CCC(CC1)C(=O)O*,25.0
*CCOC(=O)C1CCC(CC1)C(=O)OCCOc1ccc(cc1)C(c1ccc(cc1)O*)(C)C,57.0
*CCOC(=O)C1CCC(CC1)C(=O)OCCOc1ccc(cc1)C1(c2ccc(cc2)O*)c2ccccc2-c2c1cccc2,133.7
*CCOC(=O)C=CC(=O)NCCCCCCNC(=O)C=CC(=O)O*,89.0
*CCOC(=O)CC(C(=O)O*)S,41.95
*CCOC(=O)CC(O*)C,-37.1
*CCOC(=O)CCC(=O)O*,-11.1
*CCOC(=O)CCC(=O)OCCOC(=O)c1ccc(cc1)C(=O)O*,23.0
*CCOC(=O)CCCCC(=O)O*,-54.5
*CCOC(=O)CCCCC(=O)OCCOC(=O)c1ccc(cc1)C(=O)O*,6.0
*CCOC(=O)CCCCCC(=O)O*,-54.0
*CCOC(=O)CCCCCCC(=O)OCCOC(=O)c1ccc(cc1)C(=O)O*,-1.0
*CCOC(=O)CCCCCCCC(=O)O*,-45.0
*CCOC(=O)CCCCCCCCC(=O)O*,-28.1
*CCOC(=O)CCCCCCCCC(=O)OCCOC(=O)c1ccc(cc1)C(=O)O*,-7.0
*CCOC(=O)CCCCCCCCCCC(=O)OCCOC(=O)c1ccc(cc1)C(=O)O*,-8.0
*CCOC(=O)CCSCCC(=O)O*,-47.0
*CCOC(=O)Cc1ccc(cc1)C(=O)O*,24.0
*CCOC(=O)NC1CCC(CC1)CC1CCC(CC1)NC(=O)OCCOc1ccc(cc1)C1(c2ccc(cc2)O*)c2ccccc2-c2c1cccc2,140.0
*CCOC(=O)NCC1(C)CC(NC(=O)O*)CC(C1)(C)C,84.0
*CCOC(=O)NCCCCCCCCCCNC(=O)O*,60.8
*CCOC(=O)NCCCCCCCCCNC(=O)O*,44.0
*CCOC(=O)NCCCCCCNC(=O)O*,56.0
*CCOC(=O)NCCCCCCNC(=O)OCCOc1ccc(cc1)C1(c2ccc(cc2)O*)c2ccccc2-c2c1cccc2,61.0
*CCOC(=O)NNC(=O)CCCCCCCCC(=O)NNC(=O)O*,63.0
*CCOC(=O)Nc1cc(ccc1C)NC(=O)O*,52.0
*CCOC(=O)Nc1ccc(c(c1)C)NC(=O)OCCOc1ccc(cc1)c1ccc(cc1)O*,122.0
*CCOC(=O)Nc1ccc(c(c1)NC(=O)OCCOc1cc(ccc1N=Nc1cn(c2c1cc(cc2)c1ccc2c(c1)c1ccccc1n2CCCC)*)[N+](=O)[O-])C,160.0
*CCOC(=O)Nc1ccc(c(c1)NC(=O)OCCOc1cc(ccc1N=Nc1cn(c2c1cc(cc2)c1ccccc1)*)[N+](=O)[O-])C,165.0
*CCOC(=O)Nc1ccc(c(c1)NC(=O)OCCOc1cc(ccc1N=Nc1cn(c2c1cccc2)*)[N+](=O)[O-])C,150.0
*CCOC(=O)Nc1ccc(c(c1)NC(=O)OCCOc1ccc(cc1)C1(c2ccc(cc2)O*)c2ccccc2-c2c1cccc2)C,175.0
*CCOC(=O)Nc1ccc(cc1)CCCCc1ccc(cc1)NC(=O)O*,105.7
*CCOC(=O)Nc1ccc(cc1)CCCc1ccc(cc1)NC(=O)O*,74.1
*CCOC(=O)Nc1ccc(cc1)CCc1ccc(cc1)NC(=O)O*,116.9
*CCOC(=O)Nc1ccc(cc1)Cc1ccc(cc1)NC(=O)O*,92.7
*CCOC(=O)Nc1ccc(cc1)Cc1ccc(cc1)NC(=O)OCCOc1ccc(cc1)C(c1ccc(cc1)O*)(C)C,127.0
*CCOC(=O)Nc1ccc(cc1)Cc1ccc(cc1)NC(=O)OCCOc1ccc(cc1)C1(c2ccc(cc2)O*)c2ccccc2-c2c1cccc2,152.0
*CCOC(=O)Nc1ccc(cc1)Cc1ccc(cc1)NC(=O)OCCOc1ccc(cc1)O*,98.0
*CCOC(=O)Nc1ccc(cc1)Cc1ccc(cc1)NC(=O)OCCOc1ccc(cc1)Sc1ccc(cc1)O*,89.0
*CCOC(=O)O*,5.0
*CCOC(=O)c1cc(cc(c1)C(C)(C)C)C(=O)O*,94.0
*CCOC(=O)c1cc(cc(c1)S(=O)(=O)O[Na])C(=O)O*,38.5
*CCOC(=O)c1ccc(c(c1)C)c1ccc(cc1C)C(=O)O*,73.0
*CCOC(=O)c1ccc(c2c1cccc2)C(=O)O*,64.0
*CCOC(=O)c1ccc(cc1)C(=C(c1ccc(cc1)OC)N1CCC(CC1)*)C#N,167.0
*CCOC(=O)c1ccc(cc1)C(=O)O*,77.0
*CCOC(=O)c1ccc(cc1)C(=O)OCCOc1ccc(c(c1)P1(=O)Oc2ccccc2-c2c1cccc2)O*,145.5
*CCOC(=O)c1ccc(cc1)C(=O)OCCOc1ccc(cc1)C(c1ccc(cc1)O*)(C)C,83.0
*CCOC(=O)c1ccc(cc1)C(c1ccc(cc1)C(=O)O*)(CC)C,93.0
*CCOC(=O)c1ccc(cc1)C1(C)CC(c2c1cc(cc2)C(=O)O*)(C)C,154.0
*CCOC(=O)c1ccc(cc1)O*,80.0
*CCOC(=O)c1ccc(cc1)c1ccc(cc1)C(=O)O*,40.0
*CCOC(=O)c1ccc(cc1)c1ccc(cc1)c1ccc(cc1)C(=O)O*,180.0
*CCOC(=O)c1ccc2c(c1)cc(cc2)C(=O)O*,119.0
*CCOC(=O)c1ccc2c(c1)ccc(c2)C(=O)O*,120.0
*CCOC(=O)c1cccc(c1)C(=O)O*,56.5
*CCOC(=O)c1cccc2c1cccc2C(=O)O*,76.0
*CCOC(=O)c1ccccc1C(=O)O*,76.0
*CCOCC(=O)O*,-12.75
*CCOCC(O*)CCl,-40.0
*CCOCCC(=O)O*,-36.0
*CCOCCOC(=O)/C=C/C(=O)O*,-12.0
*CCOCCOC(=O)C(=O)O*,-28.0
*CCOCCOC(=O)C(C(=O)O*)C,-29.0
*CCOCCOC(=O)C(C(=O)O*)CCC,-38.0
*CCOCCOC(=O)C(C(=O)O*)CCCCC,-47.0
*CCOCCOC(=O)C(C(=O)O*)CCCCCCC,-58.0
*CCOCCOC(=O)C1CCC(CC1)C(=O)O*,-12.0
*CCOCCOC(=O)C=CC(=O)NCCCCCCNC(=O)C=CC(=O)O*,76.0
*CCOCCOC(=O)CC(=O)O*,-41.5
*CCOCCOC(=O)CCC(=O)O*,-36.15
*CCOCCOC(=O)CCCC(=O)O*,-55.0
*CCOCCOC(=O)CCCCC(=O)O*,-54.0
*CCOCCOC(=O)CCCCCC(=O)O*,-60.0
*CCOCCOC(=O)CCCCCCC(=O)O*,-66.0
*CCOCCOC(=O)CCCCCCCC(=O)O*,-71.0
*CCOCCOC(=O)CCCCCCCCC(=O)O*,-74.0
*CCOCCOC(=O)CCCCCCCCCCC(=O)O*,-71.0
*CCOCCOC(=O)CCCCCCCCCCCCCCCCC(=O)O*,-68.0
*CCOCCOC(=O)CCSCCC(=O)O*,-40.0
*CCOCCOC(=O)NCCCCCCNC(=O)O*,-1.0
*CCOCCOC(=O)O*,-40.0
*CCOCCOC(=O)c1ccc(cc1)C(=O)O*,16.0
*CCOCCOC(=O)c1ccc(cc1)NC=Nc1ccc(cc1)C(=O)O*,77.0
*CCOCCOC(=O)c1ccc(cc1)c1ccc(cc1)C(=O)O*,45.0
*CCOCCOC(=O)c1cccc(c1)C(=O)O*,19.0
*CCOCCOC(=O)c1ccccc1C(=O)O*,-50.0
*CCOCCOCCN(CCn1c2ccccc2c2c1cccc2)CCOCCOCCOC(=O)NCCCCCCNC(=O)O*,-21.0
*CCOCCOCCN(CCn1c2ccccc2c2c1cccc2)CCOCCOCCOC(=O)Nc1ccc(c(c1)C)NC(=O)O*,-0.5
*CCOCCOCCN1C(=O)c2c(C1=O)cc(cc2)C(=O)Oc1ccc(c(c1)c1ccccc1)OC(=O)c1ccc2c(c1)C(=O)N(C2=O)*,105.0
*CCOCCOCCN1C(=O)c2c(C1=O)cc(cc2)C(=O)Oc1ccc(cc1)C(c1ccc(cc1)OC(=O)c1ccc2c(c1)C(=O)N(C2=O)*)(C)C,118.0
*CCOCCOCCN1C(=O)c2c(C1=O)cc(cc2)C(=O)Oc1ccc(cc1)OC(=O)c1ccc2c(c1)C(=O)N(C2=O)*,105.0
*CCOCCOCCN1C(=O)c2c(C1=O)cc(cc2)C(=O)Oc1ccc(cc1)c1ccc(cc1)OC(=O)c1ccc2c(c1)C(=O)N(C2=O)*,109.0
*CCOCCOCCN1C(=O)c2c(C1=O)ccc(c2)C(=O)Oc1ccc2c(c1)ccc(c2)OC(=O)c1ccc2c(c1)C(=O)N(C2=O)*,105.0
*CCOCCOCCOC(=O)C(Cc1ccccc1)NC(=O)C=CC(=O)NC(C(=O)O*)Cc1ccccc1,67.0
*CCOCCOCCOC(=O)C(Cc1ccccc1)NC(=O)CCC(=O)NC(C(=O)O*)Cc1ccccc1,41.0
*CCOCCOCCOC(=O)C(Cc1ccccc1)NC(=O)CCCCC(=O)NC(C(=O)O*)Cc1ccccc1,35.0
*CCOCCOCCOC(=O)C(Cc1ccccc1)NC(=O)CCCCCCCCC(=O)NC(C(=O)O*)Cc1ccccc1,23.0
*CCOCCOCCOC(=O)C1CCC(CC1)C(=O)O*,-25.0
*CCOCCOCCOC(=O)C=CC(=O)NCCCCCCNC(=O)C=CC(=O)O*,65.0
*CCOCCOCCOC(=O)CCCCC(=O)O*,-49.0
*CCOCCOCCOC(=O)CCCCCC(=O)O*,-54.0
*CCOCCOCCOC(=O)CCSCCC(=O)O*,-42.0
*CCOCCOCCOC(=O)NCCCCCCNC(=O)O*,-10.0
*CCOCCOCCOC(=O)c1cc(N=Nc2ccc(cc2)OCC)ccc1c1ccc(cc1C(=O)O*)N=Nc1ccc(cc1)OCC,65.0
*CCOCCOCCOC(=O)c1ccc(cc1)c1ccc(cc1)C(=O)O*,15.5
*CCOCCOCCOC(=O)c1ccc(cc1)c1ccc(cc1)c1ccc(cc1)C(=O)O*,50.0
*CCOCCOCCOCCOC(=O)C=CC(=O)NCCCCCCNC(=O)C=CC(=O)O*,52.0
*CCOCCOCCOCCOC(=O)CCSCCC(=O)O*,-46.0
*CCOCCOCCOCCOC(=O)NCCCCCCNC(=O)O*,-19.5
*CCOCCOCCOCCOC(=O)Nc1ccc(cc1)Cc1ccc(cc1)NC(=O)O*,37.0
*CCOCCOCCOCCOC(=O)c1ccc(cc1)c1ccc(cc1)C(=O)O*,4.0
*CCOCCOCCOCCOC(=O)c1ccc(cc1)c1ccc(cc1)c1ccc(cc1)C(=O)O*,40.0
*CCOCCOCCOCCOCCOC(=O)CCSCCC(=O)O*,-47.0
*CCOCCOCCOCCOCCOCCOC(=O)NCCCCCCNC(=O)O*,-32.0
*CCOCCOCCOCCOCCOCCOC(=O)c1cc(OCCCCCCOc2ccc(cc2)c2ccc(cc2)OC)cc(c1)C(=O)O*,5.0
*CCOCCOCCOCCOCCOCCOC(=O)c1cccc(c1)C(=O)O*,-36.0
*CCOCCOCCOCCOCCOCCOCCOCCOCCOCCOC(=O)c1ccc(cc1)c1ccc(cc1)c1ccc(cc1)C(=O)O*,40.0
*CCOCCOCCOCCOCCOCCOc1ccc(cc1)C(=O)Nc1cc(cc(c1)c1nc2c([nH]1)cccc2)NC(=O)c1ccc(cc1)O*,125.0
*CCOCCOCCOCCOCCOc1ccc(cc1)C(=O)Nc1cc(cc(c1)c1nc2c([nH]1)cccc2)NC(=O)c1ccc(cc1)O*,145.0
*CCOCCOCCOCCOc1ccc(cc1)/C=C(/c1ccc(cc1)O*)\C,7.5
*CCOCCOCCOCCOc1ccc(cc1)C(=O)Nc1cc(cc(c1)c1nc2c([nH]1)cccc2)NC(=O)c1ccc(cc1)O*,163.0
*CCOCCOCCOc1ccc(c2c1cccc2)C=Cc1cc(OC)c(cc1OC)C=Cc1ccc(c2c1cccc2)O*,79.5
*CCOCCOCCOc1ccc(c2c1cccc2)C=Cc1ccc(cc1)C=Cc1ccc(c2c1cccc2)O*,83.5
*CCOCCOCCOc1ccc(cc1)/C=C(/c1ccc(cc1)O*)\C,16.0
*CCOCCOCCOc1ccc(cc1)C(=O)Nc1cc(cc(c1)c1nc2c([nH]1)cccc2)NC(=O)c1ccc(cc1)O*,165.0
*CCOCCOCCOc1ccc(cc1)NC(=O)c1cccc(c1)C(=O)Nc1ccc(cc1)O*,129.0
*CCOCCOCCOc1cccc(c1)NC(=O)c1ccc(cc1)C(=O)Nc1cccc(c1)O*,116.0
*CCOCCOCCOc1cccc(c1)NC(=O)c1cccc(c1)C(=O)Nc1cccc(c1)O*,111.0
*CCOCCOCC[NH+]1C(C=C(C=C1c1ccccc1)c1ccc(cc1)C1=CC(c2ccccc2)[NH+](C(=C1)c1ccccc1)*)c1ccccc1,92.0
*CCOCCOP(=O)(N=Nc1ccc(cc1)C(=O)c1ccc(cc1)N=NP(=O)(OC)O*)OC,33.0
*CCOCCOP(=O)(N=Nc1ccc(cc1)Oc1ccc(cc1)N=NP(=O)(OC)O*)OC,32.0
*CCOCCOP(=O)(N=Nc1ccc(cc1)c1ccc(cc1)N=NP(=O)(OC)O*)OC,22.0
*CCOCCOc1ccc(cc1)C(=O)Nc1cc(cc(c1)c1nc2c([nH]1)cccc2)NC(=O)c1ccc(cc1)O*,230.0
*CCOCCOc1ccc(cc1)C(=O)OC(=O)c1ccc(cc1)O*,41.0
*CCOCCOc1ccc(cc1)C=C(c1ccc(cc1)O*)C,39.0
*CCOCCOc1ccc(cc1)NC(=O)c1cccc(c1)C(=O)Nc1ccc(cc1)O*,155.0
*CCOCCOc1ccc(cc1)NC=Nc1ccc(cc1)O*,62.0
*CCOCCOc1cccc(c1)NC(=O)c1ccc(cc1)C(=O)Nc1cccc(c1)O*,140.0
*CCOCCOc1cccc(c1)NC(=O)c1cccc(c1)C(=O)Nc1cccc(c1)O*,128.5
*CCOCC[NH+]1C(C=C(C=C1c1ccccc1)c1ccc(cc1)C1=CC(c2ccccc2)[NH+](C(=C1)c1ccccc1)*)c1ccccc1,101.0
*CCOCO*,-64.0
*CCOP(=O)(N=Nc1ccc(cc1)C(=O)c1ccc(cc1)N=NP(=O)(OCC)O*)OCC,33.0
*CCOP(=O)(N=Nc1ccc(cc1)CCOC(=O)NCCCCCCNC(=O)OCCc1ccc(cc1)N=NP(=O)(OC)O*)OC,33.0
*CCOP(=O)(N=Nc1ccc(cc1)CCOC(=O)Nc1ccc(c(c1)NC(=O)OCCc1ccc(cc1)N=NP(=O)(OC)O*)C)OC,69.0
*CCOP(=O)(N=Nc1ccc(cc1)CCOC(=O)c1cc(cc(c1)C(C)(C)C)C(=O)OCCc1ccc(cc1)N=NP(=O)(OC)O*)OC,84.0
*CCOP(=O)(N=Nc1ccc(cc1)COC(=O)NCCCCCCNC(=O)OCc1ccc(cc1)N=NP(=O)(OC)O*)OC,22.0
*CCOP(=O)(N=Nc1ccc(cc1)COC(=O)Nc1ccc(c(c1)NC(=O)OCc1ccc(cc1)N=NP(=O)(OC)O*)C)OC,53.0
*CCOP(=O)(N=Nc1ccc(cc1)COC(=O)c1cc(cc(c1)C(C)(C)C)C(=O)OCc1ccc(cc1)N=NP(=O)(OC)O*)OC,105.0
*CCOP(=O)(N=Nc1ccc(cc1)Oc1ccc(cc1)N=NP(=O)(OCC)O*)OCC,22.0
*CCOP(=O)(N=Nc1ccc(cc1)c1ccc(cc1)N=NP(=O)(OCC)O*)OCC,43.0
*CCOc1ccc(cc1)C(=O)Nc1cc(cc(c1)c1nc2c([nH]1)cccc2)NC(=O)c1ccc(cc1)O*,275.0
*CCOc1ccc(cc1)C(=O)OC(=O)c1ccc(cc1)O*,45.0
*CCOc1ccc(cc1)C1(c2ccc(cc2)OCCO[Si](c2ccccc2)(c2ccccc2)O*)c2ccccc2-c2c1cccc2,97.0
*CCOc1ccc(cc1)C=Cc1ccc(cc1)OCCOP(=O)(Oc1cccc2c1cccc2)O*,135.0
*CCOc1ccc(cc1)C=Cc1ccc(cc1)OCCOP(=O)(Oc1ccccc1)O*,128.0
*CCOc1ccc(cc1)S(=O)(=O)c1ccc(cc1)OCCOP(=O)(Oc1ccc(cc1)Br)O*,59.0
*CCOc1ccc(cc1)S(=O)(=O)c1ccc(cc1)OCCOP(=O)(Oc1ccc(cc1)C)O*,46.0
*CCOc1ccc(cc1)S(=O)(=O)c1ccc(cc1)OCCOP(=O)(Oc1ccc(cc1)OC)O*,52.0
*CCOc1ccc(cc1)S(=O)(=O)c1ccc(cc1)OCCOP(=O)(Oc1ccc(cc1)[N+](=O)[O-])O*,56.0
*CCOc1ccc(cc1)S(=O)(=O)c1ccc(cc1)OCCOP(=O)(Oc1ccccc1)O*,49.0
*CCOc1ccc(cc1OC)C=C1CCC(=Cc2ccc(c(c2)OC)OCCOP(=O)(OC)O*)C1=O,99.0
*CCOc1ccc(cc1OC)C=C1CCC(=Cc2ccc(c(c2)OC)OCCOP(=O)(OCC)O*)C1=O,80.0
*CCS*,-50.0
*CCSCCOC(=O)CCC(=O)O*,-34.0
*CCSCCOC(=O)c1ccc(cc1)C(=O)O*,15.4
*CCSCc1ccc(cc1)Cc1ccc(cc1)CSCCOC(=O)CCSCc1ccc(cc1)Cc1ccc(cc1)CSCCC(=O)O*,-4.6
*CCSCc1ccc(cc1)Cc1ccc(cc1)CSCCOC(=O)CSCc1ccc(cc1)Cc1ccc(cc1)CSCC(=O)O*,-1.25
*CCSS*,-27.0
*CCSSCCO*,-53.0
*CCSSCCOC(=O)C(Cc1ccccc1)NC(=O)CCCCC(=O)NC(C(=O)O*)Cc1ccccc1,37.25
*CCSSCCOCCO*,-49.8
*CCSSCCOCO*,-57.5
*CCSSSS*,-24.0
*CCSSSSCCO*,-40.0
*CCSc1ccc(cc1)Sc1ccc(cc1)SCCOC(=O)Nc1ccc(cc1)Cc1ccc(cc1)NC(=O)O*,63.0
*CC[NH+](CCCCCCOc1ccc(cc1)N=Nc1ccc(cc1)C)*,36.0
*CC[Si](O[Si]1(*)O[Si](C)(C)O[Si](O1)(C)C)(C)C,-66.0
*CCc1cc(C)c(cc1C)*,95.0
*CCc1cc(Cl)c(c(c1)Cl)*,110.0
*CCc1ccc(c(c1)Br)*,80.0
*CCc1ccc(c(c1)C#N)*,90.0
*CCc1ccc(c(c1)C)*,55.0
*CCc1ccc(c(c1)CC)*,25.0
*CCc1ccc(c(c1)CCCC)*,20.0
*CCc1ccc(c(c1)Cl)*,70.0
*CCc1ccc(c2c1cccc2)*,160.0
*CCc1ccc(cc1)*,75.0
*CCc1ccc(cc1)CCNC(=O)CCCCCCCCC(=O)N*,105.0
*CCc1ccc(cc1)CCNC(=O)CCCCCCCCCC(=O)N*,96.0
*CCc1ccc(cc1)CCNC(=O)CCCCCCCCCCCCC(=O)N*,93.0
*CCc1ccc(cc1)CCNC(=O)CCCCCCCCCCCCCCCCC(=O)N*,75.0
*CCc1ccc(cc1)NC(=O)c1cccc(c1)C(=O)Nc1ccc(cc1)CCOC(=O)c1cccc(c1)C(=O)O*,142.0
*CCc1ccc(o1)*,22.0
*CCc1ccc(s1)*,23.0
*CCc1cccc(c1)*,9.0
*CN1C(=O)c2c(C1=O)ccc(c2)C(C(F)(F)F)(C(F)(F)F)c1ccc2c(c1)C(=O)N(C2=O)Cc1nc2ccc(cc2c(=O)o1)Cc1ccc2c(c1)c(=O)oc(n2)*,218.0
*CN1C(=O)c2c(C1=O)ccc(c2)C(C(F)(F)F)(C(F)(F)F)c1ccc2c(c1)C(=O)N(C2=O)Cc1nnc(o1)c1ccc(c(c1)Oc1ccccc1)c1nnc(o1)*,208.0
*CN1C(=O)c2c(C1=O)ccc(c2)C(C(F)(F)F)(C(F)(F)F)c1ccc2c(c1)C(=O)N(C2=O)Cc1nnc(o1)c1ccc(cc1)Oc1ccc(cc1)c1nnc(o1)*,210.0
*CN1C(=O)c2c(C1=O)ccc(c2)C(C(F)(F)F)(C(F)(F)F)c1ccc2c(c1)C(=O)N(C2=O)Cc1nnc(o1)c1ccc(cc1)c1nnc(o1)*,214.0
*CN1C(=O)c2c(C1=O)ccc(c2)C(C(F)(F)F)(C(F)(F)F)c1ccc2c(c1)C(=O)N(C2=O)Cc1oc2c(n1)cc(cc2)C(C(F)(F)F)(C(F)(F)F)c1ccc2c(c1)nc(o2)*,225.0
*CN1C(=O)c2c(C1=O)ccc(c2)C(C(F)(F)F)(C(F)(F)F)c1ccc2c(c1)C(=O)N(C2=O)Cc1oc2c(n1)cc(cc2)c1ccc2c(c1)nc(o2)*,231.0
*CNC(=O)CCCCC(=O)NCC1COC(CO1)*,93.0
*CNC(=O)CCCCCCCCC(=O)NCC1OCC(OC1)*,73.0
*CNC(=O)OC(C(c1ccco1)OC(=O)NCc1ccc(o1)C(c1ccc(o1)*)(C)C)c1ccco1,45.0
*CNC(=O)OCC(c1ccco1)OC(=O)NCc1ccc(o1)*,30.0
*CNC(=O)OCC(c1ccco1)OC(=O)NCc1ccc(o1)C(c1ccc(o1)*)(C)C,20.0
*CNC(=O)OCCOC(=O)NCc1ccc(o1)C(c1ccc(o1)*)(C)C,50.0
*CNC(=O)OCc1ccc(o1)COC(=O)NCc1ccc(o1)C(c1ccc(o1)*)(C)C,45.0
*CNC(=O)OCc1ccc(o1)COCc1ccc(o1)COC(=O)NCc1ccc(o1)C(c1ccc(o1)*)(C)C,39.0
*CNC(=O)OCc1cocc1COC(=O)NCc1ccc(o1)C(c1ccc(o1)*)(C)C,25.0
*COC(=O)CCC(=O)OCc1ccc(o1)*,15.0
*COC(=O)CCCCC(=O)OCCCOc1ccc2c(c1)oc(=O)cc2*,35.0
*COC(=O)NCCCCCCNC(=O)OCc1ccc(o1)*,33.0
*COC(=O)NCc1ccc(o1)CNC(=O)OCc1ccc(o1)*,75.0
*COC(=O)Nc1ccc(cc1)Cc1ccc(cc1)NC(=O)OCc1ccc(o1)*,81.0
*COC(=O)Nc1ccc(cc1)Cc1ccc(cc1)NC(=O)OCc1cocc1*,45.0
*COC(=O)OC1C(*)OC2C1OC(O2)(C)C,128.0
*COC(=O)OCC1OC(OC1*)(C)C,50.1
*COC(=O)OCC1OC(OC1*)(OCC)OCC,10.8
*COC(=O)OCC1OC(OC1*)OCC,23.5
*COC(=O)c1ccc(cc1)C(=C(c1ccc(cc1)OC)N1CCCC(C1)*)C#N,176.0
*COC1OC(*)C(C(C1O)O)O,197.0
*COCOc1ccc(cc1)C(=O)OC(=O)c1ccc(cc1)O*,57.0
*COc1ccc(cc1)C(=C(Cl)Cl)c1ccc(cc1)O*,108.0
*COc1ccc(cc1)C(=O)OC(=O)c1ccc(cc1)O*,84.0
*COc1ccc(cc1)C(C(F)(F)F)(C(F)(F)F)c1ccc(cc1)O*,123.0
*COc1ccc(cc1)C(C(F)(F)F)(C(F)(F)F)c1ccc(cc1)OCC1(*)COC1,134.0
*COc1ccc(cc1)C(c1ccc(cc1)O*)(C)C,88.0
*COc1ccc(cc1)C(c1ccc(cc1)Oc1ccc(n1c1ccc(cc1)C#N)*)(C)C,73.13
*COc1ccc(cc1)C(c1ccc(cc1)Oc1ccc(n1c1ccc(cc1)[N+](=O)[O-])*)(C)C,76.75
*C[Ge](Cc1cocc1*)(C)C,-28.0
*C[Si](C)(C)*,-90.0
*C[Si](CCCn1c2ccccc2c2c1cccc2)(C)*,71.2
*C[Si]([Si]([Si]([Si](C)(C)*)(C)C)(C)C)(C)C,-68.0
*C[Si](c1ccccc1)(C)*,28.0
*Cc1cc(CNC(=O)c2cccc(c2)C(=O)N*)cc(c1)C(C)(C)C,188.0
*Cc1cc(cc(c1O)*)C(C)(C)C,50.0
*Cc1cc(cc(c1O)CN(C)*)C12CC3CC(C2)CC(C1)C3,188.8
*Cc1cc(cc(c1O)CN(c1ccccc1)*)C12CC3CC(C2)CC(C1)C3,109.4
*Cc1cc2cc(C(=O)Nc3ccc(cc3)C(C(F)(F)F)(C(F)(F)F)c3ccc(cc3)NC(=O)c3cc4cc(*)c(cc4oc3=O)OC(=O)COc3ccc4c(c3)oc(=O)cc4)c(=O)oc2cc1OC(=O)COc1ccc2c(c1)oc(=O)cc2,257.0
*Cc1cc2cc(C(=O)Nc3ccc(cc3)Cc3ccc(cc3)NC(=O)c3cc4cc(*)c(cc4oc3=O)OC(=O)COc3ccc4c(c3)oc(=O)cc4)c(=O)oc2cc1OC(=O)COc1ccc2c(c1)oc(=O)cc2,221.0
*Cc1cc2cc(C(=O)Nc3ccc(cc3)NC(=O)c3cc4cc(*)c(cc4oc3=O)OC(=O)COc3ccc4c(c3)oc(=O)cc4)c(=O)oc2cc1OC(=O)COc1ccc2c(c1)oc(=O)cc2,252.0
*Cc1cc2cc(C(=O)Nc3ccc(cc3)Oc3ccc(cc3)NC(=O)c3cc4cc(*)c(cc4oc3=O)OC(=O)COc3ccc4c(c3)oc(=O)cc4)c(=O)oc2cc1OC(=O)COc1ccc2c(c1)oc(=O)cc2,226.0
*Cc1cc2cc(C(=O)Nc3ccc(cc3)S(=O)(=O)c3ccc(cc3)NC(=O)c3cc4cc(*)c(cc4oc3=O)OC(=O)COc3ccc4c(c3)oc(=O)cc4)c(=O)oc2cc1OC(=O)COc1ccc2c(c1)oc(=O)cc2,233.0
*Cc1cc2cc(C(=O)Nc3ccc(cc3)c3ccc(cc3)NC(=O)c3cc4cc(*)c(cc4oc3=O)OC(=O)COc3ccc4c(c3)oc(=O)cc4)c(=O)oc2cc1OC(=O)COc1ccc2c(c1)oc(=O)cc2,248.0
*Cc1cc2cc(C(=O)Nc3cccc(c3)NC(=O)c3cc4cc(*)c(cc4oc3=O)OC(=O)COc3ccc4c(c3)oc(=O)cc4)c(=O)oc2cc1OC(=O)COc1ccc2c(c1)oc(=O)cc2,240.0
*Cc1ccc(cc1)CNC(=O)c1cc(cc(c1)C(C)(C)C)C(=O)N*,204.0
*Cc1ccc(cc1)COC(=O)c1cccc(c1)C(=O)O*,143.0
*Cc1ccc(cc1)COP(=O)(N=Nc1ccc(cc1)C(=O)c1ccc(cc1)N=NP(=O)(OC)O*)OC,48.0
*Cc1ccc(cc1)COP(=O)(N=Nc1ccc(cc1)Oc1ccc(cc1)N=NP(=O)(OC)O*)OC,50.0
*Cc1ccc(cc1)COP(=O)(N=Nc1ccc(cc1)c1ccc(cc1)N=NP(=O)(OC)O*)OC,48.0
*Cc1ccc(cc1)C[NH+]1CC=C(C=C1)C1=CC[NH+](C=C1)*,95.0
*Cc1ccc(o1)C(c1ccc(o1)CN1C(=O)c2c(C1=O)cc(cc2)C(C(F)(F)F)(C(F)(F)F)c1ccc2c(c1)C(=O)N(C2=O)*)(C)C,134.0
*Cc1ccc(o1)C(c1ccc(o1)CN1C(=O)c2c(C1=O)cc(cc2)Oc1ccc2c(c1)C(=O)N(C2=O)*)(C)C,116.0
*Cc1ccc(o1)C(c1ccc(o1)CN1C(=O)c2c(C1=O)cc(cc2)Oc1ccc2c(c1)C(=O)N(C2=O)*)C,129.0
*Cc1ccc(o1)C(c1ccc(o1)CN1C(=O)c2c(C1=O)cc(cc2)c1ccc2c(c1)C(=O)N(C2=O)*)(C)C,129.0
*Cc1ccc(o1)C(c1ccc(o1)Cn1c(=O)c2c(c1=O)cc1c(c2)c(=O)n(c1=O)*)(C)C,138.0
*Cc1ccc(o1)C(c1ccc(o1)Cn1c(=O)c2c(c1=O)cc1c(c2)c(=O)n(c1=O)*)C,116.0
*Cc1ccc2c(c1)c(=O)oc(n2)c1cc(cc(c1)c1nc2ccc(cc2c(=O)o1)*)N1C(=O)c2c(C1=O)cccc2,322.0
*Cc1ccc2c(c1)cc(c(=O)o2)C(=O)Nc1ccc(cc1)C(C(F)(F)F)(C(F)(F)F)c1ccc(cc1)NC(=O)c1cc2cc(*)ccc2oc1=O,329.0
*Cc1ccc2c(c1)cc(c(=O)o2)C(=O)Nc1ccc(cc1)Oc1ccc(cc1)C(C(F)(F)F)(C(F)(F)F)c1ccc(cc1)Oc1ccc(cc1)NC(=O)c1cc2cc(*)ccc2oc1=O,283.0
*Cc1ccc2c(c1)cc(c(=O)o2)C(=O)Nc1ccc(cc1)Oc1ccc(cc1)NC(=O)c1cc2cc(*)ccc2oc1=O,312.0
*Cc1ccc2c(c1)cc(c(=O)o2)C(=O)Nc1ccc(cc1)Oc1ccc(cc1)Oc1ccc(cc1)NC(=O)c1cc2cc(*)ccc2oc1=O,290.0
*Cc1cccc(c1)C(C(F)(F)F)(C(F)(F)F)c1cccc(c1)Cc1ccc2c(c1)C(=O)N(C2=O)c1ccc(cc1)OCCOCCOCCOCCOCCOCCOc1ccc(cc1)N1C(=O)c2c(C1=O)ccc(c2)*,92.0
*Cc1cccc(c1)C(C(F)(F)F)(C(F)(F)F)c1cccc(c1)Cc1ccc2c(c1)C(=O)N(C2=O)c1ccc(cc1)OCCOCCOCCOc1ccc(cc1)N1C(=O)c2c(C1=O)cc(cc2)*,142.0
*Cc1cccc(c1)C(C(F)(F)F)(C(F)(F)F)c1cccc(c1)Cc1ccc2c(c1)C(=O)N(C2=O)c1ccc(cc1)OCCOc1ccc(cc1)N1C(=O)c2c(C1=O)cc(cc2)*,194.0
*Cc1cccc(c1)C(C(F)(F)F)(C(F)(F)F)c1cccc(c1)Cc1ccc2c(c1)C(=O)N(C2=O)c1ccc(cc1)Oc1ccc(cc1)N1C(=O)c2c(C1=O)cc(cc2)*,224.0
*Cc1cccc(c1)CC1(C)C2(C)C3=C(C1(C)C(=C2C)C)C(=O)N(C3=O)c1ccc(cc1)Cc1ccc(cc1)N1C(=O)C2=C(C1=O)C1(C(C2(C)C(=C1C)C)(*)C)C,195.0
*Cc1cccc(c1)CC1(C)C2(C)C3=C(C1(C)C(=C2C)C)C(=O)N(C3=O)c1ccc(cc1)Oc1ccc(cc1)N1C(=O)C2=C(C1=O)C1(C(C2(C)C(=C1C)C)(*)C)C,157.0
*Cc1cccc(c1)CC1(C)C2(C)C3=C(C1(C)C(=C2C)C)C(=O)N(C3=O)c1cccc(c1)C(=O)c1cccc(c1)N1C(=O)C2=C(C1=O)C1(C(C2(C)C(=C1C)C)(*)C)C,150.0
*Cc1cccc(c1)CC1(C)C2(C)C3=C(C1(C)C(=C2C)C)C(=O)N(C3=O)c1cccc(c1)S(=O)(=O)c1cccc(c1)N1C(=O)C2=C(C1=O)C1(C(C2(C)C(=C1C)C)(*)C)C,173.0
*Cc1cccc(c1)CNC(=O)c1cc(cc(c1)C(C)(C)C)C(=O)N*,192.0
*Cc1cccc(c1)CNC(=O)c1ccccc1c1ccccc1C(=O)N*,159.0
*Cc1cccc(c1)C[NH+]1CC=C(C=C1)C1=CC[NH+](C=C1)*,128.0
*Cc1ccccc1C[NH+]1CC=C(C=C1)C1=CC[NH+](C=C1)*,70.5
*Cc1ccccc1C[Si](C)(C)*,75.0
*Cc1ccccc1[Si](C)(C)*,48.0
*Cc1ccccc1[Si](c1ccccc1)(C)*,93.8
*Cc1ccccc1[Si](c1ccccc1)(c1ccccc1)*,122.0
*N(C(=O)C)CC*,80.0
*N(C(=O)C)CCC*,30.0
*N(C(=O)C*)CC#C,108.0
*N(C(=O)C*)CC=C,64.0
*N(C(=O)CCC(=O)OC)CC*,31.0
*N(C(=O)c1cc(F)c(cc1F)F)CC*,105.0
*N(C(=O)c1cc(F)ccc1F)CC*,112.0
*N(C(=O)c1ccc(c(c1F)F)F)CC*,102.0
*N(C(=O)c1ccc(cc1)C(=O)*)c1ccccc1,179.0
*N(C(=O)c1cccc(c1F)F)CC*,110.0
*N(CCCCCCN(c1nc(*)nc(n1)c1ccccc1)C)C,57.0
*N(c1ccc(cc1)C(=O)*)C,197.0
*N1C(=O)C(=O)N(C1=O)c1cc(ccc1C)N1C(=O)N(C(=O)C1=O)c1ccc(cc1)CCc1ccccc1*,255.0
*N1C(=O)CC(C1=O)Nc1ccc(cc1)Cc1ccc(cc1)NC1CC(=O)N(C1=O)c1c(C)cc(cc1C)C(c1cc(C)c(c(c1)C)*)c1cccnc1,219.0
*N1C(=O)CC(C1=O)Nc1ccc(cc1)NC1CC(=O)N(C1=O)c1c(C)cc(cc1C)C(c1cc(C)c(c(c1)C)*)c1cccnc1,231.0
*N1C(=O)CC(C1=O)Nc1cccc(c1)NC1CC(=O)N(C1=O)c1c(C)cc(cc1C)C(c1cc(C)c(c(c1)C)*)c1cccnc1,224.0
*N1C(=O)c2c(C1=O)c(ccc2)Oc1c(C)cc(cc1C)Cc1cc(C)c(c(c1)C)Oc1cccc2c1C(=O)N(C2=O)c1c(C)cc(cc1C)Cc1cc(C)c(c(c1)C)*,243.0
*N1C(=O)c2c(C1=O)c(ccc2)Oc1c(C)cc(cc1C)c1cc(C)c(c(c1)C)Oc1cccc2c1C(=O)N(C2=O)c1c(C)cc(cc1C)Cc1cc(C)c(c(c1)C)*,289.0
*N1C(=O)c2c(C1=O)c(ccc2)Oc1ccc(cc1)C(c1ccc(cc1)Oc1cccc2c1C(=O)N(C2=O)c1c(C)cc(cc1C)Cc1cc(C)c(c(c1)C)*)(C)C,223.0
*N1C(=O)c2c(C1=O)c(ccc2)Oc1ccc(cc1)C(c1ccc(cc1)Oc1cccc2c1C(=O)N(C2=O)c1c(C)cc(cc1C)c1cc(C)c(c(c1)C)*)(C)C,265.0
*N1C(=O)c2c(C1=O)cc(cc2)Oc1c(C)cc(cc1C)Cc1cc(C)c(c(c1)C)Oc1ccc2c(c1)C(=O)N(C2=O)c1c(C)cc(cc1C)c1cc(C)c(c(c1)C)*,420.0
*N1C(=O)c2c(C1=O)cc(cc2)Oc1cc2ccccc2cc1Oc1ccc2c(c1)C(=O)N(C2=O)c1c(C)cc(cc1C)Cc1cc(C)c(c(c1)C)*,265.0
*N1C(=O)c2c(C1=O)cc(cc2)Oc1cc2ccccc2cc1Oc1ccc2c(c1)C(=O)N(C2=O)c1c(C)cc(cc1C)c1cc(C)c(c(c1)C)*,308.0
*N1C(=O)c2c(C1=O)cc(cc2)Oc1ccc(cc1)C(C(F)(F)F)(C(F)(F)F)c1ccc(cc1)Oc1ccc2c(c1)C(=O)N(C2=O)c1c(C)cc(cc1C)Cc1cc(C)c(c(c1)C)*,258.0
*N1C(=O)c2c(C1=O)cc(cc2)Oc1ccc(cc1)C(c1ccc(cc1)Oc1ccc2c(c1)C(=O)N(C2=O)c1c(C)cc(cc1C)Cc1cc(C)c(c(c1)C)*)(C)C,247.0
*N1C(=O)c2c(C1=O)cc(cc2)Oc1ccc(cc1)C(c1ccc(cc1)Oc1ccc2c(c1)C(=O)N(C2=O)c1c(C)cc(cc1C)c1cc(C)c(c(c1)C)*)(C)C,280.0
*N1C(=O)c2c(C1=O)cc(cc2)Oc1ccc(cc1)C(c1ccc(cc1)Oc1ccc2c(c1)C(=O)N(C2=O)c1cc(ccc1O)C(C(F)(F)F)(C(F)(F)F)c1ccc(c(c1)*)O)(C)C,216.0
*N1C(=O)c2c(C1=O)cc(cc2)Oc1ccc(cc1)C(c1ccc(cc1)Oc1ccc2c(c1)C(=O)N(C2=O)c1ccc(cc1C(C)(C)C)c1ccc(c(c1)C(C)(C)C)*)(C)C,287.2
*N1C(=O)c2c(C1=O)cc(cc2)Oc1ccc(cc1)Cc1ccc(cc1)Oc1ccc2c(c1)C(=O)N(C2=O)c1c(C)cc(cc1C)Cc1cc(C)c(c(c1)C)*,247.0
*N1C(=O)c2c(C1=O)cc(cc2)Oc1ccc(cc1)Oc1ccc(cc1)Oc1ccc2c(c1)C(=O)N(C2=O)c1c(C)cc(cc1C)Cc1cc(C)c(c(c1)C)*,256.0
*N1C(=O)c2c(C1=O)cc(cc2)Oc1ccc(cc1)Oc1ccc2c(c1)C(=O)N(C2=O)c1cc(C)c(cc1C)Cc1cc(C)c(cc1C)*,278.0
*N1C(=O)c2c(C1=O)cc(cc2)Oc1ccc(cc1)Oc1ccc2c(c1)C(=O)N(C2=O)c1ccc(c(c1C)C)Cc1ccc(c(c1C)C)*,277.0
*N1C(=O)c2c(C1=O)cc(cc2)Oc1ccc(cc1)Oc1ccc2c(c1)C(=O)N(C2=O)c1ccc(cc1C)Cc1ccc(c(c1)C)*,268.0
*N1C(=O)c2c(C1=O)cc(cc2)Oc1ccc(cc1c1ccccc1)Oc1ccc2c(c1)C(=O)N(C2=O)c1c(C)cc(cc1C)Cc1cc(C)c(c(c1)C)*,249.0
*N1C(=O)c2c(C1=O)cc(cc2)Oc1ccc2c(c1)C(=O)N(C2=O)c1cc(*)c(cc1O)O,263.0
*N1C(=O)c2c(C1=O)cc(cc2)Oc1ccc2c(c1)C(=O)N(C2=O)c1cc(ccc1O)C(C(F)(F)F)(C(F)(F)F)c1ccc(c(c1)*)O,266.0
*N1C(=O)c2c(C1=O)cc(cc2)Oc1ccc2c(c1)C(=O)N(C2=O)c1cc(ccc1O)c1ccc(c(c1)*)O,276.7
*N1C(=O)c2c(C1=O)cc(cc2)Oc1ccc2c(c1)C(=O)N(C2=O)c1ccc(cc1C(C)(C)C)c1ccc(c(c1)C(C)(C)C)*,350.0
*N1C(=O)c2c(C1=O)cc(cc2)Oc1ccc2c(c1)cc(cc2)Oc1ccc2c(c1)C(=O)N(C2=O)c1c(C)cc(cc1C)Cc1cc(C)c(c(c1)C)*,272.0
*N1C(=O)c2c(C1=O)cc(cc2)Oc1cccc2c1cccc2Oc1ccc2c(c1)C(=O)N(C2=O)c1c(C)cc(cc1C)Cc1cc(C)c(c(c1)C)*,281.0
*N1C(=O)c2c(C1=O)cc(cc2)S(=O)(=O)c1ccc2c(c1)C(=O)N(C2=O)c1c(C)cc(cc1C)c1cc(C)c(c(c1)C)*,290.0
*N1C(=O)c2c(C1=O)cc(cc2)c1ccc2c(c1)C(=O)N(C2=O)c1cc(*)c(cc1O)O,343.0
*N1C(=O)c2ccc3c4c2c(C1=O)ccc4C(=O)N(C3=O)c1c(C)c(C)c(c(c1C)C)c1ccc(s1)C=Nc1c(C)c(C)c(c(c1C)C)*,124.0
*N1C(=O)c2ccc3c4c2c(C1=O)ccc4C(=O)N(C3=O)c1c(C)c(C)c(c(c1C)C)c1ccc(s1)c1ccc(s1)C=Nc1c(C)c(C)c(c(c1C)C)*,123.0
*N1CC(C)N(CC1C)C(=O)c1ccc(cc1)C(=O)*,350.0
*N1CCCCC(C1)NC(=O)CCCCCCCCC(=O)*,-46.5
*N1CCN(CC1)C(=O)CCC1(CCC(=O)*)c2ccccc2-c2c1cccc2,145.0
*N1CCN(CC1)C(=O)CCCCCCCCC(=O)*,81.0
*N1CCN(CC1)C(=O)OC1CC2CC(CC(C1)O2)OC(=O)*,113.0
*N1CCN(CC1)C(=O)OCC(COC(=O)*)(C)C,70.0
*N1CCN(CC1)C(=O)OCCOC(=O)*,60.0
*N1CCN(CC1)C(=O)OCCOC(=O)c1ccc(cc1)C(=O)OCCOC(=O)*,53.0
*N1CCN(CC1)C(=O)c1cccc(c1)C(=O)*,214.5
*N1CCN(CC1)C(=O)c1ccccc1c1ccccc1C(=O)*,193.0
*N1CCN(CC1)c1ccc(cc1)C=C[Si](c1ccc(cc1)C=Cc1ccc(cc1)[Si](C=Cc1ccc(cc1)*)(C)C)(C)C,173.0
*N=NNC(=S)Nc1ccc(cc1)S(=O)(=O)c1ccc(cc1)NC(=S)NN=Nc1cccc(n1)*,227.0
*N=Nc1ccc(cc1)C(=O)NCCCCNC(=O)c1ccc(cc1)*,215.0
*N=Nc1ccc(cc1)NC(=O)CCC(=O)Nc1ccc(cc1)*,220.0
*N=Nc1ccc(cc1)Nc1ccc(cc1)C(=O)c1ccc(cc1)C(=O)c1ccc(cc1)Nc1ccc(cc1)*,203.0
*N=Nc1ccc(cc1)Nc1ccc(cc1)C(=O)c1ccc(cc1)Nc1ccc(cc1)*,216.42
*N=Nc1ccc(cc1)[Te]c1ccc(cc1)*,300.0
*N=P(C)(C)*,-46.0
*N=P(Cl)(Cl)*,-63.5
*N=P(N(C)C)(N(C)C)*,-4.0
*N=P(N1CCCCC1)(N1CCCCC1)*,19.0
*N=P(Nc1ccccc1)(Nc1ccccc1)*,103.45
*N=P(OCC(C(C(C(C(C(C(F)(F)F)(F)F)(F)F)(F)F)(F)F)(F)F)(F)F)(OCC(C(C(C(C(C(C(F)(F)F)(F)F)(F)F)(F)F)(F)F)(F)F)(F)F)*,-40.0
*N=P(OCC(C(F)(F)F)(F)F)(OCC(C(F)(F)F)(F)F)*,-65.0
*N=P(OCC(F)(F)F)(OCC(F)(F)F)*,-66.0
*N=P(OCC=Cc1ccccc1)(OCC=Cc1ccccc1)*,1.0
*N=P(OCCCc1ccccc1)(OCCCc1ccccc1)*,-47.0
*N=P(OCCc1ccccc1)(OCCc1ccccc1)*,-32.7
*N=P(OCc1ccc(cc1)Br)(OCc1ccc(cc1)Br)*,-0.8
*N=P(OCc1ccc(cc1)c1ccccc1)(OCc1ccc(cc1)c1ccccc1)*,52.0
*N=P(OCc1ccccc1)(OCc1ccccc1)*,-31.4
*N=P(Oc1ccc(cc1)C)(Oc1ccc(cc1)C)*,0.3
*N=P(Oc1ccc(cc1)Cl)(Oc1ccc(cc1)Cl)*,-4.0
*N=P(Oc1ccc(cc1)F)(Oc1ccc(cc1)F)*,-10.0
*N=P(Oc1ccc(cc1)c1ccccc1)(Oc1ccc(cc1)c1ccccc1)*,73.0
*N=P(Oc1ccc(cc1Cl)Cl)(Oc1ccc(cc1Cl)Cl)*,2.0
*N=P(Oc1ccc2c(c1)cccc2)(Oc1ccc2c(c1)cccc2)*,47.0
*N=P(Oc1cccc(c1)C(F)(F)F)(Oc1cccc(c1)C(F)(F)F)*,-35.0
*N=P(Oc1cccc(c1)C)(Oc1cccc(c1)C)*,-25.0
*N=P(Oc1cccc(c1)Cl)(Oc1cccc(c1)Cl)*,-24.0
*N=P(Oc1ccccc1)(Oc1ccccc1)*,-8.0
*N=P1(*)Oc2ccccc2-c2c(O1)cccc2,160.0
*NC(=O)C(=CC(=O)NCc1cccc(c1)C*)C,135.0
*NC(=O)C(CC(CC(=O)NCc1ccc(cc1)C*)(C)C)C,125.0
*NC(=O)CC(CCCCCC(=O)NCc1c(C)c(C)c(c(c1C)C)C*)C,211.0
*NC(=O)CCC1(CCC(=O)NCc2cccc(c2)C*)c2ccccc2-c2c1cccc2,150.0
*NC(=O)CCCC(=O)NCc1c(C)c(C)c(c(c1C)C)C*,192.0
*NC(=O)CCCCC(=O)NCc1cc(C)c(cc1C)C*,70.0
*NC(=O)CCCCC(=O)NCc1cc(C*)cc(c1)C(C)(C)C,109.0
*NC(=O)CCCCC(=O)NCc1cccc(c1)C*,83.5
*NC(=O)CCCCCCC(=O)NCc1cc(C)c(cc1C)C*,78.0
*NC(=O)CCCCCCCCC(=O)NCc1ccc(cc1)C*,115.0
*NC(=O)CCCCCCCCCC(=O)NCc1ccc(cc1)C*,110.0
*NC(=O)CCCCCCCCCCC(=O)NCc1ccc(cc1)C*,105.0
*NC(=O)CCCCCCCCCCCC(=O)NCc1ccc(cc1)C*,100.0
*NC(=O)CCCCCCCCCCCCCC(=O)NCc1ccc(cc1)C*,90.0
*NC(=O)CCCCCCCCCCCCCCCCC(=O)NCc1ccc(cc1)C*,75.0
*NC(=O)NCCCCCCNC(=O)Nc1cccc(n1)*,170.0
*NC(=O)Nc1ccc(cc1)Cc1ccc(cc1)NC(=O)Nc1cccc(n1)*,206.5
*NC(=O)c1ccc(cc1)C(=O)NCc1cc(C)c(cc1C)C*,225.0
*NC(=O)c1cccc(c1)C(=O)NCc1cccc(c1)C*,165.0
*NC(C(=O)*)CCC(=O)Nc1ccc(cc1)N(c1ccccc1)c1ccccc1,132.0
*NC(C(=O)*)CCC(=O)OC,0.0
*NC(C(=O)*)CCC(=O)OCc1ccc(cc1)C(F)(F)F,26.57
*NC(C(=O)*)CCC(=O)OCc1ccc(cc1)F,46.9
*NC(C(=O)*)CCC(=O)OCc1ccc(cc1)[N+](=O)[O-],53.15
*NC(C(=O)*)CCC(=O)OCc1ccccc1,16.0
*NC(CC(=O)*)C,115.0
*NC(CCC(CCCNC(=O)c1ccc(cc1)C(=O)*)(C)C)C,150.0
*NC1CC(C)(CNC(=O)CCCCC(=O)*)CC(C1)(C)C,148.4
*NC1CC(C)(CNC(=O)c2cc(NC(=O)C(N3C(=O)c4c(C3=O)cccc4)C(CC)C)cc(c2)C(=O)*)CC(C1)(C)C,128.0
*NC1CCC(CC1)CC(NC(=O)CCCCC(=O)*)(C)C,80.0
*NC1CCC(CC1)CC1CCC(CC1)NC(=O)CCCCC(=O)*,170.0
*NC1CCC(CC1)CC1CCC(CC1)NC(=O)CCCCCCCCC(=O)*,144.0
*NC1CCC(CC1)CC1CCC(CC1)NC(=O)CCCCCCCCCCC(=O)*,142.0
*NC1CCC(CC1)CC1CCC(CC1)NC(=O)CCCCCCCCCCCCC(=O)*,131.0
*NC1CCC(CC1)CCC1CCC(CC1)NC(=O)CCCCCCCCC(=O)*,116.0
*NC1CCC(CC1)CCC1CCC(CC1)NC(=O)CCCCCCCCCCC(=O)*,105.0
*NCCCCCCNc1nc(*)nc(n1)c1ccccc1,95.0
*NNC(=O)C=CC(=O)NCCCCCCNC(=O)C=CC(=O)*,102.4
*NNC(=O)C=CC(=O)Nc1cccc(c1)C=C1CCC(=Cc2cccc(c2)NC(=O)C=CC(=O)*)C1=O,104.6
*NNC(=O)C=CC(=O)Nc1cccc(c1)C=C1CCCC(=Cc2cccc(c2)NC(=O)C=CC(=O)*)C1=O,238.4
*NNC(=O)c1cc(cc(c1)C(=O)NNC(=O)C(=O)*)NC(=O)c1ccc2c(c1)C(=O)N(C2=O)c1ccc(cn1)C,146.4
*NNC(=O)c1cc(cc(c1)C(=O)NNC(=O)C(=O)*)NC(=O)c1ccc2c(c1)C(=O)N(C2=O)c1ncccc1C,134.1
*NNC(=O)c1cc(cc(c1)C(=O)NNC(=O)CC(=O)*)NC(=O)c1ccc2c(c1)C(=O)N(C2=O)c1ccc(cn1)C,140.3
*NNC(=O)c1cc(cc(c1)C(=O)NNC(=O)CC(=O)*)NC(=O)c1ccc2c(c1)C(=O)N(C2=O)c1ncccc1C,156.3
*NNC(=O)c1cc(cc(c1)C(=O)NNC(=O)CCCC(=O)*)NC(=O)c1ccc2c(c1)C(=O)N(C2=O)c1ccc(cn1)C,131.5
*NNC(=O)c1cc(cc(c1)C(=O)NNC(=O)CCCC(=O)*)NC(=O)c1ccc2c(c1)C(=O)N(C2=O)c1ncccc1C,131.7
*NNC(=O)c1cc(cc(c1)C(=O)NNC(=O)c1ccc(cc1)C(=O)*)NC(=O)c1ccc2c(c1)C(=O)N(C2=O)c1ccc(cn1)C,145.6
*NNC(=O)c1cc(cc(c1)C(=O)NNC(=O)c1ccc(cc1)C(=O)*)NC(=O)c1ccc2c(c1)C(=O)N(C2=O)c1ncccc1C,130.3
*NNC(=O)c1ccc(c2c1cccc2)C(=O)NNC(=O)c1ccc(cc1)[Si](c1ccc(cc1)C(=O)*)(c1ccccc1)c1ccccc1,270.0
*NNC(=O)c1ccc(cc1OCC)C(=O)*,240.0
*NNC(=O)c1ccccc1C(=O)NCCCCCCNC(=O)c1ccccc1C(=O)*,224.5
*NNC(=O)c1ccccc1C(=O)Nc1cccc(c1)C=C1CCC(=Cc2cccc(c2)NC(=O)c2ccccc2C(=O)*)C1=O,202.1
*NNC(=O)c1ccccc1C(=O)Nc1cccc(c1)C=C1CCCC(=Cc2cccc(c2)NC(=O)c2ccccc2C(=O)*)C1=O,195.0
*Nc1c(C)c(C)c(c(c1C)C)C(=O)c1ccc(cc1)NC(=O)c1ccc(cc1)C(=O)*,366.0
*Nc1c(cc(cc1c1ccccc1)c1ccc(cc1)c1cc(c2ccccc2)c(c(c1)c1ccccc1)NC(=O)c1ccc(cc1)C(=O)*)c1ccccc1,135.0
*Nc1cc(NC(=O)CCCCC(=O)*)cc(c1)c1nnc(o1)c1ccccn1,159.0
*Nc1cc(NC(=O)CCCCCCCCC(=O)*)cc(c1)c1nnc(o1)c1ccccn1,85.0
*Nc1cc(NC(=O)NC2CCC(CC2)CC2CCC(CC2)NC(=O)*)cc(c1)C(=O)Nc1ccc2c(c1)C(=O)c1c(C2=O)cccc1,148.0
*Nc1cc(NC(=O)NC2CCC(CC2)CC2CCC(CC2)NC(=O)*)cc(c1)C(=O)Nc1cccc2c1C(=O)c1c(C2=O)cccc1,156.0
*Nc1cc(NC(=O)Nc2ccc(cc2)Cc2ccc(cc2)NC(=O)*)cc(c1)C(=O)Nc1ccc2c(c1)C(=O)c1c(C2=O)cccc1,168.0
*Nc1cc(NC(=O)Nc2ccc(cc2)Cc2ccc(cc2)NC(=O)*)cc(c1)C(=O)Nc1cccc2c1C(=O)c1ccccc1C2=O,178.0
*Nc1cc(NC(=O)Nc2ccc(cc2)NC(=O)*)cc(c1)C(=O)Nc1ccc2c(c1)C(=O)c1c(C2=O)cccc1,184.0
*Nc1cc(NC(=O)Nc2ccc(cc2)NC(=O)*)cc(c1)C(=O)Nc1cccc2c1C(=O)c1c(C2=O)cccc1,190.0
*Nc1cc(NC(=O)c2cc(OCCN(c3ccc(cc3)[N+](=O)[O-])C)cc(c2)C(=O)*)cc(c1)C(=O)OC1CC(C)CCC1C(C)C,193.0
*Nc1cc(NC(=O)c2ccc(cc2)C(=O)*)cc(c1)C(=O)OC(c1ccccc1)c1ccccc1,217.0
*Nc1cc(NC(=O)c2ccc(cc2)C(=O)*)cc(c1)C(=O)Oc1cccc2c1cccc2,192.0
*Nc1cc(NC(=O)c2ccc(cc2)C(=O)*)cc(c1)C(=O)Oc1ccccc1,200.0
*Nc1cc(NC(=O)c2ccc(cc2)C(=O)*)cc(c1)c1nc2c([nH]1)cccc2,267.5
*Nc1cc(NC(=O)c2ccc(cc2)C(=O)*)cc(c1)c1nc2ccccc2oc1=O,103.0
*Nc1cc(NC(=O)c2ccc(cc2)c2ccc(cc2)C(=O)*)cc(c1)c1nnc(o1)c1ccccn1,120.0
*Nc1cc(NC(=O)c2cccc(c2)C(=O)*)cc(c1)c1nnc(o1)c1ccccn1,155.0
*Nc1cc([N+](=O)[O-])c(cc1C=Cc1ccc(cc1)N(C)C)NC(=O)CCCCC(=O)*,206.0
*Nc1cc([N+](=O)[O-])c(cc1C=Cc1ccc(cc1)N(C)C)NC(=O)CCCCCCC(=O)*,176.0
*Nc1cc([N+](=O)[O-])c(cc1C=Cc1ccc(cc1)N(C)C)NC(=O)CCCCCCCCC(=O)*,159.0
*Nc1cc([N+](=O)[O-])c(cc1C=Cc1ccc(cc1)N(C)C)NC(=O)CCCCCCCCCCC(=O)*,144.0
*Nc1cc([N+](=O)[O-])c(cc1C=Cc1ccc(cc1)N(C)C)NC(=O)CCCCCCCCCCCCC(=O)*,125.0
*Nc1cc(cc(c1)C(=O)OC)NC(=O)c1cc(OCCN(c2ccc(cc2)[N+](=O)[O-])C)cc(c1)C(=O)*,177.0
*Nc1cc(cc(c1)C(=O)OCCCN(c1ccc(cc1)N=Nc1ccc(cc1)S(=O)(=O)C)C)NC(=O)c1cc(OCCCN(c2ccc(cc2)N=Nc2ccc(cc2)S(=O)(=O)C)C)cc(c1)C(=O)*,168.0
*Nc1cc(cc(c1)C(=O)OCCCN(c1ccc(cc1)N=Nc1ccc(cc1)S(=O)(=O)C)C)NC(=O)c1cc(OCCCS(=O)(=O)c2ccc(cc2)N=Nc2ccc(cc2)N(C)C)cc(c1)C(=O)*,166.0
*Nc1cc(cc(c1)C(=O)OCCN(c1ccc(cc1)C#N)C)NC(=O)c1cc(OCCN(c2ccc(cc2)S(=O)(=O)C(C(C(C(C(C(C(C(F)(F)F)(F)F)(F)F)(F)F)(F)F)(F)F)(F)F)(F)F)C)cc(c1)C(=O)*,157.0
*Nc1cc(cc(c1)C(=O)OCCN(c1ccc(cc1)S(=O)(=O)C(C(C(C(C(C(C(C(F)(F)F)(F)F)(F)F)(F)F)(F)F)(F)F)(F)F)(F)F)C)NC(=O)c1cc(OCCN(c2ccc(cc2)C#N)C)cc(c1)C(=O)*,165.0
*Nc1cc(cc(c1)C(=O)OCCOC(=O)C=Cc1ccc(cc1)N(C)C)NC(=O)c1ccc(cc1)C(=O)*,198.0
*Nc1cc(cc(c1)C(=O)OCCOC(=O)C=Cc1ccc(cc1)N(C)C)NC(=O)c1cccc(c1)C(=O)*,186.0
*Nc1cc(cc(c1)C(=O)OCCOc1ccc(cc1)C=CC(=O)c1ccccc1)NC(=O)c1ccc(cc1)C(=O)*,233.0
*Nc1cc(cc(c1)C(=O)OCCOc1ccc(cc1)C=CC(=O)c1ccccc1)NC(=O)c1ccc(cc1)c1ccc(cc1)C(=O)*,254.0
*Nc1cc(cc(c1)C(=O)OCCOc1ccc(cc1)C=CC(=O)c1ccccc1)NC(=O)c1ccc2c(c1)ccc(c2)C(=O)*,247.0
*Nc1cc(cc(c1)C(=O)OCCOc1ccc(cc1)C=CC(=O)c1ccccc1)NC(=O)c1cccc(c1)C(=O)*,216.0
*Nc1cc(cc(c1)C(=O)Oc1ccc(cc1)Oc1ccc(c(c1)C#N)C#N)NC(=O)c1cccc(c1)C(=O)*,305.0
*Nc1cc(cc(c1)C(=O)Oc1ccc(cc1)c1ccccc1)NC(=O)c1ccc(cc1)C(=O)*,178.0
*Nc1cc(cc(c1)c1nnc(o1)c1ccccn1)NC(=O)c1ccc(cc1)C(=O)*,230.0
*Nc1cc(cc(c1)c1nnc(o1)c1ccccn1)NC(=O)c1ccccc1C(=O)*,90.0
*Nc1cc(ccc1C)NC(=O)C(=O)*,-54.65
*Nc1cc(ccc1C)NC(=O)Nc1ccc(cc1)CCc1ccccc1NC(=O)*,227.0
*Nc1cc(ccc1N=Nc1ccc(cc1)[N+](=O)[O-])NC(=O)Nc1ccc(cc1)Cc1ccc(cc1)NC(=O)C(C(=O)NCc1ccc(cc1)CNC(=O)C(C(=O)Nc1ccc(cc1)Cc1ccc(cc1)NC(=O)*)(C)C)(C)C,124.0
*Nc1cc(ccc1Oc1ccc(cc1)c1cc(nc(c1)c1ccccc1)c1ccccc1)NC(=O)CCCCC(=O)*,164.0
*Nc1cc(ccc1Oc1ccc(cc1)c1cc(nc(c1)c1ccccc1)c1ccccc1)NC(=O)CCCCCCCCC(=O)*,140.0
*Nc1cc(ccc1Oc1ccc(cc1)c1cc(nc(c1)c1ccccc1)c1ccccc1)NC(=O)c1ccc(cc1)C(=O)*,235.0
*Nc1cc(ccc1Oc1ccc(cc1)c1cc(nc(c1)c1ccccc1)c1ccccc1)NC(=O)c1cccc(c1)C(=O)*,223.0
*Nc1cc(ccc1Oc1ccccc1)C(=O)c1ccc(cc1)NC(=O)c1ccc(cc1)C(C(F)(F)F)(C(F)(F)F)c1ccc(cc1)C(=O)*,255.0
*Nc1ccc(cc1)*,86.15
*Nc1ccc(cc1)/C=C/c1ccc(cc1)NC(=C(C#N)C#N)c1ccc(cc1)C(=C(C#N)C#N)*,250.0
*Nc1ccc(cc1)C(=O)Nc1ccc(cc1)Cc1ccc(cc1)NC(=O)c1ccc(cc1)NC(=O)c1ccc(cc1)[Si](c1ccc(cc1)C(=O)*)(C)C,300.0
*Nc1ccc(cc1)C(=O)c1c(C)c(C)c(c(c1C)C)C(=O)c1ccc(cc1)NC(=O)c1ccc(cc1)C(=O)*,345.0
*Nc1ccc(cc1)C(=O)c1ccc(cc1)NC(=O)c1cc(cc(c1)C(C)(C)C)C(=O)*,271.0
*Nc1ccc(cc1)C(=O)c1ccc(cc1)NC(=O)c1ccc(cc1)C(=O)*,300.0
*Nc1ccc(cc1)C(=O)c1ccc(cc1)NC(=O)c1cccc(c1)C(=O)*,253.2
*Nc1ccc(cc1)C(=O)c1ccc(cc1)Nc1ccc2c(c1)nc1c(c2)ccc(c1)*,235.55
*Nc1ccc(cc1)C(C(F)(F)F)(C(F)(F)F)c1ccc(cc1)NC(=O)c1cc(NC(=O)CCCCCN2C(=O)c3c(C2=O)cccc3)cc(c1)C(=O)*,225.0
*Nc1ccc(cc1)C(C(F)(F)F)(C(F)(F)F)c1ccc(cc1)NC(=O)c1cc(NC(=O)CCCN2C(=O)c3c(C2=O)cccc3)cc(c1)C(=O)*,240.0
*Nc1ccc(cc1)C(C(F)(F)F)(C(F)(F)F)c1ccc(cc1)NC(=O)c1cc(cc(c1)C(=O)*)NC(=O)C12CC3CC(C2)CC(C1)C3,365.0
*Nc1ccc(cc1)C(C(F)(F)F)(C(F)(F)F)c1ccc(cc1)NC(=O)c1cc(cc(c1)C(C)(C)C)C(=O)*,284.1
*Nc1ccc(cc1)C(C(F)(F)F)(C(F)(F)F)c1ccc(cc1)NC(=O)c1ccc(cc1)C(=O)*,290.0
*Nc1ccc(cc1)C(C(F)(F)F)(C(F)(F)F)c1ccc(cc1)NC(=O)c1ccc(cc1C)c1ccc(c(c1)C)C(=O)*,289.0
*Nc1ccc(cc1)C(C(F)(F)F)(C(F)(F)F)c1ccc(cc1)NC(=O)c1cccc(c1)C(=O)*,272.0
*Nc1ccc(cc1)C(P1(=O)Oc2ccccc2-c2c1cccc2)(P1(=O)Oc2ccccc2-c2c1cccc2)c1ccc(cc1)NC(=O)c1cc(cc(c1)C(C)(C)C)C(=O)*,235.0
*Nc1ccc(cc1)C(P1(=O)Oc2ccccc2-c2c1cccc2)(P1(=O)Oc2ccccc2-c2c1cccc2)c1ccc(cc1)NC(=O)c1ccc(cc1)C(=O)*,245.0
*Nc1ccc(cc1)C(P1(=O)Oc2ccccc2-c2c1cccc2)(P1(=O)Oc2ccccc2-c2c1cccc2)c1ccc(cc1)NC(=O)c1ccc(cc1)C(C(F)(F)F)(C(F)(F)F)c1ccc(cc1)C(=O)*,235.0
*Nc1ccc(cc1)C(P1(=O)Oc2ccccc2-c2c1cccc2)(P1(=O)Oc2ccccc2-c2c1cccc2)c1ccc(cc1)NC(=O)c1ccc(cc1)c1ccc(cc1)C(=O)*,251.0
*Nc1ccc(cc1)C(P1(=O)Oc2ccccc2-c2c1cccc2)(P1(=O)Oc2ccccc2-c2c1cccc2)c1ccc(cc1)NC(=O)c1ccc2c(c1)ccc(c2)C(=O)*,241.0
*Nc1ccc(cc1)C(P1(=O)Oc2ccccc2-c2c1cccc2)(P1(=O)Oc2ccccc2-c2c1cccc2)c1ccc(cc1)NC(=O)c1cccc(c1)C(=O)*,230.0
*Nc1ccc(cc1)C(c1ccc(cc1)C(c1ccc(cc1)Nc1ccc(cc1)C(=O)c1ccc(cc1)C(=O)c1ccc(cc1)*)(C)C)(C)C,157.0
*Nc1ccc(cc1)C(c1ccc(cc1)C(c1ccc(cc1)Nc1ccc(cc1)C(c1ccc(cc1)C(c1ccc(cc1)*)(c1ccccc1)O)(c1ccccc1)O)(C)C)(C)C,177.0
*Nc1ccc(cc1)C(c1ccc(cc1)NC(=O)c1cc(NC(=O)c2ccccc2)cc(c1)C(=O)*)(C)C,303.5
*Nc1ccc(cc1)C(c1ccc(cc1)NC(=O)c1cc(cc(c1)N1C(=O)C2C(C1=O)C1CC2CC1)C(=O)*)(C)C,311.0
*Nc1ccc(cc1)C(c1ccc(cc1)NC(=O)c1cc(cc(c1)N1C(=O)C2C(C1=O)CC=CC2)C(=O)*)(C)C,308.0
*Nc1ccc(cc1)C(c1ccc(cc1)NC(=O)c1cc(cc(c1)N1C(=O)C=CC1=O)C(=O)*)(C)C,303.0
*Nc1ccc(cc1)C(c1ccc(cc1)NC(=O)c1cc(cc(c1)S(=O)(=O)c1ccccc1)C(=O)*)(C)C,287.0
*Nc1ccc(cc1)C(c1ccc(cc1)NC(=O)c1cccc(c1)C(=O)*)(C)C,279.0
*Nc1ccc(cc1)C(c1cccc(c1)C(c1ccc(cc1)Nc1ccc(cc1)C(=O)c1ccc(cc1)C(=O)c1ccc(cc1)*)(C)C)(C)C,177.0
*Nc1ccc(cc1)C1(c2ccc(cc2)NC(=O)c2cc(cc(c2)C(=O)*)NC(=O)C23CC4CC(C3)CC(C2)C4)c2ccccc2-c2c1cccc2,370.0
*Nc1ccc(cc1)C1(c2ccc(cc2)NC(=O)c2cc(cc(c2)C(C)(C)C)C(=O)*)c2ccccc2-c2c1cccc2,284.0
*Nc1ccc(cc1)C1(c2ccc(cc2)NC(=O)c2ccc(cc2)C(=O)*)c2ccccc2-c2c1cccc2,319.0
*Nc1ccc(cc1)C1(c2ccc(cc2)NC(=O)c2ccc(cc2C)c2ccc(c(c2)C)C(=O)*)c2ccccc2-c2c1cccc2,293.0
*Nc1ccc(cc1)C1(c2ccc(cc2)NC(=O)c2cccc(c2)C(=O)*)c2ccccc2-c2c1cccc2,277.0
*Nc1ccc(cc1)C=CC(=O)c1ccc(cc1)NC(=O)c1ccc(cc1)C(=O)*,170.0
*Nc1ccc(cc1)CC(NC(=O)CCC(=O)*)(C)C,158.0
*Nc1ccc(cc1)CC(NC(=O)CCCCC(=O)*)(C)C,130.0
*Nc1ccc(cc1)CC(NC(=O)CCCCCCCCC(=O)*)(C)C,92.0
*Nc1ccc(cc1)CC(NC(=O)c1ccc(cc1)C(=O)*)(C)C,175.0
*Nc1ccc(cc1)CCNC(=O)CCCCC(=O)*,115.0
*Nc1ccc(cc1)Cc1ccc(cc1)NC(=O)/C=C/c1ccc(cc1)/C=C/C(=O)*,230.0
*Nc1ccc(cc1)Cc1ccc(cc1)NC(=O)C1=C(C(=O)*)C2(C(C1(C)C(=C2C)C)(C)Cc1ccccc1)C,68.0
*Nc1ccc(cc1)Cc1ccc(cc1)NC(=O)CCCCCCCC(=O)*,140.0
*Nc1ccc(cc1)Cc1ccc(cc1)NC(=O)CCCCCCCCC(=O)*,124.0
*Nc1ccc(cc1)Cc1ccc(cc1)NC(=O)NCCCCCCCCCCCCCCCCCCNC(=O)*,48.0
*Nc1ccc(cc1)Cc1ccc(cc1)NC(=O)NCCCCCCCCCCCCNC(=O)*,51.0
*Nc1ccc(cc1)Cc1ccc(cc1)NC(=O)NCCCCCCCCCCNC(=O)*,46.0
*Nc1ccc(cc1)Cc1ccc(cc1)NC(=O)NCCCCCCCCCNC(=O)*,-50.0
*Nc1ccc(cc1)Cc1ccc(cc1)NC(=O)NCCCCCCCCNC(=O)*,50.0
*Nc1ccc(cc1)Cc1ccc(cc1)NC(=O)NCCCCCCNC(=O)*,78.0
*Nc1ccc(cc1)Cc1ccc(cc1)NC(=O)Nc1ccccc1CCc1ccc(cc1)NC(=O)*,217.0
*Nc1ccc(cc1)Cc1ccc(cc1)NC(=O)c1cc(NC(=O)CCCCCCCCCCN2C(=O)c3c(C2=O)cccc3)cc(c1)C(=O)*,150.0
*Nc1ccc(cc1)Cc1ccc(cc1)NC(=O)c1cc(NC(=O)CCCCCN2C(=O)c3c(C2=O)cccc3)cc(c1)C(=O)*,195.0
*Nc1ccc(cc1)Cc1ccc(cc1)NC(=O)c1cc(NC(=O)CCCN2C(=O)c3c(C2=O)cccc3)cc(c1)C(=O)*,220.0
*Nc1ccc(cc1)Cc1ccc(cc1)NC(=O)c1cc(NC(=O)CCN2C(=O)c3c(C2=O)cccc3)cc(c1)C(=O)*,235.0
*Nc1ccc(cc1)Cc1ccc(cc1)NC(=O)c1cc(NC(=O)c2ccc(cc2)NC(=O)C(N2C(=O)c3c(C2=O)cccc3)CC(C)C)cc(c1)C(=O)*,238.0
*Nc1ccc(cc1)Cc1ccc(cc1)NC(=O)c1cc(NC(=O)c2ccccc2)cc(c1)C(=O)*,285.0
*Nc1ccc(cc1)Cc1ccc(cc1)NC(=O)c1cc(NC(=O)c2ccncc2)cc(c1)C(=O)*,302.0
*Nc1ccc(cc1)Cc1ccc(cc1)NC(=O)c1cc(cc(c1)N1C(=O)C2C(C1=O)C1CC2C=C1)C(=O)*,303.0
*Nc1ccc(cc1)Cc1ccc(cc1)NC(=O)c1cc(cc(c1)N1C(=O)C2C(C1=O)C1CC2CC1)C(=O)*,293.0
*Nc1ccc(cc1)Cc1ccc(cc1)NC(=O)c1cc(cc(c1)N1C(=O)C2C(C1=O)CC=CC2)C(=O)*,286.0
*Nc1ccc(cc1)Cc1ccc(cc1)NC(=O)c1cc(cc(c1)N1C(=O)C=CC1=O)C(=O)*,287.0
*Nc1ccc(cc1)Cc1ccc(cc1)NC(=O)c1cc(cc(c1)S(=O)(=O)c1ccccc1)C(=O)*,270.0
*Nc1ccc(cc1)Cc1ccc(cc1)NC(=O)c1ccc(cc1)C(=O)*,294.5
*Nc1ccc(cc1)Cc1ccc(cc1)NC(=O)c1ccc(cc1)P(=O)(c1ccc(cc1)C(=O)*)c1ccccc1,307.0
*Nc1ccc(cc1)Cc1ccc(cc1)NC(=O)c1cccc(c1)C(=O)*,264.0
*Nc1ccc(cc1)NC(=O)CCCC(=O)*,135.0
*Nc1ccc(cc1)NC(=O)CCCCC(=O)*,133.0
*Nc1ccc(cc1)NC(=O)CCCCCC(=O)*,133.0
*Nc1ccc(cc1)NC(=O)CCCCCCC(=O)*,138.0
*Nc1ccc(cc1)NC(=O)CCCCCCCC(=O)*,130.0
*Nc1ccc(cc1)NC(=O)CCCCCCCCC(=O)*,125.0
*Nc1ccc(cc1)NC(=O)Cc1cc(C)c(cc1C)CC(=O)*,175.0
*Nc1ccc(cc1)NC(=O)Cc1cc(CC(=O)*)c(cc1C)C,208.0
*Nc1ccc(cc1)NC(=O)c1cc(C(=O)*)c(cc1C(=O)O)C(=O)O,283.4
*Nc1ccc(cc1)NC(=O)c1cc(NC(=O)c2ccccc2)cc(c1)C(=O)*,321.0
*Nc1ccc(cc1)NC(=O)c1cc(NC(=O)c2ccncc2)cc(c1)C(=O)*,327.0
*Nc1ccc(cc1)NC(=O)c1cc(cc(c1)S(=O)(=O)c1ccccc1)C(=O)*,308.0
*Nc1ccc(cc1)NC(=O)c1cc(ccc1C(=O)O)C(=O)c1ccc(c(c1)C(=O)*)C(=O)O,213.2
*Nc1ccc(cc1)NC(=O)c1cc(ccc1C(=O)O)c1ccc(c(c1)C(=O)*)C(=O)O,248.4
*Nc1ccc(cc1)NC(=O)c1ccc(cc1)C(=O)*,295.0
*Nc1ccc(cc1)NC(=O)c1ccc(cc1)NC(=O)c1cc(cc(c1)C(=O)*)NC(=O)C12CC3CC(C2)CC(C1)C3,365.0
*Nc1ccc(cc1)NC(=O)c1ccc(cc1)NC(=O)c1ccc(cc1)P(=O)(c1ccc(cc1)C(=O)*)c1ccccc1,243.0
*Nc1ccc(cc1)NC(=O)c1ccc(cc1)NC(=O)c1ccc(cc1)[Si](c1ccc(cc1)C(=O)Nc1ccc(cc1)C(=O)*)(C)C,338.0
*Nc1ccc(cc1)NC(=O)c1ccc(cc1)P(=O)(c1ccc(cc1)C(=O)*)c1ccccc1,252.0
*Nc1ccc(cc1)NC(=O)c1ccc(cc1C(=O)O)C(=O)c1ccc(c(c1)C(=O)O)C(=O)*,317.0
*Nc1ccc(cc1)NC(=O)c1cccc(c1)C(=O)*,295.0
*Nc1ccc(cc1)NC(=O)c1cccc(c1)C(=O)c1ccc(cc1)C(=O)*,257.5
*Nc1ccc(cc1)Nc1ccc(cc1)C(=O)Nc1ccc(cc1)NC(=O)c1ccc(cc1)*,275.0
*Nc1ccc(cc1)Nc1ccc(cc1)C(=O)c1ccc(cc1)C(=O)c1ccc(cc1)*,203.5
*Nc1ccc(cc1)Nc1ccc(cc1)C(c1ccc(cc1)C(c1ccc(cc1)*)(c1ccccc1)O)(c1ccccc1)O,200.0
*Nc1ccc(cc1)Oc1ccc(cc1)Nc1ccc2c(c1)nc1c(c2)ccc(c1)*,206.0
*Nc1ccc(cc1)[Si](c1ccccc1)(c1ccccc1)c1ccc(cc1)NC(=O)c1ccc(cc1)[Si](c1ccc(cc1)C(=O)*)(c1ccccc1)c1ccccc1,239.0
*Nc1ccc(cc1)[Si](c1ccccc1)(c1ccccc1)c1ccc(cc1)NC(=O)c1ccc2-c3c(Cc2c1)cc(cc3)C(=O)*,54.45
*Nc1ccc(cc1)c1c(cc(cc1c1ccc(cc1)c1ccccc1)c1ccc(cc1)c1cc(c2ccc(cc2)c2ccccc2)c(c(c1)c1ccc(cc1)c1ccccc1)c1ccc(cc1)NC(=O)c1ccc(cc1)C(=O)*)c1ccc(cc1)c1ccccc1,305.0
*Nc1ccc(cc1)c1c(cc(cc1c1ccccc1)c1ccc(cc1)c1cc(c2ccccc2)c(c(c1)c1ccccc1)c1ccc(cc1)NC(=O)c1ccc(cc1)C(=O)*)c1ccccc1,290.0
*Nc1ccc(cc1)c1ccc(cc1)NC(=O)Cc1cc(C)c(cc1C)CC(=O)*,171.0
*Nc1ccc(cc1)c1ccc(cc1)NC(=O)Cc1cc(CC(=O)*)c(cc1C)C,230.0
*Nc1ccc(cc1)c1ccc(cc1)NC(=O)c1cc(NC(=O)c2ccncc2)cc(c1)C(=O)*,339.0
*Nc1ccc(cc1)c1ccc(cc1)NC(=O)c1cc(cc(c1)C(=O)*)NC(=O)c1ccc(cc1)NC(=O)C(N1C(=O)c2c(C1=O)cccc2)C,202.0
*Nc1ccc(cc1)c1ccc(cc1)NC(=O)c1cc(cc(c1)S(=O)(=O)c1ccccc1)C(=O)*,319.0
*Nc1ccc(cc1)c1ccc(cc1)NC(=O)c1ccc(cc1)C(=O)*,340.0
*Nc1ccc(cc1)c1ccc(cc1)NC(=O)c1ccc(cc1)NC(=O)c1ccc(cc1)[Si](c1ccc(cc1)C(=O)Nc1ccc(cc1)C(=O)*)(C)C,320.0
*Nc1ccc(cc1)c1ccc(cc1)NC(=O)c1cccc(c1)C(=O)*,294.0
*Nc1ccc(cc1)c1ccc(cc1)Nc1ccc2c(c1)nc1c(c2)ccc(c1)*,249.0
*Nc1ccc(cc1C)Cc1ccc(c(c1)C)NC(=O)CCCCCCCCC(=O)*,122.0
*Nc1ccc(cc1C)Cc1ccc(c(c1)C)NC(=O)c1ccc(cc1)C(=O)*,213.0
*Nc1ccc(cc1C)Cc1ccc(c(c1)C)NC(=O)c1cccc(c1)C(=O)*,187.0
*Nc1ccc(cc1Cl)Cc1ccc(c(c1)Cl)NC(=O)CCCCCCCCC(=O)*,70.0
*Nc1ccc(cc1Cl)Cc1ccc(c(c1)Cl)NC(=O)c1ccc(cc1)C(=O)*,205.0
*Nc1ccc(cc1Cl)Cc1ccc(c(c1)Cl)NC(=O)c1cccc(c1)C(=O)*,196.0
*Nc1ccc(cc1O)c1ccc(c(c1)O)NC(=O)c1cccc(c1)C(=O)*,386.0
*Nc1ccc(cc1S)c1ccc(c(c1)S)NC(=O)c1cccc(c1)C(=O)*,395.0
*Nc1ccc(cc1c1ccc(cc1)NC(=O)c1ccc(cc1)C(=O)*)Br,285.0
*Nc1ccc(cc1c1ccc(cc1)NC(=O)c1cccc(c1)C(=O)*)Br,253.0
*Nc1cccc(c1)C#Cc1ccc(cc1)NC(=O)c1cccc(c1)C(=O)*,268.0
*Nc1cccc(c1)C(=O)c1ccc(cc1)NC(=O)c1cccc(c1)C(=O)c1ccc(cc1)C(=O)*,215.0
*Nc1cccc(c1)C(=O)c1cccc(c1)NC(=O)C1=C(C(=O)*)C2(C(C1(C)C(=C2C)C)(C)Cc1ccccc1)C,80.0
*Nc1cccc(c1)C=Cc1ccc(cc1)NC(=O)c1cccc(c1)C(=O)*,272.0
*Nc1cccc(c1)CCc1ccc(cc1)NC(=O)c1ccc(cc1)C(=O)*,203.0
*Nc1cccc(c1)CCc1ccc(cc1)NC(=O)c1cccc(c1)C(=O)*,203.0
*Nc1cccc(c1)NC(=O)CCCCC(=O)*,113.35
*Nc1cccc(c1)NC(=O)CCCCC(=O)Nc1ccc(cc1)C(=O)NC(=S)*,267.0
*Nc1cccc(c1)NC(=O)CCCCC(=O)Nc1cccc(c1)NC(=S)NC(=O)CCCCC(=O)NC(=S)*,236.0
*Nc1cccc(c1)NC(=O)CCCCC(=O)Nc1cccc(c1)NC(=S)NC(=O)CCCCCCCCC(=O)NC(=S)*,232.0
*Nc1cccc(c1)NC(=O)CCCCC(=O)Nc1cccc(c1)NC(=S)NC(=O)c1ccc(cc1)C(=O)NC(=S)*,241.0
*Nc1cccc(c1)NC(=O)CCCCC(=O)Nc1cccc(c1)NC(=S)NC(=O)c1cccc(c1)C(=O)NC(=S)*,239.0
*Nc1cccc(c1)NC(=O)CCCCCCC(=O)*,115.5
*Nc1cccc(c1)NC(=O)CCCCCCCCC(=O)*,110.0
*Nc1cccc(c1)NC(=O)CCCCCCCCC(=O)Nc1ccc(cc1)C(=O)NC(=S)*,265.0
*Nc1cccc(c1)NC(=O)Cc1cc(C)c(cc1C)CC(=O)*,249.0
*Nc1cccc(c1)NC(=O)Cc1cc(CC(=O)*)c(cc1C)C,222.0
*Nc1cccc(c1)NC(=O)Nc1ccc(cc1)Cc1ccc(cc1)NC(=O)*,132.0
*Nc1cccc(c1)NC(=O)c1cc(cc(c1)C(=O)*)NC(=O)C12CC3CC(C2)CC(C1)C3,365.0
*Nc1cccc(c1)NC(=O)c1cc(cc(c1)C(=O)*)NC(=O)c1ccccc1,300.0
*Nc1cccc(c1)NC(=O)c1cc(cc(c1)C(=O)*)NC(=O)c1ccncc1,321.0
*Nc1cccc(c1)NC(=O)c1cc(cc(c1)S(=O)(=O)c1ccccc1)C(=O)*,277.0
*Nc1cccc(c1)NC(=O)c1ccc(cc1)C(=O)*,238.0
*Nc1cccc(c1)NC(=O)c1ccc(cc1)C(=O)Nc1ccc(cc1)C(=O)NC(=S)*,273.0
*Nc1cccc(c1)NC(=O)c1ccc(cc1)C(=O)Nc1cccc(c1)NC(=S)NC(=O)CCCCC(=O)NC(=S)*,252.0
*Nc1cccc(c1)NC(=O)c1ccc(cc1)C(=O)Nc1cccc(c1)NC(=S)NC(=O)CCCCCCCCC(=O)NC(=S)*,248.0
*Nc1cccc(c1)NC(=O)c1ccc(cc1)C(=O)Nc1cccc(c1)NC(=S)NC(=O)c1ccc(cc1)C(=O)NC(=S)*,258.0
*Nc1cccc(c1)NC(=O)c1ccc(cc1)C(=O)Nc1cccc(c1)NC(=S)NC(=O)c1cccc(c1)C(=O)NC(=S)*,254.0
*Nc1cccc(c1)NC(=O)c1ccc(cc1)NC(=O)c1ccc(cc1)[Si](c1ccc(cc1)C(=O)Nc1ccc(cc1)C(=O)*)(C)C,303.0
*Nc1cccc(c1)NC(=O)c1cccc(c1)C(=O)*,275.0
*Nc1cccc(c1)NC(=O)c1cccc(c1)C(=O)Nc1ccc(cc1)C(=O)NC(=S)*,270.0
*Nc1cccc(c1)NC(=O)c1cccc(c1)C(=O)Nc1cccc(c1)NC(=S)NC(=O)CCCCC(=O)NC(=S)*,242.0
*Nc1cccc(c1)NC(=O)c1cccc(c1)C(=O)Nc1cccc(c1)NC(=S)NC(=O)CCCCCCCCC(=O)NC(=S)*,240.0
*Nc1cccc(c1)NC(=O)c1cccc(c1)C(=O)Nc1cccc(c1)NC(=S)NC(=O)c1ccc(cc1)C(=O)NC(=S)*,248.0
*Nc1cccc(c1)NC(=O)c1cccc(c1)C(=O)Nc1cccc(c1)NC(=S)NC(=O)c1cccc(c1)C(=O)NC(=S)*,244.0
*Nc1cccc2c1cccc2NC(=O)Nc1cc(NC(=O)*)cc(c1)C(=O)Nc1ccc2c(c1)C(=O)c1c(C2=O)cccc1,178.0
*Nc1cccc2c1cccc2NC(=O)Nc1cc(NC(=O)*)cc(c1)C(=O)Nc1cccc2c1C(=O)c1c(C2=O)cccc1,185.0
*Nc1cccc2c1cccc2NC(=O)c1ccc(cc1)C(=O)*,305.0
*Nc1cccc2c1cccc2NC(=O)c1ccc(cc1)NC(=O)c1ccc(cc1)[Si](c1ccc(cc1)C(=O)Nc1ccc(cc1)C(=O)*)(C)C,378.0
*Nc1cccc2c1cccc2NC(=O)c1cccc(c1)C(=O)*,325.0
*Nc1ccccc1CCc1ccc(cc1)NC(=O)*,198.0
*Nc1ccccc1CCc1ccc(cc1)NC(=O)NCCCCCCNC(=O)*,150.0
*Nc1ccccc1CCc1ccc(cc1)NC(=O)Nc1ccc(cc1)CCc1ccc(cc1)NC(=O)*,217.0
*Nc1ccccc1CCc1ccccc1NC(=O)Nc1ccc(cc1)CCc1ccc(cc1)NC(=O)*,235.0
*Nc1ccccc1c1ccc(cc1)NC(=O)c1ccc(cc1)C(=O)*,275.0
*Nc1ccccc1c1ccc(cc1)NC(=O)c1cccc(c1)C(=O)*,248.0
*Nc1cnc(s1)*,66.0
*OC(=O)C(C*)(C)C,-22.0
*OC(=O)C(CC)(C*)C,-13.0
*OC(=O)C(CC)(CC)C*,60.0
*OC(=O)C(Cc1ccccc1)NC(=O)CCCCC(=O)NC(C(=O)OC1COC2C1OCC2*)Cc1ccccc1,97.5
*OC(=O)C(Cc1ccccc1)NC(=O)CCCCCCC(=O)NC(C(=O)OC1COC2C1OCC2*)Cc1ccccc1,91.0
*OC(=O)C(Cc1ccccc1)NC(=O)CCCCCCCCC(=O)NC(C(=O)OC1COC2C1OCC2*)Cc1ccccc1,74.0
*OC(=O)C(Cc1ccccc1)NC(=O)CCCCCCCCCCC(=O)NC(C(=O)OC1COC2C1OCC2*)Cc1ccccc1,76.0
*OC(=O)C(NC(=O)CCCCC(=O)NC(C(=O)OC1COC2C1OCC2*)C)C,56.0
*OC(=O)C(NC(=O)CCCCC(=O)NC(C(=O)OC1COC2C1OCC2*)CC(C)C)CC(C)C,91.0
*OC(=O)C(NC(=O)CCCCCC(=O)NC(C(=O)OC1COC2C1OCC2*)C)C,45.0
*OC(=O)C(NC(=O)CCCCCCC(=O)NC(C(=O)OC1COC2C1OCC2*)C)C,57.0
*OC(=O)C(NC(=O)CCCCCCCC(=O)NC(C(=O)OC1COC2C1OCC2*)C)C,46.0
*OC(=O)C(NC(=O)CCCCCCCCC(=O)NC(C(=O)OC1COC2C1OCC2*)C)C,57.0
*OC(=O)C(NC(=O)CCCCCCCCC(=O)NC(C(=O)OC1COC2C1OCC2*)CC(C)C)CC(C)C,89.0
*OC(=O)C(NC(=O)CCCCCCCCCCC(=O)NC(C(=O)OC1COC2C1OCC2*)C)C,28.0
*OC(=O)C1CCC(CC1)C(=O)OC1COC2C1OCC2*,121.0
*OC(=O)C1CCC(CC1)C(=O)OCC(C*)(C)C,30.0
*OC(=O)C=CC(=O)Nc1ccc(c(c1)[N+](=O)[O-])Cc1ccc(cc1[N+](=O)[O-])NC(=O)C=CC(=O)OC1COC2C1OCC2*,190.0
*OC(=O)C=CC(=O)Nc1ccc(c(c1)[N+](=O)[O-])S(=O)(=O)c1ccc(cc1[N+](=O)[O-])NC(=O)C=CC(=O)OC1COC2C1OCC2*,170.0
*OC(=O)C=CC(=O)OC1COC2C1OCC2*,28.7
*OC(=O)CCC(=O)OC1COC2C1OCC2*,77.0
*OC(=O)CCC(=O)OCC(C*)(C)C,-18.0
*OC(=O)CCCCC(=O)OCC(C(C(C*)(F)F)(F)F)(F)F,-58.0
*OC(=O)CCCCC(=O)OCC(C*)(C)C,-50.0
*OC(=O)CCCCCCC(=O)OCC(=O)NCCCCCCNC(=O)C*,8.0
*OC(=O)CCCCCCCCC(=O)*,60.0
*OC(=O)CCCCCCCCC(=O)OC1COC2C1OCC2*,3.0
*OC(=O)CCCCCCCCC(=O)OCC(=O)NCCCCCCNC(=O)C*,2.0
*OC(=O)CCCCCCCCC(=O)OCC(CC)(C*)C,-69.0
*OC(=O)CCCCCCCCCCC(=O)OCC(=O)NCCCCCCNC(=O)C*,0.9
*OC(=O)CNC(=O)CCCCCCCCC(=O)NCC(=O)OC1COC2C1OCC2*,66.0
*OC(=O)CNC(=O)CNC(=O)CCCCCCCCC(=O)NCC(=O)NCC(=O)OC1COC2C1OCC2*,47.0
*OC(=O)Cc1ccc(cc1)CC(=O)*,65.0
*OC(=O)NC(=O)c1cc(cc(c1)C(C)(C)C)C(=O)NC(=O)OCC(C*)(C)C,144.0
*OC(=O)NC(=O)c1ccc(cc1)C(=O)NC(=O)OCC(C*)(C)C,102.0
*OC(=O)NC(=O)c1cccc(c1)C(=O)NC(=O)OCC(C*)(C)C,66.0
*OC(=O)NC1CCC(CC1)CC1CCC(CC1)NC(=O)OC1CC2OC(C1)CC(C2)*,225.0
*OC(=O)NCC(C(C(C(CNC(=O)OCC(C(C(C(C*)(F)F)(F)F)(F)F)(F)F)(F)F)(F)F)(F)F)(F)F,20.0
*OC(=O)NCC(C(C(C(CNC(=O)OCC(C(C(C*)(F)F)(F)F)(F)F)(F)F)(F)F)(F)F)(F)F,25.0
*OC(=O)NCC(C(C(C(CNC(=O)OCC(C(C*)(F)F)(F)F)(F)F)(F)F)(F)F)(F)F,38.0
*OC(=O)NCCCCCCNC(=O)OCC(C(=O)O)(C*)C,-26.0
*OC(=O)NCCCCCCNC(=O)OCC(C(C(C(C*)(F)F)(F)F)(F)F)(F)F,-2.0
*OC(=O)NCCCCCCNC(=O)OCC(C(C(C*)(F)F)(F)F)(F)F,16.0
*OC(=O)NCCCCCCNC(=O)OCC(C(C*)(F)F)(F)F,9.0
*OC(=O)NCCCCCCNC(=O)OCC(CS(=O)(=O)CC(C*)(C)C)(C)C,30.0
*OC(=O)Nc1cc(ccc1C)NC(=O)OCC(C*)(C)C,-32.0
*OC(=O)Nc1cc(ccc1C)NC(=O)OCC(CC)(CC)C*,-60.0
*OC(=O)Nc1ccc(c(c1)NC(=O)OC1C(*)C(=O)N(C1=O)c1ccc(cc1)N=Nc1ccc(cc1)[N+](=O)[O-])C,235.7
*OC(=O)Nc1ccc(c(c1)NC(=O)OC1COC2C1OCC2*)C,125.0
*OC(=O)Nc1ccc(cc1)Cc1ccc(cc1)NC(=O)OC1CC2OC(C1)CC(C2)*,200.0
*OC(=O)Nc1ccc(cc1)Cc1ccc(cc1)NC(=O)OCC(C*)(C)C,94.0
*OC(=O)Nc1ccc(cc1)Cc1ccc(cc1)NC(=O)OCC(CS(=O)(=O)CC(C*)(C)C)(C)C,90.0
*OC(=O)Nc1ccc(cc1)Cc1ccc(cc1)NC(=O)OCc1cc(C*)cc(c1)C(C)(C)C,114.0
*OC(=O)Nc1ccc(cc1)Cc1ccc(cc1)NC(=O)OCc1cccc(c1)C*,106.0
*OC(=O)OC1CC2CC(CC(C1)O2)*,207.0
*OC(=O)OC1COC2C1OCC2*,140.5
*OC(=O)OCC(C(=O)OCc1ccccc1)(C*)C,-2.0
*OC(=O)OCC(C(C(C(C*)(F)F)(F)F)(F)F)(F)F,-41.0
*OC(=O)OCC(C(COC(=O)OC1COC2C1OCC2*)O)O,78.5
*OC(=O)OCC(C(OC(=O)C(NC(=O)OC(C)(C)C)Cc1ccccc1)C*)OC(=O)C(NC(=O)OC(C)(C)C)Cc1ccccc1,82.4
*OC(=O)OCC(C(OC(=O)C(NC(=O)OCc1ccccc1)CC(C)C)C*)OC(=O)C(NC(=O)OCc1ccccc1)CC(C)C,50.9
*OC(=O)OCC(C(OC(=O)C)C*)OC(=O)C,57.8
*OC(=O)OCC(C(OC(=O)Oc1ccc(cc1)C(=O)OC)C*)OC(=O)Oc1ccc(cc1)C(=O)OC,90.9
*OC(=O)OCC(C*)(C)C,20.0
*OC(=O)OCC(CS(=O)(=O)CC(C*)(C)C)(C)C,50.0
*OC(=O)OCC1(C*)CCC=CC1,30.0
*OC(=O)OCC1OC(OC1COC(=O)OC1COC2C1OCC2*)(C)C,95.5
*OC(=O)OCCCCCCCCCCOC(=O)OC1COC2C1OCC2*,6.5
*OC(=O)OCCCCCCCCOC(=O)OC1COC2C1OCC2*,19.5
*OC(=O)OCCCCCCOC(=O)OC1COC2C1OCC2*,27.0
*OC(=O)OCCCCOC(=O)OC1COC2C1OCC2*,49.0
*OC(=O)OCCOCCOC(=O)OC1COC2C1OCC2*,46.5
*OC(=O)OCCOCCOCCOC(=O)OC1COC2C1OCC2*,17.0
*OC(=O)OCCOCCOCCOCCOC(=O)OC1COC2C1OCC2*,9.5
*OC(=O)Oc1ccc(cc1)C(=O)Oc1ccc(cc1)OC(=O)OC1COC2C1OCC2*,112.5
*OC(=O)Oc1ccc(cc1)C(c1ccc(cc1)OC(=O)OC1CC2OC(C1)CC(C2)*)(C)C,194.0
*OC(=O)Oc1ccc(cc1)S(=O)(=O)c1ccc(cc1)OC(=O)OC1CC2OC(C1)CC(C2)*,184.0
*OC(=O)Oc1ccc2c(c1)Oc1c(C32c2ccccc2-c2c3cccc2)ccc(c1)*,295.0
*OC(=O)c1cc(cc(c1)C(C(C(C(C(C(C(F)(F)F)(F)F)(F)F)(F)F)(F)F)(F)F)(F)F)C(=O)OCC(C(C(C*)(F)F)(F)F)(F)F,27.0
*OC(=O)c1ccc(cc1)C(=O)*,69.0
*OC(=O)c1ccc(cc1)C(=O)OC1CC2CC(CC(C1)O2)*,207.0
*OC(=O)c1ccc(cc1)C(=O)OC1COC2C1OCC2*,255.5
*OC(=O)c1ccc(cc1)C(=O)OCC(C*)(C)C,72.5
*OC(=O)c1ccc(cc1)C(=O)OCC(CC)(C*)C,61.5
*OC(=O)c1ccc(cc1)C(=O)OCC(CS(=O)(=O)CC(C*)(C)C)(C)C,105.0
*OC(=O)c1ccc(cc1)C(=O)Oc1ccc2c(c1)Oc1c(C32c2ccccc2-c2c3cccc2)ccc(c1)*,290.0
*OC(=O)c1ccc(cc1)C(C(C(c1ccc(cc1)C(=O)*)(F)F)(F)F)(F)F,98.0
*OC(=O)c1ccc(cc1)C(c1ccc(cc1)C(=O)*)(C)C,100.0
*OC(=O)c1ccc(cc1)C1(C)CC(c2c1cc(cc2)C(=O)Oc1ccc2c(c1)Oc1c(C2(C)C)ccc(c1)*)(C)C,297.0
*OC(=O)c1ccc(cc1)C=Cc1ccc(cc1)C(=O)OCC(C*)(C)C,80.0
*OC(=O)c1ccc(cc1)CC(=O)OCC(C*)(C)C,33.0
*OC(=O)c1ccc(cc1)CC(=O)OCc1ccc(cc1)C*,47.0
*OC(=O)c1ccc(cc1)CCCCCCc1ccc(cc1)C(=O)*,20.0
*OC(=O)c1ccc(cc1)CCCCCc1ccc(cc1)C(=O)*,42.5
*OC(=O)c1ccc(cc1)CCCCc1ccc(cc1)C(=O)*,46.0
*OC(=O)c1ccc(cc1)Cc1ccc(cc1)C(=O)*,122.0
*OC(=O)c1ccc(cc1)N=Nc1ccc(cc1)C(=O)OC1COC2C1OCC2*,98.0
*OC(=O)c1ccc(cc1)SCCCCSc1ccc(cc1)C(=O)*,62.0
*OC(=O)c1ccc(cc1)c1ccc(cc1)C(=O)OCC(C*)(C)C,101.0
*OC(=O)c1ccc(cc1)c1ccc(cc1)C(=O)OCC(CC)(C*)C,99.0
*OC(=O)c1ccc(cc1)c1ccc(cc1)c1ccc(cc1)C(=O)OCC(C*)(C)C,100.0
*OC(=O)c1ccc(cc1)c1ccc(cc1)c1ccc(cc1)C(=O)OCC(CC)(CC)C*,-20.0
*OC(=O)c1ccc(o1)C(=O)OC1COC2C1OCC2*,190.5
*OC(=O)c1cccc(c1)C(=O)*,130.0
*OC(=O)c1cccc(c1)C(=O)OC1CC2CC(CC(C1)O2)*,113.0
*OC(=O)c1cccc(c1)C(=O)OCC(C(C(C*)(F)F)(F)F)(F)F,23.5
*OC(=O)c1cccc(c1)C(=O)Oc1ccc2c(c1)Oc1c(C32OC(=O)c2c3cccc2)ccc(c1)*,276.0
*OC(=O)c1cccc(c1)C(C(C(C(C(c1cccc(c1)C(=O)OCC(C(C(C*)(F)F)(F)F)(F)F)(F)F)(F)F)(F)F)(F)F)(F)F,16.0
*OC(=O)c1cccc(c1)C(C(C(c1cccc(c1)C(=O)OCC(C(C(C*)(F)F)(F)F)(F)F)(F)F)(F)F)(F)F,16.25
*OC(=O)c1cccc(c1)OCCCCCCCCCCOc1cccc(c1)C(=O)OC1COC2C1OCC2*,29.0
*OC(=O)c1cccc(c1)OCCCCCCCCOc1cccc(c1)C(=O)OC1COC2C1OCC2*,32.0
*OC(=O)c1cccc(c1)OCCCCCCOc1cccc(c1)C(=O)OC1COC2C1OCC2*,42.0
*OC(=O)c1cccc(c1)c1cccc(c1)C(=O)OCC(C(C(C*)(F)F)(F)F)(F)F,45.0
*OC(C#CC#CC(OC(=O)c1ccc(cc1)C(=O)*)C)C,133.0
*OC(C(=O)*)C,58.3
*OC(C(=O)*)C(C)C,48.0
*OC(C(=O)*)C(O)C,-46.92
*OC(C(=O)*)CC,15.0
*OC(C(=O)*)CC(=O)O,-64.66
*OC(C(=O)*)CCC(=O)O,-10.78
*OC(C(=O)*)CO,-58.0
*OC(C(=O)*)Cc1ccccc1,35.05
*OC(C(=O)NC(C(=O)*)C)C,57.65
*OC(C(=O)NCCCCCC(=O)*)C,30.0
*OC(C(=O)OC(C(=O)*)CO)C,30.0
*OC(C(=O)OC(C(=O)*)COCc1ccccc1)C,24.0
*OC(C(=O)OCC(=O)*)C,43.0
*OC(C(C(=O)*)(C)C)(C)C,52.0
*OC(C(C(C(F)(F)*)(F)F)(F)F)(F)F,-60.0
*OC(C(C(F)(F)*)(F)F)(F)F,-109.0
*OC(C(CCl)*)CCl,95.0
*OC(C(Cl)(Cl)C)CC(=O)*,109.0
*OC(C(Cl)(Cl)Cl)CC(=O)*,155.0
*OC(C(F)(F)*)(F)F,-48.0
*OC(C(F)(F)F)(C(=O)N(S(=O)(=O)C(C(F)(F)*)(F)F)[Li])F,67.0
*OC(C(F)(F)F)(C(F)(F)*)F,-73.0
*OC(C(F)(F)F)(CC(=O)*)C,27.0
*OC(C(OC(=O)*)C)C,67.9
*OC(C(OC(=O)CCCCC(=O)*)C)C,-23.0
*OC(C(c1ccco1)OC(=O)Nc1ccc(cc1)Cc1ccc(cc1)NC(=O)*)c1ccco1,74.0
*OC(C)*,-24.5
*OC(CC(=O)*)C,3.45
*OC(CC(=O)*)CC,-16.0
*OC(CC(=O)*)CCOc1ccccc1,20.0
*OC(CC(=O)*)CCc1ccccc1,14.5
*OC(CC(=O)*)COc1ccccc1,20.0
*OC(CCC(OC(=O)CCCCC(=O)*)C)C,-33.0
*OC(CCC(OC(=O)CCCCCCCCC(=O)*)C)C,-66.0
*OC(CCCC(C(=O)*)C)C,-33.0
*OC(CCCCC(=O)*)C,-40.0
*OC(CCOC(=O)C(C(=O)*)CCCCCCOc1ccc(cc1)N=Cc1ccc(cc1)[N+](=O)[O-])C,3.0
*OC(CCOC(=O)c1ccc(cc1)c1ccc(cc1)C(=O)*)C,86.5
*OC(COC(=O)*)C,34.7
*OC(COC(=O)*)CC,1.4
*OC(COC(=O)*)COC(C)C,-9.0
*OC(COC(=O)*)COc1ccccc1,45.0
*OC(COC(=O)/C=C\C(=O)*)C,-14.4
*OC(COC(=O)C1=C(C2CC1C=C2)c1ccccc1)COC(=O)C1=C(C(=O)OCC(OC(=O)c2ccc(cc2)C(=O)*)COC(=O)C2=C(C3CC2C=C3)c2ccccc2)C2CC1C=C2,74.0
*OC(COC(=O)C1CCC(CC1)C(=O)*)COc1ccc(cc1)N=Nc1ccc(cc1)C#N,106.0
*OC(COC(=O)c1cc(cc(c1)C(C)(C)C)C(=O)*)COc1ccc(cc1)N=Nc1ccc(cc1)C#N,137.0
*OC(COC(=O)c1ccc(c(c1)OC)C(=O)*)COc1ccc(cc1)N=Nc1ccc(cc1)C#N,120.0
*OC(COC(=O)c1ccc(c2c1cccc2)C(=O)*)COc1ccc(cc1)N=Nc1ccc(cc1)C#N,117.0
*OC(COC(=O)c1ccc(cc1)C(=O)*)C,96.0
*OC(COC(=O)c1ccc(cc1)C(=O)*)COc1ccc(cc1)N=Nc1ccc(cc1)C#N,122.0
*OC(COC(=O)c1ccc(cc1)c1ccc(cc1)C(=O)*)COc1ccc(cc1)N=Nc1ccc(cc1)C#N,141.0
*OC(COC(=O)c1ccc2c(c1)ccc(c2)C(=O)*)COc1ccc(cc1)N=Nc1ccc(cc1)C#N,138.0
*OC(COC(=O)c1cccc(c1)C(=O)*)C,76.5
*OC(COC(=O)c1cccc(c1)C(=O)OCC(F)(F)*)(F)F,28.0
*OC(COC(=O)c1cccc(c1)C(C(C(c1cccc(c1)C(=O)OCC(F)(F)*)(F)F)(F)F)(F)F)(F)F,30.0
*OC(COC(=O)c1cccc(c1)c1ccc(cc1)C(=O)*)COc1ccc(cc1)N=Nc1ccc(cc1)C#N,135.0
*OC(COC(=O)c1ccccc1C(=O)*)C,95.0
*OC(COC(=O)c1ccccc1c1ccccc1C(=O)*)COc1ccc(cc1)N=Nc1ccc(cc1)C#N,120.0
*OC(COC(C)(C)C)COC(=O)*,11.0
*OC(COC(COC(=O)c1ccc(cc1)C(=O)*)C)C,37.0
*OC(COCC(OC(=O)c1ccccc1C(=O)*)C)C,25.0
*OC(COc1ccc(cc1)N=Nc1ccc(cc1)C#N)COC(=O)C12CC3CC(C1)CC(C2)(C3)C(=O)*,105.0
*OC(COc1ccc(cc1)N=Nc1ccc(cc1)C#N)COC(=O)c1c(F)c(F)c(c(c1F)F)c1c(F)c(F)c(c(c1F)F)C(=O)*,112.0
*OC(COc1ccc(cc1)N=Nc1ccc(cc1)C#N)COC(=O)c1ccc(cc1C(=O)*)C,124.0
*OC(COc1ccc(cc1)N=Nc1ccc(cc1)C#N)COC(=O)c1cccc(c1)C(=O)*,119.0
*OC(COc1ccc(cc1)N=Nc1ccc(cc1)C#N)COC(=O)c1ccccc1C(=O)*,105.0
*OC(OC(=O)c1ccc(c2c1cccc2)C(=O)OC(OCC1CCC(CC1)C*)C)C,60.0
*OC(OC(=O)c1ccc(cc1)C(=O)OC(OCC1CCC(CC1)C*)C)C,61.0
*OC(OC(=O)c1cccc(c1)C(=O)OC(OCC1CCC(CC1)C*)C)C,30.0
*OC(c1ccco1)COC(=O)NCCCCCCNC(=O)*,17.0
*OC(c1ccco1)COC(=O)Nc1ccc(cc1)Cc1ccc(cc1)NC(=O)*,40.0
*OC*,-71.0
*OC1C(C)(C)C(C1(C)C)OC(=O)*,160.0
*OC1C(C)(C)C(C1(C)C)OC(=O)C1CCC(CC1)C(=O)*,169.0
*OC1C(C)(C)C(C1(C)C)OC(=O)c1ccc(cc1)C(=O)*,184.0
*OC1C(CO)OC(C(C1O)N)*,103.0
*OC1C(CO)OC(C(C1O)NC(=O)C)*,154.6
*OC1C(CO)OC(C(C1O)O)*,208.0
*OC1C(COC(=O)C)OC(C(C1O)OC(=O)C)*,202.0
*OC1C(COC(=O)C)OC(C(C1OC(=O)C)OC(=O)C)*,184.0
*OC1C(COC(=O)Nc2ccccc2)OC(C(C1OC(=O)Nc1ccccc1)OC(=O)Nc1ccccc1)*,217.0
*OC1CCC(CC1)OC(=O)*,138.0
*OC1CCC(CC1)OC(=O)C(=O)*,139.6
*OC1CCC(CC1)OC(=O)CCCCC(=O)*,77.8
*OC1CCC(CC1)OC(=O)CCCCCCCCC(=O)*,66.0
*OC1CCC(CC1)OC(=O)OCCCCCCCOC(=O)*,-5.0
*OC1CCC(CC1)OC(=O)OCCCCCCOC(=O)*,10.0
*OC1CCC(CC1)OC(=O)OCCCCCOC(=O)*,-5.0
*OC1CCC(CC1)OC(=O)OCCCCOC(=O)*,35.0
*OC1CCC(CC1)OC(=O)c1ccc(cc1)C(=O)*,94.3
*OC1CCCCC1*,68.5
*OC1CCCCC1OC(=O)*,117.3
*OCC(=O)NCCCCCCNC(=O)C*,10.0
*OCC(C(C(COc1nc(F)c(c(c1F)OCC(C(C(COc1c(F)c(*)nc(c1F)F)(F)F)(F)F)(F)F)F)(F)F)(F)F)(F)F,-10.0
*OCC(C(C(COc1nc(F)nc(c1F)*)(F)F)(F)F)(F)F,0.0
*OCC(C(C)(C)C)C*,-4.0
*OCC(C*)(C)C,-50.0
*OCC(C*)C,-55.0
*OCC(C*)O,17.0
*OCC(CC)(C*)C,-47.0
*OCC(CC)(CC)C*,-30.0
*OCC(CCl)(CC)C*,20.0
*OCC(CCl)(CCl)C*,6.75
*OCC(CN(c1ccc(cc1)N(C)C)CC(COCCCC*)O)O,31.0
*OCC(CO)(C*)C,62.0
*OCC(CO)(CC)C*,327.6
*OCC(CO)(CO)C*,99.0
*OCC(COC(=O)C(=C)C)(CC)C*,40.0
*OCC(COCC(C(C(C(C(C(C(F)(F)F)(F)F)(F)F)(F)F)(F)F)(F)F)(F)F)(C*)C,-49.0
*OCC(COCC(C(C(F)(F)F)(F)F)(F)F)(C*)C,-45.0
*OCC(COCC(F)(F)F)(C*)C,-41.0
*OCC(COCCC#N)(C*)C,-52.0
*OCC(COCCCCCCCCCCOc1ccc(cc1)c1ccc(cc1)C#N)(C*)C,7.0
*OCC(COCCOCCOCCOC)(C*)C,-18.0
*OCC(CS(=O)(=O)C(C)C)(CS(=O)(=O)C(C)C)C*,91.0
*OCC(CS(=O)(=O)C)(CS(=O)(=O)C)C*,96.5
*OCC(CS(=O)(=O)CC)(CS(=O)(=O)CC)C*,84.0
*OCC(CS(=O)(=O)CCC)(CS(=O)(=O)CCC)C*,71.0
*OCC(CS(=O)(=O)CCCC)(CS(=O)(=O)CCCC)C*,66.0
*OCC(CS(=O)(=O)CCCCC)(CS(=O)(=O)CCCCC)C*,56.0
*OCC(CSC(C)C)(CSC(C)C)C*,-9.0
*OCC(CSC)(CSC)C*,-6.0
*OCC(CSCC)(CSCC)C*,-32.0
*OCC(CSCCCCC)(CSCCCCC)C*,-33.0
*OCC(C[N-][N+]#N)(C*)C,-30.0
*OCC(C[N-][N+]#N)(C[N-][N+]#N)C*,-30.0
*OCCCCOC1COC2C1OCC2OC(=O)CCCCC(=O)OC1COC2C1OCC2*,114.0
*OCCCCOc1nc(*)nc(n1)OC,-8.0
*OCCOC(=O)CCCC(=O)OCCOc1nc(nc(c1c1ccc(cc1)OC)*)c1ccc(cc1)OC,57.0
*OCCOC(=O)CCCCC(=O)OCCOc1nc(nc(c1c1ccc(cc1)OC)*)c1ccc(cc1)OC,48.0
*OCCOC(=O)c1cc(N=Nc2ccc(cc2)OCC)ccc1c1ccc(cc1C(=O)OCCOc1nc(nc(c1c1ccc(cc1)OC)*)c1ccc(cc1)OCCCC)N=Nc1ccc(cc1)OCC,126.0
*OCc1ccc(cc1)C*,217.0
*ON(C(C(=C(C(F)(F)*)F)F)(F)F)C(F)(F)F,-7.0
*ON(C(C(Br)(F)F)(F)F)C(C(F)(F)*)(F)F,-17.0
*ON(C(C(F)(F)*)(Br)F)C(F)(F)F,3.0
*ON(C(C(F)(F)*)(Cl)F)C(F)(F)F,-50.0
*ON(C(C(F)(F)*)(F)F)C(F)(F)F,-46.0
*ON(C(C(F)(F)F)(C(F)(F)*)F)C(F)(F)F,-9.0
*ON(C(C(SC(F)(F)F)(F)*)(F)F)C(F)(F)F,-48.0
*OOC(C(=O)OC)C*,-29.3
*OOC1C(*)Cc2c1cccc2,39.3
*OP(=O)(Oc1c(Br)cc(cc1Br)C(C(F)(F)F)(C(F)(F)F)c1cc(Br)c(c(c1)Br)*)Oc1ccc(cc1)Br,152.0
*OP(=O)(Oc1c(Br)cc(cc1Br)C(C(F)(F)F)(C(F)(F)F)c1cc(Br)c(c(c1)Br)*)Oc1ccc(cc1)C,146.0
*OP(=O)(Oc1c(Br)cc(cc1Br)C(C(F)(F)F)(C(F)(F)F)c1cc(Br)c(c(c1)Br)*)Oc1ccc(cc1)[N+](=O)[O-],154.0
*OP(=O)(Oc1c(Br)cc(cc1Br)C(C(F)(F)F)(C(F)(F)F)c1cc(Br)c(c(c1)Br)*)Oc1ccccc1,140.0
*OP(=O)(Oc1c(C)cc(cc1C)S(=O)(=O)c1cc(C)c(c(c1)C)*)Oc1ccc(cc1)Br,162.0
*OP(=O)(Oc1c(C)cc(cc1C)S(=O)(=O)c1cc(C)c(c(c1)C)*)Oc1ccc(cc1)C,128.0
*OP(=O)(Oc1c(C)cc(cc1C)S(=O)(=O)c1cc(C)c(c(c1)C)*)Oc1ccc(cc1)[N+](=O)[O-],173.0
*OP(=O)(Oc1c(C)cc(cc1C)S(=O)(=O)c1cc(C)c(c(c1)C)*)Oc1ccccc1,142.0
*OP(=O)(Oc1c(Cl)c(Cl)c(c(c1Cl)Cl)*)Oc1c(Cl)cc(cc1Cl)Cl,127.0
*OP(=O)(Oc1c(Cl)c(Cl)c(c(c1Cl)Cl)*)Oc1c(Cl)cccc1Cl,144.0
*OP(=O)(Oc1c(Cl)c(Cl)c(c(c1Cl)Cl)*)Oc1ccc(cc1)Cl,119.0
*OP(=O)(Oc1c(Cl)c(Cl)c(c(c1Cl)Cl)*)Oc1ccccc1,79.0
*OP(=O)(Oc1c(Cl)c(Cl)c(c(c1Cl)Cl)Cl)Oc1c(Cl)c(Cl)c(c(c1Cl)Cl)*,133.0
*OP(=O)(Oc1c(Cl)c(Cl)c(c(c1Cl)Cl)Cl)Oc1ccc(cc1)C(c1ccc(cc1)*)(C)C,130.0
*OP(=O)(Oc1c(Cl)cc(cc1Cl)Cl)Oc1ccc(cc1)C(c1ccc(cc1)*)(C)C,94.0
*OP(=O)(Oc1c(Cl)cccc1Cl)Oc1ccc(cc1)C(c1ccc(cc1)*)(C)C,96.0
*OP(=O)(Oc1ccc(cc1)*)OC1CCCCC1,108.0
*OP(=O)(Oc1ccc(cc1)Br)Oc1ccc(cc1)S(=O)(=O)c1ccc(cc1)*,89.0
*OP(=O)(Oc1ccc(cc1)C(c1ccc(cc1)*)(C)C)OC1CCCCC1,86.0
*OP(=O)(Oc1ccc(cc1)C)Oc1ccc(cc1)S(=O)(=O)c1ccc(cc1)*,66.0
*OP(=O)(Oc1ccc(cc1)Cl)Oc1ccc(cc1)C(c1ccc(cc1)*)(C)C,71.0
*OP(=O)(Oc1ccc(cc1)S(=O)(=O)c1ccc(cc1)*)OC1CCCCC1,120.0
*OP(=O)(Oc1ccc(cc1)[N+](=O)[O-])Oc1ccc(cc1)S(=O)(=O)c1ccc(cc1)*,114.0
*OP(=O)(Oc1ccc(cc1)c1ccc(cc1)*)OC1CCCCC1,116.0
*OP(=O)(Oc1cccc2c1cccc2*)OC1CCCCC1,134.0
*OP(=O)(Oc1cccc2c1cccc2*)Oc1ccccc1,138.0
*OP(=O)(Oc1ccccc1)Oc1ccc(cc1)*,97.0
*OP(=O)(Oc1ccccc1)Oc1ccc(cc1)C(c1ccc(cc1)*)(C)C,74.5
*OP(=O)(Oc1ccccc1)Oc1ccc(cc1)S(=O)(=O)c1ccc(cc1)*,100.5
*OP(=O)(Oc1ccccc1)Oc1ccc(cc1)c1ccc(cc1)*,112.0
*OP(=O)(c1ccccc1)Oc1ccc(cc1)NC(=O)OCCCCCCOC(=O)Nc1ccc(cc1)*,-3.0
*OP(=O)(c1ccccc1)Oc1ccc(cc1)NC(=O)Oc1ccc(cc1)C(c1ccc(cc1)OC(=O)Nc1ccc(cc1)*)(C)C,34.0
*OP(=O)(c1ccccc1)Oc1ccc(cc1)NC(=O)Oc1ccc(cc1)c1ccc(cc1)OC(=O)Nc1ccc(cc1)*,34.0
*OS(=O)(=O)c1cc(C)c(c(c1)C)*,153.0
*OS(=O)(=O)c1cc(ccc1C)S(=O)(=O)Oc1ccc(cc1)C1(CCCC1)c1ccc(cc1)*,134.0
*OS(=O)(=O)c1cc(ccc1C)S(=O)(=O)Oc1ccc(cc1)C1(CCCCC1)c1ccc(cc1)*,140.0
*OS(=O)(=O)c1cc(ccc1C)S(=O)(=O)Oc1ccc(cc1C)C1(CCCCC1)c1ccc(c(c1)C)*,141.0
*OS(=O)(=O)c1ccc(cc1)*,118.0
*OS(=O)(=O)c1ccc(cc1)Oc1ccc(cc1)S(=O)(=O)Oc1ccc(cc1)C(c1ccc(cc1)*)(C)C,110.0
*OS(=O)(=O)c1cccc(c1)C(=O)Oc1ccc(cc1)C(c1ccc(cc1)*)(C)C,133.0
*OS(=O)(=O)c1cccc(c1)C(=O)c1cccc(c1)S(=O)(=O)Oc1ccc(cc1)C(c1ccc(cc1)*)(C)C,122.0
*OS(=O)(=O)c1cccc(c1)S(=O)(=O)Oc1ccc(cc1)C(c1ccc(cc1)*)(C)C,112.0
*OS(=O)(=O)c1cccc(c1)S(=O)(=O)Oc1ccc(cc1)C1(CCCCC1)c1ccc(cc1)*,126.0
*O[Ca]OC(=O)c1ccccc1C(=O)OCCCCCOC(=O)NCCCCCCNC(=O)OCCCCCOC(=O)c1ccccc1C(=O)*,-2.4
*O[Ca]OC(=O)c1ccccc1C(=O)OCCCCCOC(=O)Nc1cc(ccc1C)NC(=O)OCCCCCOC(=O)c1ccccc1C(=O)*,5.1
*O[Si](C#C[Si](C#C[Si](C#C[Si](C#C[Si](C#C[Si](C#C[Si](C)(C)*)(C)C)(C)C)(C)C)(C)C)(C)C)(C)C,-12.6
*O[Si](C#C[Si](C#C[Si](C#C[Si](C#C[Si](C#C[Si](C)(C)*)(C)C)(C)C)(C)C)(C)C)(C)C,-16.1
*O[Si](C#C[Si](C#C[Si](C#C[Si](C#C[Si](C)(C)*)(C)C)(C)C)(C)C)(C)C,-23.0
*O[Si](C#Cc1ccc(cc1)C#C[Si](C)(C)*)(C)C,126.0
*O[Si](C(C([2H])([2H])[2H])([2H])[2H])(C([2H])([2H])[2H])*,141.0
*O[Si](C([2H])([2H])[2H])(C([2H])([2H])[2H])*,148.0
*O[Si](C)(C)*,-123.0
*O[Si](CC(COC(=O)c1cccc(c1)C(=O)OCC(C[Si](C)(C)*)(C)C)(C)C)(C)C,-52.0
*O[Si](CCC(C(C(C(C(C(C(C(C(C(CC[Si](CCC(F)(F)F)(C)*)(F)F)(F)F)(F)F)(F)F)(F)F)(F)F)(F)F)(F)F)(F)F)(F)F)(CCC(F)(F)F)C,-11.0
*O[Si](CCC(C(C(C(C(C(C(C(CC[Si](CCC(F)(F)F)(C)*)(F)F)(F)F)(F)F)(F)F)(F)F)(F)F)(F)F)(F)F)(CCC(F)(F)F)C,-28.0
*O[Si](CCC(C(C(C(C(C(CC[Si](CCC(F)(F)F)(C)*)(F)F)(F)F)(F)F)(F)F)(F)F)(F)F)(CCC(F)(F)F)C,-24.0
*O[Si](CCC(C(C(C(CC[Si](CCC(F)(F)F)(C)*)(F)F)(F)F)(F)F)(F)F)(CCC(F)(F)F)C,-25.0
*O[Si](CCC(C(C(C(F)(F)F)(F)F)(F)F)(F)F)(C)*,-75.0
*O[Si](CCC(C(CC[Si](CCC(F)(F)F)(C)*)(F)F)(F)F)(CCC(F)(F)F)C,-27.0
*O[Si](CCC(F)(F)F)(C)*,-70.0
*O[Si](CCC(F)(F)F)(CCC(CC[Si](CCC(F)(F)F)(C)*)(F)F)C,-38.0
*O[Si](CCCC(=O)Oc1ccc(cc1)C=Nc1ccc(cc1)Cc1ccc(cc1)N=Cc1ccc(cc1)OC(=O)CCC[Si](C)(C)*)(C)C,68.0
*O[Si](CCCC(=O)Oc1ccc(cc1)C=Nc1ccc(cc1)N=Cc1ccc(cc1)OC(=O)CCC[Si](C)(C)*)(C)C,60.0
*O[Si](CCCC(=O)Oc1ccc(cc1)C=Nc1ccc(cc1)Oc1ccc(cc1)N=Cc1ccc(cc1)OC(=O)CCC[Si](C)(C)*)(C)C,52.0
*O[Si](CCCCCCCCCCCOc1ccc(cc1)/C=C/c1ccc(cc1)C#N)(C)*,-55.0
*O[Si](CCCCCCCCCCCn1c2ccccc2c2c1cccc2)(C)*,-45.0
*O[Si](CCCCCCOC(=O)C(Oc1ccc(cc1)OC(=O)c1ccc(cc1)c1ccc(cc1)OCCCCCCCCCC[Si](C)(C)*)C)(C)C,35.0
*O[Si](CCCCCCOC(=O)C(Oc1ccc(cc1[N+](=O)[O-])OC(=O)c1ccc(cc1)c1ccc(cc1)OCCCCCCCCCC[Si](C)(C)*)C)(C)C,20.0
*O[Si](CCCCCC[Si](C)(C)*)(C)C,-90.0
*O[Si](CCCCCCn1c2ccccc2c2c1cccc2)(C)*,-5.0
*O[Si](CCCCCn1c2ccccc2c2c1cccc2)(C)*,7.0
*O[Si](CCCN=C1C=C(O)C(=NCCC[Si](C)(C)*)C=C1O)(C)C,-25.715
*O[Si](CCCN=C1C=CC(=NCCC[Si](C)(C)*)c2c1c(O)ccc2O)(C)C,32.9
*O[Si](CCCN=C1c2ccccc2C(=NCCC[Si](C)(C)*)c2c1c(O)ccc2O)(C)C,7.5
*O[Si](CCCN=Cc1cc(ccc1O)Cc1ccc(c(c1)C=NCCC[Si](C)(C)*)O)(C)C,-51.625
*O[Si](CCCNC(=O)C(=O)NCCC[Si](C)(C)*)(C)C,-46.48
*O[Si](CCCOCC1COC(=O)O1)(C)*,-32.2
*O[Si](CCCOCCOC)(CCCOCCOC)*,-55.0
*O[Si](CCCOCCOCCOC)(CCCOCCOCCOC)*,-63.4
*O[Si](CCCOCCOCCOCCOC)(CCCOCCOCCOCCOC)*,-69.2
*O[Si](CCCOCCOCCOCCOCCOC)(CCCOCCOCCOCCOCCOC)*,-69.8
*O[Si](CCCOCCOCCOCCOCCOCCOC)(CCCOCCOCCOCCOCCOCCOC)*,-69.7
*O[Si](CCCOCCOCCOCCOCCOCCOCCOC)(CCCOCCOCCOCCOCCOCCOCCOC)*,-68.9
*O[Si](CCCOCCOCCOCCOCCOCCOCCOCCOC)(CCCOCCOCCOCCOCCOCCOCCOCCOC)*,-66.4
*O[Si](CCCOc1ccc(cc1)C(=O)OC1CCC2(C(=CCC3C2CCC2(C3CCC2C(CCCC(C)C)C)C)C1)C)(C)*,66.35
*O[Si](CCCOc1ccc(cc1)N=Nc1ccc(cc1)S(=O)(=O)O)(C)*,9.2
*O[Si](CCCOc1ccc(cc1S(=O)(=O)O[K])C(=O)OC1CCC2(C(=CCC3C2CCC2(C3CCC2C(CCCC(C)C)C)C)C1)C)(C)*,112.6
*O[Si](CCCn1c2ccccc2c2c1cccc2)(C)*,51.0
*O[Si](CC[Si](O[Si](C)(C)C)(C)*)(C)C,-89.0
*O[Si](CC[Si](Oc1c(C)cc(cc1C)c1cc(C)c(c(c1)C)*)(C)C)(C)C,55.0
*O[Si](CCc1ccc(cc1)O)(C)*,39.0
*O[Si](COC(=O)CCCCCCCCC(=O)Oc1ccc(cc1)S(=O)(=O)c1ccc(cc1)Oc1ccc(cc1)C=C1CCC(=Cc2ccc(cc2)Oc2ccc(cc2)S(=O)(=O)c2ccc(cc2)OC(=O)CCCCCCCCC(=O)OC[Si](C)(C)*)C1=O)(C)C,73.0
*O[Si](COC(=O)CCCCCCCCC(=O)Oc1ccc(cc1)S(=O)(=O)c1ccc(cc1)Oc1ccc(cc1)C=C1CCCC(=Cc2ccc(cc2)Oc2ccc(cc2)S(=O)(=O)c2ccc(cc2)OC(=O)CCCCCCCCC(=O)OC[Si](C)(C)*)C1=O)(C)C,80.0
*O[Si](COC(=O)CCCCCCCCC(=O)Oc1ccc(cc1)S(=O)(=O)c1ccc(cc1)Oc1ccc(cc1)C=C1CCCCC(=Cc2ccc(cc2)Oc2ccc(cc2)S(=O)(=O)c2ccc(cc2)OC(=O)CCCCCCCCC(=O)OC[Si](C)(C)*)C1=O)(C)C,81.0
*O[Si](O[Si](C#Cc1ccc(cc1)C#C[Si](C)(C)*)(C)C)(C)C,104.0
*O[Si](O[Si](CCCCCCC=CCCCCCC[Si](C)(C)*)(C)C)(C)C,-99.0
*O[Si](O[Si](CCCCCCCCCCCCCC[Si](C)(C)*)(C)C)(C)C,-46.0
*O[Si](O[Si](CCCCOc1ccc(cc1)c1ccc(cc1)C#N)(C)*)(C)C,-9.3
*O[Si](O[Si](OC(CCC(C)*)C)(C)C)(C)C,-83.0
*O[Si](O[Si](OC(CCCCC(C)*)C)(C)C)(C)C,-87.0
*O[Si](O[Si](O[Si](C#Cc1ccc(cc1)C#C[Si](C)(C)*)(C)C)(C)C)(C)C,96.0
*O[Si](O[Si](O[Si](CCC(C(C(C(C(C(CC[Si](CCC(F)(F)F)(C)*)(F)F)(F)F)(F)F)(F)F)(F)F)(F)F)(CCC(F)(F)F)C)(CCC(F)(F)F)C)(CCC(F)(F)F)C,-43.0
*O[Si](O[Si](O[Si](CCCCCCC=CCCCCCC[Si](C)(C)*)(C)C)(C)C)(C)C,-103.0
*O[Si](O[Si](O[Si](CCCCCCCCCCCCCC[Si](C)(C)*)(C)C)(C)C)(C)C,-49.0
*O[Si](O[Si](O[Si](OC(CCC(C)*)C)(C)C)(C)C)(C)C,-90.0
*O[Si](O[Si](O[Si](OC(CCCCC(C)*)C)(C)C)(C)C)(C)C,-94.0
*O[Si](O[Si](O[Si](O[Si](C#Cc1ccc(cc1)C#C[Si](C)(C)*)(C)C)(C)C)(C)C)(C)C,84.0
*O[Si](O[Si](O[Si](O[Si](OC(CCC(C)*)C)(C)C)(C)C)(C)C)(C)C,-96.0
*O[Si](O[Si](O[Si](O[Si](OC(CCCCC(C)*)C)(C)C)(C)C)(C)C)(C)C,-98.0
*O[Si](O[Si](O[Si](O[Si](OC1=C(*)c2c3c1cccc3ccc2)(C)C)(C)C)(C)C)(C)C,-43.0
*O[Si](O[Si](O[Si](O[Si](O[Si](C#Cc1ccc(cc1)C#C[Si](C)(C)*)(C)C)(C)C)(C)C)(C)C)(C)C,78.0
*O[Si](O[Si](O[Si](O[Si](O[Si](OC(CCC(C)*)C)(C)C)(C)C)(C)C)(C)C)(C)C,-106.0
*O[Si](O[Si](O[Si](O[Si](O[Si](OC(CCCCC(C)*)C)(C)C)(C)C)(C)C)(C)C)(C)C,-104.0
*O[Si](O[Si](O[Si](O[Si](O[Si](OC1=C(*)c2c3c1cccc3ccc2)(C)C)(C)C)(C)C)(C)C)(C)C,-54.0
*O[Si](O[Si](O[Si](O[Si](O[Si](O[Si](OC1=C(*)c2c3c1cccc3ccc2)(C)C)(C)C)(C)C)(C)C)(C)C)(C)C,-93.0
*O[Si](O[Si](O[Si](O[Si](O[Si](O[Si](Oc1c(*)c2ccccc2c2c1cccc2)(C)C)(C)C)(C)C)(C)C)(C)C)(C)C,-68.0
*O[Si](O[Si](O[Si](O[Si](O[Si](Oc1c(*)c2ccccc2c2c1cccc2)(C)C)(C)C)(C)C)(C)C)(C)C,-38.0
*O[Si](O[Si](O[Si](O[Si](O[Si](c1ccc(cc1)Oc1ccc(cc1)[Si](C)(C)*)(C)C)(C)C)(C)C)(C)C)(C)C,-65.0
*O[Si](O[Si](O[Si](O[Si](O[Si](c1ccc(cc1)[Si](C)(C)*)(C)C)(C)C)(C)C)(C)C)(C)C,-80.0
*O[Si](O[Si](O[Si](O[Si](Oc1c(*)c2ccccc2c2c1cccc2)(C)C)(C)C)(C)C)(C)C,-35.0
*O[Si](O[Si](O[Si](O[Si](Oc1c(C)cc(cc1C)c1cc(C)c(c(c1)C)*)(C)C)(C)C)(C)C)(C)C,-16.0
*O[Si](O[Si](O[Si](O[Si](c1ccc(cc1)Oc1ccc(cc1)[Si](C)(C)*)(C)C)(C)C)(C)C)(C)C,-52.0
*O[Si](O[Si](O[Si](O[Si](c1ccc(cc1)[Si](C)(C)*)(C)C)(C)C)(C)C)(C)C,-72.0
*O[Si](O[Si](O[Si](O[Si](c1cccc(c1)[Si](C)(C)*)(C)C)(C)C)(C)C)(C)C,-75.0
*O[Si](O[Si](O[Si](O[Si](c1cccc(c1)[Si](c1ccccc1)(C)*)(c1ccccc1)C)(C)C)(C)C)(C)C,-42.0
*O[Si](O[Si](O[Si](Oc1c(C)cc(cc1C)c1cc(C)c(c(c1)C)*)(C)C)(C)C)(C)C,14.0
*O[Si](O[Si](O[Si](c1c(F)c(F)c(c(c1F)F)Cl)(C)*)(C)C)(C)C,-75.0
*O[Si](O[Si](O[Si](c1c(F)c(F)c(c(c1F)F)F)(C)*)(C)C)(C)C,-83.0
*O[Si](O[Si](O[Si](c1c(F)c(F)c(c(c1F)F)F)(c1c(F)c(F)c(c(c1F)F)F)*)(C)C)(C)C,-42.0
*O[Si](O[Si](O[Si](c1ccc(cc1)Oc1ccc(cc1)[Si](C)(C)*)(C)C)(C)C)(C)C,-37.0
*O[Si](O[Si](O[Si](c1ccc(cc1)[Si](C)(C)*)(C)C)(C)C)(C)C,-62.0
*O[Si](O[Si](Oc1c(C)cc(cc1C)c1cc(C)c(c(c1)C)*)(C)C)(C)C,55.0
*O[Si](O[Si](Oc1ccc(cc1)c1ccc(cc1)*)(C)C)(C)C,-4.0
*O[Si](O[Si](c1c(F)c(F)c(c(c1F)F)F)(C)*)(C)C,-65.0
*O[Si](O[Si](c1c(F)c(F)c(c(c1F)[Si](C)(C)*)F)(C)C)(C)C,-61.0
*O[Si](O[Si](c1ccc(cc1)[Si](C)(C)*)(C)C)(C)C,-62.5
*O[Si](O[Si](c1ccc(cc1)[Si](C)(C)*)(C)C)(C=C)C,-63.0
*O[Si](O[Si](c1ccc(cc1)[Si](C)(C)*)(C)C)(C=C)C=C,-71.0
*O[Si](O[Si](c1ccc(cc1)[Si](C)(C)*)(C)C)(CCC(C(C(C(C(C(F)(F)F)(F)F)(F)F)(F)F)(F)F)(F)F)C,-55.0
*O[Si](Oc1ccc(cc1)*)(C)C,90.0
*O[Si](Oc1ccc(cc1)C(c1ccc(cc1)*)(C)C)(C)C,45.0
*O[Si](c1c(F)c(F)c(c(c1F)F)F)(C)*,-25.0
*O[Si](c1c(F)c(F)c(c(c1F)[Si](C)(C)*)F)(C)C,-28.5
*O[Si](c1cc(OCCOCc2ccccc2)c(cc1OCCOCc1ccccc1)[Si](C)(C)*)(C)C,76.0
*O[Si](c1ccc(c2c1cccc2)[Si](C)(C)*)(C)C,60.0
*O[Si](c1ccc(cc1)C)(C)*,-14.65
*O[Si](c1ccc(cc1)[Si](C)(C)*)(C)C,-25.5
*O[Si](c1ccc(cc1)[Si](O[SiH](C)*)(C)C)(C)C,-71.0
*O[Si](c1ccc(cc1)[Si](O[SiH](CCC(F)(F)F)*)(C)C)(C)C,-37.0
*O[Si](c1ccc(cc1)[Si](Oc1c(C)cc(cc1C)c1cc(C)c(c(c1)C)*)(C)C)(C)C,67.0
*O[Si](c1ccc(cc1)c1ccc(cc1)[Si](C)(C)*)(C)C,67.0
*O[Si](c1ccc(s1)c1ccc(s1)c1ccc(s1)C)(C)*,80.0
*O[Si](c1ccc2c(c1)cc(cc2)[Si](C)(C)*)(C)C,26.0
*O[Si](c1ccc2c(c1)cc1c(c2)cc(cc1)[Si](C)(C)*)(C)C,118.0
*O[Si](c1ccc2c(c1)ccc(c2)[Si](C)(C)*)(C)C,29.0
*O[Si](c1ccc2c3c1ccc1c3c(cc2)c(cc1)[Si](C)(C)*)(C)C,65.0
*O[Si](c1cccc(c1)*)(c1ccccc1)c1ccccc1,58.5
*O[Si](c1cccc(c1)C(C(C(c1cccc(c1)[Si](C)(C)*)(F)F)(F)F)(F)F)(C)C,-8.0
*O[Si](c1cccc(c1)C(C(c1cccc(c1)[Si](C)(C)*)(F)F)(F)F)(C)C,-2.0
*O[Si](c1cccc(c1)[Si](C)(C)*)(C)C,-52.0
*O[Si](c1cccc2c1ccc1c2cccc1[Si](C)(C)*)(C)C,100.0
*O[Si](c1cccc2c1cccc2[Si](C)(C)*)(C)C,62.0
*O[Si](c1ccccc1)(C)*,-27.0
*O[Si](c1ccccc1)(Oc1ccc(cc1)*)C,95.0
*O[Si](c1ccccc1)(Oc1ccc(cc1)C(c1ccc(cc1)*)(C)C)C,58.0
*O[Si](c1ccccc1)(c1ccccc1)*,45.8
*O[Si](c1ccccc1)(c1ccccc1)O[Si](c1ccc(cc1)[Si](C)(C)*)(C)C,0.0
*O[Si](c1ccccc1)(c1ccccc1)O[Si](c1ccccc1)(c1ccccc1)O[Si](c1ccccc1)(c1ccccc1)O[Si](c1ccccc1)(c1ccccc1)CC[Si](O[Si](CC[Si](c1ccccc1)(c1ccccc1)*)(C)C)(C)C,11.0
*O[Si](c1ccccc1)(c1ccccc1)O[Si](c1ccccc1)(c1ccccc1)O[Si](c1ccccc1)(c1ccccc1)O[Si](c1ccccc1)(c1ccccc1)CC[Si](O[Si](O[Si](CC[Si](c1ccccc1)(c1ccccc1)*)(C)C)(C)C)(C)C,4.5
*O[Si](c1ccccc1)(c1ccccc1)O[Si](c1ccccc1)(c1ccccc1)O[Si](c1ccccc1)(c1ccccc1)O[Si](c1ccccc1)(c1ccccc1)CC[Si](O[Si](O[Si](O[Si](CC[Si](c1ccccc1)(c1ccccc1)*)(C)C)(C)C)(C)C)(C)C,-4.5
*O[Si](c1ccccc1)(c1ccccc1)O[Si](c1ccccc1)(c1ccccc1)O[Si](c1ccccc1)(c1ccccc1)O[Si](c1ccccc1)(c1ccccc1)CC[Si](O[Si](O[Si](O[Si](O[Si](CC[Si](c1ccccc1)(c1ccccc1)*)(C)C)(C)C)(C)C)(C)C)(C)C,-22.0
*O[Si](c1ccccc1)(c1ccccc1)Oc1ccc(cc1)C1(c2ccc(cc2)*)c2ccccc2-c2c1cccc2,166.0
*O[Si](c1ccccc1)(c1ccccc1)Oc1ccc(cc1)c1ccc(cc1)*,124.35
*O[Si](c1ccccc1)(c1ccccc1)Oc1ccc(cc1C)C1(c2ccc(c(c2)C)*)c2ccccc2-c2c1cccc2,171.0
*O[Si](c1ccccc1)(c1ccccc1)c1ccc(cc1)[Si](c1ccccc1)(c1ccccc1)*,127.0
*O[Si](c1ccccc1)(c1ccccc1)c1ccc(cc1)c1ccc(cc1)[Si](c1ccccc1)(c1ccccc1)*,94.0
*O[Zn]OC(=O)c1ccccc1C(=O)OCCCCCOC(=O)NCCCCCCNC(=O)OCCCCCOC(=O)c1ccccc1C(=O)*,-4.3
*O[Zn]OC(=O)c1ccccc1C(=O)OCCCCCOC(=O)Nc1cc(ccc1C)NC(=O)OCCCCCOC(=O)c1ccccc1C(=O)*,4.2
*Oc1c(Br)cc(cc1Br)*,196.0
*Oc1c(Br)cc(cc1Br)C(C(F)(F)F)(C(F)(F)F)c1cc(Br)c(c(c1)Br)OC(=O)*,206.0
*Oc1c(Br)cc(cc1Br)C(c1cc(Br)c(c(c1)Br)OC(=O)*)(C)C,201.0
*Oc1c(Br)cc(cc1Br)C(c1cc(Br)c(c(c1)Br)OC(=O)c1ccc(cc1)OCCCCCCCCCCOc1ccc(cc1)C(=O)*)(C)C,128.0
*Oc1c(Br)cc(cc1Br)C(c1cc(Br)c(c(c1)Br)OC(=O)c1cccc(c1)C(=O)*)(C)C,115.0
*Oc1c(Br)cc(cc1Br)C1(CC2CC1CC2)c1cc(Br)c(c(c1)Br)OC(=O)*,283.0
*Oc1c(Br)cc(cc1Br)S(=O)(=O)c1cc(Br)c(c(c1)Br)OC(=O)*,196.0
*Oc1c(C)c(C)c(c(c1C)C)NC(=O)c1ccc(cc1)C(=O)Nc1ccc(cc1)*,333.0
*Oc1c(C)c(C)c(c(c1C)C)Oc1ccc(cc1)NC(=O)c1ccc(cc1)C(=O)Nc1ccc(cc1)*,310.0
*Oc1c(C)cc(cc1C)*,212.0
*Oc1c(C)cc(cc1C)C(=O)c1ccc(cc1)*,200.0
*Oc1c(C)cc(cc1C)C(C(F)(F)F)(C(F)(F)F)c1cc(C)c(c(c1)C)OC(=O)*,208.0
*Oc1c(C)cc(cc1C)C(c1cc(C)c(c(c1)C)OC(=O)*)(C)C,193.0
*Oc1c(C)cc(cc1C)C(c1cc(C)c(c(c1)C)OC(=O)CCCCC(=O)*)(C)C,93.0
*Oc1c(C)cc(cc1C)C(c1cc(C)c(c(c1)C)OC(=O)CCCCCC(=O)*)(C)C,84.0
*Oc1c(C)cc(cc1C)C(c1cc(C)c(c(c1)C)OC(=O)CCCCCCCCC(=O)*)(C)C,45.0
*Oc1c(C)cc(cc1C)C(c1cc(C)c(c(c1)C)OC(=O)c1ccc(cc1)C(=O)*)(C)C,239.0
*Oc1c(C)cc(cc1C)C(c1cc(C)c(c(c1)C)OC(=O)c1cccc(c1)C(=O)*)(C)C,187.0
*Oc1c(C)cc(cc1C)C(c1cc(C)c(c(c1)C)ON1C(=O)c2c(C1=O)ccc(c2)Oc1ccc(cc1)C1(CCC(CC1)C(C)(C)C)c1ccc(cc1)Oc1ccc2c(c1)C(=O)N(C2=O)*)(C)C,248.0
*Oc1c(C)cc(cc1C)C1(CCC2C(C1)CCCC2)c1cc(C)c(c(c1)C)OC(=O)c1ccc(cc1)C(=O)*,287.0
*Oc1c(C)cc(cc1C)C1(CCC2C(C1)CCCC2)c1cc(C)c(c(c1)C)OC(=O)c1cccc(c1)C(=O)*,261.0
*Oc1c(C)cc(cc1C)C1(CCC2C(C1)CCCC2)c1cc(C)c(c(c1)C)Oc1ccc(cc1)C(=O)c1ccc(cc1)*,251.0
*Oc1c(C)cc(cc1C)C1(CCC2C(C1)CCCC2)c1cc(C)c(c(c1)C)Oc1ccc(cc1)C(=O)c1cccc(c1)C(=O)c1ccc(cc1)*,224.0
*Oc1c(C)cc(cc1C)C1(c2cc(C)c(c(c2)C)OC(=O)c2cccc(c2)C(=O)*)c2ccccc2-c2c1cccc2,315.0
*Oc1c(C)cc(cc1C)C1(c2cc(C)c(c(c2)C)Oc2ccc(cc2)C(=O)c2cccc(c2)C(=O)c2ccc(cc2)*)c2ccccc2-c2c1cccc2,229.0
*Oc1c(C)cc(cc1C)c1cc(C)c(c(c1)C)OC(=O)CCCCC(=O)*,108.0
*Oc1c(C)cc(cc1C)c1cc(C)c(c(c1)C)OC(=O)CCCCCC(=O)*,96.0
*Oc1c(C)cc(cc1C)c1cc(C)c(c(c1)C)OC(=O)CCCCCCCCC(=O)*,57.0
*Oc1c(C)cc(cc1C)c1cc(C)c(c(c1)C)Oc1ccc(cc1)C(=O)c1ccc(cc1)*,246.635
*Oc1c(C)cc(cc1C)c1cc(C)c(c(c1)C)Oc1ccc(cc1)C(=O)c1ccc2c(c1)ccc(c2)C(=O)c1ccc(cc1)*,270.0
*Oc1c(C)cc(cc1C)c1cc(C)c(c(c1)C)Oc1ccc(cc1)C(=O)c1ccccc1c1ccccc1C(=O)c1ccc(cc1)*,233.0
*Oc1c(C)cc(cc1Cl)C(c1cc(C)c(c(c1)Cl)OC(=O)*)(C)C,154.0
*Oc1c(C)cc(cc1c1ccccc1)*,180.0
*Oc1c(Cl)cc(cc1Br)*,188.5
*Oc1c(Cl)cc(cc1Cl)*,172.32
*Oc1c(Cl)cc(cc1Cl)C(=C(Cl)Cl)c1cc(Cl)c(c(c1)Cl)OC(=O)*,250.0
*Oc1c(Cl)cc(cc1Cl)C(C(Cl)(Cl)Cl)c1cc(Cl)c(c(c1)Cl)OC(=O)*,273.0
*Oc1c(Cl)cc(cc1Cl)C(C1CC2CC1CC2)c1cc(Cl)c(c(c1)Cl)OC(=O)*,270.0
*Oc1c(Cl)cc(cc1Cl)C(c1cc(Cl)c(c(c1)Cl)OC(=O)*)(C)C,228.5
*Oc1c(Cl)cc(cc1Cl)C(c1cc(Cl)c(c(c1)Cl)OC(=O)CCCCC(=O)*)(C)C,100.0
*Oc1c(Cl)cc(cc1Cl)C(c1cc(Cl)c(c(c1)Cl)OC(=O)c1ccc(cc1)OCCCCCCCCCCOc1ccc(cc1)C(=O)*)(C)C,140.0
*Oc1c(Cl)cc(cc1Cl)C1(CC2CC1C1C2CCC1)c1cc(Cl)c(c(c1)Cl)OC(=O)*,281.0
*Oc1c(Cl)cc(cc1Cl)C1(CC2CC1CC2)c1cc(Cl)c(c(c1)Cl)OC(=O)*,290.0
*Oc1c(Cl)cc(cc1Cl)C1(CCCCC1)c1cc(Cl)c(c(c1)Cl)OC(=O)*,163.0
*Oc1c(F)c(F)c(c(c1F)F)COC(C(F)(F)F)(C(F)(F)F)c1cccc(c1)C(C(F)(F)F)(C(F)(F)F)OCc1c(F)c(F)c(c(c1F)F)Oc1ccc(cc1)Cc1ccc(cc1)*,94.0
*Oc1c(F)c(F)c(c(c1F)F)S(=O)(=O)c1c(F)c(F)c(c(c1F)F)Oc1ccc(cc1)C(C(F)(F)F)(C(F)(F)F)c1ccc(cc1)*,182.0
*Oc1c(F)c(F)c(c(c1F)F)Sc1c(F)c(F)c(c(c1F)F)Oc1ccc(cc1)C(C(F)(F)F)(C(F)(F)F)c1ccc(cc1)*,132.0
*Oc1c(F)c(F)c(c(c1F)F)c1c(F)c(F)c(c(c1F)F)Oc1ccc(cc1)C(C(F)(F)F)(C(F)(F)F)c1ccc(cc1)*,160.5
*Oc1c(F)c(F)c(c(c1F)F)c1c(F)c(F)c(c(c1F)F)Oc1ccc(cc1)C(c1ccc(cc1)*)(c1ccccc1)C,177.0
*Oc1c(OC)cc(cc1OC)*,174.65
*Oc1c([2H])c([2H])c(c(c1[2H])[2H])S(=O)(=O)c1c([2H])c([2H])c(c(c1[2H])[2H])Oc1c([2H])c([2H])c(c(c1[2H])[2H])C(C([2H])([2H])[2H])(C([2H])([2H])[2H])c1c([2H])c([2H])c(c(c1[2H])[2H])*,175.0
*Oc1c(cc(cc1C(C)C)*)C(C)C,152.4
*Oc1c(cc(cc1C(C)C)C(=O)c1cccc(c1)C(=O)c1ccc(cc1)*)C(C)C,132.0
*Oc1c(cc(cc1c1cccc(c1)C)*)c1ccccc1,219.0
*Oc1c(cc(cc1c1cccc2c1cccc2)*)c1ccccc1,234.0
*Oc1c(cc(cc1c1ccccc1)*)c1ccc(cc1)C,218.0
*Oc1c(cc(cc1c1ccccc1)*)c1ccc(cc1)C(C)(C)C,240.0
*Oc1c(cc(cc1c1ccccc1)*)c1cccc(c1c1ccccc1)c1ccccc1,212.0
*Oc1c(cc(cc1c1ccccc1)*)c1ccccc1,220.0
*Oc1c(cc(cc1c1ccccc1)Cc1cc(c2ccccc2)c(c(c1)c1ccccc1)OC(=O)CCCCC(=O)*)c1ccccc1,115.0
*Oc1c(cc(cc1c1ccccc1)Cc1cc(c2ccccc2)c(c(c1)c1ccccc1)OC(=O)CCCCCC(=O)*)c1ccccc1,111.0
*Oc1c(cc(cc1c1ccccc1)Cc1cc(c2ccccc2)c(c(c1)c1ccccc1)OC(=O)CCCCCCCCC(=O)*)c1ccccc1,92.0
*Oc1c(cc(cc1c1ccccc1)c1cc(c2ccccc2)c(c(c1)c1ccccc1)OC(=O)CCCCCCCCC(=O)*)c1ccccc1,98.0
*Oc1c(cc(cc1c1ccccc1c1ccccc1)*)c1ccccc1,211.0
*Oc1cc(Br)c(c(c1)Br)C(c1c(Br)cc(cc1Br)OC(=O)*)(C)C,267.0
*Oc1cc(Br)cc(c1*)Br,170.0
*Oc1cc(C)c(c(c1Br)C)*,280.15
*Oc1cc(C)c(cc1C(C)C)C(c1ccccc1C(=O)O)c1cc(C(C)C)c(cc1C)Oc1ccc(cc1)C(=O)c1ccc(cc1)*,228.0
*Oc1cc(Cl)c(c(c1)Cl)C(c1c(Cl)cc(cc1Cl)OC(=O)*)(C)C,240.0
*Oc1cc(Cl)cc(c1*)Cl,165.0
*Oc1cc(OC(=O)c2ccc(cc2)C)c(cc1OC(=O)c1ccc(cc1)C)OC(=O)CCCCCCCCCCCCCCC(=O)*,27.0
*Oc1cc(OC(=O)c2ccc(cc2)OC)c(cc1OC(=O)c1ccc(cc1)OC)OC(=O)CCCCCCCCCCCCCCC(=O)*,33.0
*Oc1cc(Oc2ccc(cc2)C(c2ccc(cc2)*)(C)C)cc(c1)C(=O)Oc1ccc(cc1)N=Nc1ccc(cc1)C#N,163.0
*Oc1cc(Oc2ccc(cc2)C(c2ccc(cc2)*)(C)C)cc(c1)[N+](=O)[O-],150.0
*Oc1cc(c(cc1C(=O)c1ccccc1)Oc1ccc(cc1)*)C(=O)c1ccccc1,137.0
*Oc1cc(c(cc1C(C)(C)C)Oc1ccc(cc1)C(=O)Nc1c(C)cc(cc1C(C)C)Cc1cc(C)c(c(c1)C(C)C)NC(=O)c1ccc(cc1)*)C(C)(C)C,260.0
*Oc1cc(c(cc1C(C)(C)C)Oc1ccc(cc1)C(=O)Nc1c(C)cc(cc1C)C(c1cc(C)c(c(c1)C)NC(=O)c1ccc(cc1)*)(C)C)C(C)(C)C,295.0
*Oc1cc(c(cc1C(C)(C)C)Oc1ccc(cc1)C(=O)Nc1ccc(cc1)C(C(F)(F)F)(C(F)(F)F)c1ccc(cc1)NC(=O)c1ccc(cc1)*)C(C)(C)C,268.0
*Oc1cc(c(cc1C(C)(C)C)Oc1ccc(cc1)C(=O)Nc1ccc(cc1)C(c1ccc(cc1)NC(=O)c1ccc(cc1)*)(C)C)C(C)(C)C,254.0
*Oc1cc(c(cc1C(C)(C)C)Oc1ccc(cc1)C(=O)Nc1ccc(cc1C)C(c1ccc(c(c1)C)NC(=O)c1ccc(cc1)*)(C)C)C(C)(C)C,275.0
*Oc1cc(c(cc1C(C)(C)C)Oc1ccc(cc1)C(=O)c1ccc(cc1)*)C(C)(C)C,206.0
*Oc1cc(c(cc1C(c1ccccc1)(C)C)OC(=O)c1ccc(cc1)C(=O)*)C(c1ccccc1)(C)C,170.0
*Oc1cc(c(cc1C(c1ccccc1)(C)C)OC(=O)c1cccc(c1)C(=O)*)C(c1ccccc1)(C)C,180.0
*Oc1cc(cc(c1)C(=O)OCCN(c1ccc(cc1)N=Nc1ccc(cc1)[N+](=O)[O-])CC)OC(=O)c1ccc(cc1)C(=O)*,130.0
*Oc1cc(cc(c1)C)OC(=O)c1cccc(c1)C(=O)*,163.0
*Oc1cc(ccc1C#N)Oc1cccc(c1)NC(=O)c1cc(ccc1C(=O)O)Oc1ccc(c(c1)C(=O)Nc1cccc(c1)*)C(=O)O,195.8
*Oc1cc(ccc1C12CC3CC(C2)CC(C1)C3)OC(=O)c1ccc(cc1)Oc1ccc(cc1)C1(CCC(CC1)C(C)(C)C)c1ccc(cc1)Oc1ccc(cc1)C(=O)*,180.0
*Oc1cc(ccc1C12CC3CC(C2)CC(C1)C3)Oc1ccc(cc1)C(=O)c1ccc(cc1)*,225.0
*Oc1cc(ccc1C12CC3CC(C2)CC(C1)C3)Oc1ccc(cc1)NC(=O)c1cc(cc(c1)C(=O)Nc1ccc(cc1)*)NC(=O)C12CC3CC(C2)CC(C1)C3,345.0
*Oc1cc2ccccc2cc1OC(=O)c1ccc(cc1)Oc1ccc(cc1)C(=O)*,148.0
*Oc1ccc(c(c1)C(=O)Nc1ccc(cc1)NC(=O)c1cc(*)ccc1C(=O)O)C(=O)O,166.3
*Oc1ccc(c(c1)C(C(F)(F)F)(C(F)(F)F)O)S(=O)(=O)c1ccc(cc1C(C(F)(F)F)(C(F)(F)F)O)Oc1c(C)cc(cc1C)C(C(F)(F)F)(C(F)(F)F)c1cc(C)c(c(c1)C)*,196.0
*Oc1ccc(c(c1)C(C(F)(F)F)(C(F)(F)F)O)S(=O)(=O)c1ccc(cc1C(C(F)(F)F)(C(F)(F)F)O)Oc1c(C)cc(cc1C)C(c1cc(C)c(c(c1)C)*)(C)C,187.0
*Oc1ccc(c(c1)C(C(F)(F)F)(C(F)(F)F)O)S(=O)(=O)c1ccc(cc1C(C(F)(F)F)(C(F)(F)F)O)Oc1ccc(cc1)C(C(F)(F)F)(C(F)(F)F)c1ccc(cc1)*,148.0
*Oc1ccc(c(c1)C(C(F)(F)F)(C(F)(F)F)OC)S(=O)(=O)c1ccc(cc1C(C(F)(F)F)(C(F)(F)F)OC)Oc1c(C)cc(cc1C)C(C(F)(F)F)(C(F)(F)F)c1cc(C)c(c(c1)C)*,163.0
*Oc1ccc(c(c1)C)C(c1ccc(cc1C)OC(=O)*)c1ccccc1,182.0
*Oc1ccc(c(c1)C)OC1=CC=CC([NH+]1C)*,144.0
*Oc1ccc(c(c1)C)Oc1cccc(n1)*,89.0
*Oc1ccc(c(c1)C)c1ccc(cc1C)OC(=O)c1ccc(cc1)Oc1ccc(cc1)C1(CCC(CC1)C(C)(C)C)c1ccc(cc1)Oc1ccc(cc1)C(=O)*,163.0
*Oc1ccc(c(c1)N)S(=O)(=O)c1ccc(cc1)Oc1ccc(cc1)C(c1ccc(cc1)*)(C)C,202.0
*Oc1ccc(c(c1)N)S(=O)(=O)c1ccc(cc1)Oc1ccc(cc1N)C(c1ccc(c(c1)N)*)(C)C,237.1
*Oc1ccc(c(c1)N)S(=O)(=O)c1ccc(cc1N)Oc1ccc(cc1)C(c1ccc(cc1)*)(C)C,210.5
*Oc1ccc(c(c1)N)S(=O)(=O)c1ccc(cc1N)Oc1ccc(cc1)c1ccc(cc1)*,242.2
*Oc1ccc(c(c1)[N+](=O)[O-])OC(COCCCCCCCOc1ccc(cc1)c1ccc(cc1)C(=O)*)C,50.0
*Oc1ccc(c(c1)[Si](C)(C)C)S(=O)(=O)c1ccc(cc1[Si](C)(C)C)Oc1c(C)cc(cc1C)C(C(F)(F)F)(C(F)(F)F)c1cc(C)c(c(c1)C)*,197.0
*Oc1ccc(c(c1)[Si](C)(C)C)S(=O)(=O)c1ccc(cc1[Si](C)(C)C)Oc1ccc(cc1)C(C(F)(F)F)(C(F)(F)F)c1ccc(cc1)*,172.0
*Oc1ccc(c(c1)[Si](C)(C)C)S(=O)(=O)c1ccc(cc1[Si](C)(C)C)Oc1ccc(cc1[Si](C)(C)C)C(C(F)(F)F)(C(F)(F)F)c1ccc(c(c1)[Si](C)(C)C)*,148.9
*Oc1ccc(c(c1)c1cc(ccc1C(=O)c1ccccc1)Oc1ccc(cc1)C(C(F)(F)F)(C(F)(F)F)c1ccc(cc1)*)C(=O)c1ccccc1,164.0
*Oc1ccc(c(c1)c1cc(ccc1C(=O)c1ccccc1)Oc1ccc(cc1)C(c1ccc(cc1)*)(C)C)C(=O)c1ccccc1,156.0
*Oc1ccc(c(c1)c1cc(ccc1C(=O)c1ccccc1)Oc1ccc(cc1)c1ccc(cc1)*)C(=O)c1ccccc1,174.0
*Oc1ccc(c(c1)c1ccccc1)OC1=CC=CC([NH+]1C)*,185.0
*Oc1ccc(c(c1)c1ccccc1)Oc1cccc(n1)*,115.0
*Oc1ccc(c2c1cccc2)C(=O)c1ccc(cc1)Oc1ccc(cc1)C(C(F)(F)F)(C(F)(F)F)c1ccc(cc1)*,190.0
*Oc1ccc(c2c1cccc2)C(=O)c1ccc(cc1)Oc1ccc(cc1)C1(c2ccc(cc2)*)c2ccccc2-c2c1cccc2,260.0
*Oc1ccc(c2c1cccc2)OC(=O)c1ccc(cc1)Oc1ccc(cc1)C(=O)*,166.0
*Oc1ccc(c2c1cccc2)OC(=O)c1ccc(cc1c1ccccc1)c1ccc(cc1)C(=O)*,165.0
*Oc1ccc(c2c1cccc2)S(=O)(=O)c1ccc(cc1)*,238.0
*Oc1ccc(c2c1cccc2)c1ccc(c2c1cccc2)Oc1ccc(cc1)*,226.0
*Oc1ccc(c2c1cccc2)c1ccc(c2c1cccc2)Oc1ccc(cc1)Oc1ccc(cc1)Oc1ccc(cc1)*,147.0
*Oc1ccc(c2c1cccc2)c1ccc(c2c1cccc2)Oc1ccc(cc1)Oc1ccc(cc1)S(=O)(=O)c1ccc(cc1)Oc1ccc(cc1)*,214.0
*Oc1ccc(c2c1cccc2)c1ccc(c2c1cccc2)Oc1ccc(cc1)Oc1cccc(c1C)Oc1ccc(cc1)*,156.0
*Oc1ccc(c2c1cccc2)c1ccc(c2c1cccc2)Oc1ccc2c(c1c1c(*)ccc3c1cccc3)cccc2,301.0
*Oc1ccc(cc1)*,87.25
*Oc1ccc(cc1)/C=C/C(=O)*,72.0
*Oc1ccc(cc1)C(=C(Cl)Cl)c1ccc(cc1)OC(=O)*,165.0
*Oc1ccc(cc1)C(=C(Cl)Cl)c1ccc(cc1)Oc1ccc(cc1)C(=O)c1ccc(cc1)*,137.0
*Oc1ccc(cc1)C(=Cc1cc(OC)c(cc1OC)C=C(c1ccc(cc1)C(F)(F)F)c1ccc(cc1)*)c1ccc(cc1)C(F)(F)F,194.0
*Oc1ccc(cc1)C(=Cc1cc(OC)c(cc1OC)C=C(c1ccc(cc1)F)c1ccc(cc1)*)c1ccc(cc1)F,187.0
*Oc1ccc(cc1)C(=Cc1ccc(cc1)c1ccc(cc1)C=C(c1ccc(cc1)OC(=O)*)c1ccccc1)c1ccccc1,203.0
*Oc1ccc(cc1)C(=Cc1ccc(cc1)c1ccc(cc1)C=C(c1ccc(cc1)OC(=O)CCCCC(=O)*)c1ccccc1)c1ccccc1,128.0
*Oc1ccc(cc1)C(=Cc1ccc(cc1)c1ccc(cc1)C=C(c1ccc(cc1)OC(=O)CCCCCCCCC(=O)*)c1ccccc1)c1ccccc1,111.0
*Oc1ccc(cc1)C(=Cc1ccc(cc1)c1ccc(cc1)C=C(c1ccc(cc1)OC(=O)c1ccc(cc1)C(=O)*)c1ccccc1)c1ccccc1,236.0
*Oc1ccc(cc1)C(=Cc1ccc(cc1)c1ccc(cc1)C=C(c1ccc(cc1)OC(=O)c1cccc(c1)C(=O)*)c1ccccc1)c1ccccc1,224.0
*Oc1ccc(cc1)C(=Nc1ccc(cc1)N=C(c1ccc(cc1)Oc1ccc(cc1)C(c1ccc(cc1)*)(C)C)C)C,161.0
*Oc1ccc(cc1)C(=Nc1ccc(cc1)N=C(c1ccc(cc1)Oc1ccc(cc1)C(c1ccc(cc1)*)(c1ccccc1)c1ccccc1)C)C,178.0
*Oc1ccc(cc1)C(=Nc1ccc(cc1)N=C(c1ccccc1)c1ccc(cc1)Oc1ccc(cc1)C(c1ccc(cc1)*)(C)C)c1ccccc1,161.0
*Oc1ccc(cc1)C(=Nc1ccc(cc1)N=C(c1ccccc1)c1ccc(cc1)Oc1ccc(cc1)C(c1ccc(cc1)*)(c1ccccc1)c1ccccc1)c1ccccc1,198.0
*Oc1ccc(cc1)C(=O)*,120.0
*Oc1ccc(cc1)C(=O)CNC(=O)CCCCC(=O)NCC(=O)c1ccc(cc1)*,56.0
*Oc1ccc(cc1)C(=O)CNC(=O)CCCCCCCCC(=O)NCC(=O)c1ccc(cc1)*,74.0
*Oc1ccc(cc1)C(=O)CNC(=O)c1ccc(cc1)N=Nc1ccc(cc1)C(=O)NCC(=O)c1ccc(cc1)*,63.0
*Oc1ccc(cc1)C(=O)CNc1ccc(cc1)S(=O)(=O)c1ccc(cc1)NCC(=O)c1ccc(cc1)*,247.0
*Oc1ccc(cc1)C(=O)NCC(CCCNC(=O)c1ccc(cc1)*)(C)C,155.0
*Oc1ccc(cc1)C(=O)NNC(=O)c1ccc(cc1)*,261.0
*Oc1ccc(cc1)C(=O)NNC(=O)c1ccc(cc1)C(=O)NNC(=O)c1ccc(cc1)OC(=O)c1cccc(c1)C(=O)*,175.0
*Oc1ccc(cc1)C(=O)NNC(=O)c1ccc(cc1Oc1ccccc1)C(=O)NNC(=O)c1ccc(cc1)OC(=O)c1cccc(c1)C(=O)*,160.0
*Oc1ccc(cc1)C(=O)NNC(=O)c1cccc(c1)C(=O)NNC(=O)c1ccc(cc1)OC(=O)c1cccc(c1)C(=O)*,180.0
*Oc1ccc(cc1)C(=O)Nc1cc(NC(=O)c2ccc(cc2)*)cc(c1)C(=O)OCCOC(=O)C=Cc1ccc(cc1)N(C)C,182.0
*Oc1ccc(cc1)C(=O)Nc1cc(cc(c1)c1nc2c([nH]1)cccc2)NC(=O)c1ccc(cc1)*,335.0
*Oc1ccc(cc1)C(=O)Nc1cc(ccc1C)C(C(F)(F)F)(C(F)(F)F)c1ccc(c(c1)NC(=O)c1ccc(cc1)OC(=O)c1cccc(c1)C(=O)*)C,214.0
*Oc1ccc(cc1)C(=O)Nc1cc(ccc1C)C(c1ccc(c(c1)NC(=O)c1ccc(cc1)OC(=O)c1ccc(cc1)C(=O)*)C)(C(F)(F)F)C(F)(F)F,213.0
*Oc1ccc(cc1)C(=O)Nc1ccc(cc1)C(C(F)(F)F)(C(F)(F)F)c1ccc(cc1)NC(=O)c1ccc(cc1)OC(=O)c1ccc(cc1)C(=O)*,266.0
*Oc1ccc(cc1)C(=O)Nc1ccc(cc1)C(C(F)(F)F)(C(F)(F)F)c1ccc(cc1)NC(=O)c1ccc(cc1)OC(=O)c1cccc(c1)C(=O)*,227.0
*Oc1ccc(cc1)C(=O)Nc1ccc(cc1)C(P1(=O)Oc2ccccc2-c2c1cccc2)(P1(=O)Oc2ccccc2-c2c1cccc2)c1ccc(cc1)NC(=O)c1ccc(cc1)*,243.0
*Oc1ccc(cc1)C(=O)Nc1ccc(cc1)Cc1ccc(cc1)NC(=O)c1ccc(cc1)Oc1ccc(cc1)C(=O)c1ccc(cc1)S(=O)(=O)c1ccc(cc1)C(=O)c1ccc(cc1)*,240.0
*Oc1ccc(cc1)C(=O)Nc1ccc(cc1)Cc1ccc(cc1)NC(=O)c1ccc(cc1)Oc1nc(*)nc(n1)Sc1ccccc1,302.0
*Oc1ccc(cc1)C(=O)Nc1ccc(cc1)S(=O)(=O)c1ccc(cc1)NC(=O)c1ccc(cc1)Oc1ccc(cc1)C(=O)c1ccc(cc1)S(=O)(=O)c1ccc(cc1)C(=O)c1ccc(cc1)*,260.0
*Oc1ccc(cc1)C(=O)Nc1ccc(cc1)S(=O)(=O)c1ccc(cc1)NC(=O)c1ccc(cc1)Oc1nc(*)nc(n1)Sc1ccccc1,310.0
*Oc1ccc(cc1)C(=O)Nc1ccc(cc1c1ccc(cc1)NC(=O)c1ccc(cc1)*)Br,249.0
*Oc1ccc(cc1)C(=O)Nc1ccccc1c1ccc(cc1)NC(=O)c1ccc(cc1)*,251.0
*Oc1ccc(cc1)C(=O)OC(=O)CCC(=O)*,36.4
*Oc1ccc(cc1)C(=O)OC(=O)CCCCC(=O)*,35.8
*Oc1ccc(cc1)C(=O)OC(COC(=O)c1ccc(cc1)OC(=O)c1ccc(cc1)C(=O)*)C,87.0
*Oc1ccc(cc1)C(=O)OC(COC(COC(COC(=O)c1ccc(cc1)OC(=O)c1ccc(cc1)C(=O)*)C)C)C,36.0
*Oc1ccc(cc1)C(=O)OCC(COC(=O)c1ccc(cc1)*)(C)C,73.0
*Oc1ccc(cc1)C(=O)OCCCCCCCOC(=O)c1ccc(cc1)OC(=O)c1ccc(cc1)C(=O)*,65.0
*Oc1ccc(cc1)C(=O)OCCCCCCOC(=O)c1ccc(cc1)*,15.0
*Oc1ccc(cc1)C(=O)OCCCCCOC(=O)c1ccc(cc1)*,26.0
*Oc1ccc(cc1)C(=O)OCCCCOC(=O)c1ccc(cc1)*,38.0
*Oc1ccc(cc1)C(=O)OCCCOC(=O)c1ccc(cc1)*,57.0
*Oc1ccc(cc1)C(=O)OCCN(c1ccc(cc1)C=CC1=CC(=C(C#N)C#N)CC(C1)(C)C)CCOC(=O)c1ccc(cc1)OC1(F)C(*)(F)C(C1(F)F)(F)F,143.0
*Oc1ccc(cc1)C(=O)OCCOC(=O)c1ccc(cc1)*,74.0
*Oc1ccc(cc1)C(=O)OCCOCCOC(=O)c1ccc(cc1)OC(=O)*,51.0
*Oc1ccc(cc1)C(=O)OCCOCCOCCOC(=O)c1ccc(cc1)OC(=O)c1ccc(cc1)C(=O)*,25.0
*Oc1ccc(cc1)C(=O)OCCOCCOCCOCCOC(=O)c1ccc(cc1)OC(=O)c1ccc(cc1)C(=O)*,25.0
*Oc1ccc(cc1)C(=O)c1ccc(c2c1cccc2)C(=O)c1ccc(cc1)Oc1ccc(cc1)C(=O)c1ccc(cc1)C(=O)c1ccc(cc1)*,179.0
*Oc1ccc(cc1)C(=O)c1ccc(cc1)*,154.0
*Oc1ccc(cc1)C(=O)c1ccc(cc1)C(=O)c1ccc(cc1)*,165.0
*Oc1ccc(cc1)C(=O)c1ccc(cc1)C(=O)c1ccc(cc1)Oc1ccc(cc1)Cc1ccc(cc1)*,120.0
*Oc1ccc(cc1)C(=O)c1ccc(cc1)C(=O)c1ccc(cc1)Oc1cccc(c1)Cc1cccc(c1)*,122.0
*Oc1ccc(cc1)C(=O)c1ccc(cc1)NC(=O)c1ccc(cc1)C(=O)Nc1ccc(cc1)C(=O)c1ccc(cc1)*,187.0
*Oc1ccc(cc1)C(=O)c1ccc(cc1)NC(=O)c1cccc(c1)C(=O)Nc1ccc(cc1)C(=O)c1ccc(cc1)*,207.0
*Oc1ccc(cc1)C(=O)c1ccc(cc1)OC(=O)OC1C(C)(C)C(C1(C)C)OC(=O)*,125.0
*Oc1ccc(cc1)C(=O)c1ccc(cc1)OC(=O)c1ccc(cc1)C(c1ccc(cc1)C(=O)*)(C)C,126.0
*Oc1ccc(cc1)C(=O)c1ccc(cc1)Oc1ccc(cc1)C(=O)c1c(C(=O)c2ccc(cc2)*)c(c2ccccc2)c(c(c1c1ccccc1)c1ccc2c(c1)cccc2)c1ccc2c(c1)cccc2,290.0
*Oc1ccc(cc1)C(=O)c1ccc(cc1)Oc1ccc(cc1)C(=O)c1c(c2ccc(cc2)F)c(c2ccc(cc2)F)c(c(c1C(=O)c1ccc(cc1)*)c1ccc(cc1)F)c1ccc(cc1)F,260.0
*Oc1ccc(cc1)C(=O)c1ccc(cc1)Oc1ccc(cc1)C(=O)c1ccc(cc1)C(=O)c1ccc(cc1)*,169.0
*Oc1ccc(cc1)C(=O)c1ccc(cc1)Oc1ccc(cc1)C(=O)c1ccc(cc1)Oc1ccc(cc1)Cc1ccc(cc1)*,128.0
*Oc1ccc(cc1)C(=O)c1ccc(cc1)Oc1ccc(cc1)C(=O)c1ccc(cc1)Oc1cccc(c1)Cc1cccc(c1)*,123.0
*Oc1ccc(cc1)C(=O)c1ccc(cc1)Oc1ccc(cc1)C(=O)c1cccc(c1)C(=O)c1ccc(cc1)*,152.0
*Oc1ccc(cc1)C(=O)c1ccc(cc1)Oc1ccc2c3c1cccc3c1n(c2=O)c2c(n1)ccc(c2)c1ccc2c(c1)nc1n2c(=O)c2c3c1ccc(c3ccc2)*,389.0
*Oc1ccc(cc1)C(=O)c1cccc(c1)C(=O)c1ccc(cc1)*,139.0
*Oc1ccc(cc1)C(=O)c1cccc(c1)C(=O)c1ccc(cc1)Oc1ccc(cc1)Cc1ccc(cc1)*,145.0
*Oc1ccc(cc1)C(=O)c1cccc(c1)C(=O)c1ccc(cc1)Oc1cccc(c1)Cc1cccc(c1)*,114.0
*Oc1ccc(cc1)C(=O)c1cccc(c1)NC(=O)CCCCCCCCC(=O)Nc1ccc(cc1)C(=O)c1ccc(cc1)*,148.0
*Oc1ccc(cc1)C(=O)c1cccc(c1)NC(=O)CCCCCCCCC(=O)Nc1cccc(c1)C(=O)c1ccc(cc1)*,141.0
*Oc1ccc(cc1)C(=O)c1cccc(c1)NC(=O)c1ccc(cc1)C(=O)Nc1cccc(c1)C(=O)c1ccc(cc1)*,189.0
*Oc1ccc(cc1)C(=O)c1cccc(c1)NC(=O)c1cccc(c1)C(=O)Nc1ccc(cc1)C(=O)c1ccc(cc1)*,204.0
*Oc1ccc(cc1)C(=O)c1cccc(c1)NC(=O)c1cccc(c1)C(=O)Nc1cccc(c1)C(=O)c1ccc(cc1)*,191.0
*Oc1ccc(cc1)C(=O)c1cccc(c1)c1cccc(c1)C(=O)c1ccc(cc1)*,123.0
*Oc1ccc(cc1)C(C(Cl)(Cl)Cl)c1ccc(cc1)OC(=O)*,230.0
*Oc1ccc(cc1)C(C(Cl)(F)F)(C(Cl)(F)F)c1ccc(cc1)OC(=O)*,183.5
*Oc1ccc(cc1)C(C(F)(F)F)(C(F)(F)F)c1ccc(cc1)OC(=O)*,176.0
*Oc1ccc(cc1)C(C(F)(F)F)(C(F)(F)F)c1ccc(cc1)OC(=O)Nc1ccc(cc1)Cc1ccc(cc1)NC(=O)*,81.0
*Oc1ccc(cc1)C(C(F)(F)F)(C(F)(F)F)c1ccc(cc1)OC(=O)OC1C(C)(C)C(C1(C)C)OC(=O)*,142.0
*Oc1ccc(cc1)C(C(F)(F)F)(C(F)(F)F)c1ccc(cc1)OC(=O)c1cc(cc(c1)C(C)(C)C)C(=O)*,215.5
*Oc1ccc(cc1)C(C(F)(F)F)(C(F)(F)F)c1ccc(cc1)OC(=O)c1ccc(cc1)C(C(F)(F)F)(C(F)(F)F)c1ccc(cc1)C(=O)*,135.0
*Oc1ccc(cc1)C(C(F)(F)F)(C(F)(F)F)c1ccc(cc1)OC(=O)c1ccc(cc1)OCCCCCCCCCCOc1ccc(cc1)C(=O)*,89.0
*Oc1ccc(cc1)C(C(F)(F)F)(C(F)(F)F)c1ccc(cc1)OC(=O)c1ccc(cc1)Oc1ccc(cc1)C(=O)*,181.0
*Oc1ccc(cc1)C(C(F)(F)F)(C(F)(F)F)c1ccc(cc1)OC(=O)c1cccc(c1)C(=O)*,190.4
*Oc1ccc(cc1)C(C(F)(F)F)(C(F)(F)F)c1ccc(cc1)OC(=O)c1ccccc1c1ccccc1C(=O)*,162.0
*Oc1ccc(cc1)C(C(F)(F)F)(C(F)(F)F)c1ccc(cc1)OC1(F)C(*)(F)C(C1(F)F)(F)F,122.5
*Oc1ccc(cc1)C(C(F)(F)F)(C(F)(F)F)c1ccc(cc1)OP1(=NP(=NP(=N1)(*)Oc1ccc(cc1)C(=O)OC)(Oc1ccc(cc1)C(=O)OC)Oc1ccc(cc1)C(=O)OC)Oc1ccc(cc1)C(=O)OC,78.0
*Oc1ccc(cc1)C(C(F)(F)F)(C(F)(F)F)c1ccc(cc1)Oc1c(F)c(F)c(c(c1F)F)C(=O)c1c(F)c(F)c(c(c1F)F)*,148.0
*Oc1ccc(cc1)C(C(F)(F)F)(C(F)(F)F)c1ccc(cc1)Oc1c(F)c(F)c(c(c1F)F)COC(C(F)(F)F)(C(F)(F)F)c1cccc(c1)C(C(F)(F)F)(C(F)(F)F)OCc1c(F)c(F)c(c(c1F)F)*,113.0
*Oc1ccc(cc1)C(C(F)(F)F)(C(F)(F)F)c1ccc(cc1)Oc1ccc(cc1)C(=O)C(=O)c1ccc(cc1)*,162.0
*Oc1ccc(cc1)C(C(F)(F)F)(C(F)(F)F)c1ccc(cc1)Oc1ccc(cc1)C(=O)Nc1ccc(c(c1)C(F)(F)F)c1ccc(cc1C(F)(F)F)NC(=O)c1ccc(cc1)*,240.0
*Oc1ccc(cc1)C(C(F)(F)F)(C(F)(F)F)c1ccc(cc1)Oc1ccc(cc1)C(=O)Nc1ccc(cc1)NC(=O)c1ccc(cc1)*,218.0
*Oc1ccc(cc1)C(C(F)(F)F)(C(F)(F)F)c1ccc(cc1)Oc1ccc(cc1)C(=O)c1c(C(=O)c2ccc(cc2)*)c(c2ccccc2)c(c(c1c1ccccc1)c1ccc2c(c1)cccc2)c1ccc2c(c1)cccc2,275.0
*Oc1ccc(cc1)C(C(F)(F)F)(C(F)(F)F)c1ccc(cc1)Oc1ccc(cc1)C(=O)c1c(c2ccc(cc2)F)c(c2ccc(cc2)F)c(c(c1C(=O)c1ccc(cc1)*)c1ccc(cc1)F)c1ccc(cc1)F,253.0
*Oc1ccc(cc1)C(C(F)(F)F)(C(F)(F)F)c1ccc(cc1)Oc1ccc(cc1)C(=O)c1cc(cc(c1)C(C)(C)C)C(=O)c1ccc(cc1)*,181.0
*Oc1ccc(cc1)C(C(F)(F)F)(C(F)(F)F)c1ccc(cc1)Oc1ccc(cc1)C(=O)c1ccc(cc1)*,170.0
*Oc1ccc(cc1)C(C(F)(F)F)(C(F)(F)F)c1ccc(cc1)Oc1ccc(cc1)C(=O)c1ccc(cc1)C(C(F)(F)F)(C(F)(F)F)c1ccc(cc1)C(=O)c1ccc(cc1)*,185.0
*Oc1ccc(cc1)C(C(F)(F)F)(C(F)(F)F)c1ccc(cc1)Oc1ccc(cc1)C(=O)c1ccc(cc1)C(c1ccc(cc1)C(=O)c1ccc(cc1)*)(C)C,179.0
*Oc1ccc(cc1)C(C(F)(F)F)(C(F)(F)F)c1ccc(cc1)Oc1ccc(cc1)C(=O)c1ccc(cc1)P(=O)(c1ccc(cc1)C(=O)c1ccc(cc1)*)c1ccccc1,207.0
*Oc1ccc(cc1)C(C(F)(F)F)(C(F)(F)F)c1ccc(cc1)Oc1ccc(cc1)C(=O)c1cccc(c1)C(=O)c1ccc(cc1)*,168.1
*Oc1ccc(cc1)C(C(F)(F)F)(C(F)(F)F)c1ccc(cc1)Oc1ccc(cc1)C(=O)c1cccc(c1)c1cccc(c1)C(=O)c1ccc(cc1)*,159.0
*Oc1ccc(cc1)C(C(F)(F)F)(C(F)(F)F)c1ccc(cc1)Oc1ccc(cc1)C(=O)c1cccc2c1c(ccc2)C(=O)c1ccc(cc1)*,213.0
*Oc1ccc(cc1)C(C(F)(F)F)(C(F)(F)F)c1ccc(cc1)Oc1ccc(cc1)C(=O)c1ccccc1c1ccccc1C(=O)c1ccc(cc1)*,178.5
*Oc1ccc(cc1)C(C1C2CCC(C1C)C2)c1ccc(cc1)OC(=O)*,220.0
*Oc1ccc(cc1)C(C1C2CCC(C1c1ccccc1)C2)c1ccc(cc1)OC(=O)*,196.0
*Oc1ccc(cc1)C(C1CC2CC1C1C2C2CC1CC2)c1ccc(cc1)OC(=O)*,253.0
*Oc1ccc(cc1)C(C1CC2CC1CC2)c1ccc(cc1)OC(=O)*,207.0
*Oc1ccc(cc1)C(P1(=O)Oc2ccccc2-c2c1cccc2)(P1(=O)Oc2ccccc2-c2c1cccc2)c1ccc(cc1)Oc1ccc(cc1)C(=O)c1ccc(cc1)*,162.76
*Oc1ccc(cc1)C(c1cc(Cl)c(c(c1)Cl)OC(=O)*)(C)C,186.0
*Oc1ccc(cc1)C(c1ccc(c(c1)Cl)OC(=O)*)(C)C,146.0
*Oc1ccc(cc1)C(c1ccc(cc1)C(c1ccc(cc1)OC(=O)*)(C)C)(C)C,154.0
*Oc1ccc(cc1)C(c1ccc(cc1)C(c1ccc(cc1)Oc1ccc(cc1)C(=O)Nc1ccc(cc1)Cc1ccc(cc1)NC(=O)c1ccc(cc1)*)(C)C)(C)C,162.0
*Oc1ccc(cc1)C(c1ccc(cc1)C(c1ccc(cc1)Oc1ccc(cc1)C(=O)Nc1ccc(cc1)NC(=O)c1ccc(cc1)*)(C)C)(C)C,163.0
*Oc1ccc(cc1)C(c1ccc(cc1)C(c1ccc(cc1)Oc1ccc(cc1)C(=O)Nc1cccc(c1)NC(=O)c1ccc(cc1)*)(C)C)(C)C,173.0
*Oc1ccc(cc1)C(c1ccc(cc1)OC(=O)*)(C)C,148.0
*Oc1ccc(cc1)C(c1ccc(cc1)OC(=O)*)C,130.0
*Oc1ccc(cc1)C(c1ccc(cc1)OC(=O)*)C(C)C,149.0
*Oc1ccc(cc1)C(c1ccc(cc1)OC(=O)*)C(Cl)Cl,165.0
*Oc1ccc(cc1)C(c1ccc(cc1)OC(=O)*)C1CCCCC1,190.0
*Oc1ccc(cc1)C(c1ccc(cc1)OC(=O)C1CCC(CC1)C(=O)*)(C)C,150.0
*Oc1ccc(cc1)C(c1ccc(cc1)OC(=O)CC(CCC(=O)*)C)(C)C,56.0
*Oc1ccc(cc1)C(c1ccc(cc1)OC(=O)CCCCC(=O)*)(C)C,58.0
*Oc1ccc(cc1)C(c1ccc(cc1)OC(=O)CCCCCCCCC(=O)*)(C)C,14.25
*Oc1ccc(cc1)C(c1ccc(cc1)OC(=O)CN(c1ccc(cc1)N=Nc1ccc(cc1)[N+](=O)[O-])CC(=O)*)(C)C,152.0
*Oc1ccc(cc1)C(c1ccc(cc1)OC(=O)NC(=O)c1cc(cc(c1)C(C)(C)C)C(=O)NC(=O)*)(C)C,123.5
*Oc1ccc(cc1)C(c1ccc(cc1)OC(=O)Nc1cccc(c1)P(=O)(c1cccc(c1)NC(=O)*)c1ccccc1)(C)C,62.0
*Oc1ccc(cc1)C(c1ccc(cc1)OC(=O)OC1C(C)(C)C(C1(C)C)OC(=O)*)(C)C,130.0
*Oc1ccc(cc1)C(c1ccc(cc1)OC(=O)OCC1CCC(CC1)COC(=O)*)(C)C,90.4
*Oc1ccc(cc1)C(c1ccc(cc1)OC(=O)OCCCCCCOC(=O)*)(C)C,48.4
*Oc1ccc(cc1)C(c1ccc(cc1)OC(=O)OCCCCCOC(=O)*)(C)C,25.5
*Oc1ccc(cc1)C(c1ccc(cc1)OC(=O)OCCCCOC(=O)*)(C)C,46.65
*Oc1ccc(cc1)C(c1ccc(cc1)OC(=O)OCCCOC(=O)*)(C)C,38.0
*Oc1ccc(cc1)C(c1ccc(cc1)OC(=O)OCCN(c1ccc(cc1)OC)CCOC(=O)*)(C)C,60.0
*Oc1ccc(cc1)C(c1ccc(cc1)OC(=O)OCCN(c1ccc2c(c1)c1ccccc1[nH]2)CCOC(=O)*)(C)C,90.0
*Oc1ccc(cc1)C(c1ccc(cc1)OC(=O)OCCN(c1ccccc1)CCOC(=O)*)(C)C,70.0
*Oc1ccc(cc1)C(c1ccc(cc1)OC(=O)OCCOC(=O)*)(C)C,36.4
*Oc1ccc(cc1)C(c1ccc(cc1)OC(=O)OCCOCCOC(=O)*)(C)C,47.6
*Oc1ccc(cc1)C(c1ccc(cc1)OC(=O)Oc1ccc(cc1)Cc1ccc(cc1)OC(=O)*)(C)C,107.8
*Oc1ccc(cc1)C(c1ccc(cc1)OC(=O)SCCCCCCSC(=O)*)(C)C,58.0
*Oc1ccc(cc1)C(c1ccc(cc1)OC(=O)SCCCSC(=O)*)(C)C,90.0
*Oc1ccc(cc1)C(c1ccc(cc1)OC(=O)Sc1ccc(cc1)C(c1ccc(cc1)SC(=O)*)(C)C)(C)C,154.0
*Oc1ccc(cc1)C(c1ccc(cc1)OC(=O)c1cc(NC(=O)c2ccc(cc2)NC(=O)C(N2C(=O)c3c(C2=O)cccc3)C)cc(c1)C(=O)*)(C)C,238.0
*Oc1ccc(cc1)C(c1ccc(cc1)OC(=O)c1ccc(cc1)C(=O)*)(C)C,210.0
*Oc1ccc(cc1)C(c1ccc(cc1)OC(=O)c1ccc(cc1)C(=O)*)(CC)CC,165.0
*Oc1ccc(cc1)C(c1ccc(cc1)OC(=O)c1ccc(cc1)C(=O)c1ccc(cc1)C(=O)*)(C)C,194.0
*Oc1ccc(cc1)C(c1ccc(cc1)OC(=O)c1ccc(cc1)C(C(F)(F)F)(C(F)(F)F)c1ccc(cc1)C(=O)*)(C)C,124.0
*Oc1ccc(cc1)C(c1ccc(cc1)OC(=O)c1ccc(cc1)C(c1ccc(cc1)C(=O)*)(C)C)(C)C,227.5
*Oc1ccc(cc1)C(c1ccc(cc1)OC(=O)c1ccc(cc1)C(c1ccc(cc1)C(=O)*)(CC)C)(C)C,207.5
*Oc1ccc(cc1)C(c1ccc(cc1)OC(=O)c1ccc(cc1)CC(=O)*)(C)C,85.0
*Oc1ccc(cc1)C(c1ccc(cc1)OC(=O)c1ccc(cc1)Cc1ccc(cc1)C(=O)*)(C)C,187.5
*Oc1ccc(cc1)C(c1ccc(cc1)OC(=O)c1ccc(cc1)OCCCCCCCCCCOc1ccc(cc1)C(=O)*)(C)C,77.0
*Oc1ccc(cc1)C(c1ccc(cc1)OC(=O)c1ccc(cc1)Oc1ccc(cc1)C(=O)*)(C)C,199.0
*Oc1ccc(cc1)C(c1ccc(cc1)OC(=O)c1ccc(cc1)S(=O)(=O)c1ccc(cc1)C(=O)*)(C)C,205.0
*Oc1ccc(cc1)C(c1ccc(cc1)OC(=O)c1ccc(cc1)[Si](c1ccc(cc1)C(=O)*)(C)C)(C)C,180.0
*Oc1ccc(cc1)C(c1ccc(cc1)OC(=O)c1ccc(cc1)[Si](c1ccc(cc1)C(=O)*)(c1ccccc1)c1ccccc1)(C)C,295.0
*Oc1ccc(cc1)C(c1ccc(cc1)OC(=O)c1ccc2c(c1)C(C)(CC2(C)C)c1ccc(cc1)C(=O)*)(C)C,265.0
*Oc1ccc(cc1)C(c1ccc(cc1)OC(=O)c1cccc(c1)C(=O)*)(C)C,180.0
*Oc1ccc(cc1)C(c1ccc(cc1)OC(=O)c1cccc(c1)C(C(C(c1cccc(c1)C(=O)*)(F)F)(F)F)(F)F)(C)C,122.0
*Oc1ccc(cc1)C(c1ccc(cc1)OC(=O)c1cccc(c1)Oc1cccc(c1)C(=O)*)(C)C,85.0
*Oc1ccc(cc1)C(c1ccc(cc1)OC(=O)c1ccccc1c1ccccc1C(=O)*)(C)C,154.0
*Oc1ccc(cc1)C(c1ccc(cc1)OC(=S)*)(C)C,140.5
*Oc1ccc(cc1)C(c1ccc(cc1)OC(=S)*)(CC(C)C)C,128.0
*Oc1ccc(cc1)C(c1ccc(cc1)OC(=S)*)C,99.0
*Oc1ccc(cc1)C(c1ccc(cc1)OC(=S)*)C(C)C,135.0
*Oc1ccc(cc1)C(c1ccc(cc1)OC(Oc1ccccc1)(Oc1ccccc1)*)(C)C,92.0
*Oc1ccc(cc1)C(c1ccc(cc1)OC1(F)C(*)(F)C(C1(F)F)(F)F)(C)C,98.0
*Oc1ccc(cc1)C(c1ccc(cc1)OC1=CC=CC([NH+]1C)*)(C)C,173.0
*Oc1ccc(cc1)C(c1ccc(cc1)OP1(=NP(=NP(=N1)(*)Oc1ccc(cc1)C(=O)OC)(Oc1ccc(cc1)C(=O)OC)Oc1ccc(cc1)C(=O)OC)Oc1ccc(cc1)C(=O)OC)(C)C,73.0
*Oc1ccc(cc1)C(c1ccc(cc1)Oc1c(F)c(F)c(c(c1F)F)COC(C(F)(F)F)(C(F)(F)F)c1cccc(c1)C(C(F)(F)F)(C(F)(F)F)OCc1c(F)c(F)c(c(c1F)F)*)(C)C,98.0
*Oc1ccc(cc1)C(c1ccc(cc1)Oc1ccc(cc1)C(=O)C(=O)c1ccc(cc1)*)(C)C,152.0
*Oc1ccc(cc1)C(c1ccc(cc1)Oc1ccc(cc1)C(=O)Nc1ccc(c(c1)C(F)(F)F)c1ccc(cc1C(F)(F)F)NC(=O)c1ccc(cc1)*)(C)C,250.0
*Oc1ccc(cc1)C(c1ccc(cc1)Oc1ccc(cc1)C(=O)Nc1ccc(cc1)NC(=O)c1ccc(cc1)*)(C)C,230.0
*Oc1ccc(cc1)C(c1ccc(cc1)Oc1ccc(cc1)C(=O)Nc1cccc(c1)NC(=O)c1ccc(cc1)*)(C)C,214.0
*Oc1ccc(cc1)C(c1ccc(cc1)Oc1ccc(cc1)C(=O)c1c(C(=O)c2ccc(cc2)*)c(c2ccccc2)c(c(c1c1ccccc1)c1ccc2c(c1)cccc2)c1ccc2c(c1)cccc2)(C)C,264.0
*Oc1ccc(cc1)C(c1ccc(cc1)Oc1ccc(cc1)C(=O)c1c(C)ccc2c1ccc(c2C(=O)c1ccc(cc1)*)C)(C)C,222.0
*Oc1ccc(cc1)C(c1ccc(cc1)Oc1ccc(cc1)C(=O)c1c(c2ccc(cc2)F)c(c2ccc(cc2)F)c(c(c1C(=O)c1ccc(cc1)*)c1ccc(cc1)F)c1ccc(cc1)F)(C)C,252.0
*Oc1ccc(cc1)C(c1ccc(cc1)Oc1ccc(cc1)C(=O)c1ccc(cc1)*)(C)C,155.0
*Oc1ccc(cc1)C(c1ccc(cc1)Oc1ccc(cc1)C(=O)c1ccc(cc1)C(=O)c1ccc(cc1)*)(C)C,160.0
*Oc1ccc(cc1)C(c1ccc(cc1)Oc1ccc(cc1)C(=O)c1ccc(cc1)C(C(F)(F)F)(C(F)(F)F)c1ccc(cc1)C(=O)c1ccc(cc1)*)(C)C,181.0
*Oc1ccc(cc1)C(c1ccc(cc1)Oc1ccc(cc1)C(=O)c1ccc(cc1)C(c1ccc(cc1)C(=O)c1ccc(cc1)*)(C)C)(C)C,171.0
*Oc1ccc(cc1)C(c1ccc(cc1)Oc1ccc(cc1)C(=O)c1ccc(cc1)Oc1ccc(cc1)C(=O)c1ccc(cc1)*)(C)C,162.0
*Oc1ccc(cc1)C(c1ccc(cc1)Oc1ccc(cc1)C(=O)c1ccc(cc1)P(=O)(c1ccc(cc1)C(=O)c1ccc(cc1)*)c1ccccc1)(C)C,195.0
*Oc1ccc(cc1)C(c1ccc(cc1)Oc1ccc(cc1)C(=O)c1ccc(cc1)c1ccc(cc1)C(=O)c1ccc(cc1)*)(C)C,186.0
*Oc1ccc(cc1)C(c1ccc(cc1)Oc1ccc(cc1)C(=O)c1ccc2c(c1)ccc(c2)C(=O)c1ccc(cc1)*)(C)C,185.0
*Oc1ccc(cc1)C(c1ccc(cc1)Oc1ccc(cc1)C(=O)c1cccc(c1)C(=O)c1ccc(cc1)*)(C)C,153.0
*Oc1ccc(cc1)C(c1ccc(cc1)Oc1ccc(cc1)C(=O)c1cccc2c1c(ccc2)C(=O)c1ccc(cc1)*)(C)C,210.5
*Oc1ccc(cc1)C(c1ccc(cc1)Oc1ccc(cc1)C(=O)c1ccccc1c1ccccc1C(=O)c1ccc(cc1)*)(C)C,172.0
*Oc1ccc(cc1)C(c1ccc(cc1)Oc1ccc(cc1)C(C(c1ccc(cc1)*)O)O)(C)C,149.9
*Oc1ccc(cc1)C(c1ccc(cc1)Oc1ccc(cc1C(F)(F)F)C(=O)c1ccc(cc1)C(=O)c1ccc(c(c1)C(F)(F)F)*)(C)C,171.0
*Oc1ccc(cc1)C(c1ccc(cc1)Oc1ccc(cc1S(=O)(=O)O)C(=O)c1ccc(c(c1)S(=O)(=O)O)*)(C)C,175.0
*Oc1ccc(cc1)C(c1ccc(cc1)Oc1ccc(nn1)*)(C)C,180.0
*Oc1ccc(cc1)C(c1ccc(cc1)Oc1ccc2c(c1)C(=O)N(C2=O)N1C(=O)c2c(C1=O)cc(cc2)*)(C)C,216.7
*Oc1ccc(cc1)C(c1ccc(cc1)Oc1ccc2c3c1cccc3c1n(c2=O)c2c(n1)ccc(c2)Oc1ccc2c(c1)nc1n2c(=O)c2c3c1ccc(c3ccc2)*)(C)C,334.0
*Oc1ccc(cc1)C(c1ccc(cc1)Oc1ccc2c3c1cccc3c1n(c2=O)c2c(n1)ccc(c2)c1ccc2c(c1)nc1n2c(=O)c2c3c1ccc(c3ccc2)*)(C)C,380.0
*Oc1ccc(cc1)C(c1ccc(cc1)Oc1cccc(n1)*)(C)C,107.0
*Oc1ccc(cc1)C(c1ccc(cc1)Oc1cncc(n1)*)(C)C,94.0
*Oc1ccc(cc1)C(c1ccc(cc1)Oc1nc(*)nc(n1)Cl)(C)C,80.0
*Oc1ccc(cc1)C(c1ccc(cc1)Oc1nc(*)nc(n1)OC)(C)C,172.5
*Oc1ccc(cc1)C(c1ccc2c(c1)cccc2)(c1ccc(cc1)OC(=O)c1ccc(cc1)C(=O)*)C,259.0
*Oc1ccc(cc1)C(c1ccc2c(c1)cccc2)(c1ccc(cc1)OC(=O)c1cccc(c1)C(=O)*)C,234.0
*Oc1ccc(cc1)C(c1cccc(c1)C(c1ccc(cc1)Oc1ccc(cc1)C(=O)Nc1ccc(cc1)Cc1ccc(cc1)NC(=O)c1ccc(cc1)*)(C)C)(C)C,149.0
*Oc1ccc(cc1)C(c1cccc(c1)C(c1ccc(cc1)Oc1ccc(cc1)C(=O)Nc1ccc(cc1)NC(=O)c1ccc(cc1)*)(C)C)(C)C,154.0
*Oc1ccc(cc1)C(c1cccc(c1)C(c1ccc(cc1)Oc1ccc(cc1)C(=O)Nc1cccc(c1)NC(=O)c1ccc(cc1)*)(C)C)(C)C,155.0
*Oc1ccc(cc1)C(c1cccc2c1cccc2)c1ccc(cc1)OC(=S)*,191.0
*Oc1ccc(cc1)C(c1ccccc1)(c1ccc(cc1)OC(=O)*)C,179.0
*Oc1ccc(cc1)C(c1ccccc1)(c1ccc(cc1)OC(=O)*)C#N,138.0
*Oc1ccc(cc1)C(c1ccccc1)(c1ccc(cc1)OC(=O)*)CC,147.0
*Oc1ccc(cc1)C(c1ccccc1)(c1ccc(cc1)OC(=O)CCCCCCCCC(=O)*)CC,88.0
*Oc1ccc(cc1)C(c1ccccc1)(c1ccc(cc1)OC(=O)OC1C(C)(C)C(C1(C)C)OC(=O)*)C,149.0
*Oc1ccc(cc1)C(c1ccccc1)(c1ccc(cc1)OC(=O)c1ccc(cc1)C(=O)*)CC,243.0
*Oc1ccc(cc1)C(c1ccccc1)(c1ccc(cc1)OC(=O)c1cccc(c1)C(=O)*)C,202.0
*Oc1ccc(cc1)C(c1ccccc1)(c1ccc(cc1)OC(=O)c1ccccc1c1ccccc1C(=O)*)C,172.0
*Oc1ccc(cc1)C(c1ccccc1)(c1ccc(cc1)OC(=S)*)C,181.0
*Oc1ccc(cc1)C(c1ccccc1)(c1ccc(cc1)OC(=S)*)CC,173.0
*Oc1ccc(cc1)C(c1ccccc1)(c1ccc(cc1)Oc1c(F)c(F)c(c(c1F)F)C(=O)c1c(F)c(F)c(c(c1F)F)*)C,175.0
*Oc1ccc(cc1)C(c1ccccc1)(c1ccc(cc1)Oc1ccc(cc1)C(=O)C(=O)c1ccc(cc1)*)C,177.0
*Oc1ccc(cc1)C(c1ccccc1)(c1ccccc1)c1ccc(cc1)OC(=O)*,121.0
*Oc1ccc(cc1)C(c1ccccc1)(c1ccccc1)c1ccc(cc1)OC(=O)OC1C(C)(C)C(C1(C)C)OC(=O)*,161.0
*Oc1ccc(cc1)C(c1ccccc1)(c1ccccc1)c1ccc(cc1)OC(=O)c1ccc(cc1)C(=O)*,210.0
*Oc1ccc(cc1)C(c1ccccc1)(c1ccccc1)c1ccc(cc1)OC(=O)c1cccc(c1)C(=O)*,229.0
*Oc1ccc(cc1)C(c1ccccc1)(c1ccccc1)c1ccc(cc1)Oc1ccc(cc1)C(=O)Nc1ccc(cc1)NC(=O)c1ccc(cc1)*,254.0
*Oc1ccc(cc1)C(c1ccccc1)(c1ccccc1)c1ccc(cc1)Oc1ccc2c3c1cccc3c1n(c2=O)c2c(n1)ccc(c2)c1ccc2c(c1)nc1n2c(=O)c2c3c1ccc(c3ccc2)*,357.0
*Oc1ccc(cc1)C(c1ccccc1)c1ccc(cc1)OC(=O)*,159.0
*Oc1ccc(cc1)C(c1ccccc1)c1ccc(cc1)OC(=S)*,179.0
*Oc1ccc(cc1)C(c1ccccc1C(=O)O)c1ccc(cc1)Oc1ccc(cc1)C(=O)c1ccc(cc1)*,220.5
*Oc1ccc(cc1)C1(C)CCC(CC1)C(c1ccc(cc1)Oc1ccc(cc1)C(=O)c1ccc(cc1)*)(C)C,200.0
*Oc1ccc(cc1)C1(C2CC3CC1CC(C2)C3)c1ccc(cc1)OC(=O)OC1C(C)(C)C(C1(C)C)OC(=O)*,140.0
*Oc1ccc(cc1)C1(C2CC3CC1CC(C2)C3)c1ccc(cc1)OC(=O)c1ccc(cc1)Oc1ccc(cc1)C1(CCC(CC1)C(C)(C)C)c1ccc(cc1)Oc1ccc(cc1)C(=O)*,197.0
*Oc1ccc(cc1)C1(CC(C)CC(C1)(C)C)c1ccc(cc1)OC(=O)*,233.5
*Oc1ccc(cc1)C1(CC2CC1C1C2C2CC1CC2)c1ccc(cc1)OC(=O)*,267.5
*Oc1ccc(cc1)C1(CC2CC1C1C2CCC1)c1ccc(cc1)OC(=O)*,251.5
*Oc1ccc(cc1)C1(CC2CC1C1C2CCC1)c1ccc(cc1)OC(=O)c1ccc(cc1)C(=O)*,322.0
*Oc1ccc(cc1)C1(CC2CC1C1C2CCC1)c1ccc(cc1)OC(=O)c1ccc(cc1)Oc1ccc(cc1)C1(CCC(CC1)C(C)(C)C)c1ccc(cc1)Oc1ccc(cc1)C(=O)*,181.0
*Oc1ccc(cc1)C1(CC2CC1CC2)c1ccc(cc1)OC(=O)*,232.0
*Oc1ccc(cc1)C1(CC2CC1CC2)c1ccc(cc1)OC(=O)OC1C(C)(C)C(C1(C)C)OC(=O)*,184.0
*Oc1ccc(cc1)C1(CCC(CC1)C(C)(C)C)c1ccc(cc1)OC(=O)OC1C(C)(C)C(C1(C)C)OC(=O)*,172.0
*Oc1ccc(cc1)C1(CCC(CC1)C(C)(C)C)c1ccc(cc1)OC(=O)c1ccc(cc1)C(=O)*,210.0
*Oc1ccc(cc1)C1(CCC(CC1)C(C)(C)C)c1ccc(cc1)Oc1ccc(cc1)C(=O)Oc1c(C)cc(cc1C)C(c1cc(C)c(c(c1)C)OC(=O)c1ccc(cc1)*)(C)C,176.0
*Oc1ccc(cc1)C1(CCC(CC1)C(C)(C)C)c1ccc(cc1)Oc1ccc(cc1)C(=O)Oc1ccc(cc1)C(c1ccc(cc1)OC(=O)c1ccc(cc1)*)(C)C,144.0
*Oc1ccc(cc1)C1(CCC(CC1)C(C)(C)C)c1ccc(cc1)Oc1ccc(cc1)C(=O)Oc1ccc(cc1)C1(CCC(CC1)c1ccccc1)c1ccc(cc1)OC(=O)c1ccc(cc1)*,172.0
*Oc1ccc(cc1)C1(CCC(CC1)C)c1ccc(cc1)OC(=S)*,168.0
*Oc1ccc(cc1)C1(CCC2C(C1)CCCC2)c1ccc(cc1)OC(=O)c1ccc(cc1)C(=O)*,275.0
*Oc1ccc(cc1)C1(CCC2C(C1)CCCC2)c1ccc(cc1)OC(=O)c1cccc(c1)C(=O)*,248.0
*Oc1ccc(cc1)C1(CCC2C(C1)CCCC2)c1ccc(cc1)Oc1ccc(cc1)C(=O)c1ccc(cc1)*,214.0
*Oc1ccc(cc1)C1(CCC2C(C1)CCCC2)c1ccc(cc1)Oc1ccc(cc1)C(=O)c1cccc(c1)C(=O)c1ccc(cc1)*,194.0
*Oc1ccc(cc1)C1(CCCC1)c1ccc(cc1)OC(=O)*,166.0
*Oc1ccc(cc1)C1(CCCC1)c1ccc(cc1)OC(=S)*,79.0
*Oc1ccc(cc1)C1(CCCCC1)c1ccc(cc1)OC(=O)*,177.0
*Oc1ccc(cc1)C1(CCCCC1)c1ccc(cc1)OC(=O)OC1C(C)(C)C(C1(C)C)OC(=O)*,136.0
*Oc1ccc(cc1)C1(CCCCC1)c1ccc(cc1)OC(=O)c1ccc(cc1)C(=O)*,253.5
*Oc1ccc(cc1)C1(CCCCC1)c1ccc(cc1)OC(=O)c1cccc(c1)C(=O)*,127.0
*Oc1ccc(cc1)C1(CCCCC1)c1ccc(cc1)OC(=S)*,155.0
*Oc1ccc(cc1)C1(CCCCC1)c1ccc(cc1)Oc1nc(*)nc(n1)OC,200.0
*Oc1ccc(cc1)C1(CCCCCC1)c1ccc(cc1)OC(=O)*,155.0
*Oc1ccc(cc1)C1(CCCCCCCCCCC1)c1ccc(cc1)OC(=O)c1ccc(cc1)Oc1ccc(cc1)C1(CCC(CC1)C(C)(C)C)c1ccc(cc1)Oc1ccc(cc1)C(=O)*,181.0
*Oc1ccc(cc1)C1(CCc2c1cccc2)c1ccc(cc1)OC(=O)*,219.0
*Oc1ccc(cc1)C1(CCc2c1cccc2)c1ccc(cc1)OC(=O)c1ccc(cc1)C(=O)*,312.0
*Oc1ccc(cc1)C1(c2ccc(cc2)OC(=O)*)c2cc(OC)ccc2-c2c1cc(cc2)[N+](=O)[O-],294.0
*Oc1ccc(cc1)C1(c2ccc(cc2)OC(=O)*)c2cc(ccc2-c2c1cc(cc2)[N+](=O)[O-])N(C)C,278.0
*Oc1ccc(cc1)C1(c2ccc(cc2)OC(=O)*)c2ccccc2-c2c1cccc2,280.0
*Oc1ccc(cc1)C1(c2ccc(cc2)OC(=O)C23CC4CC(C2)CC(C3)(C4)C(=O)*)c2ccccc2-c2c1cccc2,335.0
*Oc1ccc(cc1)C1(c2ccc(cc2)OC(=O)CCC(=O)*)c2cc(OC)ccc2-c2c1cc(cc2)[N+](=O)[O-],230.0
*Oc1ccc(cc1)C1(c2ccc(cc2)OC(=O)CCC(=O)*)c2cc(ccc2-c2c1cc(cc2)[N+](=O)[O-])N(C)C,215.0
*Oc1ccc(cc1)C1(c2ccc(cc2)OC(=O)CCC(=O)*)c2ccccc2-c2c1cccc2,234.0
*Oc1ccc(cc1)C1(c2ccc(cc2)OC(=O)CCCC(=O)*)c2cc(OC)ccc2-c2c1cc(cc2)[N+](=O)[O-],197.0
*Oc1ccc(cc1)C1(c2ccc(cc2)OC(=O)CCCC(=O)*)c2cc(ccc2-c2c1cc(cc2)[N+](=O)[O-])N(C)C,181.0
*Oc1ccc(cc1)C1(c2ccc(cc2)OC(=O)CCCC(=O)*)c2ccccc2-c2c1cccc2,207.0
*Oc1ccc(cc1)C1(c2ccc(cc2)OC(=O)CCCCC(=O)*)c2cc(ccc2-c2c1cc(cc2)[N+](=O)[O-])N(C)C,150.0
*Oc1ccc(cc1)C1(c2ccc(cc2)OC(=O)CCCCC(=O)*)c2ccccc2-c2c1cccc2,166.0
*Oc1ccc(cc1)C1(c2ccc(cc2)OC(=O)CCCCCCC(=O)*)c2ccccc2-c2c1cccc2,158.0
*Oc1ccc(cc1)C1(c2ccc(cc2)OC(=O)CCCCCCCC(=O)*)c2ccccc2-c2c1cccc2,150.0
*Oc1ccc(cc1)C1(c2ccc(cc2)OC(=O)CCCCCCCCC(=O)*)c2ccccc2-c2c1cccc2,151.0
*Oc1ccc(cc1)C1(c2ccc(cc2)OC(=O)CCCCCCCCC(=O)*)c2ccccc2Cc2c1cccc2,134.0
*Oc1ccc(cc1)C1(c2ccc(cc2)OC(=O)CCCCCCCCCC(=O)*)c2ccccc2-c2c1cccc2,136.0
*Oc1ccc(cc1)C1(c2ccc(cc2)OC(=O)CCCCCCCCCCC(=O)*)c2ccccc2-c2c1cccc2,117.0
*Oc1ccc(cc1)C1(c2ccc(cc2)OC(=O)OC2C(C)(C)C(C2(C)C)OC(=O)*)c2ccccc2-c2c1cccc2,214.0
*Oc1ccc(cc1)C1(c2ccc(cc2)OC(=O)c2ccc(cc2)C(=O)*)c2ccccc2-c2c1cccc2,285.0
*Oc1ccc(cc1)C1(c2ccc(cc2)OC(=O)c2ccc(cc2)C(=O)*)c2ccccc2C(=O)c2c1cccc2,400.0
*Oc1ccc(cc1)C1(c2ccc(cc2)OC(=O)c2ccc(cc2)C(=O)*)c2ccccc2Cc2c1cccc2,342.0
*Oc1ccc(cc1)C1(c2ccc(cc2)OC(=O)c2cccc(c2)C(=O)*)c2ccccc2-c2c1cccc2,274.0
*Oc1ccc(cc1)C1(c2ccc(cc2)OC2(F)C(*)(F)C(C2(F)F)(F)F)c2ccccc2-c2c1cccc2,228.0
*Oc1ccc(cc1)C1(c2ccc(cc2)Oc2c(F)c(F)c(c(c2F)F)C(=O)c2c(F)c(F)c(c(c2F)F)*)c2ccccc2-c2c1cccc2,223.0
*Oc1ccc(cc1)C1(c2ccc(cc2)Oc2c(F)c(F)c(c(c2F)F)c2c(F)c(F)c(c(c2F)F)*)c2ccccc2-c2c1cccc2,259.0
*Oc1ccc(cc1)C1(c2ccc(cc2)Oc2ccc(c(c2)c2cc(*)ccc2C(=O)c2ccccc2)C(=O)c2ccccc2)c2ccccc2-c2c1cccc2,215.0
*Oc1ccc(cc1)C1(c2ccc(cc2)Oc2ccc(cc2)C(=O)C(=O)c2ccc(cc2)*)c2ccccc2-c2c1cccc2,242.0
*Oc1ccc(cc1)C1(c2ccc(cc2)Oc2ccc(cc2)C(=O)c2c(C(=O)c3ccc(cc3)*)c(c3ccccc3)c(c(c2c2ccccc2)c2ccc3c(c2)cccc3)c2ccc3c(c2)cccc3)c2ccccc2-c2c1cccc2,310.0
*Oc1ccc(cc1)C1(c2ccc(cc2)Oc2ccc(cc2)C(=O)c2c(c3ccc(cc3)F)c(c3ccc(cc3)F)c(c(c2C(=O)c2ccc(cc2)*)c2ccc(cc2)F)c2ccc(cc2)F)c2ccccc2-c2c1cccc2,293.0
*Oc1ccc(cc1)C1(c2ccc(cc2)Oc2ccc(cc2)C(=O)c2ccc(cc2)*)c2ccccc2-c2c1cccc2,252.0
*Oc1ccc(cc1)C1(c2ccc(cc2)Oc2ccc(cc2)C(=O)c2ccc(cc2)C(=O)c2ccc(cc2)*)c2ccccc2-c2c1cccc2,243.0
*Oc1ccc(cc1)C1(c2ccc(cc2)Oc2ccc(cc2)C(=O)c2ccc(cc2)Oc2ccc(cc2)C(=O)c2ccc(cc2)*)c2ccccc2-c2c1cccc2,231.0
*Oc1ccc(cc1)C1(c2ccc(cc2)Oc2ccc(cc2)C(=O)c2cccc(c2)C(=O)c2ccc(cc2)*)c2ccccc2-c2c1cccc2,223.0
*Oc1ccc(cc1)C1(c2ccc(cc2)Oc2ccc(cc2)C(=O)c2cccc(c2)c2cccc(c2)C(=O)c2ccc(cc2)*)c2ccccc2-c2c1cccc2,212.0
*Oc1ccc(cc1)C1(c2ccc(cc2)Oc2ccc(cc2)C(=O)c2cccc3c2c(ccc3)C(=O)c2ccc(cc2)*)c2ccccc2-c2c1cccc2,269.0
*Oc1ccc(cc1)C1(c2ccc(cc2)Oc2ccc(cc2)C(=O)c2ccccc2c2ccccc2C(=O)c2ccc(cc2)*)c2ccccc2-c2c1cccc2,229.0
*Oc1ccc(cc1)C1(c2ccc(cc2)Oc2ccc(cc2)C=CC(=O)c2ccc(cc2)*)c2ccccc2-c2c1cccc2,195.0
*Oc1ccc(cc1)C1(c2ccc(cc2)Oc2ccc(cc2)C=NN=Cc2ccc(cc2)*)c2ccccc2-c2c1cccc2,227.0
*Oc1ccc(cc1)C1(c2ccc(cc2)Oc2ccc(cc2C(F)(F)F)C(=O)c2ccc(cc2)C(=O)c2ccc(c(c2)C(F)(F)F)*)c2ccccc2-c2c1cccc2,229.0
*Oc1ccc(cc1)C1(c2ccc(cc2)Oc2ccc(cc2C(F)(F)F)c2ccc(cc2)NC(=O)c2cc(cc(c2)C(C)(C)C)C(=O)Nc2ccc(cc2)c2ccc(c(c2)C(F)(F)F)*)c2ccccc2-c2c1cccc2,278.0
*Oc1ccc(cc1)C1(c2ccc(cc2)Oc2ccc(cc2C(F)(F)F)c2ccc(cc2)c2ccc(c(c2)C(F)(F)F)*)c2ccccc2-c2c1cccc2,237.0
*Oc1ccc(cc1)C1(c2ccc(cc2)Oc2ccc3c4c2cccc4c2n(c3=O)c3c(n2)ccc(c3)Oc2ccc3c(c2)nc2n3c(=O)c3c4c2ccc(c4ccc3)*)c2ccccc2-c2c1cccc2,396.0
*Oc1ccc(cc1)C1(c2ccc(cc2)Oc2ccc3c4c2cccc4c2n(c3=O)c3c(n2)ccc(c3)c2ccc3c(c2)nc2n3c(=O)c3c4c2ccc(c4ccc3)*)c2ccccc2-c2c1cccc2,421.0
*Oc1ccc(cc1)C1(c2ccc(cc2)Oc2ccc3c4c2cccc4c2n(c3=O)c3c(n2)ccc(c3)c2ccc3c(c2)nc2n3c(=O)c3c4c2ccc(c4ccc3)*)c2ccccc2C(=O)c2c1cccc2,428.0
*Oc1ccc(cc1)C=C1CCC(=Cc2ccc(cc2)OC(=O)c2ccc(cc2)N=Cc2ccc(cc2)C=Nc2ccc(cc2)C(=O)*)C1=O,205.0
*Oc1ccc(cc1)C=CC(=O)c1ccc(cc1)Oc1ccc(cc1)C(c1ccc(cc1)*)(C)C,152.0
*Oc1ccc(cc1)C=CC(=O)c1ccc(cc1)Oc1ccc(cc1)C(c1ccc(cc1)*)(c1ccccc1)C,167.0
*Oc1ccc(cc1)C=CC(=O)c1ccc(cc1)Oc1ccc(cc1C)C(c1ccc(c(c1)C)*)(C)C,157.0
*Oc1ccc(cc1)C=NN=Cc1ccc(cc1)Oc1ccc(cc1)C(=O)c1ccc(cc1)*,179.0
*Oc1ccc(cc1)C=NN=Cc1ccc(cc1)Oc1ccc(cc1)C(C(F)(F)F)(C(F)(F)F)c1ccc(cc1)*,162.0
*Oc1ccc(cc1)C=NN=Cc1ccc(cc1)Oc1ccc(cc1)C(c1ccc(cc1)*)(C)C,163.0
*Oc1ccc(cc1)C=Nc1ccc(cc1)N=Cc1ccc(cc1)Oc1ccc(cc1)C(c1ccc(cc1)*)(c1ccccc1)c1ccccc1,230.0
*Oc1ccc(cc1)C=Nc1ccc(cc1)S(=O)(=O)c1ccc(cc1)N=Cc1ccc(cc1)OC(=O)NCCCCCCNC(=O)*,148.0
*Oc1ccc(cc1)C=Nc1ccc(cc1)S(=O)(=O)c1ccc(cc1)N=Cc1ccc(cc1)OC(=O)Nc1cc(ccc1C)NC(=O)*,127.0
*Oc1ccc(cc1)C=Nc1ccc(cc1)S(=O)(=O)c1ccc(cc1)N=Cc1ccc(cc1)OC(=O)Nc1ccc(cc1)Cc1ccc(cc1)NC(=O)*,133.0
*Oc1ccc(cc1)CC(=O)*,117.0
*Oc1ccc(cc1)CC(C(=O)OC(C)C)NC(=O)CCc1ccc(cc1)OC(=O)CCC(=O)*,82.0
*Oc1ccc(cc1)CC(C(=O)OC(C)C)NC(=O)CCc1ccc(cc1)OC(=O)CCCC(=O)*,68.0
*Oc1ccc(cc1)CC(C(=O)OC(C)C)NC(=O)CCc1ccc(cc1)OC(=O)CCCCC(=O)*,56.5
*Oc1ccc(cc1)CC(C(=O)OC(C)C)NC(=O)CCc1ccc(cc1)OC(=O)CCCCCCC(=O)*,46.0
*Oc1ccc(cc1)CC(C(=O)OC(C)C)NC(=O)CCc1ccc(cc1)OC(=O)CCCCCCCCC(=O)*,44.0
*Oc1ccc(cc1)CC(C(=O)OC(C)C)NC(=O)CCc1ccc(cc1)OC(=O)COCC(=O)*,80.0
*Oc1ccc(cc1)CC(C(=O)OC(C)C)NC(=O)CCc1ccc(cc1)OC(=O)COCCOCC(=O)*,58.0
*Oc1ccc(cc1)CC(C(=O)OCC(C)C)NC(=O)CCc1ccc(cc1)OC(=O)CCC(=O)*,75.0
*Oc1ccc(cc1)CC(C(=O)OCC(C)C)NC(=O)CCc1ccc(cc1)OC(=O)CCCC(=O)*,62.0
*Oc1ccc(cc1)CC(C(=O)OCC(C)C)NC(=O)CCc1ccc(cc1)OC(=O)CCCCC(=O)*,56.0
*Oc1ccc(cc1)CC(C(=O)OCC(C)C)NC(=O)CCc1ccc(cc1)OC(=O)CCCCCCC(=O)*,42.0
*Oc1ccc(cc1)CC(C(=O)OCC(C)C)NC(=O)CCc1ccc(cc1)OC(=O)CCCCCCCCC(=O)*,33.0
*Oc1ccc(cc1)CC(C(=O)OCC(C)C)NC(=O)CCc1ccc(cc1)OC(=O)COCC(=O)*,72.0
*Oc1ccc(cc1)CC(C(=O)OCC(C)C)NC(=O)CCc1ccc(cc1)OC(=O)COCCOCC(=O)*,50.0
*Oc1ccc(cc1)CC(C(=O)OCc1ccccc1)NC(=O)CCc1ccc(cc1)OC(=O)CCC(=O)*,78.0
*Oc1ccc(cc1)CC(C(=O)OCc1ccccc1)NC(=O)CCc1ccc(cc1)OC(=O)CCC(CC(=O)*)C,55.0
*Oc1ccc(cc1)CC(C(=O)OCc1ccccc1)NC(=O)CCc1ccc(cc1)OC(=O)CCCC(=O)*,66.0
*Oc1ccc(cc1)CC(C(=O)OCc1ccccc1)NC(=O)CCc1ccc(cc1)OC(=O)CCCCC(=O)*,54.5
*Oc1ccc(cc1)CC(C(=O)OCc1ccccc1)NC(=O)CCc1ccc(cc1)OC(=O)CCCCCCC(=O)*,47.0
*Oc1ccc(cc1)CC(C(=O)OCc1ccccc1)NC(=O)CCc1ccc(cc1)OC(=O)CCCCCCCCC(=O)*,42.0
*Oc1ccc(cc1)CC(C(=O)OCc1ccccc1)NC(=O)CCc1ccc(cc1)OC(=O)COCC(=O)*,76.0
*Oc1ccc(cc1)CC(C(=O)OCc1ccccc1)NC(=O)CCc1ccc(cc1)OC(=O)COCCOCC(=O)*,55.0
*Oc1ccc(cc1)CC(c1ccccc1)(Cc1ccc(cc1)*)C#N,143.0
*Oc1ccc(cc1)CC1(Cc2ccc(cc2)*)c2ccccc2-c2c1cccc2,138.0
*Oc1ccc(cc1)CCNC(=O)c1cccc(c1)C(=O)*,152.0
*Oc1ccc(cc1)CCNC(=O)c1cccc(c1)C(=O)NCCc1ccc(cc1)OC(=O)c1cccc(c1)C(=O)*,147.0
*Oc1ccc(cc1)CNC(=O)CCCCC(=O)NCc1ccc(cc1)OC1COC2C1OCC2*,116.0
*Oc1ccc(cc1)CNC(=O)c1ccc(cc1)C(=O)NCc1ccc(cc1)OC1COC2C1OCC2*,122.0
*Oc1ccc(cc1)CNC(=O)c1cccc(c1)C(=O)NCc1ccc(cc1)OC1COC2C1OCC2*,83.0
*Oc1ccc(cc1)Cc1ccc(cc1)Cc1ccc(cc1)OC(=O)*,79.5
*Oc1ccc(cc1)Cc1ccc(cc1)OC(=O)*,133.5
*Oc1ccc(cc1)Cc1ccc(cc1)OC(=O)CCCCC(=O)*,60.5
*Oc1ccc(cc1)Cc1ccc(cc1)OC(=O)OCC1CCC(CC1)COC(=O)*,56.9
*Oc1ccc(cc1)Cc1ccc(cc1)OC(=O)c1ccc(cc1)C(c1ccc(cc1)C(=O)*)(C)C,135.0
*Oc1ccc(cc1)Cc1ccc(cc1)OC(=O)c1cccc(c1)C(=O)*,150.0
*Oc1ccc(cc1)Cc1ccc(cc1)OC(=S)*,95.0
*Oc1ccc(cc1)N(c1ccc2c(c1)cc(cc2)N(c1ccc(cc1)OC)c1ccc(cc1)*)c1ccc(cc1)OC,197.0
*Oc1ccc(cc1)N(c1ccccc1)c1ccc(cc1)c1ccc(cc1)N(c1ccc(cc1)*)c1ccccc1,218.0
*Oc1ccc(cc1)N=C(c1ccc(cc1)Oc1ccc(cc1)C(c1ccc(cc1)Oc1ccc(cc1)C(=Nc1ccc(cc1)*)C)(C)C)C,141.0
*Oc1ccc(cc1)N=C(c1ccc(cc1)Oc1ccc(cc1)C(c1ccc(cc1)Oc1ccc(cc1)C(=Nc1ccc(cc1)*)C)(c1ccccc1)c1ccccc1)C,150.0
*Oc1ccc(cc1)N=C(c1ccccc1)c1ccc(cc1)Oc1ccc(cc1)C(c1ccc(cc1)Oc1ccc(cc1)C(=Nc1ccc(cc1)*)c1ccccc1)(C)C,155.0
*Oc1ccc(cc1)N=C(c1ccccc1)c1ccc(cc1)Oc1ccc(cc1)C(c1ccc(cc1)Oc1ccc(cc1)C(=Nc1ccc(cc1)*)c1ccccc1)(c1ccccc1)c1ccccc1,177.0
*Oc1ccc(cc1)N=C(c1ccccc1)c1ccc(cc1)Oc1ccc(cc1)c1ccc(cc1)Oc1ccc(cc1)C(=Nc1ccc(cc1)*)c1ccccc1,174.0
*Oc1ccc(cc1)N=CC=Nc1ccc(cc1)OC(=O)NC1CC(C)(C)CC(C1)(C)CNC(=O)*,62.0
*Oc1ccc(cc1)N=CC=Nc1ccc(cc1)OC(=O)NCCCCCCNC(=O)*,80.0
*Oc1ccc(cc1)N=CC=Nc1ccc(cc1)OC(=O)Nc1cc(ccc1C)NC(=O)*,76.0
*Oc1ccc(cc1)N=CC=Nc1ccc(cc1)OC(=O)Nc1ccc(cc1)Cc1ccc(cc1)NC(=O)*,133.0
*Oc1ccc(cc1)N=CCCCC=Nc1ccc(cc1)OC(=O)NC1CC(C)(C)CC(C1)(C)CNC(=O)*,66.0
*Oc1ccc(cc1)N=CCCCC=Nc1ccc(cc1)OC(=O)NCCCCCCNC(=O)*,72.0
*Oc1ccc(cc1)N=CCCCC=Nc1ccc(cc1)OC(=O)Nc1cc(ccc1C)NC(=O)*,69.0
*Oc1ccc(cc1)N=CCCCC=Nc1ccc(cc1)OC(=O)Nc1ccc(cc1)Cc1ccc(cc1)NC(=O)*,76.0
*Oc1ccc(cc1)N=Cc1ccc(cc1)N(c1ccc(cc1)C=Nc1ccc(cc1)*)c1ccccc1,162.0
*Oc1ccc(cc1)N=Cc1ccc(cc1)Oc1ccc(cc1)C(C(F)(F)F)(C(F)(F)F)c1ccc(cc1)Oc1ccc(cc1)C=Nc1ccc(cc1)Oc1ccc(cc1)c1ccc(cc1)*,128.0
*Oc1ccc(cc1)N=Cc1ccc(cc1)Oc1ccc(cc1)C(c1ccc(cc1)Oc1ccc(cc1)C=Nc1ccc(cc1)*)(c1ccccc1)c1ccccc1,211.0
*Oc1ccc(cc1)N=Cc1ccc(cc1)Oc1ccc(cc1)C(c1ccc(cc1)Oc1ccc(cc1)C=Nc1ccc(cc1)Oc1ccc(cc1)c1ccc(cc1)*)(C)C,120.0
*Oc1ccc(cc1)N=Nc1c(C)cc(c(c1C)[N+](=O)[O-])Cc1cc(C)c(c(c1[N+](=O)[O-])C)N=Nc1ccc(cc1)OC(=O)c1ccc(cc1)C(=O)*,203.0
*Oc1ccc(cc1)N=Nc1ccc(c(c1)[N+](=O)[O-])Cc1ccc(cc1[N+](=O)[O-])N=Nc1ccc(cc1)OC(=O)C=CC(=O)Nc1ccc(c(c1)[N+](=O)[O-])Cc1ccc(cc1[N+](=O)[O-])NC(=O)C=CC(=O)*,130.0
*Oc1ccc(cc1)N=Nc1ccc(c(c1)[N+](=O)[O-])Cc1ccc(cc1[N+](=O)[O-])N=Nc1ccc(cc1)OC(=O)c1ccc(cc1)C(=O)*,194.0
*Oc1ccc(cc1)N=Nc1ccc(c(c1)[N+](=O)[O-])Cc1ccc(cc1[N+](=O)[O-])N=Nc1ccc(cc1)OC(=O)c1ccc(cc1)N=Nc1ccc(cc1)C(=O)*,160.0
*Oc1ccc(cc1)N=Nc1ccc(c(c1)[N+](=O)[O-])S(=O)(=O)c1ccc(cc1[N+](=O)[O-])N=Nc1ccc(cc1)OC(=O)C=CC(=O)Nc1ccc(c(c1)[N+](=O)[O-])S(=O)(=O)c1ccc(cc1[N+](=O)[O-])NC(=O)C=CC(=O)*,120.0
*Oc1ccc(cc1)N=Nc1ccc(c(c1)[N+](=O)[O-])S(=O)(=O)c1ccc(cc1[N+](=O)[O-])N=Nc1ccc(cc1)OC(=O)c1ccc(cc1)C(=O)*,170.0
*Oc1ccc(cc1)N=Nc1ccc(c(c1)[N+](=O)[O-])S(=O)(=O)c1ccc(cc1[N+](=O)[O-])N=Nc1ccc(cc1)OC(=O)c1ccc(cc1)N=Nc1ccc(cc1)C(=O)*,150.0
*Oc1ccc(cc1)N=Nc1ccc(cc1)Oc1ccc(cc1)C(c1ccc(cc1)*)(C)C,175.0
*Oc1ccc(cc1)NC(=C(C#N)C#N)c1cccc(c1)C(=C(C#N)C#N)Nc1ccc(cc1)Oc1ccc(cc1)NC(=O)c1ccc(cc1)C(=O)Nc1ccc(cc1)*,274.0
*Oc1ccc(cc1)NC(=O)/C=C/c1ccc(cc1)/C=C/C(=O)Nc1ccc(cc1)*,205.0
*Oc1ccc(cc1)NC(=O)C1=C(C(=O)Nc2ccc(cc2)*)C2(C(C1(C)C(=C2C)C)(C)Cc1ccccc1)C,82.0
*Oc1ccc(cc1)NC(=O)C=CC(=O)NNC(=O)C=CC(=O)Nc1ccc(cc1)OC(=O)C=CC(=O)NNC(=O)C=CC(=O)*,265.0
*Oc1ccc(cc1)NC(=O)C=CC(=O)NNC(=O)C=CC(=O)Nc1ccc(cc1)OC(=O)c1ccccc1C(=O)NNC(=O)c1ccccc1C(=O)*,240.0
*Oc1ccc(cc1)NC(=O)CCCCC(=O)Nc1ccc(cc1)*,230.0
*Oc1ccc(cc1)NC(=O)CCCCC(=O)Nc1ccc(cc1)OC1COC2C1OCC2*,59.0
*Oc1ccc(cc1)NC(=O)CCCCCC(=O)Nc1ccc(cc1)*,180.0
*Oc1ccc(cc1)NC(=O)CCCCCCC(=O)Nc1ccc(cc1)*,180.0
*Oc1ccc(cc1)NC(=O)CCCCCCC(=O)Nc1ccc(cc1)OC1COC2C1OCC2*,72.5
*Oc1ccc(cc1)NC(=O)CCCCCCCC(=O)Nc1ccc(cc1)*,160.0
*Oc1ccc(cc1)NC(=O)CCCCCCCCC(=O)Nc1ccc(cc1)*,142.0
*Oc1ccc(cc1)NC(=O)CCCCCCCCCC(=O)Nc1ccc(cc1)*,150.0
*Oc1ccc(cc1)NC(=O)CCCCCCCCCCC(=O)Nc1ccc(cc1)*,150.0
*Oc1ccc(cc1)NC(=O)NC1CC(C)(CNC(=O)Nc2ccc(cc2)*)CC(C1)(C)C,274.0
*Oc1ccc(cc1)NC(=O)Nc1cc(ccc1C)NC(=O)Nc1ccc(cc1)*,269.0
*Oc1ccc(cc1)NC(=O)Nc1ccccc1CCc1ccc(cc1)NC(=O)Nc1ccc(cc1)*,200.0
*Oc1ccc(cc1)NC(=O)Nc1ccccc1CCc1ccccc1NC(=O)Nc1ccc(cc1)*,232.0
*Oc1ccc(cc1)NC(=O)c1c(cccc1c1cccc(c1C(=O)Nc1ccc(cc1)*)C(=O)O)C(=O)O,272.0
*Oc1ccc(cc1)NC(=O)c1cc(C(=O)Nc2ccc(cc2)*)c(cc1C(=O)O)C(=O)O,207.4
*Oc1ccc(cc1)NC(=O)c1cc(NC(=O)CCCCCCCCCCN2C(=O)c3c(C2=O)cccc3)cc(c1)C(=O)Nc1ccc(cc1)*,160.0
*Oc1ccc(cc1)NC(=O)c1cc(NC(=O)CCCCCN2C(=O)c3c(C2=O)cccc3)cc(c1)C(=O)Nc1ccc(cc1)*,200.0
*Oc1ccc(cc1)NC(=O)c1cc(NC(=O)CCCN2C(=O)c3c(C2=O)cccc3)cc(c1)C(=O)Nc1ccc(cc1)*,225.0
*Oc1ccc(cc1)NC(=O)c1cc(NC(=O)CCN2C(=O)c3c(C2=O)cccc3)cc(c1)C(=O)Nc1ccc(cc1)*,240.0
*Oc1ccc(cc1)NC(=O)c1cc(NC(=O)c2ccc(cc2)OC(=O)C)cc(c1)C(=O)Nc1ccc(cc1)*,273.0
*Oc1ccc(cc1)NC(=O)c1cc(NC(=O)c2ccccc2)cc(c1)C(=O)Nc1ccc(cc1)*,294.5
*Oc1ccc(cc1)NC(=O)c1cc(NC(=O)c2ccncc2)cc(c1)C(=O)Nc1ccc(cc1)*,305.0
*Oc1ccc(cc1)NC(=O)c1cc(cc(c1)C(=O)Nc1ccc(cc1)*)NC(=O)C12CC3CC(C2)CC(C1)C3,335.0
*Oc1ccc(cc1)NC(=O)c1cc(cc(c1)C(=O)Nc1ccc(cc1)Oc1ccc(cc1)C(c1ccc(cc1)*)(C)C)NC(=O)c1ccc(cc1)OC(=O)C,243.0
*Oc1ccc(cc1)NC(=O)c1cc(cc(c1)C(=O)Nc1ccc(cc1)Oc1ccc(cc1)c1ccc(cc1)*)NC(=O)c1ccc(cc1)OC(=O)C,252.0
*Oc1ccc(cc1)NC(=O)c1cc(cc(c1)C(C(C(C(C(C(C(C(F)(F)F)(F)F)(F)F)(F)F)(F)F)(F)F)(F)F)(F)F)C(=O)Nc1ccc(cc1)*,230.0
*Oc1ccc(cc1)NC(=O)c1cc(cc(c1)C(C(C(C(F)(F)F)(F)F)(F)F)(F)F)C(=O)Nc1ccc(cc1)*,257.0
*Oc1ccc(cc1)NC(=O)c1cc(cc(c1)C(C)(C)C)C(=O)Nc1ccc(cc1)*,268.0
*Oc1ccc(cc1)NC(=O)c1cc(cc(c1)C(C)(C)C)C(=O)Nc1ccc(cc1)Oc1ccc(cc1)C(C(F)(F)F)(C(F)(F)F)c1ccc(cc1)*,253.0
*Oc1ccc(cc1)NC(=O)c1cc(cc(c1)C(C)(C)C)C(=O)Nc1ccc(cc1)Oc1ccc(cc1)C(c1ccc(cc1)*)(C)C,207.0
*Oc1ccc(cc1)NC(=O)c1cc(cc(c1)C(C)(C)C)C(=O)Nc1ccc(cc1)Oc1ccc(cc1)C1(CC2CC1CC2)c1ccc(cc1)*,272.0
*Oc1ccc(cc1)NC(=O)c1cc(cc(c1)C(C)(C)C)C(=O)Nc1ccc(cc1)Oc1ccc(cc1C(F)(F)F)c1ccc(cc1)c1ccc(c(c1)C(F)(F)F)*,245.0
*Oc1ccc(cc1)NC(=O)c1cc(cc(c1)C(C)(C)C)C(=O)Nc1ccc(cc1)Oc1ccc(cc1C(F)(F)F)c1ccc(cc1)c1ccc(cc1)c1ccc(c(c1)C(F)(F)F)*,261.0
*Oc1ccc(cc1)NC(=O)c1cc(cc(c1)C(C)(C)C)C(=O)Nc1ccc(cc1)Oc1ccc(cc1C(F)(F)F)c1cccc(c1)c1ccc(c(c1)C(F)(F)F)*,255.0
*Oc1ccc(cc1)NC(=O)c1cc(cc(c1)S(=O)(=O)c1ccccc1)C(=O)Nc1ccc(cc1)*,279.0
*Oc1ccc(cc1)NC(=O)c1cc(cc(c1)[N+](=O)[O-])C(=O)Nc1ccc(cc1)Oc1ccc(cc1)C(C(F)(F)F)(C(F)(F)F)c1ccc(cc1)*,232.0
*Oc1ccc(cc1)NC(=O)c1cc(ccc1C(=O)O)C(C(F)(F)F)(C(F)(F)F)c1ccc(c(c1)C(=O)Nc1ccc(cc1)Oc1ccc(cc1)C(C(F)(F)F)(C(F)(F)F)c1ccc(cc1)*)C(=O)O,260.0
*Oc1ccc(cc1)NC(=O)c1cc(ccc1C(=O)O)c1ccc(c(c1)C(=O)Nc1ccc(cc1)*)C(=O)O,184.4
*Oc1ccc(cc1)NC(=O)c1ccc(c2c1cccc2)C(=O)Nc1ccc(cc1)Oc1ccc(cc1)C1(C2CC3CC1CC(C2)C3)c1ccc(cc1)*,269.0
*Oc1ccc(cc1)NC(=O)c1ccc(cc1)*,225.0
*Oc1ccc(cc1)NC(=O)c1ccc(cc1)C(=O)Nc1ccc(cc1)*,135.0
*Oc1ccc(cc1)NC(=O)c1ccc(cc1)C(=O)Nc1ccc(cc1)OC1COC2C1OCC2*,57.0
*Oc1ccc(cc1)NC(=O)c1ccc(cc1)C(=O)Nc1ccc(cc1)Oc1ccc(cc1)C(=O)c1ccc(cc1)*,160.0
*Oc1ccc(cc1)NC(=O)c1ccc(cc1)C(=O)Nc1ccc(cc1)Oc1ccc(cc1)C(C(F)(F)F)(C(F)(F)F)c1ccc(cc1)*,243.0
*Oc1ccc(cc1)NC(=O)c1ccc(cc1)C(=O)Nc1ccc(cc1)Oc1ccc(cc1)C1(C2CC3CC1CC(C2)C3)c1ccc(cc1)*,264.0
*Oc1ccc(cc1)NC(=O)c1ccc(cc1)C(=O)Nc1ccc(cc1)Oc1ccc(cc1)C1(CC2CC1CC2)c1ccc(cc1)*,281.0
*Oc1ccc(cc1)NC(=O)c1ccc(cc1)C(C(F)(F)F)(C(F)(F)F)c1ccc(cc1)C(=O)Nc1ccc(cc1)Oc1ccc(cc1)C1(C2CC3CC1CC(C2)C3)c1ccc(cc1)*,241.0
*Oc1ccc(cc1)NC(=O)c1ccc(cc1)NC(=O)c1ccc(cc1)[Si](c1ccc(cc1)C(=O)Nc1ccc(cc1)C(=O)Nc1ccc(cc1)*)(C)C,304.0
*Oc1ccc(cc1)NC(=O)c1ccc(cc1)OC1COC2C1OCC2Oc1ccc(cc1)C(=O)Nc1ccc(cc1)OC1COC2C1OCC2*,165.0
*Oc1ccc(cc1)NC(=O)c1ccc(cc1)Oc1ccc(cc1)C(=O)Nc1ccc(cc1)*,274.0
*Oc1ccc(cc1)NC(=O)c1ccc(cc1)Oc1ccc(cc1)C(=O)Nc1ccc(cc1)Oc1ccc(cc1)C1(C2CC3CC1CC(C2)C3)c1ccc(cc1)*,230.0
*Oc1ccc(cc1)NC(=O)c1ccc(cc1)Oc1ccc(cc1)C(c1ccc(cc1)C(c1ccc(cc1)Oc1ccc(cc1)C(=O)Nc1ccc(cc1)*)(C)C)(C)C,174.0
*Oc1ccc(cc1)NC(=O)c1ccc(cc1)Oc1ccc(cc1)C(c1ccc(cc1)C(c1ccc(cc1)Oc1ccc(cc1)C(=O)Nc1ccc(cc1)Oc1ccc(cc1)C(C(F)(F)F)(C(F)(F)F)c1ccc(cc1)*)(C)C)(C)C,169.0
*Oc1ccc(cc1)NC(=O)c1ccc(cc1)Oc1ccc(cc1)C(c1ccc(cc1)C(c1ccc(cc1)Oc1ccc(cc1)C(=O)Nc1ccc(cc1)Oc1ccc(cc1)C(c1ccc(cc1)*)(C)C)(C)C)(C)C,163.0
*Oc1ccc(cc1)NC(=O)c1ccc(cc1)Oc1ccc(cc1)C(c1ccc(cc1)C(c1ccc(cc1)Oc1ccc(cc1)C(=O)Nc1ccc(cc1)Oc1ccc(cc1)c1ccc(cc1)*)(C)C)(C)C,177.0
*Oc1ccc(cc1)NC(=O)c1ccc(cc1)Oc1ccc(cc1)C(c1cccc(c1)C(c1ccc(cc1)Oc1ccc(cc1)C(=O)Nc1ccc(cc1)*)(C)C)(C)C,155.0
*Oc1ccc(cc1)NC(=O)c1ccc(cc1)Oc1ccc(cc1)C(c1cccc(c1)C(c1ccc(cc1)Oc1ccc(cc1)C(=O)Nc1ccc(cc1)Oc1ccc(cc1)C(C(F)(F)F)(C(F)(F)F)c1ccc(cc1)*)(C)C)(C)C,154.0
*Oc1ccc(cc1)NC(=O)c1ccc(cc1)Oc1ccc(cc1)C(c1cccc(c1)C(c1ccc(cc1)Oc1ccc(cc1)C(=O)Nc1ccc(cc1)Oc1ccc(cc1)C(c1ccc(cc1)*)(C)C)(C)C)(C)C,147.0
*Oc1ccc(cc1)NC(=O)c1ccc(cc1)Oc1ccc(cc1)C(c1cccc(c1)C(c1ccc(cc1)Oc1ccc(cc1)C(=O)Nc1ccc(cc1)Oc1ccc(cc1)c1ccc(cc1)*)(C)C)(C)C,167.0
*Oc1ccc(cc1)NC(=O)c1ccc(cc1)P(=O)(c1ccc(cc1)C(=O)Nc1ccc(cc1)*)c1ccccc1,254.0
*Oc1ccc(cc1)NC(=O)c1ccc(cc1)P(=O)(c1ccccc1)c1ccc(cc1)C(=O)Nc1ccc(cc1)Oc1ccc(cc1)P(=O)(c1ccc(cc1)*)c1ccccc1,225.0
*Oc1ccc(cc1)NC(=O)c1ccc(cc1)S(=O)(=O)c1ccc(cc1)C(=O)Nc1ccc(cc1)Oc1ccc(cc1)C(C(F)(F)F)(C(F)(F)F)c1ccc(cc1)*,250.0
*Oc1ccc(cc1)NC(=O)c1ccc(cc1)S(=O)(=O)c1ccc(cc1)C(=O)Nc1ccc(cc1)Oc1ccc(cc1)C1(C2CC3CC1CC(C2)C3)c1ccc(cc1)*,252.0
*Oc1ccc(cc1)NC(=O)c1ccc(cc1)S(=O)(=O)c1ccc(cc1)C(=O)Nc1ccc(cc1)Oc1ccc(cc1)C1(CC2CC1CC2)c1ccc(cc1)*,287.0
*Oc1ccc(cc1)NC(=O)c1ccc(cc1)[Si](c1ccc(cc1)C(=O)*)(C)C,220.0
*Oc1ccc(cc1)NC(=O)c1ccc(cc1)[Si](c1ccc(cc1)C(=O)*)(c1ccccc1)c1ccccc1,235.0
*Oc1ccc(cc1)NC(=O)c1ccc(cc1)[Si](c1ccc(cc1)C(=O)Nc1ccc(cc1)Oc1ccc(cc1)[Si](c1ccc(cc1)*)(c1ccccc1)c1ccccc1)(C)C,218.0
*Oc1ccc(cc1)NC(=O)c1ccc(cc1)[Si](c1ccccc1)(c1ccc(cc1)C(=O)Nc1ccc(cc1)Oc1ccc(cc1)[Si](c1ccc(cc1)*)(c1ccccc1)c1ccccc1)C,209.0
*Oc1ccc(cc1)NC(=O)c1ccc(cc1)[Si](c1ccccc1)(c1ccccc1)c1ccc(cc1)C(=O)Nc1ccc(cc1)Oc1ccc(cc1)[Si](c1ccc(cc1)*)(c1ccccc1)c1ccccc1,220.0
*Oc1ccc(cc1)NC(=O)c1ccc(cc1)c1ccc(cc1)C(=O)Nc1ccc(cc1)Oc1ccc(cc1)C1(CC2CC1CC2)c1ccc(cc1)*,296.0
*Oc1ccc(cc1)NC(=O)c1ccc(cc1C(=O)O)Oc1ccc(c(c1)C(=O)O)C(=O)Nc1ccc(cc1)*,185.0
*Oc1ccc(cc1)NC(=O)c1ccc(cc1C)c1ccc(c(c1)C)C(=O)Nc1ccc(cc1)*,256.0
*Oc1ccc(cc1)NC(=O)c1ccc(cc1C)c1ccc(c(c1)C)C(=O)Nc1ccc(cc1)Oc1ccc(cc1)C(c1ccc(cc1)*)(C)C,230.0
*Oc1ccc(cc1)NC(=O)c1ccc2c(c1)ccc(c2)C(=O)Nc1ccc(cc1)Oc1ccc(cc1)C1(C2CC3CC1CC(C2)C3)c1ccc(cc1)*,266.0
*Oc1ccc(cc1)NC(=O)c1ccc2c(c1)ccc(c2)C(=O)Nc1ccc(cc1)Oc1ccc(cc1)C1(CC2CC1CC2)c1ccc(cc1)*,276.0
*Oc1ccc(cc1)NC(=O)c1cccc(c1)*,215.0
*Oc1ccc(cc1)NC(=O)c1cccc(c1)C(=O)Nc1ccc(cc1)*,265.5
*Oc1ccc(cc1)NC(=O)c1cccc(c1)C(=O)Nc1ccc(cc1)OC1COC2C1OCC2*,64.0
*Oc1ccc(cc1)NC(=O)c1cccc(c1)C(=O)Nc1ccc(cc1)Oc1ccc(cc1)C(=O)c1ccc(cc1)*,145.0
*Oc1ccc(cc1)NC(=O)c1cccc(c1)C(=O)Nc1ccc(cc1)Oc1ccc(cc1)C(C(F)(F)F)(C(F)(F)F)c1ccc(cc1)*,224.0
*Oc1ccc(cc1)NC(=O)c1cccc(c1)C(=O)Nc1ccc(cc1)Oc1ccc(cc1)C(c1ccc(cc1)*)(C)C,215.0
*Oc1ccc(cc1)NC(=O)c1cccc(c1)C(=O)Nc1ccc(cc1)Oc1ccc(cc1)C(c1cccc(c1)C(c1ccc(cc1)*)(C)C)(C)C,180.0
*Oc1ccc(cc1)NC(=O)c1cccc(c1)C(=O)Nc1ccc(cc1)Oc1ccc(cc1)C1(C2CC3CC1CC(C2)C3)c1ccc(cc1)*,268.0
*Oc1ccc(cc1)NC(=O)c1cccc(c1)C(=O)Nc1ccc(cc1)Oc1ccc(cc1)C1(CC2CC1CC2)c1ccc(cc1)*,256.0
*Oc1ccc(cc1)NC(=O)c1cccc(c1C(=O)O)c1ccc(c(c1)C(=O)Nc1ccc(cc1)*)C(=O)O,254.0
*Oc1ccc(cc1)NCC(=O)c1ccc(cc1)Sc1ccc(cc1)C(=O)CNc1ccc(cc1)*,208.0
*Oc1ccc(cc1)N[Se]Nc1ccc(cc1)*,55.0
*Oc1ccc(cc1)Nc1ccc(cc1)C(=O)Nc1ccc(cc1)NC(=O)c1ccc(cc1)Nc1ccc(cc1)*,248.0
*Oc1ccc(cc1)Nc1ccc(cc1)C(=O)c1ccc(cc1)C(=O)c1ccc(cc1)Nc1ccc(cc1)*,215.0
*Oc1ccc(cc1)Nc1ccc(cc1)C(=O)c1ccc(cc1)Nc1ccc(cc1)*,198.0
*Oc1ccc(cc1)Nc1ccc(cc1)N=Nc1ccc(cc1)Nc1ccc(cc1)*,169.0
*Oc1ccc(cc1)Nc1ccc(cc1)S(=O)(=O)c1ccc(cc1)Nc1ccc(cc1)Oc1ccc(cc1)C(c1ccc(cc1)*)(C)C,145.0
*Oc1ccc(cc1)OC(=O)/C=C/c1ccc(cc1)/C=C/C(=O)*,210.0
*Oc1ccc(cc1)OC(=O)CCCCC(=O)*,90.0
*Oc1ccc(cc1)OC(=O)CCCCCCCCC(=O)*,42.4
*Oc1ccc(cc1)OC(=O)Oc1ccc(cc1)C(=O)*,74.0
*Oc1ccc(cc1)OC(=O)Oc1ccc(cc1)C(c1ccc(cc1)OC(=O)*)(C)C,97.0
*Oc1ccc(cc1)OC(=O)c1cc(OCCCCCCCCCCC(C(C(C(C(C(C(C(C(C(F)(F)F)(F)F)(F)F)(F)F)(F)F)(F)F)(F)F)(F)F)(F)F)(F)F)cc(c1)C(=O)*,137.0
*Oc1ccc(cc1)OC(=O)c1cc(OCCCCCCCCCCOCC2CCCN2c2ccc(cc2)[N+](=O)[O-])c(cc1OCCCCCCCCCCOCC1CCCN1c1ccc(cc1)[N+](=O)[O-])C(=O)*,30.0
*Oc1ccc(cc1)OC(=O)c1cc(OCCCCCCCCCOCC2CCCN2c2ccc(cc2)[N+](=O)[O-])c(cc1OCCCCCCCCCOCC1CCCN1c1ccc(cc1)[N+](=O)[O-])C(=O)*,34.0
*Oc1ccc(cc1)OC(=O)c1cc(OCCCCCCCCOCC2CCCN2c2ccc(cc2)[N+](=O)[O-])c(cc1OCCCCCCCCOCC1CCCN1c1ccc(cc1)[N+](=O)[O-])C(=O)*,41.0
*Oc1ccc(cc1)OC(=O)c1cc(OCCCCCCCOCC2CCCN2c2ccc(cc2)[N+](=O)[O-])c(cc1OCCCCCCCOCC1CCCN1c1ccc(cc1)[N+](=O)[O-])C(=O)*,50.0
*Oc1ccc(cc1)OC(=O)c1cc(OCCCCCCOCC2CCCN2c2ccc(cc2)[N+](=O)[O-])c(cc1OCCCCCCOCC1CCCN1c1ccc(cc1)[N+](=O)[O-])C(=O)*,56.0
*Oc1ccc(cc1)OC(=O)c1cc(OCCCCCOCC2CCCN2c2ccc(cc2)[N+](=O)[O-])c(cc1OCCCCCOCC1CCCN1c1ccc(cc1)[N+](=O)[O-])C(=O)*,63.0
*Oc1ccc(cc1)OC(=O)c1cc(OCCCCOCC2CCCN2c2ccc(cc2)[N+](=O)[O-])c(cc1OCCCCOCC1CCCN1c1ccc(cc1)[N+](=O)[O-])C(=O)*,68.0
*Oc1ccc(cc1)OC(=O)c1ccc(cc1)C(=O)*,267.0
*Oc1ccc(cc1)OC(=O)c1ccc(cc1)C(c1ccc(cc1)C(=O)*)(C)C,195.0
*Oc1ccc(cc1)OC(=O)c1ccc(cc1)OC(=O)c1ccc(cc1)C(=O)Oc1ccc(cc1)C(=O)*,283.0
*Oc1ccc(cc1)OC(=O)c1ccc(cc1)[Si](c1ccc(cc1)C(=O)*)(C)C,176.0
*Oc1ccc(cc1)OC(=O)c1ccc(cc1Oc1ccc(cc1)Br)C(=O)*,108.0
*Oc1ccc(cc1)OC(=O)c1ccc(cc1Oc1ccc(cc1)C(c1ccccc1)(C)C)C(=O)*,93.0
*Oc1ccc(cc1)OC(=O)c1ccc(cc1Oc1ccc(cc1)C1CCCCC1)C(=O)*,113.0
*Oc1ccc(cc1)OC(=O)c1ccc(cc1Oc1ccc(cc1)Cl)C(=O)*,107.0
*Oc1ccc(cc1)OC(=O)c1ccc(cc1Oc1ccc(cc1)F)C(=O)*,106.0
*Oc1ccc(cc1)OC(=O)c1ccc(cc1Oc1ccc(cc1)Oc1ccccc1)C(=O)*,83.0
*Oc1ccc(cc1)OC(=O)c1ccc(cc1Oc1ccc(cc1)c1ccccc1)C(=O)*,117.0
*Oc1ccc(cc1)OC(=O)c1ccc(cc1Oc1ccc2c(c1)cccc2)C(=O)*,102.0
*Oc1ccc(cc1)OC(=O)c1ccc(cc1Oc1ccccc1)C(=O)*,105.0
*Oc1ccc(cc1)OC(=O)c1ccc(cc1Sc1ccc(cc1)C)C(=O)*,134.0
*Oc1ccc(cc1)OC(=O)c1ccc(cc1Sc1ccc(cc1)Cl)C(=O)*,140.0
*Oc1ccc(cc1)OC(=O)c1ccc(cc1Sc1ccc2c(c1)cccc2)C(=O)*,148.0
*Oc1ccc(cc1)OC(=O)c1ccc(cc1Sc1ccccc1)C(=O)*,181.0
*Oc1ccc(cc1)OC(=O)c1ccc(cc1c1ccccc1)c1ccc(cc1)C(=O)*,140.0
*Oc1ccc(cc1)OC(=O)c1cccc(c1)C(=O)*,186.0
*Oc1ccc(cc1)OC(=O)c1cccc(c1)Oc1cccc(c1)C(=O)*,119.0
*Oc1ccc(cc1)OC1(F)C(*)(F)C(C1(F)F)(F)F,41.0
*Oc1ccc(cc1)Oc1ccc(c(c1)c1cc(*)ccc1C(=O)c1ccccc1)C(=O)c1ccccc1,156.0
*Oc1ccc(cc1)Oc1ccc(cc1)C(=Nc1ccc(cc1)N=C(c1ccc(cc1)*)c1ccccc1)c1ccccc1,176.0
*Oc1ccc(cc1)Oc1ccc(cc1)C(=Nc1ccc(cc1)Oc1ccc(cc1)N=C(c1ccc(cc1)*)c1ccccc1)c1ccccc1,162.0
*Oc1ccc(cc1)Oc1ccc(cc1)C(=Nc1ccccc1)c1ccc(cc1)Oc1ccc(cc1)Oc1cccc(n1)*,135.0
*Oc1ccc(cc1)Oc1ccc(cc1)C(=O)Nc1ccc(cc1)Cc1ccc(cc1)NC(=O)c1ccc(cc1)*,216.0
*Oc1ccc(cc1)Oc1ccc(cc1)C(=O)Nc1ccc(cc1)Oc1ccc(cc1)S(=O)(=O)c1ccc(cc1)Oc1ccc(cc1)NC(=O)c1ccc(cc1)*,220.0
*Oc1ccc(cc1)Oc1ccc(cc1)C(=O)c1c(c2ccc(cc2)F)c(c2ccc(cc2)F)c(c(c1C(=O)c1ccc(cc1)*)c1ccc(cc1)F)c1ccc(cc1)F,266.0
*Oc1ccc(cc1)Oc1ccc(cc1)C(=O)c1ccc(c2c1cccc2)C(=O)c1ccc(cc1)*,200.025
*Oc1ccc(cc1)Oc1ccc(cc1)C(=O)c1ccc(cc1)*,147.55
*Oc1ccc(cc1)Oc1ccc(cc1)C(=O)c1ccc(cc1)C(=O)c1ccc(cc1)*,150.0
*Oc1ccc(cc1)Oc1ccc(cc1)C(=O)c1ccc(cc1)NC(=O)CCCCCCCCC(=O)Nc1ccc(cc1)C(=O)c1ccc(cc1)*,130.0
*Oc1ccc(cc1)Oc1ccc(cc1)C(=O)c1ccc(cc1)NC(=O)c1ccc(cc1)C(=O)Nc1ccc(cc1)C(=O)c1ccc(cc1)*,224.0
*Oc1ccc(cc1)Oc1ccc(cc1)C(=O)c1ccc(cc1)NC(=O)c1cccc(c1)C(=O)Nc1ccc(cc1)C(=O)c1ccc(cc1)*,198.0
*Oc1ccc(cc1)Oc1ccc(cc1)C(=O)c1ccc(cc1)Oc1ccc(cc1)Oc1cccc(n1)*,124.0
*Oc1ccc(cc1)Oc1ccc(cc1)C(=O)c1ccc(cc1)P(=O)(c1ccc(cc1)C(=O)c1ccc(cc1)*)c1ccccc1,207.0
*Oc1ccc(cc1)Oc1ccc(cc1)C(=O)c1cccc(c1)C(=O)c1ccc(cc1)*,144.0
*Oc1ccc(cc1)Oc1ccc(cc1)C(=O)c1cccc(c1)NC(=O)CCCCCCCCC(=O)Nc1cccc(c1)C(=O)c1ccc(cc1)*,144.0
*Oc1ccc(cc1)Oc1ccc(cc1)C(=O)c1cccc(c1)NC(=O)c1ccc(cc1)C(=O)Nc1cccc(c1)C(=O)c1ccc(cc1)*,210.0
*Oc1ccc(cc1)Oc1ccc(cc1)C(=O)c1cccc(c1)NC(=O)c1cccc(c1)C(=O)Nc1cccc(c1)C(=O)c1ccc(cc1)*,202.0
*Oc1ccc(cc1)Oc1ccc(cc1)C(=O)c1cccc(c1)c1cccc(c1)C(=O)c1ccc(cc1)*,154.0
*Oc1ccc(cc1)Oc1ccc(cc1)C(=O)c1cccc2c1c(ccc2)C(=O)c1ccc(cc1)*,202.0
*Oc1ccc(cc1)Oc1ccc(cc1)C(=O)c1ccccc1c1ccccc1C(=O)c1ccc(cc1)*,175.0
*Oc1ccc(cc1)Oc1ccc(cc1)C=NCCCCCCCCCCCCN=Cc1ccc(cc1)*,118.0
*Oc1ccc(cc1)Oc1ccc(cc1)C=NCCCCCCCCCCN=Cc1ccc(cc1)*,108.0
*Oc1ccc(cc1)Oc1ccc(cc1)C=NCCCCCCN=Cc1ccc(cc1)*,111.0
*Oc1ccc(cc1)Oc1ccc(cc1)C=NCCCCN=Cc1ccc(cc1)*,105.0
*Oc1ccc(cc1)Oc1ccc(cc1)C=NCCN=Cc1ccc(cc1)*,101.0
*Oc1ccc(cc1)Oc1ccc(cc1)C=Nc1ccc(cc1)N=Cc1ccc(cc1)*,117.0
*Oc1ccc(cc1)Oc1ccc(cc1)C=Nc1ccc(cc1)Oc1ccc(cc1)N=Cc1ccc(cc1)*,120.0
*Oc1ccc(cc1)Oc1ccc(cc1)NC(=C(C#N)C#N)c1ccc(cc1)C(=C(C#N)C#N)Nc1ccc(cc1)*,255.0
*Oc1ccc(cc1)Oc1ccc(cc1)NC(=O)c1cc(NC(=O)c2ccc(cc2)OC(=O)C)cc(c1)C(=O)Nc1ccc(cc1)*,251.0
*Oc1ccc(cc1)Oc1ccc(cc1)NC(=O)c1cc(cc(c1)C(C)(C)C)C(=O)Nc1ccc(cc1)*,195.5
*Oc1ccc(cc1)Oc1ccc(cc1)NC(=O)c1ccc(cc1)Oc1ccc(cc1)C(c1ccc(cc1)C(c1ccc(cc1)Oc1ccc(cc1)C(=O)Nc1ccc(cc1)*)(C)C)(C)C,165.0
*Oc1ccc(cc1)Oc1ccc(cc1)NC(=O)c1ccc(cc1)Oc1ccc(cc1)C(c1cccc(c1)C(c1ccc(cc1)Oc1ccc(cc1)C(=O)Nc1ccc(cc1)*)(C)C)(C)C,147.0
*Oc1ccc(cc1)Oc1ccc(cc1)NC(=O)c1ccc(cc1)Oc1ccc(cc1)Oc1ccc(cc1)C(=O)Nc1ccc(cc1)*,236.0
*Oc1ccc(cc1)Oc1ccc(cc1)NC(=O)c1ccc(cc1)Oc1ccc(cc1C)Oc1ccc(cc1)C(=O)Nc1ccc(cc1)*,200.0
*Oc1ccc(cc1)Oc1ccc(cc1)NC(=O)c1ccc(cc1)Oc1ccc(cc1c1ccccc1)Oc1ccc(cc1)C(=O)Nc1ccc(cc1)*,209.0
*Oc1ccc(cc1)Oc1ccc(cc1)NC(=O)c1ccc(cc1C)c1ccc(c(c1)C)C(=O)Nc1ccc(cc1)*,219.0
*Oc1ccc(cc1)Oc1ccc(cc1)Nc1ccc(cc1)C(=O)c1ccc(cc1)C(=O)c1ccc(cc1)Nc1ccc(cc1)*,175.0
*Oc1ccc(cc1)Oc1ccc(cc1)Nc1ccc(cc1)S(=O)(=O)c1ccc(cc1)Nc1ccc(cc1)*,144.6
*Oc1ccc(cc1)Oc1ccc(cc1)OC(=O)*,118.0
*Oc1ccc(cc1)Oc1ccc(cc1)OC(=O)NC(=O)c1cc(cc(c1)C(C)(C)C)C(=O)NC(=O)*,114.5
*Oc1ccc(cc1)Oc1ccc(cc1)OC(=O)c1ccc(cc1)C(C(F)(F)F)(C(F)(F)F)c1ccc(cc1)C(=O)*,215.0
*Oc1ccc(cc1)Oc1ccc(cc1)OC(=O)c1cccc(c1)C(=O)*,164.5
*Oc1ccc(cc1)Oc1ccc(cc1)OC(=O)c1cccc(c1)Oc1ccc(cc1)Oc1cccc(c1)C(=O)*,104.0
*Oc1ccc(cc1)Oc1ccc(cc1)OC(=O)c1ccccc1c1ccccc1C(=O)*,147.0
*Oc1ccc(cc1)Oc1ccc(cc1)Oc1ccc(cc1)C(=O)c1ccc(cc1)*,150.5
*Oc1ccc(cc1)Oc1ccc(cc1)Oc1ccc(cc1)C(c1ccc(cc1)*)(C)C,122.0
*Oc1ccc(cc1)Oc1ccc(cc1)Oc1ccc(cc1)NC(=O)c1cc(cc(c1)C(C)(C)C)C(=O)Nc1ccc(cc1)*,230.0
*Oc1ccc(cc1)Oc1ccc(cc1)Oc1ccc(cc1)NC(=O)c1ccc(cc1C)c1ccc(c(c1)C)C(=O)Nc1ccc(cc1)*,200.0
*Oc1ccc(cc1)Oc1ccc(cc1)Oc1ccc(cc1)Oc1ccc(cc1)OC(=O)c1cccc(c1)C(=O)*,134.0
*Oc1ccc(cc1)Oc1ccc(cc1)Oc1ccc(cc1)S(=O)(=O)c1ccc(cc1)*,181.0
*Oc1ccc(cc1)Oc1ccc(cc1)Oc1ccc(cc1)c1ccc(cc1)Oc1ccc(cc1)Oc1ccc(cc1)Oc1ccc(cc1S(=O)(=O)O[Na])C(=O)c1ccc(c(c1)S(=O)(=O)O[Na])*,348.0
*Oc1ccc(cc1)Oc1ccc(cc1)Oc1ccc(cc1S(=O)(=O)O[Na])S(=O)(=O)c1ccc(c(c1)S(=O)(=O)O[Na])Oc1ccc(cc1)Oc1ccc(cc1)Oc1ccc(cc1)c1ccc(cc1)*,302.0
*Oc1ccc(cc1)Oc1ccc(cc1)Oc1cccc(c1)C(=O)Oc1ccc(cc1)OC(=O)c1cccc(c1)*,101.0
*Oc1ccc(cc1)Oc1ccc(cc1)Oc1cccc(c1)C(=O)Oc1ccc(cc1)c1ccc(cc1)OC(=O)c1cccc(c1)*,119.0
*Oc1ccc(cc1)Oc1ccc(cc1)P(=O)(c1ccc(cc1)*)C,213.0
*Oc1ccc(cc1)Oc1ccc(cc1)P(=O)(c1ccccc1)c1ccc(cc1)Oc1ccc(cc1)Oc1cccc(n1)*,164.0
*Oc1ccc(cc1)Oc1ccc(cc1)S(=O)(=O)c1ccc(cc1)*,206.0
*Oc1ccc(cc1)Oc1ccc(cc1)S(=O)(=O)c1ccc(cc1)Oc1ccc(cc1)C(=O)c1ccc(cc1)*,186.0
*Oc1ccc(cc1)Oc1ccc(cc1)S(=O)(=O)c1ccc(cc1)Oc1ccc(cc1)Oc1cccc(n1)*,158.0
*Oc1ccc(cc1)Oc1ccc(cc1)S(=O)(=O)c1ccc(cc1)c1ccc(cc1)S(=O)(=O)c1ccc(cc1)*,251.0
*Oc1ccc(cc1)Oc1ccc(cc1)S(=O)(=O)c1ccc(cc1)c1ccc(cc1)c1ccc(cc1)S(=O)(=O)c1ccc(cc1)*,259.0
*Oc1ccc(cc1)Oc1ccc(cc1)S(=O)c1ccc(cc1)Oc1ccc(cc1)Oc1cccc(n1)*,138.0
*Oc1ccc(cc1)Oc1ccc(cc1C(C)C)C(=O)c1ccc(cc1)Oc1ccc(cc1)Oc1ccc(cc1)C(=O)c1ccc(c(c1)C(C)C)*,145.0
*Oc1ccc(cc1)Oc1ccc(cc1S(=O)(=O)O)C(=O)c1ccc(c(c1)S(=O)(=O)O)*,220.0
*Oc1ccc(cc1)Oc1cccc(c1)C(=O)Oc1ccc(cc1)OC(=O)c1cccc(c1)*,119.0
*Oc1ccc(cc1)Oc1cccc(c1)Oc1ccc(cc1)c1ccc(cc1)Oc1cccc(c1)Oc1ccc(cc1)Oc1ccc(cc1S(=O)(=O)O[Na])C(=O)c1ccc(c(c1)S(=O)(=O)O[Na])*,304.0
*Oc1ccc(cc1)Oc1cccc(c1C(=O)c1ccccc1S(=O)(=O)O[Na])Oc1ccc(cc1)Oc1ccc(cc1)c1ccc(cc1)*,259.0
*Oc1ccc(cc1)Oc1cccc(n1)*,100.0
*Oc1ccc(cc1)P(=O)(c1ccc(cc1)*)C,238.0
*Oc1ccc(cc1)P(=O)(c1ccc(cc1)*)c1ccccc1,240.0
*Oc1ccc(cc1)P(=O)(c1ccc(cc1)Oc1ccc(cc1)C(C(F)(F)F)(C(F)(F)F)c1ccc(cc1)*)C,208.0
*Oc1ccc(cc1)P(=O)(c1ccc(cc1)Oc1ccc(cc1)C(C(F)(F)F)(c1ccc(cc1)*)c1ccccc1)C,229.0
*Oc1ccc(cc1)P(=O)(c1ccc(cc1)Oc1ccc(cc1)C(c1ccc(cc1)*)(C)C)C,192.0
*Oc1ccc(cc1)P(=O)(c1ccc(cc1)Oc1ccc(cc1)P(=O)(c1ccc(cc1)*)c1ccccc1)C,238.0
*Oc1ccc(cc1)P(=O)(c1ccccc1)c1ccc(cc1)Oc1ccc(cc1)C(C(F)(F)F)(C(F)(F)F)c1ccc(cc1)*,210.5
*Oc1ccc(cc1)P(=O)(c1ccccc1)c1ccc(cc1)Oc1ccc(cc1)C(c1ccc(cc1)*)(C)C,173.5
*Oc1ccc(cc1)P(=O)(c1ccccc1)c1ccc(cc1)Oc1ccc(cc1)c1ccc(cc1)*,230.5
*Oc1ccc(cc1)S(=O)(=O)N(CCCCN(S(=O)(=O)c1ccc(cc1)Oc1ccc(cc1)C(c1ccc(cc1)*)(C)C)C)C,120.0
*Oc1ccc(cc1)S(=O)(=O)c1ccc(cc1)*,225.0
*Oc1ccc(cc1)S(=O)(=O)c1ccc(cc1)OC(=O)Nc1ccc(cc1)Cc1ccc(cc1)NC(=O)*,105.0
*Oc1ccc(cc1)S(=O)(=O)c1ccc(cc1)OC(=O)OC1C(C)(C)C(C1(C)C)OC(=O)*,162.0
*Oc1ccc(cc1)S(=O)(=O)c1ccc(cc1)OC(=O)c1cc(NC(=O)c2ccc(cc2)NC(=O)C(N2C(=O)c3c(C2=O)cccc3)C)cc(c1)C(=O)*,200.0
*Oc1ccc(cc1)S(=O)(=O)c1ccc(cc1)OC(=O)c1ccc(cc1)C(=O)*,195.0
*Oc1ccc(cc1)S(=O)(=O)c1ccc(cc1)OC(=O)c1ccc(cc1)[Si](c1ccc(cc1)C(=O)*)(C)C,235.0
*Oc1ccc(cc1)S(=O)(=O)c1ccc(cc1)OC(=O)c1ccc(cc1)[Si](c1ccc(cc1)C(=O)*)(c1ccccc1)c1ccccc1,250.0
*Oc1ccc(cc1)S(=O)(=O)c1ccc(cc1)OC(=O)c1cccc(c1)C(=O)*,249.0
*Oc1ccc(cc1)S(=O)(=O)c1ccc(cc1)OC1(F)C(*)(F)C(C1(F)F)(F)F,159.9
*Oc1ccc(cc1)S(=O)(=O)c1ccc(cc1)Oc1c(C)cc(c(c1C)Br)C(c1cc(C)c(c(c1Br)C)*)(C)C,275.4
*Oc1ccc(cc1)S(=O)(=O)c1ccc(cc1)Oc1c(C)cc(c(c1C)Br)c1cc(C)c(c(c1Br)C)*,298.2
*Oc1ccc(cc1)S(=O)(=O)c1ccc(cc1)Oc1c(C)cc(cc1C)C(C(F)(F)F)(C(F)(F)F)c1cc(C)c(c(c1)C)*,242.0
*Oc1ccc(cc1)S(=O)(=O)c1ccc(cc1)Oc1c(C)cc(cc1C)C(c1cc(C)c(c(c1)C)*)(C)C,231.0
*Oc1ccc(cc1)S(=O)(=O)c1ccc(cc1)Oc1c(C)cc(cc1C)Cc1cc(C)c(c(c1)C)*,232.0
*Oc1ccc(cc1)S(=O)(=O)c1ccc(cc1)Oc1c(C)cc(cc1C)c1cc(C)c(c(c1)C)*,262.0
*Oc1ccc(cc1)S(=O)(=O)c1ccc(cc1)Oc1c(F)c(F)c(c(c1F)F)c1c(F)c(F)c(c(c1F)F)*,210.0
*Oc1ccc(cc1)S(=O)(=O)c1ccc(cc1)Oc1c(cc(cc1C(C)C)C(c1cc(C(C)C)c(c(c1)C(C)C)*)(C)C)C(C)C,175.0
*Oc1ccc(cc1)S(=O)(=O)c1ccc(cc1)Oc1cc(C)c(cc1C(C)C)C(c1ccccc1C(=O)O)c1cc(C(C)C)c(cc1C)*,240.0
*Oc1ccc(cc1)S(=O)(=O)c1ccc(cc1)Oc1ccc(cc1)C(=C)c1ccc(cc1)*,167.0
*Oc1ccc(cc1)S(=O)(=O)c1ccc(cc1)Oc1ccc(cc1)C(=O)Cc1ccc(cc1)*,173.0
*Oc1ccc(cc1)S(=O)(=O)c1ccc(cc1)Oc1ccc(cc1)C(=O)c1cc(Br)cc(c1)C(=O)c1ccc(cc1)*,192.0
*Oc1ccc(cc1)S(=O)(=O)c1ccc(cc1)Oc1ccc(cc1)C(=O)c1cc(I)cc(c1)C(=O)c1ccc(cc1)*,203.0
*Oc1ccc(cc1)S(=O)(=O)c1ccc(cc1)Oc1ccc(cc1)C(=O)c1cc(cc(c1)C(C)(C)C)C(=O)c1ccc(cc1)*,198.0
*Oc1ccc(cc1)S(=O)(=O)c1ccc(cc1)Oc1ccc(cc1)C(=O)c1ccc(cc1)*,205.0
*Oc1ccc(cc1)S(=O)(=O)c1ccc(cc1)Oc1ccc(cc1)C(=O)c1ccc(cc1)c1ccc(cc1)C(=O)c1ccc(cc1)*,207.0
*Oc1ccc(cc1)S(=O)(=O)c1ccc(cc1)Oc1ccc(cc1)C(=O)c1cccc(c1)C(=O)c1ccc(cc1)*,178.0
*Oc1ccc(cc1)S(=O)(=O)c1ccc(cc1)Oc1ccc(cc1)C(C(F)(F)F)(C(F)(F)F)c1ccc(cc1)*,199.2
*Oc1ccc(cc1)S(=O)(=O)c1ccc(cc1)Oc1ccc(cc1)C(c1ccc(c(c1)S(=O)(=O)O)*)(C)C,128.0
*Oc1ccc(cc1)S(=O)(=O)c1ccc(cc1)Oc1ccc(cc1)C(c1ccc(cc1)*)(C)C,186.0
*Oc1ccc(cc1)S(=O)(=O)c1ccc(cc1)Oc1ccc(cc1)C(c1ccc(cc1)*)(CCC(=O)O)C,163.0
*Oc1ccc(cc1)S(=O)(=O)c1ccc(cc1)Oc1ccc(cc1)C(c1ccc(cc1)*)(c1ccccc1)C,207.0
*Oc1ccc(cc1)S(=O)(=O)c1ccc(cc1)Oc1ccc(cc1)C(c1ccc(cc1)*)(c1ccccc1)c1ccccc1,230.0
*Oc1ccc(cc1)S(=O)(=O)c1ccc(cc1)Oc1ccc(cc1)C(c1ccc(cc1)*)C(C)C,200.0
*Oc1ccc(cc1)S(=O)(=O)c1ccc(cc1)Oc1ccc(cc1)C(c1ccc(cc1)O)(c1ccc(cc1)*)C,211.0
*Oc1ccc(cc1)S(=O)(=O)c1ccc(cc1)Oc1ccc(cc1)C(c1ccc(cc1)OCCCCOc1ccc(cc1)C(c1ccc(cc1)*)(C)C)(C)C,140.0
*Oc1ccc(cc1)S(=O)(=O)c1ccc(cc1)Oc1ccc(cc1)C(c1ccc(cc1)Oc1ccc(cc1)C(=O)c1ccc(cc1)*)(C)C,175.0
*Oc1ccc(cc1)S(=O)(=O)c1ccc(cc1)Oc1ccc(cc1)C(c1ccccc1C(=O)O)c1ccc(cc1)*,223.0
*Oc1ccc(cc1)S(=O)(=O)c1ccc(cc1)Oc1ccc(cc1)C1(C2CC3CC1CC(C2)C3)c1ccc(cc1)*,297.0
*Oc1ccc(cc1)S(=O)(=O)c1ccc(cc1)Oc1ccc(cc1)C1(CC2CC1CC2)c1ccc(cc1)*,250.0
*Oc1ccc(cc1)S(=O)(=O)c1ccc(cc1)Oc1ccc(cc1)C1(CCCC1)c1ccc(cc1)*,230.0
*Oc1ccc(cc1)S(=O)(=O)c1ccc(cc1)Oc1ccc(cc1)C1(CCCC1)c1ccc(cc1)Oc1ccc(cc1)S(=O)(=O)c1ccc(cc1)Oc1ccc(cc1)C=C1CCC(=Cc2ccc(cc2)*)C1=O,240.0
*Oc1ccc(cc1)S(=O)(=O)c1ccc(cc1)Oc1ccc(cc1)C1(CCCCC1)c1ccc(cc1)*,226.0
*Oc1ccc(cc1)S(=O)(=O)c1ccc(cc1)Oc1ccc(cc1)C1(CCCCC1)c1ccc(cc1)Oc1ccc(cc1)S(=O)(=O)c1ccc(cc1)Oc1ccc(cc1)C=C1CCCC(=Cc2ccc(cc2)*)C1=O,190.0
*Oc1ccc(cc1)S(=O)(=O)c1ccc(cc1)Oc1ccc(cc1)C1(CCCCCC1)c1ccc(cc1)*,247.0
*Oc1ccc(cc1)S(=O)(=O)c1ccc(cc1)Oc1ccc(cc1)C1(CCCCCC1)c1ccc(cc1)Oc1ccc(cc1)S(=O)(=O)c1ccc(cc1)Oc1ccc(cc1)C=C1CCCCC(=Cc2ccc(cc2)*)C1=O,196.0
*Oc1ccc(cc1)S(=O)(=O)c1ccc(cc1)Oc1ccc(cc1)C1(c2ccc(cc2)*)c2ccccc2-c2c1cccc2,275.0
*Oc1ccc(cc1)S(=O)(=O)c1ccc(cc1)Oc1ccc(cc1)C12CC3CC(C1)CC(C2)(C3)c1ccc(cc1)*,242.0
*Oc1ccc(cc1)S(=O)(=O)c1ccc(cc1)Oc1ccc(cc1)C1CCCC(C1)C(c1ccc(cc1)*)C,230.0
*Oc1ccc(cc1)S(=O)(=O)c1ccc(cc1)Oc1ccc(cc1)C=C1CCC(=Cc2ccc(cc2)*)C1=O,235.0
*Oc1ccc(cc1)S(=O)(=O)c1ccc(cc1)Oc1ccc(cc1)C=C1CCCC(=Cc2ccc(cc2)*)C1=O,190.0
*Oc1ccc(cc1)S(=O)(=O)c1ccc(cc1)Oc1ccc(cc1)C=C1CCCC(=Cc2ccc(cc2)Oc2ccc(cc2)S(=O)(=O)c2ccc(cc2)Oc2ccc(cc2)C(c2ccc(cc2)*)(C)C)C1=O,194.0
*Oc1ccc(cc1)S(=O)(=O)c1ccc(cc1)Oc1ccc(cc1)C=C1CCCCC(=Cc2ccc(cc2)*)C1=O,186.0
*Oc1ccc(cc1)S(=O)(=O)c1ccc(cc1)Oc1ccc(cc1)C=C1CCCCC(=Cc2ccc(cc2)Oc2ccc(cc2)S(=O)(=O)c2ccc(cc2)Oc2ccc(cc2)C(c2ccc(cc2)*)(C)C)C1=O,188.0
*Oc1ccc(cc1)S(=O)(=O)c1ccc(cc1)Oc1ccc(cc1)C=Cc1ccc(cc1)*,214.0
*Oc1ccc(cc1)S(=O)(=O)c1ccc(cc1)Oc1ccc(cc1)C=NN=Cc1ccc(cc1)*,151.0
*Oc1ccc(cc1)S(=O)(=O)c1ccc(cc1)Oc1ccc(cc1)C=Nc1ccc(cc1)Oc1ccc(cc1)N=Cc1ccc(cc1)*,162.0
*Oc1ccc(cc1)S(=O)(=O)c1ccc(cc1)Oc1ccc(cc1)C=Nc1ccc(cc1)Oc1ccc(cc1)c1ccc(cc1)Oc1ccc(cc1)N=Cc1ccc(cc1)*,127.0
*Oc1ccc(cc1)S(=O)(=O)c1ccc(cc1)Oc1ccc(cc1)CC1CCC(CC1)Cc1ccc(cc1)*,172.0
*Oc1ccc(cc1)S(=O)(=O)c1ccc(cc1)Oc1ccc(cc1)Cc1ccc(cc1)*,182.55
*Oc1ccc(cc1)S(=O)(=O)c1ccc(cc1)Oc1ccc(cc1)N=Cc1ccc(cc1)*,110.0
*Oc1ccc(cc1)S(=O)(=O)c1ccc(cc1)Oc1ccc(cc1)NC(=O)c1cc(NC(=O)c2ccc(cc2)OC(=O)C)cc(c1)C(=O)Nc1ccc(cc1)*,263.0
*Oc1ccc(cc1)S(=O)(=O)c1ccc(cc1)Oc1ccc(cc1)NC(=O)c1cc(NC(=O)c2ccncc2)cc(c1)C(=O)Nc1ccc(cc1)*,283.0
*Oc1ccc(cc1)S(=O)(=O)c1ccc(cc1)Oc1ccc(cc1)NC(=O)c1cc(cc(c1)C(C)(C)C)C(=O)Nc1ccc(cc1)*,232.5
*Oc1ccc(cc1)S(=O)(=O)c1ccc(cc1)Oc1ccc(cc1)NC(=O)c1ccc(cc1)Oc1ccc(cc1)C(c1ccc(cc1)C(c1ccc(cc1)Oc1ccc(cc1)C(=O)Nc1ccc(cc1)*)(C)C)(C)C,177.0
*Oc1ccc(cc1)S(=O)(=O)c1ccc(cc1)Oc1ccc(cc1)NC(=O)c1ccc(cc1)Oc1ccc(cc1)C(c1cccc(c1)C(c1ccc(cc1)Oc1ccc(cc1)C(=O)Nc1ccc(cc1)*)(C)C)(C)C,167.0
*Oc1ccc(cc1)S(=O)(=O)c1ccc(cc1)Oc1ccc(cc1)NC(=O)c1ccc(cc1C)c1ccc(c(c1)C)C(=O)Nc1ccc(cc1)*,251.0
*Oc1ccc(cc1)S(=O)(=O)c1ccc(cc1)Oc1ccc(cc1)NC(=O)c1cccc(c1)C(=O)Nc1ccc(cc1)*,260.0
*Oc1ccc(cc1)S(=O)(=O)c1ccc(cc1)Oc1ccc(cc1)P(=O)(c1ccc(cc1)*)C,233.0
*Oc1ccc(cc1)S(=O)(=O)c1ccc(cc1)Oc1ccc(cc1)P(=O)(c1ccc(cc1)*)c1ccccc1,231.0
*Oc1ccc(cc1)S(=O)(=O)c1ccc(cc1)Oc1ccc(cc1)S(=O)(=O)c1ccc(cc1)c1ccc(cc1)S(=O)(=O)c1ccc(cc1)*,230.0
*Oc1ccc(cc1)S(=O)(=O)c1ccc(cc1)Oc1ccc(cc1)S(=O)(=O)c1ccc(cc1)c1ccc(cc1)c1ccc(cc1)S(=O)(=O)c1ccc(cc1)*,281.0
*Oc1ccc(cc1)S(=O)(=O)c1ccc(cc1)Oc1ccc(cc1)Sc1ccc(cc1)*,175.0
*Oc1ccc(cc1)S(=O)(=O)c1ccc(cc1)Oc1ccc(cc1)c1ccc(cc1)*,223.0
*Oc1ccc(cc1)S(=O)(=O)c1ccc(cc1)Oc1ccc(cc1)c1ccc(cc1)Oc1ccc(cc1)C(=O)c1ccc(cc1)*,206.0
*Oc1ccc(cc1)S(=O)(=O)c1ccc(cc1)Oc1ccc(cc1)c1ccc(cc1)c1ccc(cc1)*,251.0
*Oc1ccc(cc1)S(=O)(=O)c1ccc(cc1)Oc1ccc(cc1Br)C(C(F)(F)F)(C(F)(F)F)c1ccc(c(c1)Br)*,197.5
*Oc1ccc(cc1)S(=O)(=O)c1ccc(cc1)Oc1ccc(cc1C(C(F)(F)F)(C(F)(F)F)O)C(c1ccc(c(c1)C(C(F)(F)F)(C(F)(F)F)O)*)(C)C,167.0
*Oc1ccc(cc1)S(=O)(=O)c1ccc(cc1)Oc1ccc(cc1C(C(F)(F)F)(C(F)(F)F)OC)C(c1ccc(c(c1)C(C(F)(F)F)(C(F)(F)F)OC)*)(C)C,163.0
*Oc1ccc(cc1)S(=O)(=O)c1ccc(cc1)Oc1ccc(cc1C(F)(F)F)c1ccc(cc1)c1ccc(c(c1)C(F)(F)F)*,214.0
*Oc1ccc(cc1)S(=O)(=O)c1ccc(cc1)Oc1ccc(cc1C)C(c1ccc(c(c1)C)*)(C)C,178.0
*Oc1ccc(cc1)S(=O)(=O)c1ccc(cc1)Oc1ccc(cc1C)C1(CCCCC1)c1ccc(c(c1)C)*,197.0
*Oc1ccc(cc1)S(=O)(=O)c1ccc(cc1)Oc1ccc(cc1Cl)C(c1ccc(c(c1)Cl)*)(C)C,205.0
*Oc1ccc(cc1)S(=O)(=O)c1ccc(cc1)Oc1ccc(cc1N)C(c1ccc(c(c1)N)*)(C)C,230.4
*Oc1ccc(cc1)S(=O)(=O)c1ccc(cc1)Oc1ccc(cc1NC(=O)c1ccc2c(c1)nc[nH]2)C(C(F)(F)F)(C(F)(F)F)c1ccc(c(c1)NC(=O)c1ccc2c(c1)[nH]cn2)*,374.0
*Oc1ccc(cc1)S(=O)(=O)c1ccc(cc1)Oc1ccc(cc1[N+](=O)[O-])C(c1ccc(cc1)*)(C)C,190.0
*Oc1ccc(cc1)S(=O)(=O)c1ccc(cc1)Oc1ccc(cc1[Si](C)(C)C)C(C(F)(F)F)(C(F)(F)F)c1ccc(c(c1)[Si](C)(C)C)*,168.6
*Oc1ccc(cc1)S(=O)(=O)c1ccc(cc1)Oc1ccc2c3c1cccc3c1n(c2=O)c2c(n1)ccc(c2)Oc1ccc2c(c1)nc1n2c(=O)c2c3c1ccc(c3ccc2)*,374.0
*Oc1ccc(cc1)S(=O)(=O)c1ccc(cc1)Oc1ccc2c3c1cccc3c1n(c2=O)c2c(n1)ccc(c2)c1ccc2c(c1)nc1n2c(=O)c2c3c1ccc(c3ccc2)*,415.0
*Oc1ccc(cc1)S(=O)(=O)c1ccc(cc1)Oc1cccc(c1)NC(=O)c1ccc(cc1C)c1ccc(c(c1)C)C(=O)Nc1cccc(c1)*,220.0
*Oc1ccc(cc1)S(=O)(=O)c1ccc(cc1)c1ccc(cc1)*,265.5
*Oc1ccc(cc1)S(=O)(=O)c1ccc(cc1)c1ccc(cc1)S(=O)(=O)c1ccc(cc1)*,275.5
*Oc1ccc(cc1)S(=O)(=O)c1ccc(cc1)c1ccc(cc1)S(=O)(=O)c1ccc(cc1)Oc1ccc(cc1)c1ccc(cc1)c1ccc(cc1)*,263.0
*Oc1ccc(cc1)S(=O)(=O)c1ccc(cc1)c1ccc(cc1)c1ccc(cc1)S(=O)(=O)c1ccc(cc1)*,311.0
*Oc1ccc(cc1)S(=O)(=O)c1ccc(cc1)c1ccc(cc1)c1ccc(cc1)S(=O)(=O)c1ccc(cc1)Oc1ccc(cc1)c1ccc(cc1)*,264.0
*Oc1ccc(cc1)S(=O)(=O)c1ccc2c(c1)cc(cc2)S(=O)(=O)c1ccc(cc1)*,250.0
*Oc1ccc(cc1)S(=O)(=O)c1ccc2c(c1)ccc(c2)S(=O)(=O)c1ccc(cc1)Oc1c(C)cc(c(c1C)C)c1cc(C)c(c(c1C)C)*,300.0
*Oc1ccc(cc1)S(=O)(=O)c1ccc2c(c1)ccc(c2)S(=O)(=O)c1ccc(cc1)Oc1c(C)cc(cc1C)c1cc(C)c(c(c1)C)*,280.0
*Oc1ccc(cc1)S(=O)(=O)c1ccc2c(c1)ccc(c2)S(=O)(=O)c1ccc(cc1)Oc1ccc(cc1)c1ccc(cc1)*,255.0
*Oc1ccc(cc1)S(=O)(=O)c1cccc2c1cccc2S(=O)(=O)c1ccc(cc1)Oc1c(C)cc(cc1C)c1cc(C)c(c(c1)C)*,262.0
*Oc1ccc(cc1)S(=O)(=O)c1cccc2c1cccc2S(=O)(=O)c1ccc(cc1)Oc1ccc(cc1)c1ccc(cc1)*,248.0
*Oc1ccc(cc1)S(=O)c1ccc(cc1)Oc1ccc(cc1)C(=O)Cc1ccc(cc1)*,150.0
*Oc1ccc(cc1)S(=O)c1ccc(cc1)Oc1ccc(cc1)C(c1ccc(cc1)*)(C)C,165.0
*Oc1ccc(cc1)S(=O)c1ccc(cc1)Oc1ccc(cc1)C=NN=Cc1ccc(cc1)*,151.0
*Oc1ccc(cc1)S(=O)c1ccc(cc1)Oc1ccc(cc1)c1ccc(cc1)*,208.0
*Oc1ccc(cc1)SC(=O)Oc1ccc(cc1)C(c1ccc(cc1)OC(=O)Sc1ccc(cc1)*)(C)C,145.0
*Oc1ccc(cc1)SC(=O)Sc1ccc(cc1)*,117.0
*Oc1ccc(cc1)SCCOC(=O)Nc1ccc(cc1)Cc1ccc(cc1)NC(=O)OCCSc1ccc(cc1)*,64.0
*Oc1ccc(cc1)SSc1ccc(cc1)*,75.9
*Oc1ccc(cc1)Sc1ccc(cc1)OC(=O)*,110.0
*Oc1ccc(cc1)Sc1ccc(cc1)OC(=O)OC1C(C)(C)C(C1(C)C)OC(=O)*,107.0
*Oc1ccc(cc1)Sc1ccc(cc1)OC1(F)C(*)(F)C(C1(F)F)(F)F,78.0
*Oc1ccc(cc1)Sc1ccc(cc1)Oc1ccc(cc1C(F)(F)F)c1ccc(cc1)c1ccc(c(c1)C(F)(F)F)*,164.5
*Oc1ccc(cc1)Sc1ccc(cc1)Oc1ccc(cc1C(F)(F)F)c1ccc(cc1)c1ccc(cc1)c1ccc(c(c1)C(F)(F)F)*,176.5
*Oc1ccc(cc1)Sc1ccc(cc1)Oc1ccc2c3c1cccc3c1n(c2=O)c2c(n1)ccc(c2)Oc1ccc2c(c1)nc1n2c(=O)c2c3c1ccc(c3ccc2)*,346.0
*Oc1ccc(cc1)Sc1ccc(cc1)Oc1ccc2c3c1cccc3c1n(c2=O)c2c(n1)ccc(c2)c1ccc2c(c1)nc1n2c(=O)c2c3c1ccc(c3ccc2)*,386.0
*Oc1ccc(cc1)Sc1ccc(cc1)Sc1ccc(cc1)Sc1ccc(cc1)*,84.0
*Oc1ccc(cc1)Sc1cccc(c1)C(=O)*,89.0
*Oc1ccc(cc1)[Si](c1ccc(cc1)OC1(F)C(*)(F)C(C1(F)F)(F)F)(O[Si]12O[Si]3(CC(C)C)O[Si]4(O[Si](O2)(CC(C)C)O[Si]2(O[Si](O1)(CC(C)C)O[Si](O3)(CC(C)C)O[Si](O4)(O2)CC(C)C)CC(C)C)CC(C)C)C,138.0
*Oc1ccc(cc1)[Si](c1ccc(cc1)OC1(F)C(*)(F)C(C1(F)F)(F)F)(O[Si]12O[Si]3(O[Si]4(O[Si](O2)(O[Si]2(O[Si](O1)(O[Si](O3)(O[Si](O4)(O2)C1CCCC1)C1CCCC1)C1CCCC1)C1CCCC1)C1CCCC1)C1CCCC1)C1CCCC1)C,131.0
*Oc1ccc(cc1)[Si](c1ccccc1)(c1ccccc1)c1ccc(cc1)OC(=O)c1ccc2-c3c(Cc2c1)cc(cc3)C(=O)*,72.1
*Oc1ccc(cc1)c1cc(c2ccccc2)c(c(c1c1ccccc1)c1ccccc1)c1ccc(cc1)OC(=O)c1ccc(cc1c1ccccc1)C(=O)*,225.0
*Oc1ccc(cc1)c1ccc(cc1)N=Nc1ccc(cc1)C(=O)*,147.0
*Oc1ccc(cc1)c1ccc(cc1)OC(=O)/C=C/c1ccc(cc1)/C=C/C(=O)*,243.0
*Oc1ccc(cc1)c1ccc(cc1)OC(=O)CCCCCCC(=O)*,44.5
*Oc1ccc(cc1)c1ccc(cc1)OC(=O)CCCCCCCCC(=O)*,38.7
*Oc1ccc(cc1)c1ccc(cc1)OC(=O)CCCCCCCCCCCCC(=O)*,95.0
*Oc1ccc(cc1)c1ccc(cc1)OC(=O)Nc1cccc(c1)P(=O)(c1cccc(c1)NC(=O)*)c1ccccc1,72.0
*Oc1ccc(cc1)c1ccc(cc1)OC(=O)OC1C(C)(C)C(C1(C)C)OC(=O)*,165.0
*Oc1ccc(cc1)c1ccc(cc1)OC(=O)c1cc(OCCCc2ccccc2)c(cc1OCCCc1ccccc1)C(=O)*,72.0
*Oc1ccc(cc1)c1ccc(cc1)OC(=O)c1ccc(cc1)C(=O)*,267.0
*Oc1ccc(cc1)c1ccc(cc1)OC(=O)c1ccc(cc1)OCCOCCOCCOc1ccc(cc1)C(=O)*,56.5
*Oc1ccc(cc1)c1ccc(cc1)OC(=O)c1ccc(cc1Sc1ccc2c(c1)cccc2)C(=O)*,141.0
*Oc1ccc(cc1)c1ccc(cc1)OC(=O)c1ccc(cc1c1ccccc1)c1ccc(cc1)C(=O)*,168.0
*Oc1ccc(cc1)c1ccc(cc1)OC(=O)c1cccc(c1)C(=O)*,185.5
*Oc1ccc(cc1)c1ccc(cc1)OC(Oc1ccccc1)(Oc1ccccc1)*,112.0
*Oc1ccc(cc1)c1ccc(cc1)OC1(F)C(*)(F)C(C1(F)F)(F)F,156.3
*Oc1ccc(cc1)c1ccc(cc1)Oc1c(F)c(F)c(c(c1F)F)COC(C(F)(F)F)(C(F)(F)F)c1cccc(c1)C(C(F)(F)F)(C(F)(F)F)OCc1c(F)c(F)c(c(c1F)F)*,110.0
*Oc1ccc(cc1)c1ccc(cc1)Oc1ccc(cc1)C(=Nc1ccc(cc1)N=C(c1ccc(cc1)*)c1ccccc1)c1ccccc1,195.0
*Oc1ccc(cc1)c1ccc(cc1)Oc1ccc(cc1)C(=O)c1c(C(=O)c2ccc(cc2)*)c(c2ccccc2)c(c(c1c1ccccc1)c1ccc2c(c1)cccc2)c1ccc2c(c1)cccc2,290.0
*Oc1ccc(cc1)c1ccc(cc1)Oc1ccc(cc1)C(=O)c1c(c2ccc(cc2)F)c(c2ccc(cc2)F)c(c(c1C(=O)c1ccc(cc1)*)c1ccc(cc1)F)c1ccc(cc1)F,275.0
*Oc1ccc(cc1)c1ccc(cc1)Oc1ccc(cc1)C(=O)c1ccc(cc1)*,167.0
*Oc1ccc(cc1)c1ccc(cc1)Oc1ccc(cc1)C(=O)c1ccc(cc1)C(=O)c1ccc(cc1)*,173.0
*Oc1ccc(cc1)c1ccc(cc1)Oc1ccc(cc1)C(=O)c1ccc2c(c1)ccc(c2)C(=O)c1ccc(cc1)*,195.0
*Oc1ccc(cc1)c1ccc(cc1)Oc1ccc(cc1)C(=O)c1cccc(c1)C(=O)c1ccc(cc1)*,159.0
*Oc1ccc(cc1)c1ccc(cc1)Oc1ccc(cc1)C(=O)c1cccc2c1c(ccc2)C(=O)c1ccc(cc1)*,226.5
*Oc1ccc(cc1)c1ccc(cc1)Oc1ccc(cc1)C(=O)c1ccccc1c1ccccc1C(=O)c1ccc(cc1)*,193.0
*Oc1ccc(cc1)c1ccc(cc1)Oc1ccc(cc1)C(c1ccc(cc1)*)(C)C,154.0
*Oc1ccc(cc1)c1ccc(cc1)Oc1ccc(cc1C(F)(F)F)C(=O)c1ccc(cc1)C(=O)c1ccc(c(c1)C(F)(F)F)*,187.0
*Oc1ccc(cc1)c1ccc(cc1)Oc1ccc(cc1C(F)(F)F)c1ccc(cc1)c1ccc(c(c1)C(F)(F)F)*,203.5
*Oc1ccc(cc1)c1ccc(cc1)Oc1ccc(cc1S(=O)(=O)O)C(=O)c1ccc(c(c1)S(=O)(=O)O)*,225.0
*Oc1ccc(cc1)c1ccc(cc1)Oc1cccc(n1)*,119.0
*Oc1ccc(cc1)c1ccc(cc1)c1cc(c2ccccc2)c(c(c1c1ccccc1)c1ccccc1)c1ccc(cc1)c1ccc(cc1)OC(=O)c1ccc(cc1c1ccccc1)C(=O)*,260.0
*Oc1ccc(cc1)c1ccc(cc1)c1ccc(cc1)Oc1ccc(cc1)C(=O)c1cccc(c1)C(=O)c1ccc(cc1)*,174.0
*Oc1ccc(cc1)c1ccc(cc1)c1ccc(cc1)Oc1ccc(cc1)C(c1ccc(cc1)*)(C)C,182.0
*Oc1ccc(cc1Br)S(=O)(=O)c1ccc(c(c1)Br)Oc1c(C)cc(cc1C)C(C(F)(F)F)(C(F)(F)F)c1cc(C)c(c(c1)C)*,230.8
*Oc1ccc(cc1C(C)(C)C)C1(c2ccc(c(c2)C(C)(C)C)Oc2c(F)c(F)c(c(c2F)F)c2c(F)c(F)c(c(c2F)F)*)c2ccccc2-c2c1cccc2,264.0
*Oc1ccc(cc1C(C)(C)C)OC(=O)c1ccc(cc1)OCCCC=CCCCOc1ccc(cc1)C(=O)*,74.0
*Oc1ccc(cc1C(C)(C)C)Oc1ccc(cc1)C(=O)c1ccc(cc1)*,176.5
*Oc1ccc(cc1C(C)(C)C)Oc1ccc(cc1)C(=O)c1ccc(cc1)C(=O)c1ccc(cc1)*,190.0
*Oc1ccc(cc1C(C)(C)C)Oc1ccc(cc1)C(=O)c1cccc2c1c(ccc2)C(=O)c1ccc(cc1)*,230.0
*Oc1ccc(cc1C(C)(C)C)Oc1ccc(cc1)NC(=O)c1cccc(c1)C(=O)Nc1ccc(cc1)*,208.0
*Oc1ccc(cc1C(C)C)C(c1ccc(c(c1)C(C)C)OC(=O)*)(C)C,80.0
*Oc1ccc(cc1C(C)C)C(c1ccc(c(c1)C(C)C)OC(=O)c1ccc(cc1)C(=O)*)(C)C,130.0
*Oc1ccc(cc1C(F)(F)F)OC(=O)c1ccc(cc1)C(=O)*,159.3
*Oc1ccc(cc1C(F)(F)F)c1ccc(cc1)NC(=O)c1cc(cc(c1)C(C)(C)C)C(=O)Nc1ccc(cc1)c1ccc(c(c1)C(F)(F)F)Oc1ccc(cc1)C(C(F)(F)F)(C(F)(F)F)c1ccc(cc1)*,251.5
*Oc1ccc(cc1C(F)(F)F)c1ccc(cc1)NC(=O)c1cc(cc(c1)C(C)(C)C)C(=O)Nc1ccc(cc1)c1ccc(c(c1)C(F)(F)F)Oc1ccc(cc1)C(c1ccc(cc1)*)(C)C,248.5
*Oc1ccc(cc1C(F)(F)F)c1ccc(cc1)c1ccc(c(c1)C(F)(F)F)Oc1ccc(cc1)C(C(F)(F)F)(C(F)(F)F)c1ccc(cc1)*,207.5
*Oc1ccc(cc1C(F)(F)F)c1ccc(cc1)c1ccc(c(c1)C(F)(F)F)Oc1ccc(cc1)C(c1ccc(cc1)*)(C)C,192.0
*Oc1ccc(cc1C(c1ccccc1)(C)C)OC(=O)c1ccc(cc1c1ccccc1)c1ccc(cc1)C(=O)*,146.0
*Oc1ccc(cc1C)C(=O)c1ccc(cc1)C(=O)c1ccc(c(c1)C(C)C)*,149.0
*Oc1ccc(cc1C)C(=O)c1cccc(c1)C(=O)c1ccc(c(c1)C(C)C)*,147.0
*Oc1ccc(cc1C)C(c1ccc(c(c1)C)OC(=O)*)(C)C,124.0
*Oc1ccc(cc1C)C(c1ccc(c(c1)C)OC(=O)CCCCC(=O)*)(C)C,33.5
*Oc1ccc(cc1C)C(c1ccc(c(c1)C)OC(=O)c1ccc(cc1)C(=O)*)(C)C,165.0
*Oc1ccc(cc1C)C(c1ccc(c(c1)C)OC(=O)c1cccc(c1)C(=O)*)(C)C,162.0
*Oc1ccc(cc1C)C(c1ccc(c(c1)Cl)OC(=O)*)(C)C,138.0
*Oc1ccc(cc1C)C(c1ccc2c(c1)cccc2)(c1ccc(c(c1)C)OC(=O)c1ccc(cc1)C(=O)*)C,238.0
*Oc1ccc(cc1C)C(c1ccc2c(c1)cccc2)(c1ccc(c(c1)C)OC(=O)c1cccc(c1)C(=O)*)C,209.0
*Oc1ccc(cc1C)C1(CC2CC1C1C2C2CC1CC2)c1ccc(cc1C)OC(=O)*,232.0
*Oc1ccc(cc1C)C1(CC2CC1C1C2CCC1)c1ccc(c(c1)C)OC(=O)*,217.0
*Oc1ccc(cc1C)C1(CC2CC1CC2)c1ccc(c(c1)C)OC(=O)*,161.0
*Oc1ccc(cc1C)C1(CCC2C(C1)CCCC2)c1ccc(c(c1)C)OC(=O)c1ccc(cc1)C(=O)*,247.0
*Oc1ccc(cc1C)C1(CCC2C(C1)CCCC2)c1ccc(c(c1)C)OC(=O)c1cccc(c1)C(=O)*,207.0
*Oc1ccc(cc1C)C1(CCC2C(C1)CCCC2)c1ccc(c(c1)C)Oc1ccc(cc1)C(=O)c1ccc(cc1)*,201.0
*Oc1ccc(cc1C)C1(CCC2C(C1)CCCC2)c1ccc(c(c1)C)Oc1ccc(cc1)C(=O)c1cccc(c1)C(=O)c1ccc(cc1)*,185.0
*Oc1ccc(cc1C)C1(CCCCC1)c1ccc(c(c1)C)OC(=O)*,134.0
*Oc1ccc(cc1C)C1(c2ccc(c(c2)C)OC(=O)c2cccc(c2)C(=O)*)c2ccccc2-c2c1cccc2,287.0
*Oc1ccc(cc1C)C1(c2ccc(c(c2)C)Oc2ccc(cc2)C(=O)c2cccc(c2)C(=O)c2ccc(cc2)*)c2ccccc2-c2c1cccc2,217.0
*Oc1ccc(cc1C)Cc1ccc(c(c1)C)OC(=O)*,51.0
*Oc1ccc(cc1C)OC(=O)c1cc(OCCCc2ccccc2)c(cc1OCCCc1ccccc1)C(=O)*,91.0
*Oc1ccc(cc1C)OC(=O)c1ccc(cc1)Sc1cccc(c1)OC(=O)c1ccc(cc1)C(=O)Oc1cccc(c1)Sc1ccc(cc1)C(=O)*,135.0
*Oc1ccc(cc1C)OC(=O)c1ccc(cc1Sc1ccccc1)C(=O)*,130.0
*Oc1ccc(cc1C)OC(=O)c1ccc(cc1c1ccccc1)c1ccc(cc1)C(=O)*,133.0
*Oc1ccc(cc1C)OC(=O)c1cccc(c1)Sc1ccc(cc1)OC(=O)c1ccc(cc1)C(=O)Oc1ccc(cc1)Sc1cccc(c1)C(=O)*,106.5
*Oc1ccc(cc1C)Oc1ccc(cc1)C(=O)Nc1ccc(cc1)Oc1ccc(cc1)S(=O)(=O)c1ccc(cc1)Oc1ccc(cc1)NC(=O)c1ccc(cc1)*,217.0
*Oc1ccc(cc1C)Oc1ccc(cc1)C(=O)Nc1ccc(cc1)Oc1ccc(cc1)c1ccc(cc1)Oc1ccc(cc1)NC(=O)c1ccc(cc1)*,220.0
*Oc1ccc(cc1C)Oc1ccc(cc1)C(=O)c1ccc(cc1)*,151.0
*Oc1ccc(cc1C)Oc1ccc(cc1)NC(=O)c1ccc(cc1)Oc1ccc(cc1C)Oc1ccc(cc1)C(=O)Nc1ccc(cc1)*,218.5
*Oc1ccc(cc1C)Oc1ccc(cc1)S(=O)(=O)c1ccc(cc1)*,138.0
*Oc1ccc(cc1C)c1ccc(c(c1)C)OC(Oc1ccccc1)(Oc1ccccc1)*,125.0
*Oc1ccc(cc1C1CC2CC1CC2)OC(=O)c1ccc(cc1)C(=O)*,267.0
*Oc1ccc(cc1C1CCCCC1)OC(=O)c1ccc(cc1)C(=O)*,206.0
*Oc1ccc(cc1C1CCCCCCC1)OC(=O)c1ccc(cc1)C(=O)*,213.0
*Oc1ccc(cc1C=Cc1ccncc1)OC(=O)c1ccc(cc1)OCCCCCCCCCCCCOc1ccc(cc1)C(=O)*,96.0
*Oc1ccc(cc1CCCCC)C(=O)*,50.0
*Oc1ccc(cc1Cl)C(c1ccc(c(c1)Cl)OC(=O)*)(C)C,146.5
*Oc1ccc(cc1Cl)C(c1ccc(c(c1)Cl)OC(=O)c1ccc(cc1)C(=O)*)(C)C,190.0
*Oc1ccc(cc1Cl)C1(CC2CC1CC2)c1ccc(c(c1)Cl)OC(=O)*,200.0
*Oc1ccc(cc1Cl)C1(CCCCC1)c1ccc(c(c1)Cl)OC(=O)*,179.0
*Oc1ccc(cc1Cl)OC(=O)c1ccc(cc1)C(=O)*,220.0
*Oc1ccc(cc1Cl)OC(=O)c1ccc(cc1)OCCOc1ccc(cc1)C(=O)*,86.5
*Oc1ccc(cc1F)c1ccc(cc1)C(c1ccc(cc1)c1ccc(c(c1)F)OC(=O)*)(C)C,234.0
*Oc1ccc(cc1Oc1ccc(cc1)S(=O)(=O)c1ccc(cc1)*)C(C)(C)C,178.75
*Oc1ccc(cc1S(=O)(=O)O)Oc1c(F)c(F)c(c(c1F)F)c1c(F)c(F)c(c(c1F)F)*,120.0
*Oc1ccc(cc1S(=O)(=O)O)Oc1ccc(cc1)C(=O)c1ccc(cc1)*,217.0
*Oc1ccc(cc1S(=O)(=O)O)Oc1ccc(cc1)C(=O)c1cccc(c1)C(=O)c1ccc(cc1)*,195.0
*Oc1ccc(cc1S(=O)(=O)O)Oc1ccc(cc1)S(=O)(=O)c1ccc(cc1)*,243.0
*Oc1ccc(cc1S(=O)(=O)O)Oc1ccc(cc1S(=O)(=O)O)C(=O)c1ccc(c(c1)S(=O)(=O)O)*,248.0
*Oc1ccc(cc1S(=O)(=O)O)S(=O)(=O)c1ccc(c(c1)S(=O)(=O)O)Oc1ccc(cc1)C(c1ccc(cc1)*)(C)C,188.0
*Oc1ccc(cc1S(=O)(=O)c1ccccc1)OC(=O)c1ccc(cc1)OCCCCCCCCCCCCOc1ccc(cc1)C(=O)*,81.7
*Oc1ccc(cc1S(=O)(=O)c1ccccc1)OC(=O)c1ccc(cc1)OCCCCCCCCCCOc1ccc(cc1)C(=O)*,88.0
*Oc1ccc(cc1S(=O)(=O)c1ccccc1)OC(=O)c1ccc(cc1)OCCCCCCOc1ccc(cc1)C(=O)*,105.5
*Oc1ccc(cc1[N+](=O)[O-])S(=O)(=O)c1ccc(c(c1)[N+](=O)[O-])Oc1ccc(cc1)C(c1ccc(cc1)*)(C)C,206.0
*Oc1ccc(cc1c1cc(C)cc(c1)C)Oc1ccc(cc1)C(=O)c1ccc(cc1)*,162.0
*Oc1ccc(cc1c1cc(cc(c1)C(F)(F)F)C(F)(F)F)Oc1ccc(cc1)C(=O)c1ccc(cc1)*,146.0
*Oc1ccc(cc1c1ccc(c(c1)C(F)(F)F)Cl)Oc1ccc(cc1)C(=O)c1ccc(cc1)C(=O)c1ccc(cc1)*,147.0
*Oc1ccc(cc1c1ccc(c(c1)C)S(=O)(=O)O)Oc1ccc(cc1)C(=O)c1ccc(cc1)C(=O)c1ccc(cc1)*,167.0
*Oc1ccc(cc1c1ccc(c(c1)C)S(=O)(=O)O)Oc1ccc(cc1)C(=O)c1ccc(cc1)c1ccc(cc1)C(=O)c1ccc(cc1)*,182.0
*Oc1ccc(cc1c1ccc(cc1)O)Oc1c(F)c(F)c(c(c1F)F)c1c(F)c(F)c(c(c1F)F)*,140.3
*Oc1ccc(cc1c1ccc(cc1)OC)Oc1c(F)c(F)c(c(c1F)F)c1c(F)c(F)c(c(c1F)F)*,139.6
*Oc1ccc(cc1c1ccc(cc1)OCC1CO1)Oc1c(F)c(F)c(c(c1F)F)c1c(F)c(F)c(c(c1F)F)*,136.5
*Oc1ccc(cc1c1ccc(cc1)Oc1ccccc1)NC(=O)NC1CC(C)(CNC(=O)Nc2ccc(c(c2)c2ccc(cc2)Oc2ccccc2)*)CC(C1)(C)C,281.0
*Oc1ccc(cc1c1ccc(cc1)Oc1ccccc1)NC(=O)Nc1cc(ccc1C)NC(=O)Nc1ccc(c(c1)c1ccc(cc1)Oc1ccccc1)*,279.0
*Oc1ccc(cc1c1ccc(cc1)Oc1ccccc1)Oc1ccc(cc1)C(=O)c1ccc(cc1)*,146.0
*Oc1ccc(cc1c1ccc(cc1)S(=O)(=O)O)Oc1ccc(cc1)C(=O)c1ccc(cc1)C(=O)c1ccc(cc1)*,174.0
*Oc1ccc(cc1c1cccc(c1)C(F)(F)F)OC(=O)c1ccc(cc1)C(=O)*,155.8
*Oc1ccc(cc1c1cccc(c1)C(F)(F)F)Oc1ccc(cc1)C(=O)c1ccc(cc1)*,134.0
*Oc1ccc(cc1c1cccc(c1)C)Oc1ccc(cc1)C(=O)c1ccc(cc1)C(=O)c1ccc(cc1)*,159.0
*Oc1ccc(cc1c1cccc(c1)C)Oc1ccc(cc1)C(=O)c1ccc(cc1)c1ccc(cc1)C(=O)c1ccc(cc1)*,170.0
*Oc1ccc(cc1c1cccc(c1)O)Oc1ccc(cc1)S(=O)(=O)c1ccc(cc1)*,204.0
*Oc1ccc(cc1c1ccccc1)OC(=O)c1ccc(cc1Sc1ccccc1)C(=O)*,130.0
*Oc1ccc(cc1c1ccccc1)OC(=O)c1ccc(cc1c1ccccc1)c1ccc(cc1)C(=O)*,148.0
*Oc1ccc(cc1c1ccccc1)OC(=O)c1cccc(c1)Sc1ccc(cc1)OC(=O)c1ccc(cc1)C(=O)Oc1ccc(cc1)Sc1cccc(c1)C(=O)*,128.0
*Oc1ccc(cc1c1ccccc1)Oc1ccc(cc1)C(=O)Nc1ccc(cc1)Cc1ccc(cc1)NC(=O)c1ccc(cc1)*,218.0
*Oc1ccc(cc1c1ccccc1)Oc1ccc(cc1)C(=O)Nc1ccc(cc1)Oc1ccc(cc1)NC(=O)c1ccc(cc1)*,219.0
*Oc1ccc(cc1c1ccccc1)Oc1ccc(cc1)C(=O)Nc1ccc(cc1)Oc1ccc(cc1)S(=O)(=O)c1ccc(cc1)Oc1ccc(cc1)NC(=O)c1ccc(cc1)*,231.0
*Oc1ccc(cc1c1ccccc1)Oc1ccc(cc1)C(=O)Nc1ccc(cc1)Oc1ccc(cc1)c1ccc(cc1)Oc1ccc(cc1)NC(=O)c1ccc(cc1)*,232.0
*Oc1ccc(cc1c1ccccc1)Oc1ccc(cc1)C(=O)c1ccc(cc1)*,156.5
*Oc1ccc(cc1c1ccccc1)Oc1ccc(cc1)C(=O)c1ccc(cc1)C(=O)c1ccc(cc1)*,166.0
*Oc1ccc(cc1c1ccccc1)Oc1ccc(cc1)C(=O)c1ccc(cc1)c1ccc(cc1)C(=O)c1ccc(cc1)*,186.0
*Oc1ccc(cc1c1ccccc1)Oc1ccc(cc1)NC(=O)c1ccc(cc1)Oc1ccc(cc1c1ccccc1)Oc1ccc(cc1)C(=O)Nc1ccc(cc1)*,200.5
*Oc1ccc(cc1c1ccccc1)Oc1ccc(cc1)S(=O)(=O)c1ccc(cc1)*,169.0
*Oc1ccc(cc1c1ccccc1)c1ccc(c(c1)c1ccccc1)OC(=O)c1ccc(cc1)C(=O)c1ccc(cc1)C(=O)*,184.5
*Oc1ccc(cc1c1ccccc1)c1ccc(cc1)OC(=O)c1ccc(cc1)C(=O)*,132.0
*Oc1ccc2c(c1)C(C)(CC2(C)C)c1ccc(cc1)OC(=O)*,200.8
*Oc1ccc2c(c1)C(C)(CC2(C)C)c1ccc(cc1)OC(=O)c1ccc(cc1)C(=O)*,252.5
*Oc1ccc2c(c1)C(C)(CC2(C)C)c1ccc(cc1)OC(=O)c1cccc(c1)C(=O)*,230.5
*Oc1ccc2c(c1)C1(CC(c3c1cc(cc3)OC(=O)*)(C)C)CC2(C)C,227.5
*Oc1ccc2c(c1)C1(CC(c3c1cc(cc3)OC(=O)c1ccc(cc1)C(=O)*)(C)C)CC2(C)C,290.0
*Oc1ccc2c(c1)C1(CC(c3c1cc(cc3)OC(=O)c1cccc(c1)C(=O)*)(C)C)CC2(C)C,245.0
*Oc1ccc2c(c1)cc(cc2)OC(=O)c1ccc(cc1)Oc1ccc(cc1)C(=O)*,142.0
*Oc1ccc2c(c1)cc(cc2)Oc1ccc(cc1)C(=Nc1ccc(cc1)N=C(c1ccc(cc1)*)c1ccccc1)c1ccccc1,171.0
*Oc1ccc2c(c1)cc(cc2)Oc1ccc(cc1)C(=Nc1ccc(cc1)Oc1ccc(cc1)N=C(c1ccc(cc1)*)c1ccccc1)c1ccccc1,165.0
*Oc1ccc2c(c1)cc(cc2)Oc1ccc(cc1)C(=O)Nc1ccc(cc1)C(c1ccc(cc1)C(c1ccc(cc1)NC(=O)c1ccc(cc1)*)(C)C)(C)C,155.0
*Oc1ccc2c(c1)cc(cc2)Oc1ccc(cc1)C(=O)Nc1ccc(cc1)Oc1ccc(cc1)C(C(F)(F)F)(C(F)(F)F)c1ccc(cc1)Oc1ccc(cc1)NC(=O)c1ccc(cc1)*,163.0
*Oc1ccc2c(c1)cc(cc2)Oc1ccc(cc1)C(=O)Nc1ccc(cc1)Oc1ccc(cc1)C(c1ccc(cc1)C(c1ccc(cc1)Oc1ccc(cc1)NC(=O)c1ccc(cc1)*)(C)C)(C)C,166.0
*Oc1ccc2c(c1)cc(cc2)Oc1ccc(cc1)C(=O)Nc1ccc(cc1)Oc1ccc(cc1)C(c1ccc(cc1)Oc1ccc(cc1)NC(=O)c1ccc(cc1)*)(C)C,143.0
*Oc1ccc2c(c1)cc(cc2)Oc1ccc(cc1)C(=O)Nc1ccc(cc1)Oc1ccc(cc1)C(c1ccc(cc1)Oc1ccc(cc1)NC(=O)c1ccc(cc1)*)(c1ccccc1)C,177.0
*Oc1ccc2c(c1)cc(cc2)Oc1ccc(cc1)C(=O)Nc1ccc(cc1)Oc1ccc(cc1)Oc1ccc(cc1)NC(=O)c1ccc(cc1)*,191.0
*Oc1ccc2c(c1)cc(cc2)Oc1ccc(cc1)C(=O)Nc1ccc(cc1)Oc1ccc(cc1)S(=O)(=O)c1ccc(cc1)Oc1ccc(cc1)NC(=O)c1ccc(cc1)*,227.0
*Oc1ccc2c(c1)cc(cc2)Oc1ccc(cc1)C(=O)Nc1cccc(c1)NC(=O)c1ccc(cc1)*,168.0
*Oc1ccc2c(c1)cc(cc2)Oc1ccc(cc1)C(=O)Nc1cccc(c1)Oc1ccc(cc1)NC(=O)c1ccc(cc1)*,164.0
*Oc1ccc2c(c1)ccc(c2)C(=O)*,147.0
*Oc1ccc2c(c1)ccc(c2)OC(=O)c1ccc(cc1)Oc1ccc(cc1)C(=O)*,145.0
*Oc1ccc2c(c1)ccc(c2)OC(=O)c1ccc(cc1c1ccccc1)c1ccc(cc1)C(=O)*,125.0
*Oc1ccc2c(c1)ccc(c2)OC(=O)c1cccc(c1)Oc1ccc(cc1)Oc1cccc(c1)C(=O)*,125.0
*Oc1ccc2c(c1)ccc(c2)Oc1ccc(cc1)C(=O)c1ccc(cc1)*,247.0
*Oc1ccc2c(c1)ccc(c2)Oc1ccc(cc1)S(=O)(=O)c1ccc(cc1)*,231.0
*Oc1ccc2c(c1)ccc(c2)Oc1ccc(cc1)S(=O)(=O)c1ccc(cc1)Oc1ccc(cc1)C(=O)c1ccc(cc1)*,199.0
*Oc1ccc2c(c1)ccc(c2)Oc1ccc2c3c1cccc3c1n(c2=O)c2c(n1)ccc(c2)c1ccc2c(c1)nc1n2c(=O)c2c3c1ccc(c3ccc2)*,413.0
*Oc1ccc2c(c1c1c(ccc3c1cccc3)OC(=O)c1ccc(cc1)C(=O)*)cccc2,211.0
*Oc1ccc2c(c1c1c(ccc3c1cccc3)OC(=O)c1cccc(c1)C(=O)*)cccc2,206.0
*Oc1ccc2c(c1c1c(ccc3c1cccc3)Oc1ccc(cc1)S(=O)(=O)c1ccc(cc1)*)cccc2,257.0
*Oc1cccc(c1)*,45.0
*Oc1cccc(c1)C(=O)*,136.0
*Oc1cccc(c1)C(=O)Nc1ccc(cc1)S(=O)(=O)c1ccc(cc1)NC(=O)c1cccc(c1)Oc1nc(*)nc(n1)Sc1ccccc1,304.0
*Oc1cccc(c1)C(=O)Nc1ccc(cc1)c1ccc(cc1)NC(=O)c1cccc(c1)Oc1nc(*)nc(n1)Sc1ccccc1,279.0
*Oc1cccc(c1)C(=O)OCC(C(C(COC(=O)c1cccc(c1)*)(F)F)(F)F)(F)F,20.0
*Oc1cccc(c1)C(=O)c1ccc(cc1)*,132.0
*Oc1cccc(c1)C(=O)c1ccc(cc1)Oc1ccc(cc1)C(=O)c1ccc(cc1)*,146.0
*Oc1cccc(c1)C(C(C(c1cccc(c1)OC(=O)*)(F)F)(F)F)(F)F,46.0
*Oc1cccc(c1)C(C(C(c1cccc(c1)OC(=O)c1cccc(c1)C(C(C(c1cccc(c1)C(=O)*)(F)F)(F)F)(F)F)(F)F)(F)F)(F)F,74.0
*Oc1cccc(c1)N(c1ccccc1)c1ccc(cc1)c1ccc(cc1)N(c1cccc(c1)OC(=O)OCCOCCOC(=O)*)c1ccc(cc1)N=Nc1ccc(cc1)[N+](=O)[O-],108.0
*Oc1cccc(c1)N(c1ccccc1)c1ccc(cc1)c1ccc(cc1)N(c1cccc(c1)OC(=O)OCCOCCOC(=O)*)c1ccccc1,113.0
*Oc1cccc(c1)NC(=O)CCCCC(=O)Nc1ccc(cc1)*,160.0
*Oc1cccc(c1)NC(=O)CCCCCC(=O)Nc1ccc(cc1)*,130.0
*Oc1cccc(c1)NC(=O)CCCCCCC(=O)Nc1ccc(cc1)*,140.0
*Oc1cccc(c1)NC(=O)CCCCCCCC(=O)Nc1ccc(cc1)*,120.0
*Oc1cccc(c1)NC(=O)CCCCCCCCC(=O)Nc1ccc(cc1)*,125.0
*Oc1cccc(c1)NC(=O)CCCCCCCCCC(=O)Nc1ccc(cc1)*,110.0
*Oc1cccc(c1)NC(=O)CCCCCCCCCCC(=O)Nc1ccc(cc1)*,110.0
*Oc1cccc(c1)NC(=O)c1cc(NC(=O)c2ccc(cc2)OC(=O)C)cc(c1)C(=O)Nc1ccc(cc1)*,251.0
*Oc1cccc(c1)NC(=O)c1cc(cc(c1)C(C(C(C(C(C(C(C(F)(F)F)(F)F)(F)F)(F)F)(F)F)(F)F)(F)F)(F)F)C(=O)Nc1ccc(cc1)*,210.0
*Oc1cccc(c1)NC(=O)c1cc(cc(c1)C(C(C(C(F)(F)F)(F)F)(F)F)(F)F)C(=O)Nc1ccc(cc1)*,230.0
*Oc1cccc(c1)NC(=O)c1ccc(cc1)C(=O)Nc1ccc(cc1)*,280.0
*Oc1cccc(c1)NC(=O)c1ccc(cc1)C(=O)Nc1ccc(cc1)Oc1ccc(cc1)C(=O)c1ccc(cc1)*,126.0
*Oc1cccc(c1)NC(=O)c1ccc(cc1)C(=O)c1cccc(c1)C(=O)Nc1ccc(cc1)*,237.0
*Oc1cccc(c1)NC(=O)c1ccc(cc1)Oc1ccc(cc1)C(c1ccc(cc1)C(c1ccc(cc1)Oc1ccc(cc1)C(=O)Nc1ccc(cc1)*)(C)C)(C)C,168.0
*Oc1cccc(c1)NC(=O)c1ccc(cc1)Oc1ccc(cc1)C(c1cccc(c1)C(c1ccc(cc1)Oc1ccc(cc1)C(=O)Nc1ccc(cc1)*)(C)C)(C)C,147.0
*Oc1cccc(c1)NC(=O)c1ccc(cc1)P(=O)(c1ccccc1)c1ccc(cc1)C(=O)Nc1cccc(c1)Oc1ccc(cc1)P(=O)(c1ccc(cc1)*)c1ccccc1,235.0
*Oc1cccc(c1)NC(=O)c1ccc(cc1)[Si](c1ccc(cc1)C(=O)*)(C)C,220.0
*Oc1cccc(c1)NC(=O)c1ccc(cc1)[Si](c1ccc(cc1)C(=O)*)(c1ccccc1)c1ccccc1,220.0
*Oc1cccc(c1)NC(=O)c1cccc(c1)C(=O)Nc1ccc(cc1)*,239.0
*Oc1cccc(c1)NC(=O)c1cccc(c1)C(=O)Nc1ccc(cc1)Oc1ccc(cc1)C(=O)c1ccc(cc1)*,114.0
*Oc1cccc(c1)OC(=O)CCC(=O)*,38.2
*Oc1cccc(c1)OC(=O)Oc1ccc(cc1)C(c1ccc(cc1)OC(=O)*)(C)C,104.5
*Oc1cccc(c1)OC(=O)c1ccc(cc1)C(c1ccc(cc1)C(=O)*)(C)C,158.0
*Oc1cccc(c1)OC(=O)c1ccc(cc1)OC(=O)c1cccc(c1)C(=O)Oc1ccc(cc1)C(=O)*,156.0
*Oc1cccc(c1)OC(=O)c1ccc(cc1)Oc1ccc(cc1)C(=O)*,159.0
*Oc1cccc(c1)OC(=O)c1ccc(cc1)[Si](c1ccc(cc1)C(=O)*)(C)C,134.0
*Oc1cccc(c1)OC(=O)c1cccc(c1)C(=O)*,138.0
*Oc1cccc(c1)OC1(F)C(*)(F)C(C1(F)F)(F)F,32.0
*Oc1cccc(c1)OC1=CC=CC([NH+]1C)*,133.0
*Oc1cccc(c1)Oc1ccc(c(c1)C(=O)Nc1ccc(cc1)Oc1ccc(cc1)c1ccc(cc1)Oc1ccc(cc1)NC(=O)c1cc(*)ccc1C(=O)O)C(=O)O,100.0
*Oc1cccc(c1)Oc1ccc(cc1)C(=O)NCCCCCCNC(=O)c1ccc(cc1)*,120.5
*Oc1cccc(c1)Oc1ccc(cc1)C(=O)Oc1cccc(c1)OC(=O)c1ccc(cc1)*,131.0
*Oc1cccc(c1)Oc1ccc(cc1)C(=O)c1ccc(cc1)*,125.0
*Oc1cccc(c1)Oc1ccc(cc1)C(=O)c1ccc(cc1)NC(=O)CCCCCCCCC(=O)Nc1ccc(cc1)C(=O)c1ccc(cc1)*,143.0
*Oc1cccc(c1)Oc1ccc(cc1)C(=O)c1ccc(cc1)NC(=O)c1ccc(cc1)C(=O)Nc1ccc(cc1)C(=O)c1ccc(cc1)*,190.0
*Oc1cccc(c1)Oc1ccc(cc1)C(=O)c1ccc(cc1)NC(=O)c1cccc(c1)C(=O)Nc1ccc(cc1)C(=O)c1ccc(cc1)*,214.0
*Oc1cccc(c1)Oc1ccc(cc1)C(=O)c1ccc(cc1)P(=O)(c1ccc(cc1)C(=O)c1ccc(cc1)*)c1ccccc1,201.0
*Oc1cccc(c1)Oc1ccc(cc1)N=Cc1ccc(cc1)N(c1ccc(cc1)C=Nc1ccc(cc1)*)c1ccccc1,174.0
*Oc1cccc(c1)Oc1ccc(cc1)NC(=O)Nc1ccc(cc1)*,300.0
*Oc1cccc(c1)Oc1ccc(cc1)NC(=O)c1cc(NC(=O)c2ccc(cc2)OC(=O)C)cc(c1)C(=O)Nc1ccc(cc1)*,230.0
*Oc1cccc(c1)Oc1ccc(cc1)NC(=O)c1ccc(cc1)Oc1cccc(c1)Oc1ccc(cc1)C(=O)Nc1ccc(cc1)*,176.5
*Oc1cccc(c1)Oc1ccc(cc1)NC(=O)c1ccc(cc1C)c1ccc(c(c1)C)C(=O)Nc1ccc(cc1)*,213.0
*Oc1cccc(c1)Oc1ccc(cc1)Oc1ccc(cc1S(=O)(=O)O[Na])S(=O)(=O)c1ccc(c(c1)S(=O)(=O)O[Na])Oc1ccc(cc1)Oc1cccc(c1)Oc1ccc(cc1)c1ccc(cc1)*,283.0
*Oc1cccc(c1)Oc1ccc(cc1)Oc1cccc(c1)OC(=O)c1ccc(cc1)C(=O)*,103.0
*Oc1cccc(c1)Oc1ccc(cc1)S(=O)(=O)c1ccc(cc1)*,172.0
*Oc1cccc(c1)Oc1ccc(cc1)S(=O)(=O)c1ccc(cc1)Oc1ccc(cc1)C(=O)c1ccc(cc1)*,167.0
*Oc1cccc(c1)Oc1ccc2c3c1cccc3c1n(c2=O)c2c(n1)ccc(c2)Oc1ccc2c(c1)nc1n2c(=O)c2c3c1ccc(c3ccc2)*,369.5
*Oc1cccc(c1)Oc1ccc2c3c1cccc3c1n(c2=O)c2c(n1)ccc(c2)c1ccc2c(c1)nc1n2c(=O)c2c3c1ccc(c3ccc2)*,396.5
*Oc1cccc(c1)Oc1cccc(c1)NC(=O)c1cc(ccc1C(=O)O)Oc1ccc(c(c1)C(=O)Nc1cccc(c1)*)C(=O)O,176.4
*Oc1cccc(c1)Oc1cccc(c1)NC(=O)c1cccc(c1)Oc1cccc(c1)Oc1cccc(c1)C(=O)Nc1cccc(c1)*,137.5
*Oc1cccc(c1)Oc1cccc(c1)OC(=O)*,71.0
*Oc1cccc(c1)Oc1cccc(c1C(=O)c1ccccc1S(=O)(=O)O[Na])Oc1cccc(c1)Oc1ccc(cc1)c1ccc(cc1)*,230.0
*Oc1cccc(c1)Oc1cccc(n1)*,82.0
*Oc1cccc(c1)S(=O)(=O)c1ccc(cc1)*,170.0
*Oc1cccc(c1)Sc1ccc(cc1)C(=O)*,102.0
*Oc1cccc(c1C#N)Oc1ccc(cc1)c1ccc(cc1)*,210.0
*Oc1cccc(c1C#N)Oc1cccc(c1)NC(=O)c1cc(ccc1C(=O)O)Oc1ccc(c(c1)C(=O)Nc1cccc(c1)*)C(=O)O,200.1
*Oc1cccc2c1cc(cc2)Oc1ccc(cc1)NC(=O)c1cc(cc(c1)C(C)(C)C)C(=O)Nc1ccc(cc1)*,263.0
*Oc1cccc2c1cc(cc2)Oc1ccc(cc1)NC(=O)c1ccc(cc1)C(C(F)(F)F)(C(F)(F)F)c1ccc(cc1)C(=O)Nc1ccc(cc1)*,252.0
*Oc1cccc2c1cc(cc2)Oc1ccc(cc1)NC(=O)c1ccc(cc1)Oc1ccc(cc1)C(=O)Nc1ccc(cc1)*,236.0
*Oc1cccc2c1cc(cc2)Oc1ccc(cc1)NC(=O)c1ccc(cc1)Oc1ccc(cc1)C(c1ccc(cc1)Oc1ccc(cc1)C(=O)Nc1ccc(cc1)*)(c1ccccc1)C,212.0
*Oc1cccc2c1cc(cc2)Oc1ccc(cc1)NC(=O)c1ccc(cc1)Oc1ccc(cc1)C(c1cccc(c1)C(c1ccc(cc1)Oc1ccc(cc1)C(=O)Nc1ccc(cc1)*)(C)C)(C)C,139.0
*Oc1cccc2c1cc(cc2)Oc1ccc(cc1)NC(=O)c1ccc(cc1)Oc1ccc(cc1)Oc1ccc(cc1)C(=O)Nc1ccc(cc1)*,224.0
*Oc1cccc2c1cc(cc2)Oc1ccc(cc1)NC(=O)c1ccc(cc1)Oc1ccc(cc1)S(=O)(=O)c1ccc(cc1)Oc1ccc(cc1)C(=O)Nc1ccc(cc1)*,218.0
*Oc1cccc2c1cc(cc2)Oc1ccc(cc1)NC(=O)c1ccc(cc1)Oc1cccc(c1)Oc1ccc(cc1)C(=O)Nc1ccc(cc1)*,196.0
*Oc1cccc2c1cc(cc2)Oc1ccc(cc1)NC(=O)c1ccc(cc1)Oc1ccccc1Oc1ccc(cc1)C(=O)Nc1ccc(cc1)*,180.0
*Oc1cccc2c1cc(cc2)Oc1ccc(cc1)NC(=O)c1ccc(cc1)S(=O)(=O)c1ccc(cc1)C(=O)Nc1ccc(cc1)*,259.0
*Oc1cccc2c1cc(cc2)Oc1ccc(cc1)NC(=O)c1cccc(c1)C(=O)Nc1ccc(cc1)*,256.0
*Oc1cccc2c1ccc(c2)OC(=O)c1ccc(cc1)Oc1ccc(cc1)C(=O)*,179.0
*Oc1cccc2c1cccc2OC(=O)c1ccc(cc1)Oc1ccc(cc1)C(=O)*,171.0
*Oc1cccc2c1cccc2OC1(F)C(*)(F)C(C1(F)F)(F)F,136.0
*Oc1ccccc1C(=O)OC(=O)c1ccccc1OC(=O)C(C(C(=O)*)C)C,45.0
*Oc1ccccc1C(=O)OC(=O)c1ccccc1OC(=O)CCCC(=O)*,50.0
*Oc1ccccc1C(=O)OC(=O)c1ccccc1OC(=O)CCCCC(=O)*,55.0
*Oc1ccccc1C(=O)OC(=O)c1ccccc1OC(=O)CCCCCC(=O)*,40.0
*Oc1ccccc1C(=O)OC(=O)c1ccccc1OC(=O)CCCCCCC(=O)*,28.0
*Oc1ccccc1C(=O)OC(=O)c1ccccc1OC(=O)CCCCCCCC(=O)*,25.0
*Oc1ccccc1C(=O)OC(=O)c1ccccc1OC(=O)CCCCCCCCC(=O)*,28.0
*Oc1ccccc1C(=O)OC(=O)c1ccccc1OC(=O)c1ccc(cc1)C(=O)*,120.0
*Oc1ccccc1C(=O)OC(=O)c1ccccc1OC(=O)c1cccc(c1)C(=O)*,105.0
*Oc1ccccc1Oc1ccc(cc1)S(=O)(=O)c1ccc(cc1)*,171.0
*Oc1ccccc1S(=O)(=O)c1ccc(cc1)*,221.0
*Oc1ccccc1c1ccccc1Oc1ccc2c3c1cccc3c1n(c2=O)c2c(n1)ccc(c2)c1ccc2c(c1)nc1n2c(=O)c2c3c1ccc(c3ccc2)*,376.0
*SC(=O)NCCCCCCNC(=O)SCc1ccc(cc1)Cc1ccc(cc1)C*,49.0
*SC(C(=O)*)C,12.0
*SC(F)(F)*,-118.0
*SC1CCCC(C1)*,-53.0
*SC1CCCCC1*,-45.0
*SCC(=O)NCCCCCCNC(=O)C*,-7.0
*SCC(=O)NN=Cc1ccc(c(c1)OC)OCCCCCCCCCCOc1ccc(cc1OC)C=NNC(=O)CSc1nnc(s1)*,156.0
*SCC(=O)NN=Cc1ccc(cc1)OCCCCCCCCCCOc1ccc(cc1)C=NNC(=O)CSc1nnc(s1)*,117.0
*SCC(C*)(C)C,-51.5
*SCC(CC)(C*)C,-50.0
*SCC(CC)(CC)C*,-36.25
*SCCC(=O)NCCCCCCNC(=O)CC*,20.5
*SSCc1ccc(cc1)C*,23.0
*SSCc1ccccc1C*,39.0
*SSSCc1ccc(cc1)C*,8.0
*SSSSCc1ccc(cc1)C*,3.0
*SSc1ccc(cc1)N=CNc1ccc(cc1)*,98.0
*Sc1c(C)cc(cc1C)*,198.0
*Sc1cc(C)c(cc1C)*,298.0
*Sc1ccc(cc1)*,90.0
*Sc1ccc(cc1)C(=O)CNCCCCCCCCNCC(=O)c1ccc(cc1)*,231.0
*Sc1ccc(cc1)C(=O)c1ccc(cc1)*,140.3
*Sc1ccc(cc1)C(=O)c1ccc(cc1)C(C(F)(F)F)(C(F)(F)F)c1ccc(cc1)C(=O)c1ccc(cc1)*,175.0
*Sc1ccc(cc1)C(=O)c1ccc(cc1)C(c1ccc(cc1)C(=O)c1ccc(cc1)*)(C)C,175.0
*Sc1ccc(cc1)Cc1ccc(cc1)SC(=O)*,117.0
*Sc1ccc(cc1)Nc1ccc(cc1)*,145.0
*Sc1ccc(cc1)Nc1ccc(cc1)Nc1ccc(cc1)*,114.0
*Sc1ccc(cc1)Oc1ccc(cc1)Sc1nc(*)nc(n1)OC,130.0
*Sc1ccc(cc1)P(=O)(c1ccccc1)c1ccc(cc1)Sc1ccc(cc1)c1ccc(cc1)*,232.0
*Sc1ccc(cc1)Sc1ccc(cc1)Sc1ccc(cc1)P(=O)(c1ccc(cc1)*)c1ccccc1,175.0
*Sc1ccc(cc1)Sc1ccc(cc1)Sc1ccc2c(c1)C(=O)N(C2=O)N1C(=O)c2c(C1=O)c(*)ccc2,242.0
*Sc1ccc(cc1)Sc1ccc(cc1)Sc1ccc2c(c1)C(=O)N(C2=O)N1C(=O)c2c(C1=O)cc(cc2)*,223.5
*Sc1ccc(cc1)Sc1ccc(cc1)Sc1ccc2c(c1)Sc1c(S2)cc(cc1)*,149.8
*Sc1ccc(cc1)Sc1ccc(cc1)Sc1cccc2c1C(=O)N(C2=O)N1C(=O)c2c(C1=O)c(*)ccc2,266.0
*Sc1ccc(cc1)Sc1ccc(cc1)Sc1nc(*)nc(n1)OC,174.0
*Sc1ccc2c(c1)Sc1c(S2)cc(cc1)*,209.9
*Sc1cccc(c1)Sc1ccc(cc1)Sc1ccc(cc1)*,72.0
*[Se]Nc1ccc(cc1)N*,55.0
*[Se]Nc1cccc2c1C(=O)c1cccc(c1C2=O)N*,52.0
*[Se]Nc1cccc2c1cccc2N*,53.0
*[Se]c1c(Cl)c(Cl)c(c(c1Cl)Cl)*,104.0
*[SiH2]C#Cc1cccc(c1)C#C*,72.0
*[Si](O*)(CC)C,142.0
*c1c(C)cc(c(c1C)n1c(=O)c2c(c1=O)cc1c(c2)c(=O)n(c1=O)*)C,399.75
*c1c(ncn1C)C(=O)NCCNC(=O)*,189.0
*c1cc(*)cc(c1)c1nc2c(o1)cccc2,250.0
*c1cc(Br)c(c(c1)Br)OC(=O)c1ccc(cc1)C(=O)Oc1c(Br)cc(cc1Br)C1(*)OC(=O)c2c1cccc2,319.0
*c1cc(Br)c(c(c1)Br)Oc1c(Br)cc(cc1Br)N1C(=O)c2c(C1=O)cc(cc2)Oc1ccc2c(c1)C(=O)N(C2=O)*,283.0
*c1cc(Br)c(c(c1)Br)Oc1c(Br)cc(cc1Br)N1C(=O)c2c(C1=O)cc(cc2)S(=O)(=O)c1ccc2c(c1)C(=O)N(C2=O)*,328.0
*c1cc(Br)c(c(c1)Br)Oc1c(Br)cc(cc1Br)N1C(=O)c2c(C1=O)cc(cc2)c1ccc2c(c1)C(=O)N(C2=O)*,287.0
*c1cc(C)c(c(c1)C)c1c(C)cc(cc1C)N1C(=O)c2c(C1=O)cc(cc2)c1ccc2c(c1)C(=O)N(C2=O)*,280.0
*c1cc(C)c(c(c1)C)c1c(C)cc(cc1C)n1c(=O)c2c(c1=O)cc1c(c2)c(=O)n(c1=O)*,353.0
*c1cc(C=Nc2cc(C)nc3c2cccc3)c(c(c1)*)O,104.0
*c1cc(Oc2c(C)cc(cc2C)c2cc(C)c(c(c2)C)Oc2cc(cc(c2)C(F)(F)F)N2C(=O)c3c(C2=O)cc(cc3)Oc2ccc3c(c2)C(=O)N(C3=O)*)cc(c1)C(F)(F)F,252.2
*c1cc(Oc2c(C)cc(cc2C)c2cc(C)c(c(c2)C)Oc2cc(cc(c2)C(F)(F)F)N2C(=O)c3c(C2=O)cc(cc3)c2ccc3c(c2)C(=O)N(C3=O)*)cc(c1)C(F)(F)F,281.1
*c1cc(c(s1)*)CCCCCCO[Si](C)(C)C,10.0
*c1cc(c(s1)*)c1ccc(cc1)C(=C1C=C(C(=O)C(=C1)C(C)(C)C)C(C)(C)C)c1cc(c(c(c1)C(C)(C)C)O)C(C)(C)C,-12.6
*c1cc(c2ccccc2)c(c(c1)c1ccccc1)Oc1c(cc(cc1c1ccccc1)N1C(=O)c2c(C1=O)cc(cc2)Oc1ccc2c(c1)C(=O)N(C2=O)*)c1ccccc1,323.0
*c1cc(c2ccccc2)c(c(c1)c1ccccc1)Oc1c(cc(cc1c1ccccc1)N1C(=O)c2c(C1=O)cc(cc2)S(=O)(=O)c1ccc2c(c1)C(=O)N(C2=O)*)c1ccccc1,340.0
*c1cc(c2ccccc2)c(c(c1)c1ccccc1)Oc1c(cc(cc1c1ccccc1)N1C(=O)c2c(C1=O)cc(cc2)c1ccc2c(c1)C(=O)N(C2=O)*)c1ccccc1,321.0
*c1cc(c2ccccc2)c(c(c1)c1ccccc1)Oc1ccc(cc1c1ccccc1)n1c(=O)c2c(c1=O)cc1c(c2)c(=O)n(c1=O)*,332.0
*c1cc(cc(c1)C(=O)O)N1C(=O)CC(C1=O)C1CC2C(=O)N(C(=O)C2c2c1cccc2)*,360.0
*c1cc(cc(c1)C(F)(F)F)N1C(=O)c2c(C1=O)ccc(c2)Oc1cc2ccccc2cc1Oc1ccc2c(c1)C(=O)N(C2=O)*,250.0
*c1cc(cc(c1)C(F)(F)F)N1C(=O)c2c(C1=O)ccc(c2)Oc1ccc2c(c1)cc(cc2)Oc1ccc2c(c1)C(=O)N(C2=O)*,235.0
*c1cc(cc(c1)C(F)(F)F)N1C(=O)c2c(C1=O)ccc(c2)Oc1cccc2c1cccc2Oc1ccc2c(c1)C(=O)N(C2=O)*,250.0
*c1cc(cc(c1)C(F)(F)F)N1C(=O)c2c(C1=O)ccc(c2)P(=O)(c1ccc2c(c1)C(=O)N(C2=O)*)c1ccccc1,317.0
*c1cc(cc(c1)N1C(=O)c2c(C1=O)cc(cc2)c1ccc2c(c1)C(=O)N(C2=O)*)C(=O)Oc1ccc(cc1)c1ccc(cc1)O[Si](C(C)(C)C)(C)C,230.0
*c1cc(cc(c1)N1C(=O)c2c(C1=O)cccc2)C(=O)Nc1ccc(cc1)c1nnc(o1)*,324.0
*c1cc(cc(c1)c1nc2ccccc2oc1=O)n1c(=O)c2c(c1=O)cc1c(c2)c(=O)n(c1=O)*,130.0
*c1cc(cc(c1)n1c(=O)c2c(c1=O)cc1c(c2)c(=O)n(c1=O)*)c1nc2c([nH]1)cccc2,180.0
*c1cc(ccc1Oc1ccc2c(c1c1c(ccc3c1cccc3)Oc1ccc(cc1n1c(=O)c3c(c1=O)cc1c(c3)c(=O)n(c1=O)*)C(F)(F)F)cccc2)C(F)(F)F,297.0
*c1ccc([nH]1)*,132.55
*c1ccc(c(c1)*)c1nc2c(o1)ccc(c2)C,221.0
*c1ccc(c(c1)*)c1nc2c(o1)cccc2,229.0
*c1ccc(c(c1)Br)Oc1c(Br)cc(cc1Br)N1C(=O)c2c(C1=O)cc(cc2)c1ccc2c(c1)C(=O)N(C2=O)*,333.0
*c1ccc(c(c1)Br)Oc1ccc(cc1Br)N1C(=O)c2c(C1=O)cc(cc2)Oc1ccc2c(c1)C(=O)N(C2=O)*,251.0
*c1ccc(c(c1)Br)Oc1ccc(cc1Br)N1C(=O)c2c(C1=O)cc(cc2)S(=O)(=O)c1ccc2c(c1)C(=O)N(C2=O)*,281.0
*c1ccc(c(c1)Br)Oc1ccc(cc1Br)N1C(=O)c2c(C1=O)cc(cc2)c1ccc2c(c1)C(=O)N(C2=O)*,275.0
*c1ccc(c(c1)C(=O)c1ccccc1)*,169.0
*c1ccc(c(c1)C(F)(F)F)OCC1CCC(C1(C)C)(C)COc1ccc(cc1C(F)(F)F)N1C(=O)c2c(C1=O)cc(cc2)Oc1ccc2c(c1)C(=O)N(C2=O)*,221.0
*c1ccc(c(c1)C(F)(F)F)OCC1CCC(C1(C)C)(C)COc1ccc(cc1C(F)(F)F)N1C(=O)c2c(C1=O)cc(cc2)c1ccc2c(c1)C(=O)N(C2=O)*,233.0
*c1ccc(c(c1)C(F)(F)F)Oc1c(C)cc(cc1C)c1cc(C)c(c(c1)C)Oc1ccc(cc1C(F)(F)F)N1C(=O)c2c(C1=O)cc(cc2)Oc1ccccc1Oc1ccc2c(c1)C(=O)N(C2=O)*,270.0
*c1ccc(c(c1)C(F)(F)F)Oc1ccc(cc1)C(=O)c1cccc(n1)C(=O)c1ccc(cc1)Oc1ccc(cc1C(F)(F)F)N1C(=O)c2c(C1=O)cc(cc2)Oc1ccc2c(c1)C(=O)N(C2=O)*,212.2
*c1ccc(c(c1)C(F)(F)F)Oc1ccc(cc1)C(=O)c1cccc(n1)C(=O)c1ccc(cc1)Oc1ccc(cc1C(F)(F)F)n1c(=O)c2c(c1=O)cc1c(c2)c(=O)n(c1=O)*,227.1
*c1ccc(c(c1)C(F)(F)F)Oc1ccc(cc1)C(C(F)(F)F)(C(F)(F)F)c1ccc(cc1)Oc1ccc(cc1C(F)(F)F)N1C(=O)c2c(C1=O)cc(cc2)Oc1ccccc1Oc1ccc2c(c1)C(=O)N(C2=O)*,191.0
*c1ccc(c(c1)C(F)(F)F)Oc1ccc(cc1)C(C(F)(F)F)(C(F)(F)F)c1ccc(cc1)Oc1ccc(cc1C(F)(F)F)N1C(=O)c2c(C1=O)cc(cc2)c1ccc2c(c1)C(=O)N(C2=O)*,223.0
*c1ccc(c(c1)C(F)(F)F)Oc1ccc(cc1)C(C(F)(F)F)(C(F)(F)F)c1ccc(cc1)Oc1ccc(cc1C(F)(F)F)c1ccc(s1)*,155.0
*c1ccc(c(c1)C(F)(F)F)Oc1ccc(cc1)C(C(F)(F)F)(C(F)(F)F)c1ccc(cc1)Oc1ccc(cc1C(F)(F)F)c1cccc(n1)*,153.0
*c1ccc(c(c1)C(F)(F)F)Oc1ccc(cc1)C(C(F)(F)F)(C(F)(F)F)c1ccc(cc1)Oc1ccc(cc1C(F)(F)F)c1ncc(o1)*,205.0
*c1ccc(c(c1)C(F)(F)F)Oc1ccc(cc1)C(C(F)(F)F)(C(F)(F)F)c1ccc(cc1)Oc1ccc(cc1C(F)(F)F)n1c(=O)c2c(c1=O)cc1c(c2)c(=O)n(c1=O)*,253.0
*c1ccc(c(c1)C(F)(F)F)Oc1ccc(cc1)C(c1ccc(cc1)Oc1ccc(cc1C(F)(F)F)N1C(=O)c2c(C1=O)cc(cc2)Oc1ccccc1Oc1ccc2c(c1)C(=O)N(C2=O)*)(C)C,192.0
*c1ccc(c(c1)C(F)(F)F)Oc1ccc(cc1)C(c1ccc(cc1)Oc1ccc(cc1C(F)(F)F)c1ccc(s1)*)(C)C,120.0
*c1ccc(c(c1)C(F)(F)F)Oc1ccc(cc1)C(c1ccc(cc1)Oc1ccc(cc1C(F)(F)F)c1cccc(n1)*)(C)C,119.0
*c1ccc(c(c1)C(F)(F)F)Oc1ccc(cc1)C(c1ccc(cc1)Oc1ccc(cc1C(F)(F)F)c1ncc(o1)*)(C)C,185.0
*c1ccc(c(c1)C(F)(F)F)Oc1ccc(cc1)C1(c2ccc(cc2)Oc2ccc(cc2C(F)(F)F)N2C(=O)c3c(C2=O)cc(cc3)Oc2ccccc2Oc2ccc3c(c2)C(=O)N(C3=O)*)c2ccccc2-c2c1cccc2,241.0
*c1ccc(c(c1)C(F)(F)F)Oc1ccc(cc1)C1(c2ccc(cc2)Oc2ccc(cc2C(F)(F)F)c2ccc(s2)*)c2ccccc2-c2c1cccc2,169.0
*c1ccc(c(c1)C(F)(F)F)Oc1ccc(cc1)C1(c2ccc(cc2)Oc2ccc(cc2C(F)(F)F)c2cccc(n2)*)c2ccccc2-c2c1cccc2,182.5
*c1ccc(c(c1)C(F)(F)F)Oc1ccc(cc1)NC(=O)c1cc(cc(c1)C(C)(C)C)C(=O)Nc1ccc(cc1)Oc1ccc(cc1C(F)(F)F)c1ccc(s1)*,244.0
*c1ccc(c(c1)C(F)(F)F)Oc1ccc(cc1)NC(=O)c1cc(cc(c1)C(C)(C)C)C(=O)Nc1ccc(cc1)Oc1ccc(cc1C(F)(F)F)c1cccc(n1)*,259.0
*c1ccc(c(c1)C(F)(F)F)Oc1ccc(cc1)Oc1ccc(cc1)n1c(=O)c2c(c1=O)cc1c(c2)c(=O)n(c1=O)*,272.2
*c1ccc(c(c1)C(F)(F)F)Oc1ccc(cc1)Oc1ccc(cc1C(F)(F)F)N1C(=O)c2c(C1=O)cc(cc2)Oc1ccccc1Oc1ccc2c(c1)C(=O)N(C2=O)*,197.0
*c1ccc(c(c1)C(F)(F)F)Oc1ccc(cc1)S(=O)(=O)c1ccc(cc1)Oc1ccc(cc1C(F)(F)F)c1ncc(o1)*,210.0
*c1ccc(c(c1)C(F)(F)F)Oc1ccc(cc1)Sc1ccc(cc1)Oc1ccc(cc1C(F)(F)F)c1ccc(s1)*,142.0
*c1ccc(c(c1)C(F)(F)F)Oc1ccc(cc1)Sc1ccc(cc1)Oc1ccc(cc1C(F)(F)F)c1cccc(n1)*,144.5
*c1ccc(c(c1)C(F)(F)F)Oc1ccc(cc1)c1ccc(cc1)Oc1ccc(cc1C(F)(F)F)N1C(=O)c2c(C1=O)cc(cc2)Oc1ccccc1Oc1ccc2c(c1)C(=O)N(C2=O)*,208.0
*c1ccc(c(c1)C(F)(F)F)Oc1ccc(cc1)c1ccc(cc1)Oc1ccc(cc1C(F)(F)F)c1ncc(o1)*,200.0
*c1ccc(c(c1)C(F)(F)F)Oc1ccc(cc1)c1nc([nH]c1c1ccc(cc1)Oc1ccc(cc1C(F)(F)F)n1c(=O)c2c(c1=O)cc1c(c2)c(=O)n(c1=O)*)c1ccc(cc1)C(F)(F)F,280.0
*c1ccc(c(c1)C(F)(F)F)Oc1ccccc1Oc1ccc(cc1C(F)(F)F)N1C(=O)c2c(C1=O)cc(cc2)Oc1ccc2c(c1)C(=O)N(C2=O)*,223.0
*c1ccc(c(c1)C(F)(F)F)Oc1ccccc1Oc1ccc(cc1C(F)(F)F)N1C(=O)c2c(C1=O)cc(cc2)Oc1ccccc1Oc1ccc2c(c1)C(=O)N(C2=O)*,185.0
*c1ccc(c(c1)C(F)(F)F)Oc1ccccc1Oc1ccc(cc1C(F)(F)F)N1C(=O)c2c(C1=O)cc(cc2)S(=O)(=O)c1ccc2c(c1)C(=O)N(C2=O)*,255.0
*c1ccc(c(c1)C(F)(F)F)Oc1ccccc1Oc1ccc(cc1C(F)(F)F)N1C(=O)c2c(C1=O)cc(cc2)c1ccc2c(c1)C(=O)N(C2=O)*,249.0
*c1ccc(c(c1)C(F)(F)F)Oc1ccccc1Oc1ccc(cc1C(F)(F)F)n1c(=O)c2c(c1=O)cc1c(c2)c(=O)n(c1=O)*,277.0
*c1ccc(c(c1)C(F)(F)F)c1ccc(cc1C(F)(F)F)N1C(=O)c2c(C1=O)cc(cc2)Oc1c(C)cc(cc1C)C(c1cc(C)c(c(c1)C)Oc1ccc2c(c1)C(=O)N(C2=O)*)(C)C,262.0
*c1ccc(c(c1)C(F)(F)F)c1ccc(cc1C(F)(F)F)N1C(=O)c2c(C1=O)cc(cc2)c1ccc2c(c1)C(=O)N(C2=O)*,288.5
*c1ccc(c(c1)C(F)(F)F)c1ccc(cc1C(F)(F)F)N1C(=O)c2c(C1=O)cc(cc2)c1cccc2c1C(=O)N(C2=O)*,346.0
*c1ccc(c(c1)C(F)(F)F)c1ccc(cc1C(F)(F)F)N1C(=O)c2c(C1=O)ccc(c2)Oc1ccc2c(c1)C(=O)N(C2=O)*,275.0
*c1ccc(c(c1)C(F)(F)F)c1ccc(cc1C(F)(F)F)N1C(=O)c2c(C1=O)ccc(c2)S(=O)(=O)c1ccc2c(c1)C(=O)N(C2=O)*,320.0
*c1ccc(c(c1)C(F)(F)F)c1ccc(cc1C(F)(F)F)n1c(=O)c2c(c1=O)c(c1c(c2)c(=O)n(c1=O)*)C(F)(F)F,373.0
*c1ccc(c(c1)C(F)(F)F)c1ccc(cc1C(F)(F)F)n1c(=O)c2c(c1=O)c(c1c(c2C(F)(F)F)c(=O)n(c1=O)*)C(F)(F)F,304.0
*c1ccc(c(c1)C(F)(F)F)c1ccc(cc1C(F)(F)F)n1c(=O)c2c(c1=O)cc1c(c2)c(=O)n(c1=O)*,358.0
*c1ccc(c(c1)C)Cc1ccc(cc1C)N1C(=O)c2c(C1=O)cc(cc2)Oc1ccc(cc1)Oc1ccc2c(c1)C(=O)N(C2=O)*,264.0
*c1ccc(c(c1)C)OC(=O)c1cccc(c1)C(=O)Oc1ccc(cc1C)C1(*)OC(=O)c2c1cccc2,273.0
*c1ccc(c(c1)C)Oc1ccc(cc1)S(=O)(=O)c1ccc(cc1)Oc1ccc(cc1C)C1(*)OC(=O)c2c1cccc2,245.0
*c1ccc(c(c1)C)c1ccc(cc1C)N1C(=O)c2c(C1=O)cc(cc2)c1cccc2c1C(=O)N(C2=O)*,372.0
*c1ccc(c(c1)C)c1ccc(cc1C)N1C(=O)c2c(C1=O)ccc(c2)Oc1ccc2c(c1)C(=O)N(C2=O)*,315.5
*c1ccc(c(c1)C)c1ccc(cc1C)n1c(=O)c2c(c1=O)c(c1c(c2)c(=O)n(c1=O)*)C(F)(F)F,373.0
*c1ccc(c(c1)C)c1ccc(cc1C)n1c(=O)c2c(c1=O)c(c1c(c2C(F)(F)F)c(=O)n(c1=O)*)C(F)(F)F,385.0
*c1ccc(c(c1)C)c1ccc(cc1C)n1c(=O)c2c(c1=O)cc1c(c2)c(=O)n(c1=O)*,364.5
*c1ccc(c(c1)F)c1ccc(cc1F)n1c(=O)c2c(c1=O)cc1c(c2)c(=O)n(c1=O)*,398.0
*c1ccc(c(c1)N1C(=O)C2C(C1=O)C1C=CC2C2C1C(=O)N(C2=O)*)Oc1ccc(cc1)c1cc(nc(c1)c1ccccc1)c1ccccc1,237.0
*c1ccc(c(c1)N1C(=O)c2c(C1=O)cc(cc2)Oc1ccc(cc1)C(c1ccc(cc1)Oc1ccc2c(c1)C(=O)N(C2=O)*)(C)C)O,246.0
*c1ccc(c(c1)N1C(=O)c2c(C1=O)cc(cc2)S(=O)(=O)c1ccc2c(c1)C(=O)N(C2=O)*)C,298.0
*c1ccc(c(c1)N1C(=O)c2c(C1=O)cc(cc2)c1ccc2c(c1)C(=O)N(C2=O)*)C,336.0
*c1ccc(c(c1)N1C(=O)c2c(C1=O)cc(cc2)c1ccc2c(c1)C(=O)N(C2=O)*)Oc1ccc(cc1)C(c1ccccc1)(C)C,275.0
*c1ccc(c(c1)OC(F)(F)F)c1ccc(cc1OC(F)(F)F)n1c(=O)c2c(c1=O)cc1c(c2)c(=O)n(c1=O)*,384.0
*c1ccc(c(c1)Oc1ccccc1)C(=O)Nc1ccc(cc1)c1nnc(o1)*,235.0
*c1ccc(c(c1)S(=O)(=O)O)Sc1ccc(cc1)Sc1ccc(cc1)Sc1ccc(cc1S(=O)(=O)O)S(=O)(=O)*,202.0
*c1ccc(c(c1)c1cc(F)c(c(c1)F)F)Oc1ccc(cc1c1cc(F)c(c(c1)F)F)n1c(=O)c2c(c1=O)cc1c(c2)c(=O)n(c1=O)*,385.0
*c1ccc(c(c1)c1ccccc1)Oc1ccc(cc1)n1c(=O)c2c(c1=O)cc1c(c2)c(=O)n(c1=O)*,342.0
*c1ccc(c(c1)c1nc(c([nH]1)c1ccccc1)c1ccccc1)Oc1ccc(cc1)C(=O)c1ccc(cc1)Oc1ccc(cc1c1nc(c([nH]1)c1ccccc1)c1ccccc1)n1c(=O)c2c(c1=O)cc1c(c2)c(=O)n(c1=O)*,324.0
*c1ccc(c(c1)c1nc(c([nH]1)c1ccccc1)c1ccccc1)Oc1ccc(cc1)C(C(F)(F)F)(C(F)(F)F)c1ccc(cc1)Oc1ccc(cc1c1nc(c([nH]1)c1ccccc1)c1ccccc1)n1c(=O)c2c(c1=O)cc1c(c2)c(=O)n(c1=O)*,314.0
*c1ccc(c(c1)n1c(=O)c2c(c1=O)cc1c(c2)c(=O)n(c1=O)*)Oc1ccc(cc1)C(c1ccccc1)(C)C,340.0
*c1ccc(c(c1)n1c(=O)c2c(c1=O)cc1c(c2)c(=O)n(c1=O)*)Oc1ccc(cc1)S(=O)(=O)c1ccc(cc1)C,320.0
*c1ccc(c(c1)n1c(=O)c2c(c1=O)cc1c(c2)c(=O)n(c1=O)*)Oc1ccc(cc1)c1cc(nc(c1)c1ccccc1)c1ccccc1,294.0
*c1ccc(cc1)*,283.0
*c1ccc(cc1)C(=C(c1ccc(cc1)Oc1ccccc1)*)c1ccc(cc1)Oc1ccccc1,163.0
*c1ccc(cc1)C(=O)NCCCCCCCCCCCCNC(=O)c1ccc(cc1)c1nc2ccccc2nc1*,154.0
*c1ccc(cc1)C(=O)NCCCCCCCCCCNC(=O)c1ccc(cc1)c1nc2ccccc2nc1*,166.0
*c1ccc(cc1)C(=O)NCCCCCCCCNC(=O)c1ccc(cc1)c1nc2ccccc2nc1*,185.0
*c1ccc(cc1)C(=O)NCCCCCCNC(=O)c1ccc(cc1)c1nc2ccccc2nc1*,201.0
*c1ccc(cc1)C(=O)NNC(=O)c1ccc(cc1)C(=O)NNC(=O)c1ccc(cc1)C1(*)OC(=O)c2c1cccc2,237.0
*c1ccc(cc1)C(=O)Nc1ccc(c(c1)C(F)(F)F)Oc1ccc(cc1)Oc1ccc(cc1C(F)(F)F)NC(=O)c1ccc(cc1)Oc1ccc(c2c1cccc2)c1nn(*)c(=O)c2c1cccc2,281.5
*c1ccc(cc1)C(=O)Nc1ccc(cc1)N1C(=O)c2c(C1=O)cc(cc2)c1ccc2c(c1)C(=O)N(C2=O)*,335.0
*c1ccc(cc1)C(=O)Nc1ccc(cc1)NC(=O)c1ccc(cc1)Oc1ccc(c2c1cccc2)c1nn(*)c(=O)c2c1cccc2,347.5
*c1ccc(cc1)C(=O)Nc1ccc(cc1)Oc1ccc(cc1)NC(=O)c1ccc(cc1)Oc1ccc(c2c1cccc2)c1nn(*)c(=O)c2c1cccc2,317.5
*c1ccc(cc1)C(=O)Nc1ccc(cc1)Oc1ccc(cc1)NC(=O)c1ccc(cc1)Oc1ccc(cc1)c1nn(*)c(=O)c2c1cccc2,247.0
*c1ccc(cc1)C(=O)Nc1ccc(cc1)Oc1ccc(cc1)NC(=O)c1ccc(cc1)n1c(=O)c2c(c1=O)cc1c(c2)c(=O)n(c1=O)*,360.0
*c1ccc(cc1)C(=O)Nc1ccc(cc1)Oc1ccc(cc1)NC(=O)c1ccc(cc1)n1c(nc2c1cccc2)c1ccc(cc1)Oc1ccc(cc1)c1nc2c(n1*)cccc2,209.0
*c1ccc(cc1)C(=O)Nc1ccc(cc1)Oc1ccc(cc1)NC(=O)c1ccc(cc1)n1c(nc2c1cccc2)c1ccc(cc1)S(=O)(=O)c1ccc(cc1)c1nc2c(n1*)cccc2,254.0
*c1ccc(cc1)C(=O)Nc1ccc(cc1)Oc1ccc(cc1)NC(=O)c1ccc(cc1)n1c(nc2c1cccc2)c1ccc(cc1)c1nc2c(n1*)cccc2,207.0
*c1ccc(cc1)C(=O)Nc1ccc(cc1)Oc1ccc(cc1)Oc1ccc(cc1)NC(=O)c1ccc(cc1)Oc1ccc(c2c1cccc2)c1nn(*)c(=O)c2c1cccc2,289.5
*c1ccc(cc1)C(=O)Nc1ccc(cc1)Oc1ccc(cc1)Oc1ccc(cc1)NC(=O)c1ccc(cc1)n1c(nc2c1cccc2)c1ccc(cc1)Oc1ccc(cc1)c1nc2c(n1*)cccc2,206.0
*c1ccc(cc1)C(=O)Nc1ccc(cc1)Oc1ccc(cc1)Oc1ccc(cc1)NC(=O)c1ccc(cc1)n1c(nc2c1cccc2)c1ccc(cc1)S(=O)(=O)c1ccc(cc1)c1nc2c(n1*)cccc2,224.0
*c1ccc(cc1)C(=O)Nc1ccc(cc1)Oc1ccc(cc1)Oc1ccc(cc1)NC(=O)c1ccc(cc1)n1c(nc2c1cccc2)c1ccc(cc1)c1nc2c(n1*)cccc2,193.0
*c1ccc(cc1)C(=O)Nc1ccc(cc1)Oc1ccc(cc1)S(=O)(=O)c1ccc(cc1)Oc1ccc(cc1)NC(=O)c1ccc(cc1)N1C(=O)c2c(C1=O)cc(cc2)c1ccc2c(c1)C(=O)N(C2=O)*,258.0
*c1ccc(cc1)C(=O)Nc1ccc(cc1)Oc1ccc(cc1)S(=O)(=O)c1ccc(cc1)Oc1ccc(cc1)NC(=O)c1ccc(cc1)N1C(=O)c2c(C1=O)cc(cc2)c1cccc2c1C(=O)N(C2=O)*,287.0
*c1ccc(cc1)C(=O)Nc1ccc(cc1)c1ccccc1NC(=O)c1ccc(cc1)S(=O)(=O)*,284.0
*c1ccc(cc1)C(=O)Nc1cccc(c1)Oc1ccc(cc1)S(=O)(=O)c1ccc(cc1)Oc1cccc(c1)NC(=O)c1ccc(cc1)N1C(=O)c2c(C1=O)cc(cc2)c1ccc2c(c1)C(=O)N(C2=O)*,262.0
*c1ccc(cc1)C(=O)Nc1cccc(c1)Oc1ccc(cc1)S(=O)(=O)c1ccc(cc1)Oc1cccc(c1)NC(=O)c1ccc(cc1)N1C(=O)c2c(C1=O)cc(cc2)c1cccc2c1C(=O)N(C2=O)*,241.0
*c1ccc(cc1)C(=O)Nc1cccc(c1)S(=O)(=O)c1cccc(c1)NC(=O)c1ccc(cc1)N1C(=O)c2c(C1=O)cc(cc2)c1ccc2c(c1)C(=O)N(C2=O)*,256.0
*c1ccc(cc1)C(=O)Nc1cccc(c1)n1c(=O)c2c(c1=O)cc1c(c2)c(=O)n(c1=O)*,360.0
*c1ccc(cc1)C(=O)OCCCCCCCCCCCCOC(=O)c1ccc(cc1)c1nnc(s1)*,68.0
*c1ccc(cc1)C(=O)OCCCCCCCCCCOC(=O)c1ccc(cc1)c1nnc(s1)*,79.0
*c1ccc(cc1)C(=O)OCCCCCCCCCCOc1ccc(cc1)C=C1CCC(=Cc2ccc(cc2)OCCCCCCCCCCOC(=O)c2ccc(cc2)c2nnc(o2)*)C1=O,58.0
*c1ccc(cc1)C(=O)OCCCCCCCCCCOc1ccc(cc1)C=C1CCCCC(=Cc2ccc(cc2)OCCCCCCCCCCOC(=O)c2ccc(cc2)c2nnc(o2)*)C1=O,74.0
*c1ccc(cc1)C(=O)OCCCCCCCCCOC(=O)c1ccc(cc1)c1nnc(s1)*,72.0
*c1ccc(cc1)C(=O)OCCCCCCCCOC(=O)c1ccc(cc1)c1nnc(s1)*,86.0
*c1ccc(cc1)C(=O)OCCCCCCCCOc1ccc(cc1)C=C1CCC(=Cc2ccc(cc2)OCCCCCCCCOC(=O)c2ccc(cc2)c2nnc(o2)*)C1=O,99.0
*c1ccc(cc1)C(=O)OCCCCCCCCOc1ccc(cc1)C=C1CCCC(=Cc2ccc(cc2)OCCCCCCCCOC(=O)c2ccc(cc2)c2nnc(o2)*)C1=O,59.0
*c1ccc(cc1)C(=O)OCCCCCCCCOc1ccc(cc1)C=C1CCCCC(=Cc2ccc(cc2)OCCCCCCCCOC(=O)c2ccc(cc2)c2nnc(o2)*)C1=O,98.0
*c1ccc(cc1)C(=O)OCCCCCCOC(=O)c1ccc(cc1)c1nnc(s1)*,125.0
*c1ccc(cc1)C(=O)OCCCCCCOc1ccc(cc1)C=C1CCCC(=Cc2ccc(cc2)OCCCCCCOC(=O)c2ccc(cc2)c2nnc(o2)*)C1=O,71.0
*c1ccc(cc1)C(=O)OCCCCCCOc1ccc(cc1)C=C1CCCCC(=Cc2ccc(cc2)OCCCCCCOC(=O)c2ccc(cc2)c2nnc(o2)*)C1=O,104.0
*c1ccc(cc1)C(=O)Oc1c(C)cc(cc1C)C(c1cc(C)c(c(c1)C)OC(=O)c1ccc(cc1)N1C(=O)CC(C1=O)Nc1ccc(cc1)Cc1ccc(cc1)NC1CC(=O)N(C1=O)*)c1cccnc1,186.0
*c1ccc(cc1)C(=O)Oc1c(C)cc(cc1C)C(c1cc(C)c(c(c1)C)OC(=O)c1ccc(cc1)N1C(=O)CC(C1=O)Nc1ccc(cc1)NC1CC(=O)N(C1=O)*)c1cccnc1,212.0
*c1ccc(cc1)C(=O)Oc1c(C)cc(cc1C)C(c1cc(C)c(c(c1)C)OC(=O)c1ccc(cc1)N1C(=O)CC(C1=O)Nc1cccc(c1)NC1CC(=O)N(C1=O)*)c1cccnc1,194.0
*c1ccc(cc1)C(=O)Oc1ccc(cc1)C(c1ccc(cc1)OC(=O)c1ccc(cc1)N1C(=O)CC(C1=O)SCCOCCSC1CC(=O)N(C1=O)*)(C)C,143.0
*c1ccc(cc1)C(=O)Oc1ccc(cc1)OC(=O)c1ccc(cc1)N1C(=O)CC(C1=O)SCCOCCSC1CC(=O)N(C1=O)*,166.0
*c1ccc(cc1)C(=O)Oc1ccc2c(c1)cc(cc2)OC(=O)c1ccc(cc1)N1C(=O)CC(C1=O)SCCOCCSC1CC(=O)N(C1=O)*,160.0
*c1ccc(cc1)C(=O)c1c(C(=O)c2ccc(cc2)Oc2ccc(cc2)c2ccc(=O)n(n2)*)c(c2ccccc2)c(c(c1c1ccccc1)c1ccccc1)c1ccccc1,291.0
*c1ccc(cc1)C(=O)c1ccc(cc1)C(=O)c1ccc(cc1)Oc1ccc(c(c1)F)c1nn(*)c(=O)c2c1cccc2,287.0
*c1ccc(cc1)C(=O)c1ccc(cc1)C(=O)c1ccc(cc1)S(=O)(=O)*,213.5
*c1ccc(cc1)C(=O)c1ccc(cc1)C(=O)c1ccc(cc1)n1c(nc2c1cccc2)c1ccc(cc1)C(=O)c1ccc(cc1)c1nc2c(n1*)cccc2,271.0
*c1ccc(cc1)C(=O)c1ccc(cc1)C(=O)c1ccc(cc1)n1c(nc2c1cccc2)c1ccc(cc1)Oc1ccc(cc1)c1nc2c(n1*)cccc2,253.0
*c1ccc(cc1)C(=O)c1ccc(cc1)C(=O)c1ccc(cc1)n1c(nc2c1cccc2)c1ccc(cc1)S(=O)(=O)c1ccc(cc1)c1nc2c(n1*)cccc2,279.0
*c1ccc(cc1)C(=O)c1ccc(cc1)C(=O)c1ccc(cc1)n1c(nc2c1cccc2)c1ccc(cc1)c1ccc(cc1)c1nc2c(n1*)cccc2,271.0
*c1ccc(cc1)C(=O)c1ccc(cc1)N1C(=O)c2c(C1=O)cc(cc2)Oc1ccc(cc1)Oc1ccc2c(c1)C(=O)N(C2=O)*,268.0
*c1ccc(cc1)C(=O)c1ccc(cc1)Oc1ccc(c(c1)F)c1nn(*)c(=O)c2c1cccc2,253.0
*c1ccc(cc1)C(=O)c1ccc(cc1)Oc1ccc(cc1)c1ccc(=O)n(n1)*,202.0
*c1ccc(cc1)C(=O)c1ccc(cc1)Oc1ccc(cc1)c1nn(*)c(=O)c2c1cccc2,263.0
*c1ccc(cc1)C(=O)c1ccc(cc1)Oc1ccc(cc1Br)c1nn(*)c(=O)c2c1cccc2,254.0
*c1ccc(cc1)C(=O)c1ccc(cc1)c1nc2c(n1c1ccc(cc1)C(=O)Nc1ccc(cc1)Oc1ccc(cc1)NC(=O)c1ccc(cc1)n1c(*)nc3c1cccc3)cccc2,260.0
*c1ccc(cc1)C(=O)c1ccc(cc1)c1nc2c(n1c1ccc(cc1)C(=O)Nc1ccc(cc1)Oc1ccc(cc1)Oc1ccc(cc1)NC(=O)c1ccc(cc1)n1c(*)nc3c1cccc3)cccc2,226.0
*c1ccc(cc1)C(=O)c1ccc(cc1)c1nc2c(n1c1ccc(cc1)C(=O)c1ccc(cc1)n1c(*)nc3c1ccc(c3)C)ccc(c2)C,261.0
*c1ccc(cc1)C(=O)c1ccc(cc1)c1nc2c(n1c1ccc(cc1)C(=O)c1ccc(cc1)n1c(*)nc3c1cccc3)cccc2,279.0
*c1ccc(cc1)C(=O)c1ccc(cc1)c1nc2c(n1c1ccc(cc1)S(=O)(=O)c1ccc(cc1)n1c(*)nc3c1ccc(c3)C)ccc(c2)C,276.0
*c1ccc(cc1)C(=O)c1ccc(cc1)c1nc2c(n1c1ccc(cc1)S(=O)(=O)c1ccc(cc1)n1c(*)nc3c1cccc3)cccc2,301.0
*c1ccc(cc1)C(=O)c1ccc(cc1)n1c(=O)c2c(c1=O)cc1c(c2)c(=O)n(c1=O)*,412.0
*c1ccc(cc1)C(=O)c1ccc(cc1)n1c(nc2c1ccc(c2)C)c1ccc(cc1)Oc1ccc(cc1)c1nc2c(n1*)ccc(c2)C,240.0
*c1ccc(cc1)C(=O)c1ccc(cc1)n1c(nc2c1ccc(c2)C)c1ccc(cc1)S(=O)(=O)c1ccc(cc1)c1nc2c(n1*)ccc(c2)C,274.0
*c1ccc(cc1)C(=O)c1ccc(cc1)n1c(nc2c1cccc2)c1ccc(cc1)Oc1ccc(cc1)c1nc2c(n1*)cccc2,269.0
*c1ccc(cc1)C(=O)c1ccc(cc1)n1c(nc2c1cccc2)c1ccc(cc1)S(=O)(=O)c1ccc(cc1)c1nc2c(n1*)cccc2,281.0
*c1ccc(cc1)C(=O)c1ccc(cc1)n1c(nc2c1cccc2)c1ccc(cc1)c1ccc(cc1)c1nc2c(n1*)cccc2,337.0
*c1ccc(cc1)C(=O)c1ccc(cc1)n1nc(c2ccc(cc2)Oc2ccc(cc2)c2nn(*)c(=O)c3c2cccc3)c2c(c1=O)cccc2,301.0
*c1ccc(cc1)C(=O)c1ccc(cc1)n1nc(c2ccc(cc2)Sc2ccc(cc2)c2nn(*)c(=O)c3c2cccc3)c2c(c1=O)cccc2,281.0
*c1ccc(cc1)C(=O)c1ccc(cc1)n1nc(c2ccccc2)c2c(c1=O)ccc(c2)Oc1ccc(cc1)C(c1ccc(cc1)Oc1ccc2c(c1)c(=O)n(nc2c1ccccc1)*)(C)C,195.0
*c1ccc(cc1)C(=O)c1ccc(cc1)n1nc(c2ccccc2)c2c(c1=O)ccc(c2)Oc1ccc2c(c1)c(=O)n(nc2c1ccccc1)*,275.5
*c1ccc(cc1)C(=O)c1cccc(c1)C(=O)c1ccc(cc1)Oc1ccc(cc1)c1ccc(=O)n(n1)*,223.0
*c1ccc(cc1)C(=O)c1cccc(c1)C(=O)c1ccc(cc1)S(=O)(=O)*,198.0
*c1ccc(cc1)C(=O)c1cccc(c1)C(=O)c1ccc(cc1)n1c(nc2c1cccc2)c1ccc(cc1)C(=O)c1ccc(cc1)c1nc2c(n1*)cccc2,239.0
*c1ccc(cc1)C(=O)c1cccc(c1)C(=O)c1ccc(cc1)n1c(nc2c1cccc2)c1ccc(cc1)Oc1ccc(cc1)c1nc2c(n1*)cccc2,221.0
*c1ccc(cc1)C(=O)c1cccc(c1)C(=O)c1ccc(cc1)n1c(nc2c1cccc2)c1ccc(cc1)S(=O)(=O)c1ccc(cc1)c1nc2c(n1*)cccc2,264.0
*c1ccc(cc1)C(=O)c1cccc(c1)C(=O)c1ccc(cc1)n1c(nc2c1cccc2)c1ccc(cc1)c1ccc(cc1)c1nc2c(n1*)cccc2,253.0
*c1ccc(cc1)C(=O)c1cccc(c1)n1c(=O)c2c(c1=O)cc1c(c2)c(=O)n(c1=O)*,340.0
*c1ccc(cc1)C(C(Cl)*)(Cl)Cl,160.0
*c1ccc(cc1)C(C(F)(F)*)(F)F,76.95
*c1ccc(cc1)C(C(F)(F)F)(C(F)(F)F)c1ccc(cc1)N1C(=O)c2c(C1=O)cc(c(c2)c1ccc(cc1)C(C)(C)C)c1cc2c(cc1c1ccc(cc1)C(C)(C)C)C(=O)N(C2=O)*,381.0
*c1ccc(cc1)C(C(F)(F)F)(C(F)(F)F)c1ccc(cc1)N1C(=O)c2c(C1=O)cc(c(c2)c1ccc(cc1)[Si](C)(C)C)c1cc2c(cc1c1ccc(cc1)[Si](C)(C)C)C(=O)N(C2=O)*,365.0
*c1ccc(cc1)C(C(F)(F)F)(C(F)(F)F)c1ccc(cc1)N1C(=O)c2c(C1=O)cc(cc2)OCCN(c1ccc(cc1)C=Cc1ccc(cc1)[N+](=O)[O-])CCOc1ccc2c(c1)C(=O)N(C2=O)*,180.7
*c1ccc(cc1)C(C(F)(F)F)(C(F)(F)F)c1ccc(cc1)N1C(=O)c2c(C1=O)cc(cc2)Oc1cc2ccccc2cc1Oc1ccc2c(c1)C(=O)N(C2=O)*,256.0
*c1ccc(cc1)C(C(F)(F)F)(C(F)(F)F)c1ccc(cc1)N1C(=O)c2c(C1=O)cc(cc2)Oc1ccc2c(c1)C(=O)N(C2=O)*,305.0
*c1ccc(cc1)C(C(F)(F)F)(C(F)(F)F)c1ccc(cc1)N1C(=O)c2c(C1=O)cc(cc2)Oc1ccc2c(c1)cc(cc2)Oc1ccc2c(c1)C(=O)N(C2=O)*,256.0
*c1ccc(cc1)C(C(F)(F)F)(C(F)(F)F)c1ccc(cc1)N1C(=O)c2c(C1=O)cc(cc2)Oc1ccc2c(c1)ccc(c2)Oc1ccc2c(c1)C(=O)N(C2=O)*,218.0
*c1ccc(cc1)C(C(F)(F)F)(C(F)(F)F)c1ccc(cc1)N1C(=O)c2c(C1=O)cc(cc2)Oc1cccc2c1cccc2Oc1ccc2c(c1)C(=O)N(C2=O)*,276.0
*c1ccc(cc1)C(C(F)(F)F)(C(F)(F)F)c1ccc(cc1)N1C(=O)c2c(C1=O)cc(cc2)c1ccc2c(c1)C(=O)N(C2=O)*,329.0
*c1ccc(cc1)C(C(F)(F)F)(C(F)(F)F)c1ccc(cc1)c1[nH]c2c(n1)cc(cc2)c1ccc2c(c1)[nH]c(n2)*,269.0
*c1ccc(cc1)C(C(F)(F)F)(C(F)(F)F)c1ccc(cc1)c1[nH]c2c(n1)ccc(c2)c1ccc2c(c1)[nH]c(n2)*,269.0
*c1ccc(cc1)C(C(F)(F)F)(C(F)(F)F)c1ccc(cc1)c1nc2ccc(cc2c(c1)c1ccccc1)Oc1ccc2c(c1)c(cc(n2)*)c1ccccc1,260.0
*c1ccc(cc1)C(C(F)(F)F)(C(F)(F)F)c1ccc(cc1)c1oc2c(n1)ccc(c2)c1ccc2c(c1)oc(n2)*,345.0
*c1ccc(cc1)C(C(F)(F)F)(C(F)(F)F)c1ccc(cc1)n1c(=O)c2c(c1=O)cc1c(c2)c(=O)n(c1=O)*,362.5
*c1ccc(cc1)C(C(F)(F)F)(c1ccccc1)c1ccc(cc1)N1C(=O)c2c(C1=O)cc(cc2)Oc1ccc2c(c1)C(=O)N(C2=O)*,293.0
*c1ccc(cc1)C(C(F)(F)F)(c1ccccc1)c1ccc(cc1)c1nc2c(o1)cc(cc2)c1ccc2c(c1)oc(n2)*,350.0
*c1ccc(cc1)C(C(F)(F)F)(c1ccccc1)c1ccc(cc1)n1c(=O)c2c(c1=O)cc1c(c2)c(=O)n(c1=O)*,436.0
*c1ccc(cc1)C(C)*,85.0
*c1ccc(cc1)C(c1ccc(cc1)C(c1ccc(cc1)N1C(=O)c2c(C1=O)cc(cc2)Oc1cccc2c1cccc2Oc1ccc2c(c1)C(=O)N(C2=O)*)(C)C)(C)C,253.0
*c1ccc(cc1)C(c1ccc(cc1)C(c1ccc(cc1)N1C(=O)c2c(C1=O)ccc(c2)Oc1ccc2c(c1)cc(cc2)Oc1ccc2c(c1)C(=O)N(C2=O)*)(C)C)(C)C,246.0
*c1ccc(cc1)C(c1ccc(cc1)C(c1ccc(cc1)N1C(=O)c2c(C1=O)ccc(c2)Oc1ccc2c(c1)ccc(c2)Oc1ccc2c(c1)C(=O)N(C2=O)*)(C)C)(C)C,246.0
*c1ccc(cc1)C(c1ccc(cc1)N1C(=O)c2c(C1=O)cc(cc2)Oc1ccc(cc1)Oc1ccc2c(c1)C(=O)N(C2=O)*)(C)C,264.0
*c1ccc(cc1)C(c1ccc(cc1)N1C(=O)c2c(C1=O)cc(cc2)Oc1ccc2c(c1)C(=O)N(C2=O)*)(C)C,265.0
*c1ccc(cc1)C(c1ccc(cc1)N1C(=O)c2c(C1=O)cc(cc2)Oc1ccc2c(c1)cc(cc2)Oc1ccc2c(c1)C(=O)N(C2=O)*)(C)C,247.0
*c1ccc(cc1)C(c1ccc(cc1)N1C(=O)c2c(C1=O)cc(cc2)Oc1ccc2c(c1)ccc(c2)Oc1ccc2c(c1)C(=O)N(C2=O)*)(C)C,236.0
*c1ccc(cc1)C(c1ccc(cc1)N1C(=O)c2c(C1=O)cc(cc2)Oc1cccc2c1cccc2Oc1ccc2c(c1)C(=O)N(C2=O)*)(C)C,265.0
*c1ccc(cc1)C(c1ccc(cc1)[N+](=O)[O-])c1ccc(cc1)N(c1ccc(cc1)C)*,215.0
*c1ccc(cc1)C(c1ccccc1)c1ccc(cc1)N(c1ccc(cc1)C)*,199.0
*c1ccc(cc1)C(c1ccccc1)c1ccc(cc1)N1C(=O)c2c(C1=O)cc(cc2)Oc1ccc2c(c1)C(=O)N(C2=O)*,269.0
*c1ccc(cc1)C(c1ccccc1)c1ccc(cc1)N1C(=O)c2c(C1=O)cc(cc2)S(=O)(=O)c1ccc2c(c1)C(=O)N(C2=O)*,305.0
*c1ccc(cc1)C(c1ccccc1)c1ccc(cc1)N1C(=O)c2c(C1=O)cc(cc2)c1ccc2c(c1)C(=O)N(C2=O)*,315.0
*c1ccc(cc1)C(c1ccccc1)c1ccc(cc1)n1c(=O)c2c(c1=O)cc1c(c2)c(=O)n(c1=O)*,321.0
*c1ccc(cc1)C1(OC(=O)c2c1cccc2)c1ccc(cc1)N1C(=O)c2c(C1=O)cc(cc2)c1cc(cc(c1)C(C)(C)C)c1ccc2c(c1)C(=O)N(C2=O)*,386.0
*c1ccc(cc1)C1(OC(=O)c2c1cccc2)c1ccc(cc1)c1nnc(o1)*,370.0
*c1ccc(cc1)C1(c2ccc(cc2)N2C(=O)C(=C(C2=O)c2ccc(cc2)C2=C(c3ccccc3)C(=O)N(C2=O)*)c2ccccc2)c2ccccc2-c2c1cccc2,335.0
*c1ccc(cc1)C1(c2ccc(cc2)N2C(=O)c3c(C2=O)cc(cc3)Oc2ccc3c(c2)C(=O)N(C3=O)*)c2ccccc2-c2c1cccc2,373.0
*c1ccc(cc1)C1(c2ccc(cc2)N2C(=O)c3c(C2=O)cc(cc3)S(=O)(=O)c2ccc3c(c2)C(=O)N(C3=O)*)c2ccccc2-c2c1cccc2,392.0
*c1ccc(cc1)C1(c2ccc(cc2)N2C(=O)c3c(C2=O)cc(cc3)c2ccc3c(c2)C(=O)N(C3=O)*)c2ccccc2-c2c1cccc2,388.0
*c1ccc(cc1)C1(c2ccc(cc2)c2nc3ccc(cc3c(c2)c2ccccc2)C2(c3ccc4c(c3)c(cc(n4)*)c3ccccc3)c3ccccc3-c3c2cccc3)c2ccccc2-c2c1cccc2,390.0
*c1ccc(cc1)C1(c2ccc(cc2)c2nc3ccc(cc3c(c2)c2ccccc2)C2(c3ccc4c(c3)c(cc(n4)*)c3ccccc3)c3ccccc3-c3c2cccc3)c2ccccc2C(=O)c2c1cccc2,385.0
*c1ccc(cc1)C1(c2ccc(cc2)c2nc3ccc(cc3c(c2)c2ccccc2)C2(c3ccc4c(c3)c(cc(n4)*)c3ccccc3)c3ccccc3C(=O)c3c2cccc3)c2ccccc2-c2c1cccc2,405.0
*c1ccc(cc1)C1(c2ccc(cc2)c2nc3ccc(cc3c(c2)c2ccccc2)C2(c3ccc4c(c3)c(cc(n4)*)c3ccccc3)c3ccccc3C(=O)c3c2cccc3)c2ccccc2C(=O)c2c1cccc2,390.0
*c1ccc(cc1)C1(c2ccc(cc2)c2nc3ccc(cc3c(c2)c2ccccc2)Oc2ccc3c(c2)c(cc(n3)*)c2ccccc2)c2ccccc2-c2c1cccc2,310.0
*c1ccc(cc1)C1(c2ccc(cc2)c2nc3ccc(cc3c(c2)c2ccccc2)Oc2ccc3c(c2)c(cc(n3)*)c2ccccc2)c2ccccc2C(=O)c2c1cccc2,340.0
*c1ccc(cc1)C1(c2ccc(cc2)c2nc3ccc(cc3c(c2)c2ccccc2)c2ccc3c(c2)c(cc(n3)*)c2ccccc2)c2ccccc2-c2c1cccc2,420.0
*c1ccc(cc1)C1(c2ccc(cc2)c2nc3ccc(cc3c(c2)c2ccccc2)c2ccc3c(c2)c(cc(n3)*)c2ccccc2)c2ccccc2C(=O)c2c1cccc2,417.0
*c1ccc(cc1)C1N(C)OC2C1C(=O)N(C2=O)c1ccc(cc1)N1C(=O)C2C(C1=O)C(N(O2)C)*,67.0
*c1ccc(cc1)C=C1CCC(=Cc2ccc(cc2)C(=O)c2cccc(c2)C(=O)*)C1=O,190.0
*c1ccc(cc1)C=Cc1ccc(cc1)n1c(=O)c2c(c1=O)cc1c(c2)c(=O)n(c1=O)*,330.0
*c1ccc(cc1)C=Nc1ccc(cc1)C(c1ccccc1)c1ccc(cc1)N=Cc1ccc(cc1)c1ccc(s1)*,129.0
*c1ccc(cc1)C=Nc1cccc(c1)N=Cc1ccc(cc1)c1ccc(s1)*,150.0
*c1ccc(cc1)CCc1ccc(cc1)N1C(=O)N(C(=O)C1=O)*,196.0
*c1ccc(cc1)CCc1ccc(cc1)N1C(=O)N(C(=O)C1=O)c1ccc(cc1)CCc1ccccc1N1C(=O)N(C(=O)C1=O)*,220.0
*c1ccc(cc1)CCc1ccccc1N1C(=O)N(C(=O)C1=O)c1ccc(cc1)Cc1ccc(cc1)N1C(=O)N(C(=O)C1=O)*,198.0
*c1ccc(cc1)CCc1ccccc1N1C(=O)N(C(=O)C1=O)c1ccc(cc1)Oc1ccc(cc1)N1C(=O)N(C(=O)C1=O)*,208.0
*c1ccc(cc1)Cc1ccc(cc1)N1C(=O)C(=C(C1=O)Cl)Oc1ccc(cc1)C(C(F)(F)F)(C(F)(F)F)c1ccc(cc1)OC1=C(Cl)C(=O)N(C1=O)*,189.0
*c1ccc(cc1)Cc1ccc(cc1)N1C(=O)C(=C(C1=O)Cl)Oc1ccc(cc1)C(c1ccc(cc1)OC1=C(Cl)C(=O)N(C1=O)*)(C)C,172.0
*c1ccc(cc1)Cc1ccc(cc1)N1C(=O)C(C(C1=O)C)SCCOCCSC1C(C)C(=O)N(C1=O)c1ccc(cc1)Cc1ccc(cc1)N1C(=O)CC(C1=O)(C)SCCOCCSC1(C)CC(=O)N(C1=O)*,105.0
*c1ccc(cc1)Cc1ccc(cc1)N1C(=O)C2C(=C(c3ccccc3)c3c(C2)cc2c(c3)CC3C(=C2c2ccccc2)C(=O)N(C3=O)*)C1=O,314.0
*c1ccc(cc1)Cc1ccc(cc1)N1C(=O)C2C(C1=O)C(O)(c1ccccc1)c1c(C2)cc2c(c1)CC1C(C2(O)c2ccccc2)C(=O)N(C1=O)*,295.0
*c1ccc(cc1)Cc1ccc(cc1)N1C(=O)C2C(C1=O)C1C(CC2)C(=O)N(C1=O)*,341.0
*c1ccc(cc1)Cc1ccc(cc1)N1C(=O)C2C(C1=O)CC(CC2)C1CCC2C(C1)C(=O)N(C2=O)*,260.0
*c1ccc(cc1)Cc1ccc(cc1)N1C(=O)CC(C1=O)Nc1ccc(cc1)Cc1ccc(cc1)NC1CC(=O)N(C1=O)*,239.0
*c1ccc(cc1)Cc1ccc(cc1)N1C(=O)CC(C1=O)Nc1ccc(cc1)N(c1ccc(cc1)NC1CC(=O)N(C1=O)*)c1ccc(cc1)Nc1ccc(cc1)[N+](=O)[O-],324.0
*c1ccc(cc1)Cc1ccc(cc1)N1C(=O)CC(C1=O)Nc1ccc(cc1)N(c1ccc(cc1)[N+](=O)[O-])c1ccc(cc1)NC1CC(=O)N(C1=O)*,276.0
*c1ccc(cc1)Cc1ccc(cc1)N1C(=O)N(C(=O)C1(C)C)c1ccc(cc1)Cc1ccc(cc1)N1C(=O)N(C(C1=O)(C)C)*,239.5
*c1ccc(cc1)Cc1ccc(cc1)N1C(=O)c2c(C1=O)c(c1ccccc1)c(c(c2c1ccccc1)c1ccc(cc1)Oc1ccc(cc1)c1c(c2ccccc2)c(c2ccccc2)c2c(c1c1ccccc1)C(=O)N(C2=O)*)c1ccccc1,356.0
*c1ccc(cc1)Cc1ccc(cc1)N1C(=O)c2c(C1=O)cc(c(c2)c1ccc(cc1)C(C)(C)C)c1cc2c(cc1c1ccc(cc1)C(C)(C)C)C(=O)N(C2=O)*,360.0
*c1ccc(cc1)Cc1ccc(cc1)N1C(=O)c2c(C1=O)cc(c(c2)c1ccc(cc1)[Si](C)(C)C)c1cc2c(cc1c1ccc(cc1)[Si](C)(C)C)C(=O)N(C2=O)*,348.0
*c1ccc(cc1)Cc1ccc(cc1)N1C(=O)c2c(C1=O)cc(cc2)OCCN(c1ccc(cc1)C=Cc1ccc(cc1)[N+](=O)[O-])CCOc1ccc2c(c1)C(=O)N(C2=O)*,160.7
*c1ccc(cc1)Cc1ccc(cc1)N1C(=O)c2c(C1=O)cc(cc2)Oc1ccc(cc1)C(c1ccc(cc1)Oc1ccc2c(c1)C(=O)N(C2=O)*)(C)C,217.0
*c1ccc(cc1)Cc1ccc(cc1)N1C(=O)c2c(C1=O)cc(cc2)Oc1ccc(cc1)C1(CCC(CC1)c1ccccc1)c1ccc(cc1)Oc1ccc2c(c1)C(=O)N(C2=O)*,232.0
*c1ccc(cc1)Cc1ccc(cc1)N1C(=O)c2c(C1=O)cc(cc2)Oc1ccc(cc1)C1(CCCCCCCCCCC1)c1ccc(cc1)Oc1ccc2c(c1)C(=O)N(C2=O)*,240.0
*c1ccc(cc1)Cc1ccc(cc1)N1C(=O)c2c(C1=O)cc(cc2)Oc1ccc(cc1)Oc1ccc2c(c1)C(=O)N(C2=O)*,259.0
*c1ccc(cc1)Cc1ccc(cc1)N1C(=O)c2c(C1=O)cc(cc2)Oc1ccc2c(c1)C(=O)N(C2=O)*,264.0
*c1ccc(cc1)Cc1ccc(cc1)N1C(=O)c2c(C1=O)cc(cc2)S(=O)(=O)c1ccc2c(c1)C(=O)N(C2=O)*,319.0
*c1ccc(cc1)Cc1ccc(cc1)N1C(=O)c2c(C1=O)cc(cc2)Sc1ccc2c(c1)C(=O)N(C2=O)*,265.0
*c1ccc(cc1)Cc1ccc(cc1)N1C(=O)c2c(C1=O)cc(cc2)[Si](O[Si](O[Si](c1ccc2c(c1)C(=O)N(C2=O)*)(C)C)(C)C)(C)C,220.0
*c1ccc(cc1)Cc1ccc(cc1)N1C(=O)c2c(C1=O)cc(cc2)[Si](c1ccc(cc1)[Si](c1ccc2c(c1)C(=O)N(C2=O)*)(C)C)(C)C,295.0
*c1ccc(cc1)Cc1ccc(cc1)N1C(=O)c2c(C1=O)cc(cc2)[Si](c1ccc2c(c1)C(=O)N(C2=O)*)(C)C,280.0
*c1ccc(cc1)Cc1ccc(cc1)N1C(=O)c2c(C1=O)cc(cc2)c1ccc2c(c1)C(=O)N(C2=O)*,298.0
*c1ccc(cc1)Cc1ccc(cc1)N1C(=O)c2c(C1=O)cc1c(c2c2ccccc2)cc2c(c1)c(c1ccccc1)c1c(c2)C(=O)N(C1=O)*,327.0
*c1ccc(cc1)Cc1ccc(cc1)N1C(=O)c2c(C1=O)ccc(c2)[Si](O[Si](c1ccc2c(c1)C(=O)N(C2=O)*)(C)C)(C)C,232.0
*c1ccc(cc1)Cc1ccc(cc1)N1C(=O)c2c(C1=O)ccc(c2)c1ccc(cc1)c1ccc(cc1)c1ccc(cc1)c1ccc(cc1)c1ccc2c(c1)C(=O)N(C2=O)*,244.0
*c1ccc(cc1)Cc1ccc(cc1)NC(=O)c1ccc(cc1)Oc1ccc2c(c1)C(=O)N(C2=O)*,250.0
*c1ccc(cc1)Cc1ccc(cc1)NC(=O)c1ccc(cc1)Oc1cccc2c1C(=O)N(C2=O)*,258.0
*c1ccc(cc1)Cc1ccc(cc1)NC(=O)c1cccc(c1)Oc1ccc2c(c1)C(=O)N(C2=O)*,243.0
*c1ccc(cc1)Cc1ccc(cc1)NC(=O)c1cccc(c1)c1[nH]c2c(n1)cc(cc2)c1ccc2c(c1)nc([nH]2)c1cccc(c1)C(=O)Nc1ccc(cc1)Cc1ccc(cc1)n1c(=O)c2c(c1=O)cc1c(c2)c(=O)n(c1=O)*,277.0
*c1ccc(cc1)Cc1ccc(cc1)S(=O)(=O)*,227.5
*c1ccc(cc1)Cc1ccc(cc1)c1nc(nnc1c1ccccc1)c1cccc(n1)c1nnc(c(n1)*)c1ccccc1,205.0
*c1ccc(cc1)Cc1ccc(cc1)n1c(=O)c2c(c1=O)cc1c(c2)c(=O)n(c1=O)*,351.0
*c1ccc(cc1)Cc1ccc(cc1)n1nc(cc1c1ccc(cc1)c1cc(nn1*)c1ccccc1)c1ccccc1,252.0
*c1ccc(cc1)Cc1ccc(cc1)n1nc(cc1c1cccc(c1)c1cc(nn1*)c1ccccc1)c1ccccc1,225.0
*c1ccc(cc1)Cc1ccc(cc1)n1nccc1c1ccc(cc1)c1ccnn1*,202.0
*c1ccc(cc1)Cc1ccc(cc1)n1nccc1c1cccc(c1)c1ccnn1*,212.0
*c1ccc(cc1)Cc1cccc(c1)n1c(=O)c2c(c1=O)cc1c(c2)c(=O)n(c1=O)*,334.5
*c1ccc(cc1)Cc1ccccc1n1c(=O)c2c(c1=O)cc1c(c2)c(=O)n(c1=O)*,356.5
*c1ccc(cc1)N(c1ccc(cc1)N(C)C)c1ccc(cc1)N1C(=O)c2c(C1=O)cc(cc2)S(=O)(=O)c1ccc2c(c1)C(=O)N(C2=O)*,331.0
*c1ccc(cc1)N(c1ccccc1)c1ccc(cc1)N1C(=O)c2c(C1=O)cc(cc2)S(=O)(=O)c1ccc2c(c1)C(=O)N(C2=O)*,306.0
*c1ccc(cc1)N1C(=O)c2c(C1=O)c(c1ccccc1)c(c(c2c1ccccc1)c1ccc(cc1)c1c(c2ccccc2)c(c2ccccc2)c2c(c1c1ccccc1)C(=O)N(C2=O)*)c1ccccc1,466.0
*c1ccc(cc1)N1C(=O)c2c(C1=O)cc(c(c2)Oc1ccc(cc1)C)c1ccc2c(c1)C(=O)N(C2=O)*,284.0
*c1ccc(cc1)N1C(=O)c2c(C1=O)cc(c(c2)c1cc2c(cc1Oc1ccccc1C)C(=O)N(C2=O)*)Oc1ccccc1C,288.0
*c1ccc(cc1)N1C(=O)c2c(C1=O)cc(c(c2)c1ccc2c(c1)C(=O)N(C2=O)*)Oc1ccccc1,305.0
*c1ccc(cc1)N1C(=O)c2c(C1=O)cc(c(c2)c1ccc2c(c1)C(=O)N(C2=O)*)Oc1ccccc1C,303.0
*c1ccc(cc1)N1C(=O)c2c(C1=O)cc(cc2)Oc1ccc(cc1)Oc1ccc(cc1)P(=O)(c1ccc(cc1)Oc1ccc(cc1)Oc1ccc2c(c1)C(=O)N(C2=O)*)c1ccccc1,220.0
*c1ccc(cc1)N1C(=O)c2c(C1=O)cc(cc2)Oc1ccc(cc1)Sc1ccc(cc1)Oc1ccc2c(c1)C(=O)N(C2=O)*,228.0
*c1ccc(cc1)N1C(=O)c2c(C1=O)cc(cc2)Oc1ccc2c(c1)C(=O)N(C2=O)*,340.5
*c1ccc(cc1)N1C(=O)c2c(C1=O)cc(cc2)c1ccc2c(c1)C(=O)N(C2=O)*,350.0
*c1ccc(cc1)N1C(=O)c2c(C1=O)ccc(c2)C(=O)c1ccc2c(c1)C(=O)N(C2=O)c1ccc(cc1)c1nc2cc(ccc2nc1c1ccccc1)Oc1ccc2c(c1)nc(c(n2)c1ccccc1)*,254.0
*c1ccc(cc1)N1C(=O)c2c(C1=O)ccc(c2)C(=O)c1ccc2c(c1)C(=O)N(C2=O)c1ccc(cc1)c1nc2cc(ccc2nc1c1ccccc1)S(=O)(=O)c1ccc2c(c1)nc(c(n2)c1ccccc1)*,240.0
*c1ccc(cc1)N1C(=O)c2c(C1=O)ccc(c2)C(=O)c1ccc2c(c1)C(=O)N(C2=O)c1ccc(cc1)c1nc2cc(ccc2nc1c1ccccc1)c1ccc2c(c1)nc(c(n2)c1ccccc1)*,260.0
*c1ccc(cc1)N1C(=O)c2c(C1=O)ccc(c2)C(=O)c1ccc2c(c1)C(=O)N(C2=O)c1ccc2c(c1)nc([nH]2)*,412.0
*c1ccc(cc1)N1C(=O)c2c(C1=O)ccc(c2)C(C(F)(F)F)(C(F)(F)F)c1ccc2c(c1)C(=O)N(C2=O)c1ccc(cc1)N1C(=O)c2c(C1=O)cc(cc2)c1ccc2c(c1)C(=O)N(C2=O)*,342.0
*c1ccc(cc1)N1C(=O)c2c(C1=O)ccc(c2)Oc1ccc(cc1)C(c1ccc(cc1)Oc1ccc2c(c1)C(=O)N(C2=O)c1ccc(cc1)c1nnc(o1)*)(C)C,231.0
*c1ccc(cc1)N1C(=O)c2c(C1=O)ccc(c2)Oc1ccc(cc1)C(c1ccc(cc1)Oc1ccc2c(c1)C(=O)N(C2=O)c1ccc2c(c1)nc([nH]2)*)(C)C,324.0
*c1ccc(cc1)N1C(=O)c2c(C1=O)ccc(c2)Oc1ccc(cc1)C(c1cccc(c1)Oc1ccc2c(c1)C(=O)N(C2=O)*)(C)C,268.0
*c1ccc(cc1)N1C(=O)c2c(C1=O)ccc(c2)Oc1cccc2c1C(=O)N(C2=O)*,350.0
*c1ccc(cc1)N1C(=O)c2c(C1=O)ccc(c2)P(=O)(c1ccc2c(c1)C(=O)N(C2=O)*)c1ccccc1,366.0
*c1ccc(cc1)N1C(=O)c2c(C1=O)ccc(c2)c1ccc2c(c1)C(=O)N(C2=O)c1ccc2c(c1)nc([nH]2)*,397.5
*c1ccc(cc1)N1C(=O)c2c(C1=O)ccc(c2)c1ccc2c(c1)C(=O)N(C2=O)c1ccc2c(c1)nc(o2)*,292.0
*c1ccc(cc1)N1C(=O)c2c(C1=O)ccc(c2)c1cccc2c1C(=O)N(C2=O)*,410.0
*c1ccc(cc1)N1C(=O)c2ccc(c3c2c(C1=O)ccc3)C(=O)c1ccc(cc1)C(=O)c1ccc2c3c1cccc3C(=O)N(C2=O)c1ccc(cc1)c1nnc(o1)*,318.0
*c1ccc(cc1)N1CC(=O)N(CC1=O)c1ccc(cc1)c1nc2ccccc2nc1*,260.0
*c1ccc(cc1)N=Nc1ccc(cc1)Oc1ccc(cc1)C(c1ccc(cc1)Oc1ccc(cc1)N=Nc1ccc(cc1)N1C(=O)c2c(C1=O)cc(cc2)Oc1ccc2c(c1)C(=O)N(C2=O)*)(C)C,276.0
*c1ccc(cc1)N=Nc1ccc(cc1)Oc1ccc(cc1)C(c1ccc(cc1)Oc1ccc(cc1)N=Nc1ccc(cc1)N1C(=O)c2c(C1=O)cc(cc2)c1ccc2c(c1)C(=O)N(C2=O)*)(C)C,302.0
*c1ccc(cc1)N=Nc1ccc(cc1)Oc1ccc(cc1)C(c1ccc(cc1)Oc1ccc(cc1)N=Nc1ccc(cc1)n1c(=O)c2c(c1=O)cc1c(c2)c(=O)n(c1=O)*)(C)C,307.0
*c1ccc(cc1)N=Nc1ccc(cc1)c1ccc(cc1)Oc1ccc(cc1)c1cnc(o1)*,64.0
*c1ccc(cc1)NC(=O)c1cc(NC(=O)c2ccc(cc2)NC(=O)C(N2C(=O)c3c(C2=O)cccc3)C)cc(c1)C(=O)Nc1ccc(cc1)S(=O)(=O)*,208.0
*c1ccc(cc1)NC(=O)c1cc(NC(=O)c2ccc(cc2)OC(=O)C)cc(c1)C(=O)Nc1ccc(cc1)c1nnc(o1)*,280.0
*c1ccc(cc1)NC(=O)c1cc(cc(c1)N1C(=O)c2c(C1=O)cccc2)C(=O)Nc1ccc(cc1)c1nnc(o1)*,327.0
*c1ccc(cc1)NC(=O)c1cc(cc(c1)S(=O)(=O)c1ccccc1)C(=O)Nc1ccc(cc1)S(=O)(=O)*,307.0
*c1ccc(cc1)NC(=O)c1ccc(c(c1)Oc1ccccc1)C(=O)Nc1ccc(cc1)c1nnc(o1)*,272.0
*c1ccc(cc1)NC(=O)c1ccc(cc1)C(=O)Nc1ccc(cc1)c1nc2ccccc2nc1*,276.0
*c1ccc(cc1)NC(=O)c1ccc(cc1)NC(=O)c1ccc(cc1)C(=O)Nc1ccc(cc1)C(=O)Nc1ccc(cc1)c1sc(c(c1c1ccccc1)c1ccccc1)*,279.0
*c1ccc(cc1)NC(=O)c1ccc(cc1)NC(=O)c1ccc(cc1)[Si](c1ccc(cc1)C(=O)Nc1ccc(cc1)C(=O)Nc1ccc(cc1)S(=O)(=O)*)(C)C,315.0
*c1ccc(cc1)NC(=O)c1ccc(cc1)NC(=O)c1ccc(cc1)[Si](c1ccc(cc1)C(=O)Nc1ccc(cc1)C(=O)Nc1ccc(cc1)c1sc(c(c1c1ccccc1)c1ccccc1)*)(C)C,337.0
*c1ccc(cc1)NC(=O)c1ccc(cc1)NC(=O)c1cccc(c1)C(=O)Nc1ccc(cc1)C(=O)Nc1ccc(cc1)c1sc(c(c1c1ccccc1)c1ccccc1)*,280.0
*c1ccc(cc1)NC(=O)c1ccc(cc1)OCCOCCOCCOCCOCCOc1ccc(cc1)C(=O)Nc1ccc2c(c1)nc([nH]2)*,125.0
*c1ccc(cc1)NC(=O)c1ccc(cc1)OCCOCCOCCOCCOc1ccc(cc1)C(=O)Nc1ccc2c(c1)nc([nH]2)*,140.0
*c1ccc(cc1)NC(=O)c1ccc(cc1)OCCOCCOCCOc1ccc(cc1)C(=O)Nc1ccc2c(c1)nc([nH]2)*,155.0
*c1ccc(cc1)NC(=O)c1ccc(cc1)OCCOCCOc1ccc(cc1)C(=O)Nc1ccc2c(c1)nc([nH]2)*,175.0
*c1ccc(cc1)NC(=O)c1ccc(cc1)OCCOc1ccc(cc1)C(=O)Nc1ccc2c(c1)nc([nH]2)*,225.0
*c1ccc(cc1)NC(=O)c1cccc(c1)C(=O)Nc1ccc(cc1)S(=O)(=O)*,78.0
*c1ccc(cc1)NC(=O)c1cccc(c1)C(=O)Nc1ccc(cc1)c1nc2ccccc2nc1*,259.0
*c1ccc(cc1)NC(=O)c1cccc(c1)C(=O)Nc1ccc(cc1)n1c(=O)c2c(c1=O)cc1c(c2)c(=O)n(c1=O)*,296.0
*c1ccc(cc1)NC1CC(=O)N(C1=O)c1ccc(cc1)Cc1ccc(cc1)N1C(=O)CC(C1=O)Nc1ccc(cc1)c1nc([nH]c1*)c1ccc(cc1)C=Cc1ccc(cc1)[N+](=O)[O-],250.0
*c1ccc(cc1)NC1CC(=O)N(C1=O)c1ccc(cc1)Cc1ccc(cc1)N1C(=O)CC(C1=O)Nc1ccc(cc1)c1nc([nH]c1*)c1ccc(cc1)N=Nc1ccc(cc1)[N+](=O)[O-],258.0
*c1ccc(cc1)NC1CC(=O)N(C1=O)c1ccc(cc1)c1sc(c(c1c1ccccc1)c1ccccc1)c1ccc(cc1)N1C(=O)CC(C1=O)Nc1ccc(cc1)c1nc([nH]c1*)c1ccc(cc1)c1nc(c([nH]1)c1ccc(cc1)[N+](=O)[O-])c1ccc(cc1)[N+](=O)[O-],152.0
*c1ccc(cc1)NC1CC(=O)N(C1=O)c1ccc(cc1)c1sc(c(c1c1ccccc1)c1ccccc1)c1ccc(cc1)N1C(=O)CC(C1=O)Nc1ccc(cc1)c1nc([nH]c1*)c1ccc(s1)C=Cc1ccc(cc1)[N+](=O)[O-],304.0
*c1ccc(cc1)NC=Nc1ccc(cc1)S(=O)(=O)*,163.0
*c1ccc(cc1)N[Se]Nc1ccc(cc1)S(=O)(=O)*,62.0
*c1ccc(cc1)Nc1c(F)c(F)c(c(c1F)F)c1c(F)c(F)c(c(c1F)F)Nc1ccc(cc1)S(=O)(=O)*,332.0
*c1ccc(cc1)Nc1ccc(cc1)C(C(F)(F)F)(C(F)(F)F)c1ccc(cc1)Nc1ccc(cc1)S(=O)(=O)*,145.0
*c1ccc(cc1)Nc1ccc(cc1)C1(c2ccc(cc2)Nc2ccc(cc2)S(=O)(=O)*)c2ccccc2-c2c1cccc2,221.0
*c1ccc(cc1)Nc1ccc(cc1)Nc1ccc(cc1)S(=O)(=O)*,145.0
*c1ccc(cc1)Nc1ccc(cc1C)C1(c2ccc(c(c2)C)Nc2ccc(cc2)S(=O)(=O)*)c2ccccc2-c2c1cccc2,269.0
*c1ccc(cc1)Nc1ccc(cc1F)C1(c2ccc(c(c2)F)Nc2ccc(cc2)S(=O)(=O)*)c2ccccc2-c2c1cccc2,145.0
*c1ccc(cc1)Nc1cccc(c1)Nc1ccc(cc1)S(=O)(=O)*,145.0
*c1ccc(cc1)Nc1nc(Nc2ccc(cc2)c2[nH]c3c(n2)cc(cc3)c2ccc3c(c2)nc([nH]3)*)nc(n1)N(c1ccccc1)c1ccccc1,329.0
*c1ccc(cc1)OC(=O)c1cc(cc(c1)C(C)(C)C)C(=O)Oc1ccc(cc1)C1(*)OC(=O)c2c1cccc2,279.0
*c1ccc(cc1)OC(=O)c1ccc(cc1)C(=O)Oc1ccc(cc1)C1(*)NC(=O)c2c1cccc2,327.0
*c1ccc(cc1)OC(=O)c1ccc(cc1)C(=O)Oc1ccc(cc1)C1(*)OC(=O)c2c1cccc2,273.5
*c1ccc(cc1)OC(=O)c1ccc(cc1)C(=O)Oc1ccc(cc1)C1(*)OCc2c1cccc2,312.0
*c1ccc(cc1)OC(=O)c1ccc(cc1)C(=O)Oc1ccc(cc1)C1(*)c2ccccc2C(=O)N1C,282.0
*c1ccc(cc1)OC(=O)c1ccc(cc1)C(=O)Oc1ccc(cc1)C1(*)c2ccccc2C(=O)N1c1ccc(cc1)C,292.0
*c1ccc(cc1)OC(=O)c1ccc(cc1)C(=O)Oc1ccc(cc1)C1(*)c2ccccc2C(=O)N1c1cccc(c1)C,298.0
*c1ccc(cc1)OC(=O)c1ccc(cc1)C(=O)Oc1ccc(cc1)C1(*)c2ccccc2Oc2c1cccc2,252.0
*c1ccc(cc1)OC(=O)c1ccc(cc1)C(=O)Oc1ccc(cc1)N1C(=O)CCC21CCC(=O)N2*,309.0
*c1ccc(cc1)OC(=O)c1ccc(cc1)C(=O)Oc1ccc(cc1)c1nc2ccccc2nc1*,232.0
*c1ccc(cc1)OC(=O)c1ccc(cc1)Oc1ccc(cc1)C(=O)Oc1ccc(cc1)N1C(=O)CCC21CCC(=O)N2*,286.0
*c1ccc(cc1)OC(=O)c1ccc(cc1)[Si](c1ccc(cc1)C(=O)Oc1ccc(cc1)C1(*)OC(=O)c2c1cccc2)(C)C,214.0
*c1ccc(cc1)OC(=O)c1ccc(cc1)[Si](c1ccc(cc1)C(=O)Oc1ccc(cc1)C1(*)c2ccccc2C(=O)N1c1ccccc1)(C)C,255.0
*c1ccc(cc1)OC(=O)c1ccc(cc1)[Si](c1ccccc1)(c1ccccc1)c1ccc(cc1)C(=O)Oc1ccc(cc1)C1(*)OC(=O)c2c1cccc2,250.0
*c1ccc(cc1)OC(=O)c1cccc(c1)C(=O)Oc1ccc(cc1)C1(*)C(=O)Nc2c1cc(Cl)cc2Cl,270.0
*c1ccc(cc1)OC(=O)c1cccc(c1)C(=O)Oc1ccc(cc1)C1(*)C(=O)Nc2c1cccc2,256.0
*c1ccc(cc1)OC(=O)c1cccc(c1)C(=O)Oc1ccc(cc1)C1(*)NC(=O)c2c1cccc2,325.0
*c1ccc(cc1)OC(=O)c1cccc(c1)C(=O)Oc1ccc(cc1)C1(*)OC(=O)c2c1cccc2,282.5
*c1ccc(cc1)OC(=O)c1cccc(c1)C(=O)Oc1ccc(cc1)C1(*)c2ccccc2C(=O)N1C,285.0
*c1ccc(cc1)OC(=O)c1cccc(c1)C(=O)Oc1ccc(cc1)N1C(=O)CCC21CCC(=O)N2*,284.0
*c1ccc(cc1)OC(=O)c1cccc(c1)C(=O)Oc1ccc(cc1)c1nc2ccccc2nc1*,245.0
*c1ccc(cc1)OC(=O)c1ccccc1c1ccccc1C(=O)Oc1ccc(cc1)N1C(=O)CCC21CCC(=O)N2*,245.0
*c1ccc(cc1)OCC1CCC(CC1)COc1ccc(cc1)N1C(=O)c2c(C1=O)cc(cc2)c1ccc2c(c1)C(=O)N(C2=O)*,254.4
*c1ccc(cc1)OCC1CCC(CC1)COc1ccc(cc1)n1c(=O)c2c(c1=O)cc1c(c2)c(=O)n(c1=O)*,306.7
*c1ccc(cc1)OCCCCCCCCCCCOC(=O)c1ccc(cc1)C(=O)OCCCCCCCCCCCOc1ccc(cc1)c1nnc(s1)*,64.0
*c1ccc(cc1)OCCCCCCCCCCCOC(=O)c1ccc(cc1)C(=O)OCCCCCCCCCCCOc1cccc(c1)c1nnc(s1)*,35.0
*c1ccc(cc1)OCCCCCCCCCCCOC(=O)c1cccc(c1)C(=O)OCCCCCCCCCCCOc1ccc(cc1)c1nnc(s1)*,68.0
*c1ccc(cc1)OCCCCCCCCCCCOC(=O)c1cccc(c1)C(=O)OCCCCCCCCCCCOc1ccc2c(c1)sc(n2)*,34.0
*c1ccc(cc1)OCCCCCCCCCCCOC(=O)c1cccc(c1)C(=O)OCCCCCCCCCCCOc1cccc(c1)c1nnc(s1)*,39.0
*c1ccc(cc1)OCCCCCCCCCCCOc1ccc(cc1)c1ccc2c(c1)c(cc(n2)c1cccc(c1)c1nc2ccc(cc2c(c1)c1ccccc1)*)c1ccccc1,133.5
*c1ccc(cc1)OCCCCCCCCCCOc1ccc(cc1)N1C(=O)c2c(C1=O)cc(cc2)c1ccc2c(c1)C(=O)N(C2=O)*,153.0
*c1ccc(cc1)OCCCCCCOc1ccc(cc1)C1N(C)OC2C1C(=O)N(C2=O)c1ccc(cc1)N1C(=O)C2C(C1=O)C(N(O2)C)*,52.0
*c1ccc(cc1)OCCCCCOc1ccc(cc1)N1C(=O)c2c(C1=O)cc(cc2)c1cccc2c1C(=O)N(C2=O)*,208.0
*c1ccc(cc1)OCCCCOc1ccc(cc1)c1nc2ccc(cc2nc1c1ccccc1)c1ccc2c(c1)nc(c(n2)*)c1ccccc1,219.0
*c1ccc(cc1)OCCCOc1ccc(cc1)N1C(=O)c2c(C1=O)cc(cc2)c1cccc2c1C(=O)N(C2=O)*,237.5
*c1ccc(cc1)OCCN(c1ccc(cc1)C=Cc1ccc(cc1)[N+](=O)[O-])CCOc1ccc(cc1)c1nc2ccc(cc2nc1c1ccccc1)Oc1ccc2c(c1)nc(c(n2)*)c1ccccc1,201.0
*c1ccc(cc1)OCCN(c1ccc(cc1)N=Nc1ccc(cc1)[N+](=O)[O-])CCOc1ccc(cc1)c1nc2ccc(cc2nc1c1ccccc1)Oc1ccc2c(c1)nc(c(n2)*)c1ccccc1,199.0
*c1ccc(cc1)OCCN(c1ccc(cc1)N=Nc1ccc(cc1C)[N+](=O)[O-])CCOc1ccc(cc1)c1nc2ccc(cc2nc1c1ccccc1)Oc1ccc2c(c1)nc(c(n2)*)c1ccccc1,188.0
*c1ccc(cc1)OCCOCCOCCOc1cccc(c1)N1C(=O)c2c(C1=O)cc(cc2)Oc1ccc2c(c1)C(=O)N(C2=O)*,107.0
*c1ccc(cc1)OCCOCCOc1cccc(c1)N1C(=O)c2c(C1=O)cc(cc2)Oc1ccc2c(c1)C(=O)N(C2=O)*,146.5
*c1ccc(cc1)OCCOc1ccc(c(c1)OCCOc1ccc(cc1)c1nc2ccc(cc2nc1c1ccccc1)Oc1ccc2c(c1)nc(c(n2)*)c1ccccc1)C=Cc1ccc(cc1)[N+](=O)[O-],187.0
*c1ccc(cc1)OCCOc1cccc(c1)N1C(=O)c2c(C1=O)cc(cc2)Oc1ccc2c(c1)C(=O)N(C2=O)*,178.5
*c1ccc(cc1)OCOc1ccc(cc1)c1nc(oc1*)c1ccc(cc1)[N+](=O)[O-],194.0
*c1ccc(cc1)Oc1c(C)cc(cc1C)C(c1cc(C)c(c(c1)C)Oc1ccc(cc1)N1C(=O)CC(C1=O)Nc1ccc(cc1)Cc1ccc(cc1)NC1CC(=O)N(C1=O)*)c1cccnc1,201.0
*c1ccc(cc1)Oc1c(C)cc(cc1C)C(c1cc(C)c(c(c1)C)Oc1ccc(cc1)N1C(=O)CC(C1=O)Nc1ccc(cc1)NC1CC(=O)N(C1=O)*)c1cccnc1,229.0
*c1ccc(cc1)Oc1c(C)cc(cc1C)C(c1cc(C)c(c(c1)C)Oc1ccc(cc1)N1C(=O)CC(C1=O)Nc1cccc(c1)NC1CC(=O)N(C1=O)*)c1cccnc1,217.0
*c1ccc(cc1)Oc1c(C)cc(cc1C)C(c1cc(C)c(c(c1)C)Oc1ccc(cc1)N1C(=O)c2c(C1=O)cc(cc2)Oc1ccc(cc1)C1(CCC(CC1)c1ccccc1)c1ccc(cc1)Oc1ccc2c(c1)C(=O)N(C2=O)*)(C)C,232.0
*c1ccc(cc1)Oc1c(C)cc(cc1C)C(c1cccc2c1cccc2)c1cc(C)c(c(c1)C)Oc1ccc(cc1)N1C(=O)c2c(C1=O)cc(cc2)c1ccc2c(c1)C(=O)N(C2=O)*,289.5
*c1ccc(cc1)Oc1c(C)cc(cc1C)C(c1cccc2c1cccc2)c1cc(C)c(c(c1)C)Oc1ccc(cc1)n1c(=O)c2c(c1=O)cc1c(c2)c(=O)n(c1=O)*,292.0
*c1ccc(cc1)Oc1c(C)cc(cc1C)Cc1cc(C)c(c(c1)C)Oc1ccc(cc1)N1C(=O)c2c(C1=O)cc(cc2)Oc1ccc(cc1)C(c1ccc(cc1)Oc1ccc2c(c1)C(=O)N(C2=O)*)(C)C,223.0
*c1ccc(cc1)Oc1c(C)cc(cc1C)Cc1cc(C)c(c(c1)C)Oc1ccc(cc1)N1C(=O)c2c(C1=O)cc(cc2)c1ccc2c(c1)C(=O)N(C2=O)*,291.0
*c1ccc(cc1)Oc1c(C)cc(cc1C)Cc1cc(C)c(c(c1)C)Oc1ccc(cc1)n1c(=O)c2c(c1=O)cc1c(c2)c(=O)n(c1=O)*,299.5
*c1ccc(cc1)Oc1c(F)c(F)c(c(c1F)F)C(=O)c1c(F)c(F)c(c(c1F)F)Oc1ccc(cc1)C1(*)OC(=O)c2c1cccc2,215.0
*c1ccc(cc1)Oc1c(F)c(F)c(c(c1F)F)COC(C(F)(F)F)(C(F)(F)F)c1cccc(c1)C(C(F)(F)F)(C(F)(F)F)OCc1c(F)c(F)c(c(c1F)F)Oc1ccc(cc1)N1C(=O)CCC21CCC(=O)N2*,163.0
*c1ccc(cc1)Oc1cc(c(cc1C(C)(C)C)Oc1ccc(cc1)N1C(=O)c2c(C1=O)cc(cc2)Oc1ccc2c(c1)C(=O)N(C2=O)*)C(C)(C)C,242.0
*c1ccc(cc1)Oc1cc(c(cc1C(C)(C)C)Oc1ccc(cc1)N1C(=O)c2c(C1=O)cc(cc2)S(=O)(=O)c1ccc2c(c1)C(=O)N(C2=O)*)C(C)(C)C,263.0
*c1ccc(cc1)Oc1cc(c(cc1C(C)(C)C)Oc1ccc(cc1)N1C(=O)c2c(C1=O)cc(cc2)c1ccc2c(c1)C(=O)N(C2=O)*)C(C)(C)C,293.0
*c1ccc(cc1)Oc1cc(c(cc1C(C)(C)C)Oc1ccc(cc1)n1c(=O)c2c(c1=O)cc1c(c2)c(=O)n(c1=O)*)C(C)(C)C,298.0
*c1ccc(cc1)Oc1cc(ccc1Oc1ccc(cc1)N1C(=O)c2c(C1=O)cc(cc2)c1ccc2c(c1)C(=O)N(C2=O)*)C(C)(C)C,257.0
*c1ccc(cc1)Oc1cc(ccc1Oc1ccc(cc1)n1c(=O)c2c(c1=O)cc1c(c2)c(=O)n(c1=O)*)C(C)(C)C,321.0
*c1ccc(cc1)Oc1cc2ccccc2cc1Oc1ccc(cc1)N1C(=O)c2c(C1=O)cc(cc2)Oc1cc2ccccc2cc1Oc1ccc2c(c1)C(=O)N(C2=O)*,222.0
*c1ccc(cc1)Oc1cc2ccccc2cc1Oc1ccc(cc1)N1C(=O)c2c(C1=O)cc(cc2)Oc1ccc2c(c1)C(=O)N(C2=O)*,254.5
*c1ccc(cc1)Oc1cc2ccccc2cc1Oc1ccc(cc1)N1C(=O)c2c(C1=O)cc(cc2)Oc1ccccc1Oc1ccc2c(c1)C(=O)N(C2=O)*,216.0
*c1ccc(cc1)Oc1cc2ccccc2cc1Oc1ccc(cc1)N1C(=O)c2c(C1=O)cc(cc2)S(=O)(=O)c1ccc2c(c1)C(=O)N(C2=O)*,275.0
*c1ccc(cc1)Oc1cc2ccccc2cc1Oc1ccc(cc1)N1C(=O)c2c(C1=O)cc(cc2)c1ccc2c(c1)C(=O)N(C2=O)*,253.5
*c1ccc(cc1)Oc1cc2ccccc2cc1Oc1ccc(cc1)n1c(=O)c2c(c1=O)cc1c(c2)c(=O)n(c1=O)*,316.0
*c1ccc(cc1)Oc1ccc(c(c1)C(C)(C)C)Oc1ccc(cc1)N1C(=O)c2c(C1=O)cc(cc2)Oc1c(C)cc(cc1C)C(c1cc(C)c(c(c1)C)Oc1ccc2c(c1)C(=O)N(C2=O)*)(C)C,244.0
*c1ccc(cc1)Oc1ccc(c(c1)C(C)(C)C)Oc1ccc(cc1)N1C(=O)c2c(C1=O)cc(cc2)Oc1ccc(cc1)C(c1ccc(cc1)Oc1ccc2c(c1)C(=O)N(C2=O)*)(c1ccccc1)c1ccccc1,229.0
*c1ccc(cc1)Oc1ccc(c(c1)C(C)(C)C)Oc1ccc(cc1)N1C(=O)c2c(C1=O)cc(cc2)Oc1ccc(cc1)C1(CCCCCCCCCCC1)c1ccc(cc1)Oc1ccc2c(c1)C(=O)N(C2=O)*,262.0
*c1ccc(cc1)Oc1ccc(c(c1)C(C)(C)C)Oc1ccc(cc1)N1C(=O)c2c(C1=O)cc(cc2)c1ccc2c(c1)C(=O)N(C2=O)*,274.0
*c1ccc(cc1)Oc1ccc(c(c1)C(C)(C)C)Oc1ccc(cc1)N1C(=O)c2c(C1=O)ccc(c2)Oc1ccc(cc1)C1(CCC(CC1)C(C)(C)C)c1ccc(cc1)Oc1ccc2c(c1)C(=O)N(C2=O)*,233.0
*c1ccc(cc1)Oc1ccc(c(c1)C)Oc1ccc(cc1)N1C(=O)c2c(C1=O)cc(cc2)c1ccc2c(c1)C(=O)N(C2=O)*,265.0
*c1ccc(cc1)Oc1ccc(c(c1)C)c1ccc(cc1C)Oc1ccc(cc1)N1C(=O)c2c(C1=O)cc(cc2)Oc1c(C)cc(cc1C)C(c1cc(C)c(c(c1)C)Oc1ccc2c(c1)C(=O)N(C2=O)*)(C)C,257.0
*c1ccc(cc1)Oc1ccc(c(c1)C)c1ccc(cc1C)Oc1ccc(cc1)N1C(=O)c2c(C1=O)ccc(c2)Oc1ccc(cc1)C1(CCC(CC1)C(C)(C)C)c1ccc(cc1)Oc1ccc2c(c1)C(=O)N(C2=O)*,236.0
*c1ccc(cc1)Oc1ccc(c(c1)C)c1ccc(cc1C)Oc1ccc(cc1)N1C(=O)c2c(C1=O)ccc(c2)Oc1ccc(cc1)C1(CCC(CC1)c1ccccc1)c1ccc(cc1)Oc1ccc2c(c1)C(=O)N(C2=O)*,226.0
*c1ccc(cc1)Oc1ccc(c(c1)C)c1ccc(cc1C)Oc1ccc(cc1)N1C(=O)c2c(C1=O)ccc(c2)Oc1ccc(cc1)C1(CCCCCCCCCCC1)c1ccc(cc1)Oc1ccc2c(c1)C(=O)N(C2=O)*,257.0
*c1ccc(cc1)Oc1ccc(c(c1)c1ccccc1)Oc1ccc(cc1)N1C(=O)c2c(C1=O)cc(cc2)c1ccc2c(c1)C(=O)N(C2=O)*,247.0
*c1ccc(cc1)Oc1ccc(cc1)C(=O)Nc1ccc(c(c1)C(F)(F)F)Oc1ccc(cc1)C(C(F)(F)F)(C(F)(F)F)c1ccc(cc1)Oc1ccc(cc1C(F)(F)F)NC(=O)c1ccc(cc1)Oc1ccc(cc1)C1(*)c2ccccc2Oc2c1cccc2,240.0
*c1ccc(cc1)Oc1ccc(cc1)C(=O)Nc1ccc(c(c1)C(F)(F)F)Oc1ccc(cc1)C(c1ccc(cc1)Oc1ccc(cc1C(F)(F)F)NC(=O)c1ccc(cc1)Oc1ccc(cc1)C1(*)c2ccccc2Oc2c1cccc2)(C)C,256.0
*c1ccc(cc1)Oc1ccc(cc1)C(=O)Nc1ccc(c(c1)C(F)(F)F)Oc1ccc(cc1)Oc1ccc(cc1C(F)(F)F)NC(=O)c1ccc(cc1)Oc1ccc(cc1)C1(*)c2ccccc2Oc2c1cccc2,247.0
*c1ccc(cc1)Oc1ccc(cc1)C(=O)Nc1ccc(c(c1)C(F)(F)F)Oc1ccc(cc1)S(=O)(=O)c1ccc(cc1)Oc1ccc(cc1C(F)(F)F)NC(=O)c1ccc(cc1)Oc1ccc(cc1)C1(*)c2ccccc2Oc2c1cccc2,258.0
*c1ccc(cc1)Oc1ccc(cc1)C(=O)Nc1ccc(c(c1)C(F)(F)F)Oc1ccc(cc1)c1ccc(cc1)Oc1ccc(cc1C(F)(F)F)NC(=O)c1ccc(cc1)Oc1ccc(cc1)C1(*)c2ccccc2Oc2c1cccc2,255.0
*c1ccc(cc1)Oc1ccc(cc1)C(=O)Nc1ccc(c(c1)C(F)(F)F)Oc1ccccc1Oc1ccc(cc1C(F)(F)F)NC(=O)c1ccc(cc1)Oc1ccc(cc1)C1(*)c2ccccc2Oc2c1cccc2,241.0
*c1ccc(cc1)Oc1ccc(cc1)C(=O)Nc1ccc(cc1)Cc1ccc(cc1)NC(=O)c1ccc(cc1)Oc1ccc(cc1)C1(*)c2ccccc2Oc2c1cccc2,279.0
*c1ccc(cc1)Oc1ccc(cc1)C(=O)Nc1ccc(cc1)NC(=O)c1ccc(cc1)Oc1ccc(cc1)C1(*)c2ccccc2Oc2c1cccc2,288.0
*c1ccc(cc1)Oc1ccc(cc1)C(=O)Nc1ccc(cc1)Oc1ccc(cc1)NC(=O)c1ccc(cc1)Oc1ccc(cc1)C1(*)c2ccccc2Oc2c1cccc2,283.0
*c1ccc(cc1)Oc1ccc(cc1)C(=O)Nc1ccc(cc1)Oc1ccc(cc1)Oc1ccc(cc1)NC(=O)c1ccc(cc1)Oc1ccc(cc1)C1(*)c2ccccc2Oc2c1cccc2,272.0
*c1ccc(cc1)Oc1ccc(cc1)C(=O)Nc1ccc(cc1)c1ccc(cc1)NC(=O)c1ccc(cc1)Oc1ccc(cc1)C1(*)c2ccccc2Oc2c1cccc2,302.0
*c1ccc(cc1)Oc1ccc(cc1)C(=O)Nc1cccc(c1)NC(=O)c1ccc(cc1)Oc1ccc(cc1)C1(*)c2ccccc2Oc2c1cccc2,264.0
*c1ccc(cc1)Oc1ccc(cc1)C(=O)c1ccc(cc1)C(=O)c1ccc(cc1)C(=O)c1ccc(cc1)Oc1ccc(cc1)c1nc([nH]c1*)c1ccccc1,239.0
*c1ccc(cc1)Oc1ccc(cc1)C(=O)c1ccc(cc1)C(=O)c1ccc(cc1)Oc1ccc(cc1)N1C(=O)c2c(C1=O)cc(cc2)c1ccc2c(c1)C(=O)N(C2=O)*,245.0
*c1ccc(cc1)Oc1ccc(cc1)C(=O)c1ccc(cc1)C(=O)c1ccc(cc1)Oc1ccc(cc1)c1n[nH]c(c1)*,235.0
*c1ccc(cc1)Oc1ccc(cc1)C(=O)c1ccc(cc1)C(=O)c1ccc(cc1)Oc1ccc(cc1)c1nc([nH]c1*)c1ccccc1,248.0
*c1ccc(cc1)Oc1ccc(cc1)C(=O)c1ccc(cc1)C(=O)c1ccc(cc1)Oc1ccc(cc1)c1nc([nH]c1c1ccccc1)c1ccc(cc1)c1nc(c([nH]1)c1ccccc1)*,278.0
*c1ccc(cc1)Oc1ccc(cc1)C(=O)c1ccc(cc1)C(=O)c1ccc(cc1)Oc1ccc(cc1)c1nc([nH]c1c1ccccc1)c1cccc(c1)c1[nH]c(c(n1)*)c1ccccc1,262.0
*c1ccc(cc1)Oc1ccc(cc1)C(=O)c1ccc(cc1)C(=O)c1ccc(cc1)Oc1ccc(cc1)c1nc2c(n1c1ccc(cc1)n1c(*)nc3c1cccc3)cccc2,238.0
*c1ccc(cc1)Oc1ccc(cc1)C(=O)c1ccc(cc1)C(=O)c1ccc(cc1)Oc1ccc(cc1)c1nn(c(c1)*)c1ccccc1,205.0
*c1ccc(cc1)Oc1ccc(cc1)C(=O)c1ccc(cc1)Cc1ccc(cc1)C(=O)c1ccc(cc1)Oc1ccc(cc1)c1nc([nH]c1*)c1ccccc1,231.0
*c1ccc(cc1)Oc1ccc(cc1)C(=O)c1ccc(cc1)Oc1ccc(cc1)C(=O)c1ccc(cc1)Oc1ccc(cc1)c1nc([nH]c1*)c1ccccc1,230.0
*c1ccc(cc1)Oc1ccc(cc1)C(=O)c1ccc(cc1)Oc1ccc(cc1)C(=O)c1ccc(cc1)Oc1ccc(cc1)c1nc([nH]c1c1ccccc1)c1ccc(cc1)c1nc(c([nH]1)c1ccccc1)*,245.0
*c1ccc(cc1)Oc1ccc(cc1)C(=O)c1ccc(cc1)Oc1ccc(cc1)C(=O)c1ccc(cc1)Oc1ccc(cc1)c1nc2c(n1c1ccc(cc1)n1c(*)nc3c1cccc3)cccc2,223.0
*c1ccc(cc1)Oc1ccc(cc1)C(=O)c1ccc(cc1)Oc1ccc(cc1)C(=O)c1ccc(cc1)Oc1ccc(cc1)c1nn(c(c1)*)c1ccccc1,190.0
*c1ccc(cc1)Oc1ccc(cc1)C(=O)c1ccc(cc1)Oc1ccc(cc1)C1(*)NC(=O)c2c1cccc2,263.0
*c1ccc(cc1)Oc1ccc(cc1)C(=O)c1ccc(cc1)Oc1ccc(cc1)C1(*)OC(=O)c2c1cccc2,218.0
*c1ccc(cc1)Oc1ccc(cc1)C(=O)c1ccc(cc1)Oc1ccc(cc1)C1(*)c2ccccc2C(=O)N1C,245.0
*c1ccc(cc1)Oc1ccc(cc1)C(=O)c1ccc(cc1)Oc1ccc(cc1)N1C(=O)c2c(C1=O)cc(cc2)Oc1ccc2c(c1)C(=O)N(C2=O)*,243.0
*c1ccc(cc1)Oc1ccc(cc1)C(=O)c1ccc(cc1)Oc1ccc(cc1)N1C(=O)c2c(C1=O)cc(cc2)Oc1cccc(c1)Oc1ccc2c(c1)C(=O)N(C2=O)*,201.0
*c1ccc(cc1)Oc1ccc(cc1)C(=O)c1ccc(cc1)Oc1ccc(cc1)N1C(=O)c2c(C1=O)cc(cc2)S(=O)(=O)c1ccc2c(c1)C(=O)N(C2=O)*,275.5
*c1ccc(cc1)Oc1ccc(cc1)C(=O)c1ccc(cc1)Oc1ccc(cc1)N1C(=O)c2c(C1=O)cc(cc2)c1ccc2c(c1)C(=O)N(C2=O)*,253.0
*c1ccc(cc1)Oc1ccc(cc1)C(=O)c1ccc(cc1)Oc1ccc(cc1)c1[nH]c2c(n1)cc(cc2)c1ccc2c(c1)nc([nH]2)*,319.0
*c1ccc(cc1)Oc1ccc(cc1)C(=O)c1ccc(cc1)Oc1ccc(cc1)c1c2C(=O)N(C(=O)c2c(c2c1cccc2)*)C,283.0
*c1ccc(cc1)Oc1ccc(cc1)C(=O)c1ccc(cc1)Oc1ccc(cc1)c1c2C(=O)N(C(=O)c2c(c2c1cccc2)*)c1ccc(cc1)C(F)(F)F,260.0
*c1ccc(cc1)Oc1ccc(cc1)C(=O)c1ccc(cc1)Oc1ccc(cc1)c1c2C(=O)N(C(=O)c2c(c2c1cccc2)*)c1ccc(cc1)Cl,272.0
*c1ccc(cc1)Oc1ccc(cc1)C(=O)c1ccc(cc1)Oc1ccc(cc1)c1c2C(=O)N(C(=O)c2c(c2c1cccc2)*)c1ccc(cc1)F,290.0
*c1ccc(cc1)Oc1ccc(cc1)C(=O)c1ccc(cc1)Oc1ccc(cc1)c1c2C(=O)N(C(=O)c2c(c2c1cccc2)*)c1cccc(c1)C(F)(F)F,252.0
*c1ccc(cc1)Oc1ccc(cc1)C(=O)c1ccc(cc1)Oc1ccc(cc1)c1c2C(=O)N(C(=O)c2c(c2c1cccc2)*)c1ccccc1,273.5
*c1ccc(cc1)Oc1ccc(cc1)C(=O)c1ccc(cc1)Oc1ccc(cc1)c1c2C(=O)N(C(=O)c2c(c2c1cccc2)*)c1ccccc1C(F)(F)F,260.0
*c1ccc(cc1)Oc1ccc(cc1)C(=O)c1ccc(cc1)Oc1ccc(cc1)c1c2C(=O)N(C(=O)c2c(c2c1cccc2)*)c1ccccc1F,282.0
*c1ccc(cc1)Oc1ccc(cc1)C(=O)c1ccc(cc1)Oc1ccc(cc1)c1c2C(=O)N(C(=O)c2c(c2c1cccc2)*)c1ccccc1c1ccccc1,245.0
*c1ccc(cc1)Oc1ccc(cc1)C(=O)c1ccc(cc1)Oc1ccc(cc1)c1n[nH]c(c1)*,229.0
*c1ccc(cc1)Oc1ccc(cc1)C(=O)c1ccc(cc1)Oc1ccc(cc1)c1nc([nH]c1*)c1ccccc1,259.0
*c1ccc(cc1)Oc1ccc(cc1)C(=O)c1ccc(cc1)Oc1ccc(cc1)c1nc([nH]c1c1ccccc1)c1ccc(cc1)c1nc(c([nH]1)c1ccccc1)*,276.0
*c1ccc(cc1)Oc1ccc(cc1)C(=O)c1ccc(cc1)Oc1ccc(cc1)c1nc([nH]c1c1ccccc1)c1cccc(c1)c1[nH]c(c(n1)*)c1ccccc1,282.0
*c1ccc(cc1)Oc1ccc(cc1)C(=O)c1ccc(cc1)Oc1ccc(cc1)c1nc(nnc1*)c1ccccn1,223.0
*c1ccc(cc1)Oc1ccc(cc1)C(=O)c1ccc(cc1)Oc1ccc(cc1)c1nc2c(n1c1ccc(cc1)n1c(*)nc3c1cccc3)cccc2,242.0
*c1ccc(cc1)Oc1ccc(cc1)C(=O)c1ccc(cc1)Oc1ccc(cc1)c1nn(c(c1)*)c1ccccc1,205.0
*c1ccc(cc1)Oc1ccc(cc1)C(=O)c1ccc(cc1)Oc1ccc(cc1)c1nnc(c2c1c(c1ccccc1)c(c1ccc3c(c1)cccc3)c(c2c1ccccc1)c1ccc2c(c1)cccc2)*,306.0
*c1ccc(cc1)Oc1ccc(cc1)C(=O)c1ccc(cc1)c1ccc(cc1)C(=O)c1ccc(cc1)Oc1ccc(cc1)c1nc([nH]c1*)c1ccccc1,258.0
*c1ccc(cc1)Oc1ccc(cc1)C(=O)c1ccc(cc1)c1ccc(cc1)C(=O)c1ccc(cc1)Oc1ccc(cc1)c1nc([nH]c1c1ccccc1)c1ccc(cc1)c1nc(c([nH]1)c1ccccc1)*,273.0
*c1ccc(cc1)Oc1ccc(cc1)C(=O)c1ccc(cc1)c1ccc(cc1)C(=O)c1ccc(cc1)Oc1ccc(cc1)c1nc([nH]c1c1ccccc1)c1cccc(c1)c1[nH]c(c(n1)*)c1ccccc1,276.0
*c1ccc(cc1)Oc1ccc(cc1)C(=O)c1ccc2c(c1)ccc(c2)C(=O)c1ccc(cc1)Oc1ccc(cc1)c1nc([nH]c1*)c1ccccc1,248.0
*c1ccc(cc1)Oc1ccc(cc1)C(=O)c1ccc2c(c1)ccc(c2)C(=O)c1ccc(cc1)Oc1ccc(cc1)c1nc([nH]c1c1ccccc1)c1ccc(cc1)c1nc(c([nH]1)c1ccccc1)*,281.0
*c1ccc(cc1)Oc1ccc(cc1)C(=O)c1cccc(c1)C(=O)c1ccc(cc1)Oc1ccc(cc1)N1C(=O)c2c(C1=O)cc(cc2)Oc1ccc(cc1)Oc1ccc(cc1)Oc1ccc2c(c1)C(=O)N(C2=O)*,192.0
*c1ccc(cc1)Oc1ccc(cc1)C(=O)c1cccc(c1)C(=O)c1ccc(cc1)Oc1ccc(cc1)N1C(=O)c2c(C1=O)cc(cc2)Oc1ccc(cc1)Sc1ccc(cc1)Oc1ccc2c(c1)C(=O)N(C2=O)*,192.0
*c1ccc(cc1)Oc1ccc(cc1)C(=O)c1cccc(c1)C(=O)c1ccc(cc1)Oc1ccc(cc1)N1C(=O)c2c(C1=O)cc(cc2)Oc1ccc2c(c1)C(=O)N(C2=O)*,208.0
*c1ccc(cc1)Oc1ccc(cc1)C(=O)c1cccc(c1)C(=O)c1ccc(cc1)Oc1ccc(cc1)N1C(=O)c2c(C1=O)cc(cc2)[Si](c1ccc2c(c1)C(=O)N(C2=O)*)(C)C,208.0
*c1ccc(cc1)Oc1ccc(cc1)C(=O)c1cccc(c1)C(=O)c1ccc(cc1)Oc1ccc(cc1)N1C(=O)c2c(C1=O)cc(cc2)c1ccc2c(c1)C(=O)N(C2=O)*,222.0
*c1ccc(cc1)Oc1ccc(cc1)C(=O)c1cccc(c1)C(=O)c1ccc(cc1)Oc1ccc(cc1)c1c2C(=O)N(C(=O)c2c(c2c1cccc2)*)C,251.0
*c1ccc(cc1)Oc1ccc(cc1)C(=O)c1cccc(c1)C(=O)c1ccc(cc1)Oc1ccc(cc1)c1c2C(=O)N(C(=O)c2c(c2c1cccc2)*)c1ccc(cc1)F,243.0
*c1ccc(cc1)Oc1ccc(cc1)C(=O)c1cccc(c1)C(=O)c1ccc(cc1)Oc1ccc(cc1)c1n[nH]c(c1)*,205.0
*c1ccc(cc1)Oc1ccc(cc1)C(=O)c1cccc(c1)C(=O)c1ccc(cc1)Oc1ccc(cc1)c1nc([nH]c1*)c1ccccc1,230.0
*c1ccc(cc1)Oc1ccc(cc1)C(=O)c1cccc(c1)C(=O)c1ccc(cc1)Oc1ccc(cc1)c1nc([nH]c1c1ccccc1)c1ccc(cc1)c1nc(c([nH]1)c1ccccc1)*,270.0
*c1ccc(cc1)Oc1ccc(cc1)C(=O)c1cccc(c1)C(=O)c1ccc(cc1)Oc1ccc(cc1)c1nc([nH]c1c1ccccc1)c1cccc(c1)c1[nH]c(c(n1)*)c1ccccc1,259.0
*c1ccc(cc1)Oc1ccc(cc1)C(=O)c1cccc(c1)C(=O)c1ccc(cc1)Oc1ccc(cc1)c1nc(nnc1*)c1ccccn1,202.0
*c1ccc(cc1)Oc1ccc(cc1)C(=O)c1cccc(c1)C(=O)c1ccc(cc1)Oc1ccc(cc1)c1nc2c(n1c1ccc(cc1)n1c(*)nc3c1cccc3)cccc2,219.0
*c1ccc(cc1)Oc1ccc(cc1)C(=O)c1cccc(c1)C(=O)c1ccc(cc1)Oc1ccc(cc1)c1nn(c(c1)*)c1ccccc1,190.0
*c1ccc(cc1)Oc1ccc(cc1)C(=O)c1cccc(c1)C(=O)c1ccc(cc1)Oc1ccc(cc1)n1c(=O)c2c(c1=O)cc1c(c2)c(=O)n(c1=O)*,247.0
*c1ccc(cc1)Oc1ccc(cc1)C(=O)c1cccc(c1)c1cccc(c1)C(=O)c1ccc(cc1)Oc1ccc(cc1)c1nc([nH]c1c1ccccc1)c1cccc(c1)c1[nH]c(c(n1)*)c1ccccc1,250.0
*c1ccc(cc1)Oc1ccc(cc1)C(=O)c1cccc(n1)C(=O)c1ccc(cc1)Oc1ccc(cc1)N1C(=O)c2c(C1=O)cc(cc2)Oc1ccc2c(c1)C(=O)N(C2=O)*,208.6
*c1ccc(cc1)Oc1ccc(cc1)C(=O)c1cccc(n1)C(=O)c1ccc(cc1)Oc1ccc(cc1)n1c(=O)c2c(c1=O)cc1c(c2)c(=O)n(c1=O)*,324.6
*c1ccc(cc1)Oc1ccc(cc1)C(C(F)(F)F)(C(F)(F)F)c1ccc(cc1)Oc1ccc(cc1)N1C(=O)CC(=O)N(C1=S)*,147.0
*c1ccc(cc1)Oc1ccc(cc1)C(C(F)(F)F)(C(F)(F)F)c1ccc(cc1)Oc1ccc(cc1)N1C(=O)c2c(C1=O)cc(cc2)Oc1c(C)cc(cc1C)C(c1cc(C)c(c(c1)C)Oc1ccc2c(c1)C(=O)N(C2=O)*)(C)C,244.0
*c1ccc(cc1)Oc1ccc(cc1)C(C(F)(F)F)(C(F)(F)F)c1ccc(cc1)Oc1ccc(cc1)N1C(=O)c2c(C1=O)cc(cc2)Oc1ccc(cc1)C1(CCC(CC1)C(C)(C)C)c1ccc(cc1)Oc1ccc2c(c1)C(=O)N(C2=O)*,227.0
*c1ccc(cc1)Oc1ccc(cc1)C(C(F)(F)F)(C(F)(F)F)c1ccc(cc1)Oc1ccc(cc1)N1C(=O)c2c(C1=O)cc(cc2)Oc1ccc(cc1)Sc1ccc(cc1)Oc1ccc2c(c1)C(=O)N(C2=O)*,217.5
*c1ccc(cc1)Oc1ccc(cc1)C(C(F)(F)F)(C(F)(F)F)c1ccc(cc1)Oc1ccc(cc1)N1C(=O)c2c(C1=O)cc(cc2)Oc1ccc2c(c1)C(=O)N(C2=O)*,241.0
*c1ccc(cc1)Oc1ccc(cc1)C(C(F)(F)F)(C(F)(F)F)c1ccc(cc1)Oc1ccc(cc1)N1C(=O)c2ccc3c4c2c(C1=O)ccc4C(=O)N(C3=O)*,280.0
*c1ccc(cc1)Oc1ccc(cc1)C(C(F)(F)F)(C(F)(F)F)c1ccc(cc1)Oc1ccc(cc1)c1nc(nnc1*)c1ccccn1,224.0
*c1ccc(cc1)Oc1ccc(cc1)C(C(F)(F)F)(C(F)(F)F)c1ccc(cc1)Oc1ccc(cc1)c1nnc(c2c1c(c1ccccc1)c(c1ccc3c(c1)cccc3)c(c2c1ccccc1)c1ccc2c(c1)cccc2)*,287.0
*c1ccc(cc1)Oc1ccc(cc1)C(C(F)(F)F)(C(F)(F)F)c1ccc(cc1)Oc1ccc(cc1)c1nnc(n1c1ccc(cc1)C)*,213.0
*c1ccc(cc1)Oc1ccc(cc1)C(C(F)(F)F)(C(F)(F)F)c1ccc(cc1)Oc1ccc(cc1)c1nnc(n1c1ccc(cc1)S(=O)(=O)C)*,226.0
*c1ccc(cc1)Oc1ccc(cc1)C(C(F)(F)F)(C(F)(F)F)c1ccc(cc1)Oc1ccc(cc1)c1nnc(n1c1ccc(cc1)S(=O)(=O)c1ccccc1)*,211.0
*c1ccc(cc1)Oc1ccc(cc1)C(C(F)(F)F)(C(F)(F)F)c1ccc(cc1)Oc1ccc(cc1)c1nnc(n1c1cccc(c1)C(F)(F)F)*,185.0
*c1ccc(cc1)Oc1ccc(cc1)C(C(F)(F)F)(C(F)(F)F)c1ccc(cc1)Oc1ccc(cc1)c1nnc(n1c1ccccc1)*,203.0
*c1ccc(cc1)Oc1ccc(cc1)C(C(F)(F)F)(C(F)(F)F)c1ccc(cc1)Oc1ccc(cc1)n1c(=O)c2c(c1=O)cc1c(c2)c(=O)n(c1=O)*,310.0
*c1ccc(cc1)Oc1ccc(cc1)C(c1ccc(cc1)Oc1ccc(cc1)N1C(=O)C2C(C1=O)C1C(CC2)C(=O)N(C1=O)*)(C)C,263.5
*c1ccc(cc1)Oc1ccc(cc1)C(c1ccc(cc1)Oc1ccc(cc1)N1C(=O)C2C(C1=O)CC(CC2)C1CCC2C(C1)C(=O)N(C2=O)*)(C)C,225.0
*c1ccc(cc1)Oc1ccc(cc1)C(c1ccc(cc1)Oc1ccc(cc1)N1C(=O)CC(=O)N(C1=S)*)(C)C,133.0
*c1ccc(cc1)Oc1ccc(cc1)C(c1ccc(cc1)Oc1ccc(cc1)N1C(=O)c2c(C1=O)cc(cc2)Oc1c(Br)cc(cc1Br)C(c1cc(Br)c(c(c1)Br)Oc1ccc2c(c1)C(=O)N(C2=O)*)(C)C)(C)C,194.0
*c1ccc(cc1)Oc1ccc(cc1)C(c1ccc(cc1)Oc1ccc(cc1)N1C(=O)c2c(C1=O)cc(cc2)Oc1ccc(cc1)C(c1ccc(cc1)Oc1ccc2c(c1)C(=O)N(C2=O)*)(C)C)(C)C,176.0
*c1ccc(cc1)Oc1ccc(cc1)C(c1ccc(cc1)Oc1ccc(cc1)N1C(=O)c2c(C1=O)cc(cc2)Oc1ccc2c(c1)C(=O)N(C2=O)*)(C)C,225.0
*c1ccc(cc1)Oc1ccc(cc1)C(c1ccc(cc1)Oc1ccc(cc1)N1C(=O)c2c(C1=O)cc(cc2)c1ccc2c(c1)C(=O)N(C2=O)*)(C)C,230.0
*c1ccc(cc1)Oc1ccc(cc1)C(c1ccc(cc1)Oc1ccc(cc1)c1nc(nnc1*)c1ccccn1)(C)C,220.0
*c1ccc(cc1)Oc1ccc(cc1)C(c1ccc(cc1)Oc1ccc(cc1)c1nnc(c2c1c(c1ccccc1)c(c1ccc3c(c1)cccc3)c(c2c1ccccc1)c1ccc2c(c1)cccc2)*)(C)C,287.0
*c1ccc(cc1)Oc1ccc(cc1)C(c1ccc(cc1)Oc1ccc(cc1)c1nnc(n1c1ccc(cc1)C)*)(C)C,205.0
*c1ccc(cc1)Oc1ccc(cc1)C(c1ccc(cc1)Oc1ccc(cc1)c1nnc(n1c1ccc(cc1)S(=O)(=O)C)*)(C)C,230.0
*c1ccc(cc1)Oc1ccc(cc1)C(c1ccc(cc1)Oc1ccc(cc1)c1nnc(n1c1ccc(cc1)S(=O)(=O)c1ccccc1)*)(C)C,198.0
*c1ccc(cc1)Oc1ccc(cc1)C(c1ccc(cc1)Oc1ccc(cc1)c1nnc(n1c1cccc(c1)C(F)(F)F)*)(C)C,190.0
*c1ccc(cc1)Oc1ccc(cc1)C(c1ccc(cc1)Oc1ccc(cc1)c1nnc(n1c1ccccc1)*)(C)C,207.0
*c1ccc(cc1)Oc1ccc(cc1)C(c1ccc(cc1)Oc1ccc(cc1)c1nnc(o1)*)(C)C,180.0
*c1ccc(cc1)Oc1ccc(cc1)C(c1ccc(cc1)Oc1ccc(cc1)n1c(=O)c2c(c1=O)sc1c(s2)c(=O)n(c1=O)*)(C)C,121.0
*c1ccc(cc1)Oc1ccc(cc1)C(c1cccc(c1)C(c1ccc(cc1)Oc1ccc(cc1)n1c(=O)c2c(c1=O)cc1c(c2)c(=O)n(c1=O)*)(C)C)(C)C,243.52
*c1ccc(cc1)Oc1ccc(cc1)C(c1ccccc1)(c1ccc(cc1)Oc1ccc(cc1)c1nc(nnc1*)c1ccccn1)C,232.0
*c1ccc(cc1)Oc1ccc(cc1)C(c1ccccc1)(c1ccccc1)c1ccc(cc1)Oc1ccc(cc1)c1nc(*)nc(n1)c1ccccc1,261.0
*c1ccc(cc1)Oc1ccc(cc1)C1(C2CC3CC1CC(C2)C3)c1ccc(cc1)Oc1ccc(cc1)N1C(=O)c2c(C1=O)cc(cc2)Oc1c(C)cc(cc1C)C(c1cc(C)c(c(c1)C)Oc1ccc2c(c1)C(=O)N(C2=O)*)(C)C,282.0
*c1ccc(cc1)Oc1ccc(cc1)C1(C2CC3CC1CC(C2)C3)c1ccc(cc1)Oc1ccc(cc1)N1C(=O)c2c(C1=O)cc(cc2)Oc1ccc(cc1)C1(CCCCCCCCCCC1)c1ccc(cc1)Oc1ccc2c(c1)C(=O)N(C2=O)*,262.0
*c1ccc(cc1)Oc1ccc(cc1)C1(CC2CC1C1C2CCC1)c1ccc(cc1)Oc1ccc(cc1)N1C(=O)c2c(C1=O)cc(cc2)Oc1c(C)cc(cc1C)C(c1cc(C)c(c(c1)C)Oc1ccc2c(c1)C(=O)N(C2=O)*)(C)C,262.0
*c1ccc(cc1)Oc1ccc(cc1)C1(CC2CC1C1C2CCC1)c1ccc(cc1)Oc1ccc(cc1)N1C(=O)c2c(C1=O)cc(cc2)Oc1ccc(cc1)C1(CCC(CC1)C(C)(C)C)c1ccc(cc1)Oc1ccc2c(c1)C(=O)N(C2=O)*,257.0
*c1ccc(cc1)Oc1ccc(cc1)C1(CC2CC1C1C2CCC1)c1ccc(cc1)Oc1ccc(cc1)N1C(=O)c2c(C1=O)cc(cc2)Oc1ccc(cc1)C1(CCC(CC1)c1ccccc1)c1ccc(cc1)Oc1ccc2c(c1)C(=O)N(C2=O)*,255.0
*c1ccc(cc1)Oc1ccc(cc1)C1(CC2CC1CC2)c1ccc(cc1)Oc1ccc(cc1)N1C(=O)c2c(C1=O)cc(cc2)Oc1c(C)cc(cc1C)C(c1cc(C)c(c(c1)C)Oc1ccc2c(c1)C(=O)N(C2=O)*)(C)C,265.0
*c1ccc(cc1)Oc1ccc(cc1)C1(CC2CC1CC2)c1ccc(cc1)Oc1ccc(cc1)N1C(=O)c2c(C1=O)cc(cc2)Oc1ccc(cc1)C1(CCC(CC1)c1ccccc1)c1ccc(cc1)Oc1ccc2c(c1)C(=O)N(C2=O)*,245.0
*c1ccc(cc1)Oc1ccc(cc1)C1(CC2CC1CC2)c1ccc(cc1)Oc1ccc(cc1)N1C(=O)c2c(C1=O)cc(cc2)Oc1ccc(cc1)C1(CCCCCCCCCCC1)c1ccc(cc1)Oc1ccc2c(c1)C(=O)N(C2=O)*,259.0
*c1ccc(cc1)Oc1ccc(cc1)C1(CCC(CC1)C(C)(C)C)c1ccc(cc1)Oc1ccc(cc1)N1C(=O)c2c(C1=O)cc(cc2)Oc1ccc(cc1)C1(CCC(CC1)c1ccccc1)c1ccc(cc1)Oc1ccc2c(c1)C(=O)N(C2=O)*,243.0
*c1ccc(cc1)Oc1ccc(cc1)C1(CCC(CC1)C(C)(C)C)c1ccc(cc1)Oc1ccc(cc1)N1C(=O)c2c(C1=O)cc(cc2)Oc1ccc(cc1)C1(CCCCCCCCCCC1)c1ccc(cc1)Oc1ccc2c(c1)C(=O)N(C2=O)*,254.0
*c1ccc(cc1)Oc1ccc(cc1)C1(c2ccc(cc2)Oc2ccc(cc2)N2C(=O)CC(=O)N(C2=S)*)c2ccccc2-c2c1cccc2,175.0
*c1ccc(cc1)Oc1ccc(cc1)C1(c2ccc(cc2)Oc2ccc(cc2)c2nc(nnc2*)c2ccccn2)c2ccccc2-c2c1cccc2,277.0
*c1ccc(cc1)Oc1ccc(cc1)C1(c2ccc(cc2)Oc2ccc(cc2)c2nnc(c3c2c(c2ccccc2)c(c2ccc4c(c2)cccc4)c(c3c2ccccc2)c2ccc3c(c2)cccc3)*)c2ccccc2-c2c1cccc2,329.0
*c1ccc(cc1)Oc1ccc(cc1)C=Cc1ccc(c2c1cccc2)Oc1ccc(cc1)c1nnc(o1)*,213.0
*c1ccc(cc1)Oc1ccc(cc1)C=Cc1ccc(cc1)Oc1ccc(cc1)c1nnc(o1)*,215.0
*c1ccc(cc1)Oc1ccc(cc1)N1C(=O)C(=C(C1=O)Cl)Oc1ccc(cc1)C(C(F)(F)F)(C(F)(F)F)c1ccc(cc1)OC1=C(Cl)C(=O)N(C1=O)*,193.0
*c1ccc(cc1)Oc1ccc(cc1)N1C(=O)C(=C(C1=O)Cl)Oc1ccc(cc1)C(c1ccc(cc1)OC1=C(Cl)C(=O)N(C1=O)*)(C)C,175.0
*c1ccc(cc1)Oc1ccc(cc1)N1C(=O)C(=C(C1=O)c1ccc(cc1)C1=C(c2ccccc2)C(=O)N(C1=O)*)c1ccccc1,267.0
*c1ccc(cc1)Oc1ccc(cc1)N1C(=O)C(C(C1=O)C)SCCOCCSC1C(C)C(=O)N(C1=O)c1ccc(cc1)Oc1ccc(cc1)N1C(=O)CC(C1=O)(C)SCCOCCSC1(C)CC(=O)N(C1=O)*,145.0
*c1ccc(cc1)Oc1ccc(cc1)N1C(=O)C2C(C1=O)C1C(CC2)C(=O)N(C1=O)*,342.0
*c1ccc(cc1)Oc1ccc(cc1)N1C(=O)C2C(C1=O)C1C=CC2C2C1C(=O)N(C2=O)*,384.0
*c1ccc(cc1)Oc1ccc(cc1)N1C(=O)C2C(C1=O)CC(CC2)C1CCC2C(C1)C(=O)N(C2=O)*,257.0
*c1ccc(cc1)Oc1ccc(cc1)N1C(=O)C2C(C1=O)CC1C(C2)C(=O)N(C1=O)*,330.0
*c1ccc(cc1)Oc1ccc(cc1)N1C(=O)CC(C1=O)C1C=C(C)C2C(C1)C(=O)N(C2=O)*,278.0
*c1ccc(cc1)Oc1ccc(cc1)N1C(=O)CC2C(C1=O)CC1C2C(=O)N(C1=O)*,350.0
*c1ccc(cc1)Oc1ccc(cc1)N1C(=O)c2c(C1=O)c(c1ccccc1)c(c(c2c1ccccc1)c1ccc(cc1)Oc1ccc(cc1)c1c(c2ccccc2)c(c2ccccc2)c2c(c1c1ccccc1)C(=O)N(C2=O)*)c1ccccc1,360.0
*c1ccc(cc1)Oc1ccc(cc1)N1C(=O)c2c(C1=O)c(c1ccccc1)c(c(c2c1ccccc1)c1ccc(cc1)c1c(c2ccccc2)c(c2ccccc2)c2c(c1c1ccccc1)C(=O)N(C2=O)*)c1ccccc1,413.0
*c1ccc(cc1)Oc1ccc(cc1)N1C(=O)c2c(C1=O)c(ccc2)Oc1ccc(cc1)C(c1ccc(cc1)Oc1cccc2c1C(=O)N(C2=O)*)(C)C,235.0
*c1ccc(cc1)Oc1ccc(cc1)N1C(=O)c2c(C1=O)c(ccc2)Oc1ccc(cc1)Oc1ccc(cc1)Oc1cccc2c1C(=O)N(C2=O)*,239.0
*c1ccc(cc1)Oc1ccc(cc1)N1C(=O)c2c(C1=O)c(ccc2)Oc1ccc(cc1)Oc1cccc2c1C(=O)N(C2=O)*,263.0
*c1ccc(cc1)Oc1ccc(cc1)N1C(=O)c2c(C1=O)c(ccc2)Oc1ccc(cc1)S(=O)(=O)c1ccc(cc1)Oc1cccc2c1C(=O)N(C2=O)*,267.0
*c1ccc(cc1)Oc1ccc(cc1)N1C(=O)c2c(C1=O)c(ccc2)Oc1ccc(cc1)Sc1ccc(cc1)Oc1cccc2c1C(=O)N(C2=O)*,234.0
*c1ccc(cc1)Oc1ccc(cc1)N1C(=O)c2c(C1=O)c(ccc2)Oc1ccc(cc1)c1ccc(cc1)Oc1cccc2c1C(=O)N(C2=O)*,277.0
*c1ccc(cc1)Oc1ccc(cc1)N1C(=O)c2c(C1=O)c(ccc2)Oc1cccc2c1C(=O)N(C2=O)*,292.5
*c1ccc(cc1)Oc1ccc(cc1)N1C(=O)c2c(C1=O)c(ccc2)c1cccc2c1C(=O)N(C2=O)*,333.0
*c1ccc(cc1)Oc1ccc(cc1)N1C(=O)c2c(C1=O)cc(c(c2)Oc1ccc(cc1)C)c1ccc2c(c1)C(=O)N(C2=O)*,250.0
*c1ccc(cc1)Oc1ccc(cc1)N1C(=O)c2c(C1=O)cc(c(c2)Oc1cccc(c1)C)c1ccc2c(c1)C(=O)N(C2=O)*,256.0
*c1ccc(cc1)Oc1ccc(cc1)N1C(=O)c2c(C1=O)cc(c(c2)Oc1ccccc1)c1ccc2c(c1)C(=O)N(C2=O)*,284.0
*c1ccc(cc1)Oc1ccc(cc1)N1C(=O)c2c(C1=O)cc(c(c2)Oc1ccccc1C)c1cc2C(=O)N(C(=O)c2cc1Oc1ccccc1C)*,246.0
*c1ccc(cc1)Oc1ccc(cc1)N1C(=O)c2c(C1=O)cc(c(c2)Oc1ccccc1C)c1ccc2c(c1)C(=O)N(C2=O)*,266.0
*c1ccc(cc1)Oc1ccc(cc1)N1C(=O)c2c(C1=O)cc(c(c2)c1ccc(cc1)C(C)(C)C)c1cc2c(cc1c1ccc(cc1)C(C)(C)C)C(=O)N(C2=O)*,370.0
*c1ccc(cc1)Oc1ccc(cc1)N1C(=O)c2c(C1=O)cc(c(c2)c1ccc(cc1)[Si](C)(C)C)c1cc2c(cc1c1ccc(cc1)[Si](C)(C)C)C(=O)N(C2=O)*,348.0
*c1ccc(cc1)Oc1ccc(cc1)N1C(=O)c2c(C1=O)cc(cc2)Oc1c(C)cc(cc1C)c1cc(C)c(c(c1)C)Oc1ccc2c(c1)C(=O)N(C2=O)*,299.0
*c1ccc(cc1)Oc1ccc(cc1)N1C(=O)c2c(C1=O)cc(cc2)Oc1cc2ccccc2cc1Oc1ccc2c(c1)C(=O)N(C2=O)*,220.5
*c1ccc(cc1)Oc1ccc(cc1)N1C(=O)c2c(C1=O)cc(cc2)Oc1ccc(cc1)C(=O)c1ccc(cc1)Oc1ccc2c(c1)C(=O)N(C2=O)*,210.0
*c1ccc(cc1)Oc1ccc(cc1)N1C(=O)c2c(C1=O)cc(cc2)Oc1ccc(cc1)C(C(F)(F)F)(C(F)(F)F)c1ccc(cc1)Oc1ccc2c(c1)C(=O)N(C2=O)*,257.0
*c1ccc(cc1)Oc1ccc(cc1)N1C(=O)c2c(C1=O)cc(cc2)Oc1ccc(cc1)C(c1ccc(cc1)Oc1ccc2c(c1)C(=O)N(C2=O)*)(C)C,216.75
*c1ccc(cc1)Oc1ccc(cc1)N1C(=O)c2c(C1=O)cc(cc2)Oc1ccc(cc1)C1(CCC(CC1)c1ccccc1)c1ccc(cc1)Oc1ccc2c(c1)C(=O)N(C2=O)*,236.0
*c1ccc(cc1)Oc1ccc(cc1)N1C(=O)c2c(C1=O)cc(cc2)Oc1ccc(cc1)C1(CCCCCCCCCCC1)c1ccc(cc1)Oc1ccc2c(c1)C(=O)N(C2=O)*,230.0
*c1ccc(cc1)Oc1ccc(cc1)N1C(=O)c2c(C1=O)cc(cc2)Oc1ccc(cc1)Oc1ccc(cc1)Oc1ccc2c(c1)C(=O)N(C2=O)*,215.0
*c1ccc(cc1)Oc1ccc(cc1)N1C(=O)c2c(C1=O)cc(cc2)Oc1ccc(cc1)Oc1ccc2c(c1)C(=O)N(C2=O)*,246.5
*c1ccc(cc1)Oc1ccc(cc1)N1C(=O)c2c(C1=O)cc(cc2)Oc1ccc(cc1)S(=O)(=O)c1ccc(cc1)Oc1ccc2c(c1)C(=O)N(C2=O)*,260.0
*c1ccc(cc1)Oc1ccc(cc1)N1C(=O)c2c(C1=O)cc(cc2)Oc1ccc(cc1)Sc1ccc(cc1)Oc1ccc2c(c1)C(=O)N(C2=O)*,212.0
*c1ccc(cc1)Oc1ccc(cc1)N1C(=O)c2c(C1=O)cc(cc2)Oc1ccc(cc1)c1ccc(cc1)Oc1ccc2c(c1)C(=O)N(C2=O)*,229.0
*c1ccc(cc1)Oc1ccc(cc1)N1C(=O)c2c(C1=O)cc(cc2)Oc1ccc2c(c1)C(=O)N(C2=O)*,270.0
*c1ccc(cc1)Oc1ccc(cc1)N1C(=O)c2c(C1=O)cc(cc2)Oc1ccc2c(c1)cc(cc2)Oc1ccc2c(c1)C(=O)N(C2=O)*,245.0
*c1ccc(cc1)Oc1ccc(cc1)N1C(=O)c2c(C1=O)cc(cc2)Oc1ccc2c(c1)ccc(c2)Oc1ccc2c(c1)C(=O)N(C2=O)*,249.0
*c1ccc(cc1)Oc1ccc(cc1)N1C(=O)c2c(C1=O)cc(cc2)Oc1cccc2c1C(=O)N(C2=O)*,282.0
*c1ccc(cc1)Oc1ccc(cc1)N1C(=O)c2c(C1=O)cc(cc2)Oc1cccc2c1cccc2Oc1ccc2c(c1)C(=O)N(C2=O)*,240.0
*c1ccc(cc1)Oc1ccc(cc1)N1C(=O)c2c(C1=O)cc(cc2)Oc1ccccc1Oc1ccc2c(c1)C(=O)N(C2=O)*,212.0
*c1ccc(cc1)Oc1ccc(cc1)N1C(=O)c2c(C1=O)cc(cc2)P(=O)(c1ccc2c(c1)C(=O)N(C2=O)*)c1ccccc1,318.0
*c1ccc(cc1)Oc1ccc(cc1)N1C(=O)c2c(C1=O)cc(cc2)S(=O)(=O)c1ccc2c(c1)C(=O)N(C2=O)*,283.5
*c1ccc(cc1)Oc1ccc(cc1)N1C(=O)c2c(C1=O)cc(cc2)Sc1ccc2c(c1)C(=O)N(C2=O)*,258.0
*c1ccc(cc1)Oc1ccc(cc1)N1C(=O)c2c(C1=O)cc(cc2)[Si](c1ccc2c(c1)C(=O)N(C2=O)*)(C)C,274.0
*c1ccc(cc1)Oc1ccc(cc1)N1C(=O)c2c(C1=O)cc(cc2)c1ccc2c(c1)C(=O)N(C2=O)*,279.0
*c1ccc(cc1)Oc1ccc(cc1)N1C(=O)c2c(C1=O)cc(cc2)c1cccc2c1C(=O)N(C2=O)*,330.0
*c1ccc(cc1)Oc1ccc(cc1)N1C(=O)c2c(C1=O)ccc(c2)C(=O)c1ccc2c(c1)C(=O)N(C2=O)c1ncc(s1)*,320.2
*c1ccc(cc1)Oc1ccc(cc1)N1C(=O)c2c(C1=O)ccc(c2)C(C(F)(F)F)(C(F)(F)F)c1ccc2c(c1)C(=O)N(C2=O)c1ncc(s1)*,268.2
*c1ccc(cc1)Oc1ccc(cc1)N1C(=O)c2c(C1=O)ccc(c2)Oc1c(Br)cc(cc1Br)C(c1cc(Br)c(c(c1)Br)Oc1ccc2c(c1)C(=O)N(C2=O)*)(C)C,274.0
*c1ccc(cc1)Oc1ccc(cc1)N1C(=O)c2c(C1=O)ccc(c2)Oc1c(C)cc(cc1C)Cc1cc(C)c(c(c1)C)Oc1ccc2c(c1)C(=O)N(C2=O)*,266.0
*c1ccc(cc1)Oc1ccc(cc1)N1C(=O)c2c(C1=O)ccc(c2)Oc1c(Oc2ccc3c(c2)C(=O)N(C3=O)*)cc(cc1C(C)(C)C)C(C)(C)C,228.0
*c1ccc(cc1)Oc1ccc(cc1)N1C(=O)c2c(C1=O)ccc(c2)Oc1ccc2c(c1)C(=O)N(C2=O)c1ncc(s1)*,300.0
*c1ccc(cc1)Oc1ccc(cc1)N1C(=O)c2c(C1=O)ccc(c2)Oc1cccc(c1)Oc1ccc2c(c1)C(=O)N(C2=O)*,209.0
*c1ccc(cc1)Oc1ccc(cc1)N1C(=O)c2c(C1=O)ccc(c2)[Si](O[Si](c1ccc2c(c1)C(=O)N(C2=O)c1ccc(cc1)Oc1ccc(cc1)c1nnc(o1)*)(C)C)(C)C,190.5
*c1ccc(cc1)Oc1ccc(cc1)N1C(=O)c2c(C1=O)cccc2Oc1c(C)cc(cc1C)Cc1cc(C)c(c(c1)C)Oc1cccc2c1C(=O)N(C2=O)*,270.0
*c1ccc(cc1)Oc1ccc(cc1)N1C(=O)c2c(C1=O)cccc2Oc1c(C)cc(cc1C)c1cc(C)c(c(c1)C)Oc1cccc2c1C(=O)N(C2=O)*,298.0
*c1ccc(cc1)Oc1ccc(cc1)N1C(=O)c2c(C1=O)cccc2Oc1c(Oc2cccc3c2C(=O)N(C3=O)*)cc(cc1C(C)(C)C)C(C)(C)C,238.0
*c1ccc(cc1)Oc1ccc(cc1)N1C(=O)c2c(C1=O)cccc2Oc1cccc(c1)Oc1cccc2c1C(=O)N(C2=O)*,226.0
*c1ccc(cc1)Oc1ccc(cc1)N1C(=O)c2ccc(c3c2c(C1=O)ccc3)C(=O)c1cccc(c1)C(=O)c1ccc2c3c1cccc3C(=O)N(C2=O)c1ccc(cc1)Oc1ccc(cc1)c1nnc(o1)*,195.0
*c1ccc(cc1)Oc1ccc(cc1)NC(=O)c1cc(cc(c1)N1C(=O)c2c(C1=O)cccc2)C(=O)Nc1ccc(cc1)Oc1ccc(cc1)c1nnc(o1)*,285.0
*c1ccc(cc1)Oc1ccc(cc1)NC(=O)c1ccc(c(c1)Oc1ccccc1)C(=O)Nc1ccc(cc1)Oc1ccc(cc1)c1nnc(o1)*,245.0
*c1ccc(cc1)Oc1ccc(cc1)NC(=O)c1ccc(cc1)C(=O)Nc1ccc(cc1)Oc1ccc(cc1)C1(*)c2ccccc2Oc2c1cccc2,294.0
*c1ccc(cc1)Oc1ccc(cc1)NC(=O)c1ccc(cc1)Oc1ccc(cc1)C(=O)Nc1ccc(cc1)Oc1ccc(cc1)C1(*)c2ccccc2Oc2c1cccc2,281.0
*c1ccc(cc1)Oc1ccc(cc1)NC(=O)c1ccc(cc1)Oc1ccc2c(c1)C(=O)N(C2=O)*,262.0
*c1ccc(cc1)Oc1ccc(cc1)NC(=O)c1ccc(cc1)Oc1cccc2c1C(=O)N(C2=O)*,253.0
*c1ccc(cc1)Oc1ccc(cc1)NC(=O)c1ccc(cc1)c1ccc(cc1)C(=O)Nc1ccc(cc1)Oc1ccc(cc1)C1(*)c2ccccc2Oc2c1cccc2,308.0
*c1ccc(cc1)Oc1ccc(cc1)NC(=O)c1ccc2c(c1)C(=O)N(C2=O)c1ccc(cc1)Cc1ccc(cc1)N1C(=O)c2c(C1=O)cc(cc2)C(=O)Nc1ccc(cc1)Oc1ccc(cc1)C1(*)NC(=O)c2c1cccc2,302.0
*c1ccc(cc1)Oc1ccc(cc1)NC(=O)c1ccc2c(c1)C(=O)N(C2=O)c1ccc(cc1)Sc1ccc(cc1)N1C(=O)c2c(C1=O)cc(cc2)C(=O)Nc1ccc(cc1)Oc1ccc(cc1)C1(*)NC(=O)c2c1cccc2,298.0
*c1ccc(cc1)Oc1ccc(cc1)NC(=O)c1cccc(c1)C(=O)Nc1ccc(cc1)Oc1ccc(cc1)C1(*)c2ccccc2Oc2c1cccc2,271.0
*c1ccc(cc1)Oc1ccc(cc1)NC(=O)c1cccc(c1)C(=O)Nc1ccc(cc1)Oc1ccc(cc1)n1c(=O)c2c(c1=O)cc1c(c2)c(=O)n(c1=O)*,282.0
*c1ccc(cc1)Oc1ccc(cc1)NC(=O)c1cccc(c1)Oc1ccc2c(c1)C(=O)N(C2=O)*,231.0
*c1ccc(cc1)Oc1ccc(cc1)Oc1ccc(c2c1cccc2)c1ccc(c2c1cccc2)Oc1ccc(cc1)Oc1ccc(cc1)C1(*)OC(=O)c2c1cccc2,198.0
*c1ccc(cc1)Oc1ccc(cc1)Oc1ccc(cc1)N1C(=O)C(=C(C1=O)c1ccc(cc1)C1=C(c2ccccc2)C(=O)N(C1=O)*)c1ccccc1,244.0
*c1ccc(cc1)Oc1ccc(cc1)Oc1ccc(cc1)N1C(=O)C2C(C1=O)C1C(CC2)C(=O)N(C1=O)*,274.0
*c1ccc(cc1)Oc1ccc(cc1)Oc1ccc(cc1)N1C(=O)C2C(C1=O)CC(CC2)C1CCC2C(C1)C(=O)N(C2=O)*,238.0
*c1ccc(cc1)Oc1ccc(cc1)Oc1ccc(cc1)N1C(=O)CC(=O)N(C1=S)*,137.0
*c1ccc(cc1)Oc1ccc(cc1)Oc1ccc(cc1)N1C(=O)c2c(C1=O)c(ccc2)Oc1cccc2c1C(=O)N(C2=O)*,258.0
*c1ccc(cc1)Oc1ccc(cc1)Oc1ccc(cc1)N1C(=O)c2c(C1=O)cc(cc2)Oc1cc2ccccc2cc1Oc1ccc2c(c1)C(=O)N(C2=O)*,224.5
*c1ccc(cc1)Oc1ccc(cc1)Oc1ccc(cc1)N1C(=O)c2c(C1=O)cc(cc2)Oc1ccc(cc1)Oc1ccc(cc1)Oc1ccc2c(c1)C(=O)N(C2=O)*,203.0
*c1ccc(cc1)Oc1ccc(cc1)Oc1ccc(cc1)N1C(=O)c2c(C1=O)cc(cc2)Oc1ccc(cc1)Sc1ccc(cc1)Oc1ccc2c(c1)C(=O)N(C2=O)*,201.0
*c1ccc(cc1)Oc1ccc(cc1)Oc1ccc(cc1)N1C(=O)c2c(C1=O)cc(cc2)Oc1ccc2c(c1)C(=O)N(C2=O)*,238.0
*c1ccc(cc1)Oc1ccc(cc1)Oc1ccc(cc1)N1C(=O)c2c(C1=O)cc(cc2)Oc1cccc2c1C(=O)N(C2=O)*,249.0
*c1ccc(cc1)Oc1ccc(cc1)Oc1ccc(cc1)N1C(=O)c2c(C1=O)cc(cc2)Oc1ccccc1Oc1ccc2c(c1)C(=O)N(C2=O)*,202.0
*c1ccc(cc1)Oc1ccc(cc1)Oc1ccc(cc1)N1C(=O)c2c(C1=O)cc(cc2)c1ccc2c(c1)C(=O)N(C2=O)*,264.76
*c1ccc(cc1)Oc1ccc(cc1)Oc1ccc(cc1)N1C(=O)c2c(C1=O)cc(cc2)c1cccc2c1C(=O)N(C2=O)*,285.0
*c1ccc(cc1)Oc1ccc(cc1)Oc1ccc(cc1)N1C(=O)c2c(C1=O)ccc(c2)Oc1ccc(cc1)c1ccc(cc1)Oc1ccc2c(c1)C(=O)N(C2=O)*,222.0
*c1ccc(cc1)Oc1ccc(cc1)Oc1ccc(cc1)N1C(=O)c2c(C1=O)ccc(c2)Oc1ccc2c(c1)cc(cc2)Oc1ccc2c(c1)C(=O)N(C2=O)*,228.0
*c1ccc(cc1)Oc1ccc(cc1)Oc1ccc(cc1)NC(=O)c1ccc(cc1)Oc1ccc2c(c1)C(=O)N(C2=O)*,242.0
*c1ccc(cc1)Oc1ccc(cc1)Oc1ccc(cc1)NC(=O)c1ccc(cc1)Oc1cccc2c1C(=O)N(C2=O)*,244.0
*c1ccc(cc1)Oc1ccc(cc1)Oc1ccc(cc1)NC(=O)c1cccc(c1)Oc1ccc2c(c1)C(=O)N(C2=O)*,213.0
*c1ccc(cc1)Oc1ccc(cc1)Oc1ccc(cc1)Oc1ccc(cc1)N1C(=O)C2C(C1=O)CC(CC2)C1CCC2C(C1)C(=O)N(C2=O)*,217.0
*c1ccc(cc1)Oc1ccc(cc1)Oc1ccc(cc1)Oc1ccc(cc1)N1C(=O)c2c(C1=O)cc(cc2)Oc1ccc(cc1)Oc1ccc2c(c1)C(=O)N(C2=O)*,210.0
*c1ccc(cc1)Oc1ccc(cc1)Oc1ccc(cc1)Oc1ccc(cc1)N1C(=O)c2c(C1=O)cc(cc2)Oc1ccc(cc1)c1ccc(cc1)Oc1ccc2c(c1)C(=O)N(C2=O)*,208.0
*c1ccc(cc1)Oc1ccc(cc1)Oc1ccc(cc1)Oc1ccc(cc1)N1C(=O)c2c(C1=O)cc(cc2)c1ccc2c(c1)C(=O)N(C2=O)*,228.51
*c1ccc(cc1)Oc1ccc(cc1)Oc1ccc(cc1)Oc1ccc(cc1)Oc1ccc(cc1)N1C(=O)c2c(C1=O)cc(cc2)Oc1ccc2c(c1)C(=O)N(C2=O)*,202.0
*c1ccc(cc1)Oc1ccc(cc1)Oc1ccc(cc1)Oc1ccc(cc1)Oc1ccc(cc1)N1C(=O)c2c(C1=O)cc(cc2)c1cccc2c1C(=O)N(C2=O)*,231.0
*c1ccc(cc1)Oc1ccc(cc1)Oc1ccc(cc1)Oc1ccc(cc1)c1cnc2c(n1)cc(cc2)c1ccc2c(c1)nc(cn2)*,216.0
*c1ccc(cc1)Oc1ccc(cc1)Oc1ccc(cc1)Oc1ccc(cc1)c1cnc2c(n1)cc(cc2)c1ccc2c(c1)ncc(n2)*,216.0
*c1ccc(cc1)Oc1ccc(cc1)Oc1ccc(cc1)Oc1ccc(cc1)c1cnc2c(n1)ccc(c2)c1ccc2c(c1)ncc(n2)*,133.0
*c1ccc(cc1)Oc1ccc(cc1)Oc1ccc(cc1)Oc1ccc(cc1)c1nc2ccc(cc2nc1c1ccccc1)c1ccc2c(c1)nc(c(n2)*)c1ccccc1,263.0
*c1ccc(cc1)Oc1ccc(cc1)Oc1ccc(cc1)Oc1ccc(cc1)n1c(=O)c2c(c1=O)cc1c(c2)c(=O)n(c1=O)*,295.0
*c1ccc(cc1)Oc1ccc(cc1)Oc1ccc(cc1)P(=O)(c1ccccc1)c1ccc(cc1)Oc1ccc(cc1)Oc1ccc(cc1)c1nc2c(s1)cc1c(c2)sc(n1)*,255.0
*c1ccc(cc1)Oc1ccc(cc1)Oc1ccc(cc1)P(=O)(c1ccccc1)c1ccc(cc1)Oc1ccc(cc1)Oc1ccc(cc1)c1nc2ccccc2nc1*,209.0
*c1ccc(cc1)Oc1ccc(cc1)Oc1ccc(cc1)P(=O)(c1ccccc1)c1ccc(cc1)Oc1ccc(cc1)Oc1ccc(cc1)c1oc2c(n1)ccc(c2)c1ccc2c(c1)oc(n2)*,223.0
*c1ccc(cc1)Oc1ccc(cc1)Oc1ccc(cc1)c1cnc2c(n1)cc(cc2)c1ccc2c(c1)nc(cn2)*,235.0
*c1ccc(cc1)Oc1ccc(cc1)Oc1ccc(cc1)c1cnc2c(n1)cc(cc2)c1ccc2c(c1)ncc(n2)*,235.0
*c1ccc(cc1)Oc1ccc(cc1)Oc1ccc(cc1)c1cnc2c(n1)ccc(c2)c1ccc2c(c1)ncc(n2)*,195.0
*c1ccc(cc1)Oc1ccc(cc1)Oc1ccc(cc1)n1c(=O)c2c(c1=O)cc1c(c2)c(=O)n(c1=O)*,312.0
*c1ccc(cc1)Oc1ccc(cc1)Oc1ccc(cc1)n1c(=O)c2c(c1=O)sc1c(s2)c(=O)n(c1=O)*,285.0
*c1ccc(cc1)Oc1ccc(cc1)Oc1ccc(cc1C(F)(F)F)N1C(=O)c2c(C1=O)cc(cc2)Oc1ccc2c(c1)C(=O)N(C2=O)*,232.3
*c1ccc(cc1)Oc1ccc(cc1)Oc1cccc(n1)Oc1ccc(cc1)Oc1ccc(cc1)n1c(=O)c2c(c1=O)cc1c(c2)c(=O)n(c1=O)*,258.0
*c1ccc(cc1)Oc1ccc(cc1)P(=O)(c1ccc(cc1)Oc1ccc(cc1)C1(*)OC(=O)c2c1cccc2)C,263.0
*c1ccc(cc1)Oc1ccc(cc1)P(=O)(c1ccccc1)c1ccc(cc1)Oc1ccc(cc1)c1ccc(nc1)*,257.0
*c1ccc(cc1)Oc1ccc(cc1)P(=O)(c1ccccc1)c1ccc(cc1)Oc1ccc(cc1)c1n[nH]c(c1)*,296.0
*c1ccc(cc1)Oc1ccc(cc1)P(=O)(c1ccccc1)c1ccc(cc1)Oc1ccc(cc1)c1nc([nH]c1*)c1ccccc1,318.0
*c1ccc(cc1)Oc1ccc(cc1)P(=O)(c1ccccc1)c1ccc(cc1)Oc1ccc(cc1)c1nn(c(c1)*)c1ccccc1,239.0
*c1ccc(cc1)Oc1ccc(cc1)S(=O)(=O)c1ccc(cc1)Oc1ccc(cc1)C1(*)OC(=O)c2c1cccc2,246.77
*c1ccc(cc1)Oc1ccc(cc1)S(=O)(=O)c1ccc(cc1)Oc1ccc(cc1)N1C(=O)C2C(C1=O)C1C=CC2C2C1C(=O)N(C2=O)*,312.0
*c1ccc(cc1)Oc1ccc(cc1)S(=O)(=O)c1ccc(cc1)Oc1ccc(cc1)N1C(=O)C2C(C1=O)CC(CC2)C1CCC2C(C1)C(=O)N(C2=O)*,256.5
*c1ccc(cc1)Oc1ccc(cc1)S(=O)(=O)c1ccc(cc1)Oc1ccc(cc1)N1C(=O)c2c(C1=O)cc(cc2)Oc1ccc(cc1)C(c1ccc(cc1)Oc1ccc2c(c1)C(=O)N(C2=O)*)(C)C,200.0
*c1ccc(cc1)Oc1ccc(cc1)S(=O)(=O)c1ccc(cc1)Oc1ccc(cc1)N1C(=O)c2c(C1=O)cc(cc2)Oc1ccc(cc1)Oc1ccc2c(c1)C(=O)N(C2=O)*,201.0
*c1ccc(cc1)Oc1ccc(cc1)S(=O)(=O)c1ccc(cc1)Oc1ccc(cc1)N1C(=O)c2c(C1=O)cc(cc2)Oc1cccc(c1)Oc1ccc2c(c1)C(=O)N(C2=O)*,201.0
*c1ccc(cc1)Oc1ccc(cc1)S(=O)(=O)c1ccc(cc1)Oc1ccc(cc1)N1C(=O)c2c(C1=O)cc(cc2)Oc1cccc2c1cccc2Oc1ccc2c(c1)C(=O)N(C2=O)*,201.0
*c1ccc(cc1)Oc1ccc(cc1)S(=O)(=O)c1ccc(cc1)Oc1ccc(cc1)N1C(=O)c2c(C1=O)cc(cc2)S(=O)(=O)c1ccc2c(c1)C(=O)N(C2=O)*,274.0
*c1ccc(cc1)Oc1ccc(cc1)S(=O)(=O)c1ccc(cc1)Oc1ccc(cc1)N1C(=O)c2c(C1=O)cc(cc2)[Si](c1ccc2c(c1)C(=O)N(C2=O)*)(C)C,238.0
*c1ccc(cc1)Oc1ccc(cc1)S(=O)(=O)c1ccc(cc1)Oc1ccc(cc1)c1c2C(=O)N(C(=O)c2c(c2c1cccc2)*)C,314.0
*c1ccc(cc1)Oc1ccc(cc1)S(=O)(=O)c1ccc(cc1)Oc1ccc(cc1)c1c2C(=O)N(C(=O)c2c(c2c1cccc2)*)c1ccc(cc1)C(F)(F)F,290.0
*c1ccc(cc1)Oc1ccc(cc1)S(=O)(=O)c1ccc(cc1)Oc1ccc(cc1)c1c2C(=O)N(C(=O)c2c(c2c1cccc2)*)c1ccc(cc1)Cl,280.0
*c1ccc(cc1)Oc1ccc(cc1)S(=O)(=O)c1ccc(cc1)Oc1ccc(cc1)c1c2C(=O)N(C(=O)c2c(c2c1cccc2)*)c1ccc(cc1)F,300.0
*c1ccc(cc1)Oc1ccc(cc1)S(=O)(=O)c1ccc(cc1)Oc1ccc(cc1)c1c2C(=O)N(C(=O)c2c(c2c1cccc2)*)c1cccc(c1)C(F)(F)F,280.5
*c1ccc(cc1)Oc1ccc(cc1)S(=O)(=O)c1ccc(cc1)Oc1ccc(cc1)c1c2C(=O)N(C(=O)c2c(c2c1cccc2)*)c1ccccc1,310.0
*c1ccc(cc1)Oc1ccc(cc1)S(=O)(=O)c1ccc(cc1)Oc1ccc(cc1)c1c2C(=O)N(C(=O)c2c(c2c1cccc2)*)c1ccccc1C(F)(F)F,290.0
*c1ccc(cc1)Oc1ccc(cc1)S(=O)(=O)c1ccc(cc1)Oc1ccc(cc1)c1c2C(=O)N(C(=O)c2c(c2c1cccc2)*)c1ccccc1c1ccccc1,278.0
*c1ccc(cc1)Oc1ccc(cc1)S(=O)(=O)c1ccc(cc1)Oc1ccc(cc1)c1n[nH]c(c1)*,260.0
*c1ccc(cc1)Oc1ccc(cc1)S(=O)(=O)c1ccc(cc1)Oc1ccc(cc1)c1nc([nH]c1*)c1ccccc1,277.0
*c1ccc(cc1)Oc1ccc(cc1)S(=O)(=O)c1ccc(cc1)Oc1ccc(cc1)c1nc([nH]c1c1ccccc1)c1ccc(cc1)c1nc(c([nH]1)c1ccccc1)*,301.0
*c1ccc(cc1)Oc1ccc(cc1)S(=O)(=O)c1ccc(cc1)Oc1ccc(cc1)c1nc([nH]c1c1ccccc1)c1cccc(c1)c1[nH]c(c(n1)*)c1ccccc1,292.0
*c1ccc(cc1)Oc1ccc(cc1)S(=O)(=O)c1ccc(cc1)Oc1ccc(cc1)c1nc(nnc1*)c1ccccn1,265.0
*c1ccc(cc1)Oc1ccc(cc1)S(=O)(=O)c1ccc(cc1)Oc1ccc(cc1)c1nc2c(n1c1ccc(cc1)n1c(*)nc3c1cccc3)cccc2,270.0
*c1ccc(cc1)Oc1ccc(cc1)S(=O)(=O)c1ccc(cc1)Oc1ccc(cc1)c1nn(c(c1)*)c1ccccc1,235.0
*c1ccc(cc1)Oc1ccc(cc1)S(=O)(=O)c1ccc(cc1)Oc1ccc(cc1)n1c(=O)c2c(c1=O)sc1c(s2)c(=O)n(c1=O)*,175.0
*c1ccc(cc1)Oc1ccc(cc1)Sc1ccc(cc1)Oc1ccc(cc1)N1C(=O)c2c(C1=O)cc(cc2)Oc1ccc(cc1)Oc1ccc(cc1)Oc1ccc2c(c1)C(=O)N(C2=O)*,194.0
*c1ccc(cc1)Oc1ccc(cc1)Sc1ccc(cc1)Oc1ccc(cc1)N1C(=O)c2c(C1=O)cc(cc2)Oc1ccc(cc1)Oc1ccc2c(c1)C(=O)N(C2=O)*,201.0
*c1ccc(cc1)Oc1ccc(cc1)Sc1ccc(cc1)Oc1ccc(cc1)N1C(=O)c2c(C1=O)cc(cc2)Oc1ccc(cc1)Sc1ccc(cc1)Oc1ccc2c(c1)C(=O)N(C2=O)*,186.0
*c1ccc(cc1)Oc1ccc(cc1)Sc1ccc(cc1)Oc1ccc(cc1)N1C(=O)c2c(C1=O)cc(cc2)Oc1ccc(cc1)c1ccc(cc1)Oc1ccc2c(c1)C(=O)N(C2=O)*,206.0
*c1ccc(cc1)Oc1ccc(cc1)c1c(c2ccccc2)c(nc2c1cccc2)c1ccc(cc1)c1nc2ccccc2c(c1c1ccccc1)*,273.0
*c1ccc(cc1)Oc1ccc(cc1)c1c(c2ccccc2)c2C(=O)N(C(=O)c2c(c1c1ccccc1)c1ccccc1)c1cccc(c1)N1C(=O)c2c(C1=O)c(c1ccccc1)c(c(c2c1ccccc1)c1ccccc1)*,357.0
*c1ccc(cc1)Oc1ccc(cc1)c1c(c2ccccc2)c2c(c(c1c1ccccc1)c1ccccc1)C(=O)N(C2=O)c1ccc(cc1)N1C(=O)c2c(C1=O)c(c1ccccc1)c(c(c2c1ccccc1)*)c1ccccc1,371.0
*c1ccc(cc1)Oc1ccc(cc1)c1c(nc2c(c1c1ccccc1)cc(cc2)Oc1ccc2c(c1)c(c1ccccc1)c(c(n2)c1ccccc1)*)c1ccccc1,252.5
*c1ccc(cc1)Oc1ccc(cc1)c1c(nc2c(c1c1ccccc1)cc(cc2)c1ccc2c(c1)c(c1ccccc1)c(c(n2)c1ccccc1)*)c1ccccc1,307.5
*c1ccc(cc1)Oc1ccc(cc1)c1cc(nc2c1cccc2)c1cccc(c1)c1cc(*)c2c(n1)cccc2,268.0
*c1ccc(cc1)Oc1ccc(cc1)c1ccc(cc1)Oc1ccc(cc1)N1C(=O)C(=C(C1=O)c1ccc(cc1)C1=C(c2ccccc2)C(=O)N(C1=O)*)c1ccccc1,256.0
*c1ccc(cc1)Oc1ccc(cc1)c1ccc(cc1)Oc1ccc(cc1)N1C(=O)CC(=O)N(C1=S)*,158.5
*c1ccc(cc1)Oc1ccc(cc1)c1ccc(cc1)Oc1ccc(cc1)N1C(=O)c2c(C1=O)c(ccc2)Oc1c(C)cc(cc1C)Cc1cc(C)c(c(c1)C)Oc1cccc2c1C(=O)N(C2=O)*,259.0
*c1ccc(cc1)Oc1ccc(cc1)c1ccc(cc1)Oc1ccc(cc1)N1C(=O)c2c(C1=O)c(ccc2)Oc1c(C)cc(cc1C)c1cc(C)c(c(c1)C)Oc1cccc2c1C(=O)N(C2=O)*,290.0
*c1ccc(cc1)Oc1ccc(cc1)c1ccc(cc1)Oc1ccc(cc1)N1C(=O)c2c(C1=O)c(ccc2)Oc1c(Oc2cccc3c2C(=O)N(C3=O)*)cc(cc1C(C)(C)C)C(C)(C)C,237.0
*c1ccc(cc1)Oc1ccc(cc1)c1ccc(cc1)Oc1ccc(cc1)N1C(=O)c2c(C1=O)c(ccc2)Oc1cc(c(cc1C(C)(C)C)Oc1cccc2c1C(=O)N(C2=O)*)C(C)(C)C,275.0
*c1ccc(cc1)Oc1ccc(cc1)c1ccc(cc1)Oc1ccc(cc1)N1C(=O)c2c(C1=O)c(ccc2)Oc1ccc(cc1)C(C(F)(F)F)(C(F)(F)F)c1ccc(cc1)Oc1cccc2c1C(=O)N(C2=O)*,234.0
*c1ccc(cc1)Oc1ccc(cc1)c1ccc(cc1)Oc1ccc(cc1)N1C(=O)c2c(C1=O)c(ccc2)Oc1ccc(cc1)C(c1ccc(cc1)Oc1cccc2c1C(=O)N(C2=O)*)(C)C,236.0
*c1ccc(cc1)Oc1ccc(cc1)c1ccc(cc1)Oc1ccc(cc1)N1C(=O)c2c(C1=O)cc(cc2)Oc1cc(c(cc1C(C)(C)C)Oc1ccc2c(c1)C(=O)N(C2=O)*)C(C)(C)C,262.0
*c1ccc(cc1)Oc1ccc(cc1)c1ccc(cc1)Oc1ccc(cc1)N1C(=O)c2c(C1=O)cc(cc2)Oc1cc2ccccc2cc1Oc1ccc2c(c1)C(=O)N(C2=O)*,222.5
*c1ccc(cc1)Oc1ccc(cc1)c1ccc(cc1)Oc1ccc(cc1)N1C(=O)c2c(C1=O)cc(cc2)Oc1ccc(cc1)Oc1ccc2c(c1)C(=O)N(C2=O)*,230.0
*c1ccc(cc1)Oc1ccc(cc1)c1ccc(cc1)Oc1ccc(cc1)N1C(=O)c2c(C1=O)cc(cc2)Oc1ccc(cc1)c1ccc(cc1)Oc1ccc2c(c1)C(=O)N(C2=O)*,220.0
*c1ccc(cc1)Oc1ccc(cc1)c1ccc(cc1)Oc1ccc(cc1)N1C(=O)c2c(C1=O)cc(cc2)Oc1ccc2c(c1)C(=O)N(C2=O)*,245.0
*c1ccc(cc1)Oc1ccc(cc1)c1ccc(cc1)Oc1ccc(cc1)N1C(=O)c2c(C1=O)cc(cc2)Oc1ccc2c(c1)cc(cc2)Oc1ccc2c(c1)C(=O)N(C2=O)*,231.0
*c1ccc(cc1)Oc1ccc(cc1)c1ccc(cc1)Oc1ccc(cc1)N1C(=O)c2c(C1=O)cc(cc2)Oc1ccc2c(c1)ccc(c2)Oc1ccc2c(c1)C(=O)N(C2=O)*,230.0
*c1ccc(cc1)Oc1ccc(cc1)c1ccc(cc1)Oc1ccc(cc1)N1C(=O)c2c(C1=O)cc(cc2)Oc1cccc(c1)Oc1ccc2c(c1)C(=O)N(C2=O)*,200.0
*c1ccc(cc1)Oc1ccc(cc1)c1ccc(cc1)Oc1ccc(cc1)N1C(=O)c2c(C1=O)cc(cc2)Oc1ccccc1Oc1ccc2c(c1)C(=O)N(C2=O)*,204.0
*c1ccc(cc1)Oc1ccc(cc1)c1ccc(cc1)Oc1ccc(cc1)N1C(=O)c2c(C1=O)ccc(c2)Oc1c(C)cc(cc1C)Cc1cc(C)c(c(c1)C)Oc1ccc2c(c1)C(=O)N(C2=O)*,248.0
*c1ccc(cc1)Oc1ccc(cc1)c1ccc(cc1)Oc1ccc(cc1)N1C(=O)c2c(C1=O)ccc(c2)Oc1ccc(cc1)C(C(F)(F)F)(C(F)(F)F)c1ccc(cc1)Oc1ccc2c(c1)C(=O)N(C2=O)*,217.0
*c1ccc(cc1)Oc1ccc(cc1)c1ccc(cc1)Oc1ccc(cc1)N1C(=O)c2c(C1=O)ccc(c2)Oc1ccc(cc1)C(c1ccc(cc1)Oc1ccc2c(c1)C(=O)N(C2=O)*)(C)C,220.0
*c1ccc(cc1)Oc1ccc(cc1)c1ccc(cc1)Oc1ccc(cc1)N1C(=O)c2c(C1=O)ccc(c2)Oc1ccc(cc1)Oc1ccc(cc1)Oc1ccc2c(c1)C(=O)N(C2=O)*,211.0
*c1ccc(cc1)Oc1ccc(cc1)c1ccc(cc1)Oc1ccc(cc1)N1C(=O)c2c(C1=O)ccc(c2)Oc1ccc(cc1)Sc1ccc(cc1)Oc1ccc2c(c1)C(=O)N(C2=O)*,205.0
*c1ccc(cc1)Oc1ccc(cc1)c1ccc(cc1)Oc1ccc(cc1)c1cnc2c(n1)ccc(c2)c1ccc2c(c1)ncc(n2)*,213.0
*c1ccc(cc1)Oc1ccc(cc1)c1ccc(cc1)Oc1ccc(cc1)c1nc(nnc1*)c1ccccn1,230.0
*c1ccc(cc1)Oc1ccc(cc1)c1ccc(cc1)Oc1ccc(cc1)c1nnc(c2c1c(c1ccccc1)c(c1ccc3c(c1)cccc3)c(c2c1ccccc1)c1ccc2c(c1)cccc2)*,328.0
*c1ccc(cc1)Oc1ccc(cc1)c1ccc(cc1)Oc1ccc(cc1)n1c(=O)c2c(c1=O)cc1c(c2)c(=O)n(c1=O)*,300.0
*c1ccc(cc1)Oc1ccc(cc1)c1ccc2c(c1)c(cc(n2)Oc1nc2ccc(cc2c(c1)c1ccccc1)*)c1ccccc1,268.5
*c1ccc(cc1)Oc1ccc(cc1)c1cccc2c1C(=O)N(C2=O)Oc1ccc(cc1)C(=O)c1ccc(cc1)Oc1cccc2c1C(=O)N(C2=O)*,252.0
*c1ccc(cc1)Oc1ccc(cc1)c1cnc2c(n1)cc(cc2)Oc1ccc2c(c1)ncc(n2)*,270.0
*c1ccc(cc1)Oc1ccc(cc1)c1cnc2c(n1)cc(cc2)c1ccc2c(c1)nc(cn2)*,305.0
*c1ccc(cc1)Oc1ccc(cc1)c1cnc2c(n1)cc(cc2)c1ccc2c(c1)ncc(n2)*,280.0
*c1ccc(cc1)Oc1ccc(cc1)c1cnc2c(n1)cc1c(c2)nc(cn1)*,353.0
*c1ccc(cc1)Oc1ccc(cc1)c1cnc2c(n1)cc1c(c2)ncc(n1)*,353.0
*c1ccc(cc1)Oc1ccc(cc1)c1cnc2c(n1)ccc(c2)Oc1ccc2c(c1)ncc(n2)*,382.0
*c1ccc(cc1)Oc1ccc(cc1)c1cnc2c(n1)ccc(c2)c1ccc2c(c1)ncc(n2)*,334.0
*c1ccc(cc1)Oc1ccc(cc1)c1cnnc(n1)c1cccc(n1)c1ncc(nn1)*,223.0
*c1ccc(cc1)Oc1ccc(cc1)c1csc(n1)N=Cc1ccc(cc1)OCCCCCCCCOc1ccc(cc1)C=Nc1scc(n1)*,150.0
*c1ccc(cc1)Oc1ccc(cc1)c1csc(n1)N=Cc1ccc(cc1)OCCCCCCOc1ccc(cc1)C=Nc1scc(n1)*,117.0
*c1ccc(cc1)Oc1ccc(cc1)c1nc(nnc1c1ccccc1)c1cccc(n1)c1nnc(c(n1)*)c1ccccc1,219.0
*c1ccc(cc1)Oc1ccc(cc1)c1nc2cc(ccc2nc1c1ccc(cc1)[N+](=O)[O-])Oc1ccc(cc1)NC(=O)c1cc(cc(c1)N1C(=O)c2c(C1=O)cccc2)C(=O)Nc1ccc(cc1)Oc1ccc2c(c1)nc(c(n2)c1ccc(cc1)[N+](=O)[O-])*,305.0
*c1ccc(cc1)Oc1ccc(cc1)c1nc2cc(ccc2nc1c1ccc(cc1)[N+](=O)[O-])Oc1ccc(cc1)NC(=O)c1ccc2c(c1)C(=O)N(C2=O)c1ccc(cc1)C(C(F)(F)F)(C(F)(F)F)c1ccc(cc1)N1C(=O)c2c(C1=O)cc(cc2)C(=O)Nc1ccc(cc1)Oc1ccc2c(c1)nc(c(n2)c1ccc(cc1)[N+](=O)[O-])*,303.0
*c1ccc(cc1)Oc1ccc(cc1)c1nc2cc(ccc2nc1c1ccccc1)Oc1ccc(cc1)NC(=O)c1cc(cc(c1)N1C(=O)c2c(C1=O)c(Cl)c(c(c2Cl)Cl)Cl)C(=O)Nc1ccc(cc1)Oc1ccc2c(c1)nc(c(n2)c1ccccc1)*,295.0
*c1ccc(cc1)Oc1ccc(cc1)c1nc2cc(ccc2nc1c1ccccc1)Oc1ccc(cc1)NC(=O)c1cc(cc(c1)N1C(=O)c2c(C1=O)cccc2)C(=O)Nc1ccc(cc1)Oc1ccc2c(c1)nc(c(n2)c1ccccc1)*,260.0
*c1ccc(cc1)Oc1ccc(cc1)c1nc2cc(ccc2nc1c1ccccc1)Oc1ccc2c(c1)nc(c(n2)*)c1ccccc1,243.0
*c1ccc(cc1)Oc1ccc(cc1)c1nc2cc(ccc2nc1c1ccccc1)Oc1ccc2c(c1)nc(c(n2)c1ccccc1)*,258.0
*c1ccc(cc1)Oc1ccc(cc1)c1nc2cc(ccc2nc1c1ccccc1)S(=O)(=O)c1ccc2c(c1)nc(c(n2)c1ccccc1)*,290.0
*c1ccc(cc1)Oc1ccc(cc1)c1nc2cc(ccc2nc1c1ccccc1)c1ccc2c(c1)nc(c(n2)*)c1ccccc1,292.5
*c1ccc(cc1)Oc1ccc(cc1)c1nc2cc(ccc2nc1c1ccccc1)c1ccc2c(c1)nc(c(n2)c1ccccc1)*,300.0
*c1ccc(cc1)Oc1ccc(cc1)c1nc2cc3c(cc2c(c1)c1ccccc1)nc(cc3c1ccccc1)*,365.0
*c1ccc(cc1)Oc1ccc(cc1)c1nc2cc3nc(*)cc(c3cc2c(c1)c1ccccc1)c1ccccc1,380.5
*c1ccc(cc1)Oc1ccc(cc1)c1nc2ccc(cc2c(c1)c1ccccc1)C1(c2ccc3c(c2)c(cc(n3)*)c2ccccc2)c2ccccc2-c2c1cccc2,315.0
*c1ccc(cc1)Oc1ccc(cc1)c1nc2ccc(cc2c(c1)c1ccccc1)C1(c2ccc3c(c2)c(cc(n3)*)c2ccccc2)c2ccccc2C(=O)c2c1cccc2,320.0
*c1ccc(cc1)Oc1ccc(cc1)c1nc2ccc(cc2c(c1)c1ccccc1)Oc1ccc2c(c1)c(c1ccccc1)c(c(n2)*)c1ccccc1,305.0
*c1ccc(cc1)Oc1ccc(cc1)c1nc2ccc(cc2c(c1)c1ccccc1)Oc1ccc2c(c1)c(cc(n2)*)c1ccccc1,266.0
*c1ccc(cc1)Oc1ccc(cc1)c1nc2ccc(cc2c(c1)c1ccccc1)c1ccc2c(c1)c(cc(n2)*)c1ccccc1,285.0
*c1ccc(cc1)Oc1ccc(cc1)c1nc2ccc(cc2c(c1c1ccccc1)c1ccccc1)Oc1ccc2c(c1)c(c1ccccc1)c(c(n2)*)c1ccccc1,305.0
*c1ccc(cc1)Oc1ccc(cc1)c1nc2ccc(cc2c(c1c1ccccc1)c1ccccc1)c1ccc2c(c1)c(c1ccccc1)c(c(n2)*)c1ccccc1,300.0
*c1ccc(cc1)Oc1ccc(cc1)c1nc2ccc(cc2nc1c1ccccc1)Oc1ccc(cc1)N1C(=O)c2c(C1=O)ccc(c2)C(C(F)(F)F)(C(F)(F)F)c1ccc2c(c1)C(=O)N(C2=O)c1ccc(cc1)Oc1ccc2c(c1)nc(c(n2)*)c1ccccc1,267.0
*c1ccc(cc1)Oc1ccc(cc1)c1nc2ccc(cc2nc1c1ccccc1)Oc1ccc2c(c1)nc(c(n2)*)c1ccccc1,437.0
*c1ccc(cc1)Oc1ccc(cc1)c1nc2ccc(cc2nc1c1ccccc1)c1ccc2c(c1)nc(c(n2)*)c1ccccc1,306.0
*c1ccc(cc1)Oc1ccc(cc1)c1nc2ccccc2c(c1)c1ccc(cc1)Oc1ccc(cc1)c1cc(*)nc2c1cccc2,276.0
*c1ccc(cc1)Oc1ccc(cc1)c1nnc(o1)*,238.0
*c1ccc(cc1)Oc1ccc(cc1)c1sc2c(n1)cc1c(c2)nc(s1)*,350.0
*c1ccc(cc1)Oc1ccc(cc1)n1c(=O)c2c(c1=O)cc1c(c2)c(=O)n(c1=O)*,388.0
*c1ccc(cc1)Oc1ccc(cc1)n1c(=O)c2c(c1=O)cc1c(c2)c(=O)n(c1=O)c1ccc(cc1)Oc1ccc(cc1)c1sc2c(n1)cc1c(c2)nc(s1)*,400.0
*c1ccc(cc1)Oc1ccc(cc1)n1c(=O)c2c(c1=O)cc1c(c2)c(=O)n(c1=O)c1ncc(s1)*,328.8
*c1ccc(cc1)Oc1ccc(cc1)n1c(=O)c2c(c1=O)sc1c(s2)c(=O)n(c1=O)*,340.0
*c1ccc(cc1)Oc1ccc(cc1)n1nc(cc1c1ccc(cc1)c1cc(nn1*)c1ccccc1)c1ccccc1,260.0
*c1ccc(cc1)Oc1ccc(cc1)n1nc(cc1c1cccc(c1)c1cc(nn1*)c1ccccc1)c1ccccc1,232.0
*c1ccc(cc1)Oc1ccc(cc1)n1nccc1c1ccc(cc1)c1ccnn1*,243.0
*c1ccc(cc1)Oc1ccc(cc1)n1nccc1c1cccc(c1)c1ccnn1*,216.0
*c1ccc(cc1)Oc1ccc(cc1Br)N1C(=O)c2c(C1=O)cc(cc2)c1ccc2c(c1)C(=O)N(C2=O)*,305.0
*c1ccc(cc1)Oc1ccc(cc1C(C)(C)C)Oc1ccc(cc1)n1c(=O)c2c(c1=O)cc1c(c2)c(=O)n(c1=O)*,314.0
*c1ccc(cc1)Oc1ccc(cc1C(F)(F)F)c1c2ccccc2c(c2c1cccc2)c1ccc(c(c1)C(F)(F)F)Oc1ccc(cc1)c1c2C(=O)N(C(=O)c2c(c2c1cccc2)*)c1ccccc1,361.0
*c1ccc(cc1)Oc1ccc(cc1C(F)(F)F)c1ccc(cc1)NC(=O)c1cc(cc(c1)C(C)(C)C)C(=O)Nc1ccc(cc1)c1ccc(c(c1)C(F)(F)F)Oc1ccc(cc1)C1(*)c2ccccc2C(=O)N1c1ccccc1,306.5
*c1ccc(cc1)Oc1ccc(cc1C(F)(F)F)c1ccc(cc1)c1ccc(c(c1)C(F)(F)F)Oc1ccc(cc1)c1c2C(=O)N(C(=O)c2c(c2c1cccc2)*)c1ccccc1,317.0
*c1ccc(cc1)Oc1ccc(cc1C(F)(F)F)c1ccc(cc1)c1ccc(cc1)c1ccc(c(c1)C(F)(F)F)Oc1ccc(cc1)c1c2C(=O)N(C(=O)c2c(c2c1cccc2)*)c1ccccc1,334.0
*c1ccc(cc1)Oc1ccc(cc1C(F)(F)F)c1ccc(s1)c1ccc(c(c1)C(F)(F)F)Oc1ccc(cc1)c1c2C(=O)N(C(=O)c2c(c2c1cccc2)*)c1ccccc1,287.0
*c1ccc(cc1)Oc1ccc(cc1C(F)(F)F)c1cccc(c1)c1ccc(c(c1)C(F)(F)F)Oc1ccc(cc1)c1c2C(=O)N(C(=O)c2c(c2c1cccc2)*)c1ccccc1,271.0
*c1ccc(cc1)Oc1ccc(cc1C(F)(F)F)c1cccc(n1)c1ccc(c(c1)C(F)(F)F)Oc1ccc(cc1)c1c2C(=O)N(C(=O)c2c(c2c1cccc2)*)c1ccccc1,298.0
*c1ccc(cc1)Oc1ccc(cc1C)Oc1ccc(cc1)n1c(=O)c2c(c1=O)cc1c(c2)c(=O)n(c1=O)*,310.0
*c1ccc(cc1)Oc1ccc(cc1NC(=O)c1ccc2c(c1)[nH]cn2)C(C(F)(F)F)(C(F)(F)F)c1ccc(c(c1)NC(=O)c1ccc2c(c1)nc[nH]2)Oc1ccc(cc1)c1[nH]c2c(n1)cc(cc2)c1ccc2c(c1)nc([nH]2)*,381.0
*c1ccc(cc1)Oc1ccc(cc1S(=O)(=O)O)C(C(F)(F)F)(C(F)(F)F)c1ccc(c(c1)S(=O)(=O)O)Oc1ccc(cc1)N1C(=O)c2ccc3c4c2c(C1=O)ccc4C(=O)N(C3=O)*,270.0
*c1ccc(cc1)Oc1ccc(cc1S(=O)c1cc(C)ccc1Oc1ccc(cc1)N1C(=O)c2c(C1=O)cc(cc2)Oc1ccc2c(c1)C(=O)N(C2=O)*)C,279.0
*c1ccc(cc1)Oc1ccc(cc1S(=O)c1cc(C)ccc1Oc1ccc(cc1)N1C(=O)c2c(C1=O)cc(cc2)S(=O)(=O)c1ccc2c(c1)C(=O)N(C2=O)*)C,288.0
*c1ccc(cc1)Oc1ccc(cc1c1cc(cc(c1)C(F)(F)F)C(F)(F)F)S(=O)(=O)c1ccc(c(c1)c1cc(cc(c1)C(F)(F)F)C(F)(F)F)Oc1ccc(cc1)N1C(=O)c2c(C1=O)cc(cc2)Oc1ccc2c(c1)C(=O)N(C2=O)*,216.0
*c1ccc(cc1)Oc1ccc(cc1c1cc(cc(c1)C(F)(F)F)C(F)(F)F)S(=O)(=O)c1ccc(c(c1)c1cc(cc(c1)C(F)(F)F)C(F)(F)F)Oc1ccc(cc1)N1C(=O)c2c(C1=O)cc(cc2)c1ccc2c(c1)C(=O)N(C2=O)*,238.5
*c1ccc(cc1)Oc1ccc(cc1c1ccccc1)N1C(=O)c2c(C1=O)cc(cc2)c1ccc2c(c1)C(=O)N(C2=O)*,327.0
*c1ccc(cc1)Oc1ccc(cc1c1ccccc1)Oc1ccc(cc1)n1c(=O)c2c(c1=O)cc1c(c2)c(=O)n(c1=O)*,271.0
*c1ccc(cc1)Oc1ccc(cc1c1ccccc1)n1c(=O)c2c(c1=O)cc1c(c2)c(=O)n(c1=O)*,329.0
*c1ccc(cc1)Oc1ccc2c(c1)C(=O)N(C2=O)*,266.0
*c1ccc(cc1)Oc1ccc2c(c1)cc(cc2)Oc1ccc(cc1)N1C(=O)CC(=O)N(C1=S)*,151.5
*c1ccc(cc1)Oc1ccc2c(c1)cc(cc2)Oc1ccc(cc1)n1c(=O)c2c(c1=O)cc1c(c2)c(=O)n(c1=O)*,320.8
*c1ccc(cc1)Oc1cccc(c1)N1C(=O)c2c(C1=O)cc(cc2)Oc1cc2ccccc2cc1Oc1ccc2c(c1)C(=O)N(C2=O)*,226.0
*c1ccc(cc1)Oc1cccc(c1)N1C(=O)c2c(C1=O)cc(cc2)Oc1ccc(cc1)C(c1ccc(cc1)Oc1ccc2c(c1)C(=O)N(C2=O)*)(C)C,219.0
*c1ccc(cc1)Oc1cccc(c1)N1C(=O)c2c(C1=O)cc(cc2)Oc1ccc2c(c1)cc(cc2)Oc1ccc2c(c1)C(=O)N(C2=O)*,221.0
*c1ccc(cc1)Oc1cccc(c1)N1C(=O)c2c(C1=O)cc(cc2)Oc1ccc2c(c1)ccc(c2)Oc1ccc2c(c1)C(=O)N(C2=O)*,225.0
*c1ccc(cc1)Oc1cccc(c1)N1C(=O)c2c(C1=O)cc(cc2)Oc1cccc2c1cccc2Oc1ccc2c(c1)C(=O)N(C2=O)*,235.0
*c1ccc(cc1)Oc1cccc(c1)N1C(=O)c2c(C1=O)cc(cc2)c1ccc2c(c1)C(=O)N(C2=O)*,265.0
*c1ccc(cc1)Oc1cccc(c1)N1C(=O)c2c(C1=O)cc(cc2)c1cccc2c1C(=O)N(C2=O)*,286.0
*c1ccc(cc1)Oc1cccc(c1)N1C(=O)c2c(C1=O)ccc(c2)Oc1ccc2c(c1)C(=O)N(C2=O)*,248.0
*c1ccc(cc1)Oc1cccc(c1)N1C(=O)c2c(C1=O)ccc(c2)[Si](O[Si](c1ccc2c(c1)C(=O)N(C2=O)c1cccc(c1)Oc1ccc(cc1)c1nnc(o1)*)(C)C)(C)C,165.0
*c1ccc(cc1)Oc1cccc(c1)N1C(=O)c2ccc(c3c2c(C1=O)ccc3)C(=O)c1cccc(c1)C(=O)c1ccc2c3c1cccc3C(=O)N(C2=O)c1cccc(c1)Oc1ccc(cc1)c1nnc(o1)*,190.0
*c1ccc(cc1)Oc1cccc(c1)N1C(=O)c2ccc3c4c2c(C1=O)ccc4C(=O)N(C3=O)c1cccc(c1)Oc1ccc(cc1)c1nnc(o1)*,318.0
*c1ccc(cc1)Oc1cccc(c1)NC(=O)c1cc(cc(c1)N1C(=O)c2c(C1=O)c(Cl)c(c(c2Cl)Cl)Cl)C(=O)Nc1cccc(c1)Oc1ccc(cc1)c1nnc(o1)*,275.0
*c1ccc(cc1)Oc1cccc(c1)NC(=O)c1cc(cc(c1)N1C(=O)c2c(C1=O)cccc2)C(=O)Nc1cccc(c1)Oc1ccc(cc1)c1nnc(o1)*,245.0
*c1ccc(cc1)Oc1cccc(c1)NC(=O)c1ccc(c(c1)Oc1ccccc1)C(=O)Nc1cccc(c1)Oc1ccc(cc1)c1nnc(o1)*,234.0
*c1ccc(cc1)Oc1cccc(c1)Oc1ccc(cc1)N1C(=O)C2C(C1=O)CC(CC2)C1CCC2C(C1)C(=O)N(C2=O)*,215.0
*c1ccc(cc1)Oc1cccc(c1)Oc1ccc(cc1)N1C(=O)CC(=O)N(C1=S)*,129.0
*c1ccc(cc1)Oc1cccc(c1)Oc1ccc(cc1)N1C(=O)c2c(C1=O)c(ccc2)Oc1ccc(cc1)Oc1cccc2c1C(=O)N(C2=O)*,214.0
*c1ccc(cc1)Oc1cccc(c1)Oc1ccc(cc1)N1C(=O)c2c(C1=O)c(ccc2)Oc1cccc(c1)Oc1cccc2c1C(=O)N(C2=O)*,193.0
*c1ccc(cc1)Oc1cccc(c1)Oc1ccc(cc1)N1C(=O)c2c(C1=O)cc(cc2)Oc1cc2ccccc2cc1Oc1ccc2c(c1)C(=O)N(C2=O)*,208.0
*c1ccc(cc1)Oc1cccc(c1)Oc1ccc(cc1)N1C(=O)c2c(C1=O)cc(cc2)Oc1ccc(cc1)C(=O)c1ccc(cc1)Oc1ccc2c(c1)C(=O)N(C2=O)*,194.0
*c1ccc(cc1)Oc1cccc(c1)Oc1ccc(cc1)N1C(=O)c2c(C1=O)cc(cc2)Oc1ccc(cc1)C(c1ccc(cc1)Oc1ccc2c(c1)C(=O)N(C2=O)*)(C)C,246.0
*c1ccc(cc1)Oc1cccc(c1)Oc1ccc(cc1)N1C(=O)c2c(C1=O)cc(cc2)Oc1ccc(cc1)Oc1ccc(cc1)Oc1ccc2c(c1)C(=O)N(C2=O)*,184.0
*c1ccc(cc1)Oc1cccc(c1)Oc1ccc(cc1)N1C(=O)c2c(C1=O)cc(cc2)Oc1ccc(cc1)S(=O)(=O)c1ccc(cc1)Oc1ccc2c(c1)C(=O)N(C2=O)*,219.0
*c1ccc(cc1)Oc1cccc(c1)Oc1ccc(cc1)N1C(=O)c2c(C1=O)cc(cc2)Oc1ccc(cc1)Sc1ccc(cc1)Oc1ccc2c(c1)C(=O)N(C2=O)*,178.0
*c1ccc(cc1)Oc1cccc(c1)Oc1ccc(cc1)N1C(=O)c2c(C1=O)cc(cc2)Oc1ccc(cc1)c1ccc(cc1)Oc1ccc2c(c1)C(=O)N(C2=O)*,205.0
*c1ccc(cc1)Oc1cccc(c1)Oc1ccc(cc1)N1C(=O)c2c(C1=O)cc(cc2)Oc1ccc2c(c1)C(=O)N(C2=O)*,216.5
*c1ccc(cc1)Oc1cccc(c1)Oc1ccc(cc1)N1C(=O)c2c(C1=O)cc(cc2)Oc1cccc(c1)Oc1ccc2c(c1)C(=O)N(C2=O)*,188.0
*c1ccc(cc1)Oc1cccc(c1)Oc1ccc(cc1)N1C(=O)c2c(C1=O)cc(cc2)c1ccc2c(c1)C(=O)N(C2=O)*,221.0
*c1ccc(cc1)Oc1cccc(c1)Oc1ccc(cc1)N1C(=O)c2c(C1=O)cc(cc2)c1cccc2c1C(=O)N(C2=O)*,259.0
*c1ccc(cc1)Oc1cccc(c1)Oc1ccc(cc1)N1C(=O)c2c(C1=O)ccc(c2)Oc1ccc(cc1)Oc1ccc2c(c1)C(=O)N(C2=O)*,199.0
*c1ccc(cc1)Oc1cccc(c1)Oc1ccc(cc1)N1C(=O)c2c(C1=O)cccc2Oc1ccc(cc1)C(=O)c1ccc(cc1)Oc1cccc2c1C(=O)N(C2=O)*,216.0
*c1ccc(cc1)Oc1cccc(c1)Oc1ccc(cc1)N1C(=O)c2c(C1=O)cccc2Oc1ccc(cc1)Oc1ccc(cc1)Oc1cccc2c1C(=O)N(C2=O)*,198.0
*c1ccc(cc1)Oc1cccc(c1)Oc1ccc(cc1)N1C(=O)c2c(C1=O)cccc2Oc1ccc(cc1)S(=O)(=O)c1ccc(cc1)Oc1cccc2c1C(=O)N(C2=O)*,230.0
*c1ccc(cc1)Oc1cccc(c1)Oc1ccc(cc1)N1C(=O)c2c(C1=O)cccc2Oc1ccc(cc1)Sc1ccc(cc1)Oc1cccc2c1C(=O)N(C2=O)*,202.0
*c1ccc(cc1)Oc1cccc(c1)Oc1ccc(cc1)N1C(=O)c2c(C1=O)cccc2Oc1ccc(cc1)c1ccc(cc1)Oc1cccc2c1C(=O)N(C2=O)*,224.0
*c1ccc(cc1)Oc1cccc(c1)Oc1ccc(cc1)n1c(=O)c2c(c1=O)cc1c(c2)c(=O)n(c1=O)*,326.0
*c1ccc(cc1)Oc1cccc(c1)c1nc(cc(c1)c1ccccc1)c1cccc(c1)Oc1ccc(cc1)N1C(=O)c2c(C1=O)cc(cc2)Oc1ccc2c(c1)C(=O)N(C2=O)*,224.0
*c1ccc(cc1)Oc1cccc(c1)c1nc(cc(c1)c1ccccc1)c1cccc(c1)Oc1ccc(cc1)n1c(=O)c2c(c1=O)cc1c(c2)c(=O)n(c1=O)*,264.0
*c1ccc(cc1)Oc1cccc(c1)n1c(=O)c2c(c1=O)cc1c(c2)c(=O)n(c1=O)*,397.0
*c1ccc(cc1)Oc1cccc(c1)n1c(=O)c2c(c1=O)cc1c(c2)c(=O)n(c1=O)c1cccc(c1)Oc1ccc(cc1)c1sc2c(n1)cc1c(c2)nc(s1)*,400.0
*c1ccc(cc1)Oc1cccc2c1cccc2N1C(=O)c2c(C1=O)cc(cc2)Oc1ccc2c(c1)C(=O)N(C2=O)*,210.0
*c1ccc(cc1)Oc1cccc2c1cccc2N1C(=O)c2c(C1=O)cc(cc2)c1ccc2c(c1)C(=O)N(C2=O)*,287.0
*c1ccc(cc1)Oc1cccc2c1cccc2NC(=O)c1ccc(cc1)C(C(F)(F)F)(C(F)(F)F)c1ccc(cc1)C(=O)Nc1cccc2c1cccc2Oc1ccc(cc1)c1nnc(o1)*,279.0
*c1ccc(cc1)Oc1cccc2c1cccc2NC(=O)c1ccc(cc1)Oc1ccc(cc1)C(=O)Nc1cccc2c1cccc2Oc1ccc(cc1)c1nnc(o1)*,248.0
*c1ccc(cc1)Oc1cccc2c1cccc2NC(=O)c1ccc(cc1)[Si](c1ccccc1)(c1ccccc1)c1ccc(cc1)C(=O)Nc1cccc2c1cccc2Oc1ccc(cc1)c1nnc(o1)*,275.0
*c1ccc(cc1)Oc1cccc2c1cccc2Oc1ccc(cc1)N1C(=O)c2c(C1=O)cc(cc2)S(=O)(=O)c1ccc2c(c1)C(=O)N(C2=O)*,306.0
*c1ccc(cc1)Oc1cccc2c1cccc2Oc1ccc(cc1)N1C(=O)c2c(C1=O)cc(cc2)c1ccc2c(c1)C(=O)N(C2=O)*,305.0
*c1ccc(cc1)Oc1cccc2c1cccc2Oc1ccc(cc1)n1c(=O)c2c(c1=O)cc1c(c2)c(=O)n(c1=O)*,310.0
*c1ccc(cc1)Oc1ccccc1N1C(=O)c2c(C1=O)ccc(c2)Oc1ccc2c(c1)C(=O)N(C2=O)*,264.0
*c1ccc(cc1)Oc1ccccc1Oc1ccc(cc1)N1C(=O)c2c(C1=O)cc(cc2)Oc1cc2ccccc2cc1Oc1ccc2c(c1)C(=O)N(C2=O)*,204.0
*c1ccc(cc1)Oc1ccccc1Oc1ccc(cc1)N1C(=O)c2c(C1=O)cc(cc2)Oc1ccccc1Oc1ccc2c(c1)C(=O)N(C2=O)*,193.0
*c1ccc(cc1)Oc1ccccc1Oc1ccc(cc1)N1C(=O)c2c(C1=O)cc(cc2)c1ccc2c(c1)C(=O)N(C2=O)*,241.0
*c1ccc(cc1)Oc1ccccc1Oc1ccc(cc1)n1c(=O)c2c(c1=O)cc1c(c2)c(=O)n(c1=O)*,313.0
*c1ccc(cc1)Oc1ccccc1n1c(=O)c2c(c1=O)cc1c(c2)c(=O)n(c1=O)*,386.0
*c1ccc(cc1)P(=O)(c1ccccc1)c1ccc(cc1)Oc1ccc(cc1)c1ccc(=O)n(n1)*,289.0
*c1ccc(cc1)S(=O)(=O)*,219.5
*c1ccc(cc1)S(=O)(=O)c1ccc(cc1)N1C(=O)C(C(C1=O)C)SCCOCCSC1C(C)C(=O)N(C1=O)c1ccc(cc1)S(=O)(=O)c1ccc(cc1)N1C(=O)CC(C1=O)(C)SCCOCCSC1(C)CC(=O)N(C1=O)*,157.0
*c1ccc(cc1)S(=O)(=O)c1ccc(cc1)N1C(=O)c2c(C1=O)cc(cc2)Oc1ccc(cc1)C(c1ccc(cc1)Oc1ccc2c(c1)C(=O)N(C2=O)*)(C)C,253.5
*c1ccc(cc1)S(=O)(=O)c1ccc(cc1)N1C(=O)c2c(C1=O)cc(cc2)Oc1ccc(cc1)Oc1ccc2c(c1)C(=O)N(C2=O)*,283.0
*c1ccc(cc1)S(=O)(=O)c1ccc(cc1)N1C(=O)c2c(C1=O)cc(cc2)Oc1ccc2c(c1)C(=O)N(C2=O)*,262.0
*c1ccc(cc1)S(=O)(=O)c1ccc(cc1)N1C(=O)c2c(C1=O)cc(cc2)c1ccc2c(c1)C(=O)N(C2=O)*,350.0
*c1ccc(cc1)S(=O)(=O)c1ccc(cc1)NC(=O)c1cccc(c1)C(=O)Nc1ccc(cc1)S(=O)(=O)c1ccc(cc1)n1c(=O)c2c(c1=O)cc1c(c2)c(=O)n(c1=O)*,286.0
*c1ccc(cc1)S(=O)(=O)c1ccc(cc1)Oc1ccc(c(c1)F)c1nn(*)c(=O)c2c1cccc2,283.0
*c1ccc(cc1)S(=O)(=O)c1ccc(cc1)Oc1ccc(cc1)c1ccc(=O)n(n1)*,276.0
*c1ccc(cc1)S(=O)(=O)c1ccc(cc1)c1nc2c(n1c1ccc(cc1)S(=O)(=O)c1ccc(cc1)n1c(*)nc3c1ccc(c3)C)ccc(c2)C,310.0
*c1ccc(cc1)S(=O)(=O)c1ccc(cc1)c1nc2c(n1c1ccc(cc1)S(=O)(=O)c1ccc(cc1)n1c(*)nc3c1cccc3)cccc2,321.0
*c1ccc(cc1)S(=O)(=O)c1ccc(cc1)n1c(=O)c2c(c1=O)cc1c(c2)c(=O)n(c1=O)*,350.0
*c1ccc(cc1)S(=O)(=O)c1ccc(cc1)n1c(nc2c1ccc(c2)C)c1ccc(cc1)Oc1ccc(cc1)c1nc2c(n1*)ccc(c2)C,264.0
*c1ccc(cc1)S(=O)(=O)c1ccc(cc1)n1c(nc2c1cccc2)c1ccc(cc1)Oc1ccc(cc1)c1nc2c(n1*)cccc2,280.0
*c1ccc(cc1)S(=O)(=O)c1ccc(cc1)n1nc(*)c2c(c1=O)cccc2,422.0
*c1ccc(cc1)S(=O)(=O)c1ccc(cc1)n1nc(c2ccc(cc2)Oc2ccc(cc2)c2nn(*)c(=O)c3c2cccc3)c2c(c1=O)cccc2,295.0
*c1ccc(cc1)S(=O)(=O)c1ccc(cc1)n1nc(c2ccccc2)c2c(c1=O)cc(cc2)Oc1ccc2c(c1)c(=O)n(nc2c1ccccc1)*,294.5
*c1ccc(cc1)S(=O)(=O)c1ccc(cc1)n1nc(c2ccccc2)c2c(c1=O)cc(cc2)c1ccc2c(c1)c(=O)n(nc2c1ccccc1)*,291.0
*c1ccc(cc1)S(=O)(=O)c1ccc(cc1)n1nc(c2ccccc2)c2c(c1=O)ccc(c2)Oc1ccc(cc1)C(c1ccc(cc1)Oc1ccc2c(c1)c(=O)n(nc2c1ccccc1)*)(C)C,210.5
*c1ccc(cc1)S(=O)(=O)c1ccc(cc1)n1nccc1c1ccc(cc1)c1ccnn1*,266.0
*c1ccc(cc1)S(=O)(=O)c1ccc(cc1)n1nccc1c1cccc(c1)c1ccnn1*,218.0
*c1ccc(cc1)Sc1cc2C(=O)N(C(=O)c2cc1Sc1ccc(cc1)N1C(=O)C2C(C1=O)C1C=CC2C2C1C(=O)N(C2=O)*)CCc1ccccc1,258.0
*c1ccc(cc1)Sc1cc2C(=O)N(C(=O)c2cc1Sc1ccc(cc1)N1C(=O)c2c(C1=O)cc(cc2)Oc1ccc2c(c1)C(=O)N(C2=O)*)CCc1ccccc1,218.0
*c1ccc(cc1)Sc1ccc(cc1)Oc1ccc(cc1)Sc1ccc(cc1)N1C(=O)c2c(C1=O)cc(cc2)Oc1ccc(cc1)C(c1ccc(cc1)Oc1ccc2c(c1)C(=O)N(C2=O)*)(C)C,175.0
*c1ccc(cc1)Sc1ccc(cc1)S(=O)(=O)*,215.0
*c1ccc(cc1)Sc1ccc(cc1)Sc1ccc(cc1)N1C(=O)c2c(C1=O)cc(cc2)Sc1ccc(cc1)Sc1ccc(cc1)Sc1ccc2c(c1)C(=O)N(C2=O)*,190.75
*c1ccc(cc1)Sc1ccc(cc1)Sc1ccc(cc1)Sc1ccc(cc1)N1C(=O)C2C(C1=O)CC1C(C2)C(=O)N(C1=O)*,234.05
*c1ccc(cc1)Sc1ccc(cc1)Sc1ccc(cc1)Sc1ccc(cc1)N1C(=O)c2c(C1=O)cc(cc2)Oc1ccc2c(c1)C(=O)N(C2=O)*,202.65
*c1ccc(cc1)Sc1ccc(cc1)Sc1ccc(cc1)Sc1ccc(cc1)N1C(=O)c2c(C1=O)cc(cc2)Sc1ccc(cc1)Sc1ccc(cc1)Sc1ccc2c(c1)C(=O)N(C2=O)*,176.45
*c1ccc(cc1)Sc1ccc(cc1)Sc1ccc(cc1)Sc1ccc(cc1)N1C(=O)c2c(C1=O)cc(cc2)c1ccc2c(c1)C(=O)N(C2=O)*,227.1
*c1ccc(cc1)Sc1ccc(cc1)Sc1ccc(cc1)Sc1ccc(cc1)N1C(=O)c2c(C1=O)cc(cc2)c1cccc2c1C(=O)N(C2=O)*,226.7
*c1ccc(cc1)Sc1ccc(cc1)Sc1ccc(cc1)Sc1ccc(cc1)S(=O)*,133.0
*c1ccc(cc1)Sc1ccc(cc1)c1nc2cc(ccc2nc1c1ccccc1)c1ccc2c(c1)nc(c(n2)c1ccccc1)*,288.0
*c1ccc(cc1)Sc1ccc(cc1)c1nc2ccc(cc2nc1c1ccccc1)c1ccc2c(c1)nc(c(n2)*)c1ccccc1,288.0
*c1ccc(cc1)Sc1ccc(cc1)c1nn(c2ccc(cc2)S(=O)(=O)c2ccc(cc2)n2nc(*)c3c(c2=O)cccc3)c(=O)c2c1cccc2,279.0
*c1ccc(cc1)Sc1ccc(cc1)n1c(=O)c2c(c1=O)cc1c(c2)c(=O)n(c1=O)*,400.0
*c1ccc(cc1)Sc1ccc(cc1)n1c(=O)c2c(c1=O)sc1c(s2)c(=O)n(c1=O)*,238.0
*c1ccc(cc1)Sc1ccc(s1)Sc1ccc(cc1)N1C(=O)c2c(C1=O)cc(cc2)Oc1ccc2c(c1)C(=O)N(C2=O)*,218.0
*c1ccc(cc1)Sc1ccc(s1)Sc1ccc(cc1)N1C(=O)c2c(C1=O)cc(cc2)Sc1ccc(cc1)Sc1ccc(cc1)Sc1ccc2c(c1)C(=O)N(C2=O)*,185.5
*c1ccc(cc1)Sc1ccc(s1)Sc1ccc(s1)Sc1ccc(s1)Sc1ccc(cc1)N1C(=O)c2c(C1=O)cc(cc2)Oc1ccc2c(c1)C(=O)N(C2=O)*,158.5
*c1ccc(cc1)Sc1ccc(s1)Sc1ccc(s1)Sc1ccc(s1)Sc1ccc(cc1)N1C(=O)c2c(C1=O)cc(cc2)Sc1ccc(cc1)Sc1ccc(cc1)Sc1ccc2c(c1)C(=O)N(C2=O)*,177.0
*c1ccc(cc1)Sc1ccc2c(c1)Sc1c(S2)cc(cc1)Sc1ccc(cc1)N1C(=O)C2C(C1=O)CC1C(C2)C(=O)N(C1=O)*,254.75
*c1ccc(cc1)Sc1cccc(c1)Sc1ccc(cc1)S(=O)*,121.0
*c1ccc(cc1)[Si](c1ccccc1)(c1ccccc1)c1ccc(cc1)c1nnc(o1)*,262.0
*c1ccc(cc1)[Si](c1ccccc1)(c1ccccc1)c1ccc(cc1)c1nnc(o1)c1ccc(c2c1cccc2)c1nnc(o1)*,273.0
*c1ccc(cc1)[Si](c1ccccc1)(c1ccccc1)c1ccc(cc1)c1nnc(o1)c1ccc(cc1)c1nnc(o1)*,274.0
*c1ccc(cc1)[Si](c1ccccc1)(c1ccccc1)c1ccc(cc1)c1nnc(o1)c1ccc(nc1)c1nnc(o1)*,272.0
*c1ccc(cc1)[Si](c1ccccc1)(c1ccccc1)c1ccc(cc1)c1nnc(o1)c1ccc(o1)c1nnc(o1)*,276.0
*c1ccc(cc1)[Si](c1ccccc1)(c1ccccc1)c1ccc(cc1)c1nnc(o1)c1cccc(n1)c1nnc(o1)*,265.0
*c1ccc(cc1)[Si](c1ccccc1)(c1ccccc1)c1ccc(cc1)c1nnc(o1)c1cncc(c1)c1nnc(o1)*,272.0
*c1ccc(cc1)c1c(cc(cc1c1ccc(cc1)c1ccccc1)c1ccc(cc1)OCCCCCCCCCCOc1ccc(cc1)c1cc(c2ccc(cc2)c2ccccc2)c(c(c1)c1ccc(cc1)c1ccccc1)c1ccc(cc1)n1c(=O)c2c(c1=O)cc1c(c2)c(=O)n(c1=O)*)c1ccc(cc1)c1ccccc1,121.0
*c1ccc(cc1)c1c(cc(cc1c1ccc(cc1)c1ccccc1)c1ccc(cc1)OCCCCCCOc1ccc(cc1)c1cc(c2ccc(cc2)c2ccccc2)c(c(c1)c1ccc(cc1)c1ccccc1)c1ccc(cc1)n1c(=O)c2c(c1=O)cc1c(c2)c(=O)n(c1=O)*)c1ccc(cc1)c1ccccc1,128.5
*c1ccc(cc1)c1c(nc2c(c1c1ccccc1)cc(cc2)Oc1ccc2c(c1)c(c1ccccc1)c(c(n2)c1ccccc1)*)c1ccccc1,311.0
*c1ccc(cc1)c1c(nc2c(c1c1ccccc1)cc(cc2)c1ccc2c(c1)c(c1ccccc1)c(c(n2)c1ccccc1)*)c1ccccc1,370.0
*c1ccc(cc1)c1cc(c(c(c1)C(C)(C)C)Oc1ccc(cc1)N1C(=O)c2c(C1=O)cc(cc2)Oc1ccc2c(c1)C(=O)N(C2=O)*)C(C)(C)C,342.0
*c1ccc(cc1)c1cc(c(c(c1)C(C)(C)C)Oc1ccc(cc1)N1C(=O)c2c(C1=O)cc(cc2)S(=O)(=O)c1ccc2c(c1)C(=O)N(C2=O)*)C(C)(C)C,354.5
*c1ccc(cc1)c1cc(c(c(c1)C(C)(C)C)Oc1ccc(cc1)N1C(=O)c2c(C1=O)cc(cc2)c1ccc2c(c1)C(=O)N(C2=O)*)C(C)(C)C,381.5
*c1ccc(cc1)c1cc(c(c(c1)C(C)(C)C)Oc1ccc(cc1)n1c(=O)c2c(c1=O)cc1c(c2)c(=O)n(c1=O)*)C(C)(C)C,398.5
*c1ccc(cc1)c1cc(c(c(c1)C(C)(C)C)Oc1ccc(cc1C(F)(F)F)N1C(=O)c2c(C1=O)cc(cc2)Oc1ccc2c(c1)C(=O)N(C2=O)*)C(C)(C)C,353.0
*c1ccc(cc1)c1cc(c(c(c1)C(C)(C)C)Oc1ccc(cc1C(F)(F)F)N1C(=O)c2c(C1=O)cc(cc2)S(=O)(=O)c1ccc2c(c1)C(=O)N(C2=O)*)C(C)(C)C,365.5
*c1ccc(cc1)c1cc(c(c(c1)C(C)(C)C)Oc1ccc(cc1C(F)(F)F)N1C(=O)c2c(C1=O)cc(cc2)c1ccc2c(c1)C(=O)N(C2=O)*)C(C)(C)C,389.0
*c1ccc(cc1)c1cc(c(c(c1)C(C)(C)C)Oc1ccc(cc1C(F)(F)F)N1C(=O)c2ccc3c4c2c(C1=O)ccc4C(=O)N(C3=O)*)C(C)(C)C,456.0
*c1ccc(cc1)c1cc(c(c(c1)C(C)(C)C)Oc1ccc(cc1C(F)(F)F)n1c(=O)c2c(c1=O)cc1c(c2)c(=O)n(c1=O)*)C(C)(C)C,420.0
*c1ccc(cc1)c1cc2c(cc1c1ccc(cc1)N(c1ccc(cc1)C)*)ccc1c2cccc1,126.0
*c1ccc(cc1)c1ccc(c(c1)C(F)(F)F)Oc1ccc(cc1)C1(C)CC(c2c1cc(cc2)Oc1ccc(cc1C(F)(F)F)c1ccc(cc1)N1C(=O)c2c(C1=O)cc(cc2)Oc1ccc(cc1)C(c1ccc(cc1)Oc1ccc2c(c1)C(=O)N(C2=O)*)(C)C)(C)C,241.0
*c1ccc(cc1)c1ccc(c(c1)C(F)(F)F)Oc1ccc(cc1)C1(C)CC(c2c1cc(cc2)Oc1ccc(cc1C(F)(F)F)c1ccc(cc1)N1C(=O)c2c(C1=O)cc(cc2)Oc1ccc2c(c1)C(=O)N(C2=O)*)(C)C,249.0
*c1ccc(cc1)c1ccc(c(c1)C(F)(F)F)Oc1ccc(cc1)C1(C)CC(c2c1cc(cc2)Oc1ccc(cc1C(F)(F)F)c1ccc(cc1)n1c(=O)c2c(c1=O)cc1c(c2)c(=O)n(c1=O)*)(C)C,265.0
*c1ccc(cc1)c1ccc(c2c1c(C)ccc2C)c1ccc(c2c1c(C)ccc2C)c1ccc(cc1)N(c1ccc(cc1)C)*,148.0
*c1ccc(cc1)c1ccc(cc1)C(=Cc1ccc(cc1)C=C(c1ccccc1)*)c1ccccc1,220.0
*c1ccc(cc1)c1ccc(cc1)C(=Nc1ccccc1)*,225.0
*c1ccc(cc1)c1ccc(cc1)C1(*)CCCCC1,287.0
*c1ccc(cc1)c1ccc(cc1)C1(*)OC(=O)c2c1cccc2,410.0
*c1ccc(cc1)c1ccc(cc1)C1(*)c2ccccc2-c2c1cccc2,297.0
*c1ccc(cc1)c1ccc(cc1)N(c1cc(cc(c1)C(F)(F)F)C(F)(F)F)*,209.0
*c1ccc(cc1)c1ccc(cc1)N(c1ccc(cc1)C(F)(F)F)*,225.0
*c1ccc(cc1)c1ccc(cc1)N(c1ccc(cc1)C)*,85.0
*c1ccc(cc1)c1ccc(cc1)N1C(=O)c2c(C1=O)c(c1ccccc1)c(c(c2c1ccccc1)c1ccc(cc1)Oc1ccc(cc1)c1c(c2ccccc2)c(c2ccccc2)c2c(c1c1ccccc1)C(=O)N(C2=O)*)c1ccccc1,399.0
*c1ccc(cc1)c1ccc(cc1)N1C(=O)c2c(C1=O)cc(cc2)Oc1ccc(cc1)Oc1ccc2c(c1)C(=O)N(C2=O)*,266.0
*c1ccc(cc1)c1ccc(cc1)N1C(=O)c2c(C1=O)cc(cc2)Oc1ccc(cc1)Sc1ccc(cc1)Oc1ccc2c(c1)C(=O)N(C2=O)*,257.0
*c1ccc(cc1)c1ccc(cc1)N1C(=O)c2c(C1=O)ccc(c2)Oc1ccc2c(c1)C(=O)N(C2=O)*,286.0
*c1ccc(cc1)c1ccc(cc1)NC(=O)c1cccc(c1)C(=O)Nc1ccc(cc1)c1ccc(cc1)N1C(=O)c2c(C1=O)cc(cc2)Oc1ccc2c(c1)C(=O)N(C2=O)*,233.0
*c1ccc(cc1)c1ccc(cc1)NC(=O)c1cccc(c1)C(=O)Nc1ccc(cc1)c1ccc(cc1)N1C(=O)c2c(C1=O)cc(cc2)c1ccc2c(c1)C(=O)N(C2=O)*,230.0
*c1ccc(cc1)c1ccc(cc1)NC(=O)c1cccc(c1)C(=O)Nc1ccc(cc1)c1ccc(cc1)n1c(=O)c2c(c1=O)cc1c(c2)c(=O)n(c1=O)*,227.0
*c1ccc(cc1)c1ccc(cc1)c1c(nc2c(c1c1ccccc1)cc(cc2)Oc1ccc2c(c1)c(c1ccccc1)c(c(n2)c1ccccc1)*)c1ccccc1,330.0
*c1ccc(cc1)c1ccc(cc1)c1c(nc2c(c1c1ccccc1)cc(cc2)c1ccc2c(c1)c(c1ccccc1)c(c(n2)c1ccccc1)*)c1ccccc1,405.0
*c1ccc(cc1)c1ccc(cc1)c1ccc(cc1)c1ccc(cc1)c1ccc2c(c1)C(=O)N(C2=O)c1ccc(cc1)Oc1ccc(cc1)C(c1ccc(cc1)Oc1ccc(cc1)N1C(=O)c2c(C1=O)cc(cc2)*)(C)C,236.0
*c1ccc(cc1)c1ccc(cc1)c1ccc(cc1)c1ccc(cc1)c1ccc2c(c1)C(=O)N(C2=O)c1ccc(cc1)Oc1ccc(cc1)N1C(=O)c2c(C1=O)cc(cc2)*,244.0
*c1ccc(cc1)c1ccc(cc1)c1ccc(cc1)c1ccc(cc1)c1ccc2c(c1)C(=O)N(C2=O)c1ccc(cc1)Oc1ccc(cc1)c1ccc(cc1)Oc1ccc(cc1)N1C(=O)c2c(C1=O)cc(cc2)*,232.0
*c1ccc(cc1)c1ccc(cc1)c1ccc(cc1)c1ccc(cc1)c1ccc2c(c1)C(=O)N(C2=O)c1cccc(c1)N1C(=O)c2c(C1=O)cc(cc2)*,237.0
*c1ccc(cc1)c1ccc(cc1)c1ccc(cc1)c1ccc(cc1)c1nc2ccc(cc2c(c1)c1ccccc1)Oc1ccc2c(c1)c(cc(n2)*)c1ccccc1,305.0
*c1ccc(cc1)c1ccc(cc1)c1ccc(cc1)c1ccc(cc1)c1nc2ccc(cc2c(c1)c1ccccc1)c1ccc2c(c1)c(cc(n2)*)c1ccccc1,355.0
*c1ccc(cc1)c1ccc(cc1)c1ccc(cc1)c1cnc2c(n1)cc(cc2)c1ccc2c(c1)nc(cn2)*,305.0
*c1ccc(cc1)c1ccc(cc1)c1ccc(cc1)c1nc2ccc(cc2c(c1)c1ccccc1)Oc1ccc2c(c1)c(cc(n2)*)c1ccccc1,280.0
*c1ccc(cc1)c1ccc(cc1)c1ccc(cc1)c1nc2ccc(cc2c(c1)c1ccccc1)c1ccc2c(c1)c(cc(n2)*)c1ccccc1,350.0
*c1ccc(cc1)c1ccc(cc1)c1ccc(cc1)n1c(=O)c2c(c1=O)c(c1c(c2)c(=O)n(c1=O)*)C(F)(F)F,364.0
*c1ccc(cc1)c1ccc(cc1)c1ccc(cc1)n1c(=O)c2c(c1=O)c(c1c(c2C(F)(F)F)c(=O)n(c1=O)*)C(F)(F)F,364.0
*c1ccc(cc1)c1ccc(cc1)c1ccc2c(c1)c(cc(n2)Oc1nc2ccc(cc2c(c1)c1ccccc1)*)c1ccccc1,308.0
*c1ccc(cc1)c1ccc(cc1)c1cnc2c(n1)ccc(c2)Oc1ccc2c(c1)ncc(n2)*,390.0
*c1ccc(cc1)c1ccc(cc1)c1cnc2c(n1)ccc(c2)c1ccc2c(c1)ncc(n2)*,345.5
*c1ccc(cc1)c1ccc(cc1)c1nc2cc(ccc2nc1c1ccccc1)Oc1ccc(cc1)NC(=O)c1ccc2c(c1)C(=O)N(C2=O)c1ccc(cc1)C(C(F)(F)F)(C(F)(F)F)c1ccc(cc1)N1C(=O)c2c(C1=O)cc(cc2)C(=O)Nc1ccc(cc1)Oc1ccc2c(c1)nc(c(n2)c1ccccc1)*,290.0
*c1ccc(cc1)c1ccc(cc1)c1nc2cc(ccc2nc1c1ccccc1)Oc1ccc2c(c1)nc(c(n2)c1ccccc1)*,410.0
*c1ccc(cc1)c1ccc(cc1)c1nc2cc3c(cc2c(c1)c1ccccc1)nc(cc3c1ccccc1)*,383.0
*c1ccc(cc1)c1ccc(cc1)c1nc2cc3nc(*)cc(c3cc2c(c1)c1ccccc1)c1ccccc1,392.0
*c1ccc(cc1)c1ccc(cc1)c1nc2ccc(cc2c(c1)c1ccc(cc1)Oc1ccc(cc1)Oc1ccccc1)c1ccc2c(c1)c(cc(n2)*)c1ccc(cc1)Oc1ccc(cc1)Oc1ccccc1,348.0
*c1ccc(cc1)c1ccc(cc1)c1nc2ccc(cc2c(c1)c1ccc(cc1)Oc1ccc(cc1)c1ccccc1)c1ccc2c(c1)c(cc(n2)*)c1ccc(cc1)Oc1ccc(cc1)c1ccccc1,307.0
*c1ccc(cc1)c1ccc(cc1)c1nc2ccc(cc2c(c1)c1ccc(cc1)c1ccc(cc1)Oc1ccccc1)c1ccc2c(c1)c(cc(n2)*)c1ccc(cc1)c1ccc(cc1)Oc1ccccc1,342.0
*c1ccc(cc1)c1ccc(cc1)c1nc2ccc(cc2c(c1)c1ccccc1)C1(c2ccc3c(c2)c(cc(n3)*)c2ccccc2)c2ccccc2-c2c1cccc2,380.0
*c1ccc(cc1)c1ccc(cc1)c1nc2ccc(cc2c(c1)c1ccccc1)C1(c2ccc3c(c2)c(cc(n3)*)c2ccccc2)c2ccccc2C(=O)c2c1cccc2,350.0
*c1ccc(cc1)c1ccc(cc1)c1nc2ccc(cc2c(c1)c1ccccc1)c1ccc2c(c1)c(cc(n2)*)c1ccccc1,350.0
*c1ccc(cc1)c1ccc(cc1)c1nc2ccc(cc2c(c1c1ccccc1)c1ccccc1)Oc1ccc2c(c1)c(c1ccccc1)c(c(n2)*)c1ccccc1,351.0
*c1ccc(cc1)c1ccc(cc1)c1nc2ccc(cc2c(c1c1ccccc1)c1ccccc1)c1ccc2c(c1)c(c1ccccc1)c(c(n2)*)c1ccccc1,365.0
*c1ccc(cc1)c1ccc(cc1)c1nc2ccc(cc2nc1c1ccccc1)c1ccc2c(c1)nc(c(n2)*)c1ccccc1,404.0
*c1ccc(cc1)c1ccc(cc1)c1nc2ccccc2c(c1)c1ccc(cc1)Oc1ccc(cc1)c1cc(*)nc2c1cccc2,326.0
*c1ccc(cc1)c1ccc(cc1)c1nc2ccccc2c(c1c1ccccc1)c1ccc(cc1)Oc1ccc(cc1)c1c(c2ccccc2)c(*)nc2c1cccc2,345.0
*c1ccc(cc1)c1ccc(cc1)c1nnc(o1)c1ccc(cc1)[Si](c1ccc(cc1)c1nnc(o1)*)(c1ccccc1)c1ccccc1,278.0
*c1ccc(cc1)c1ccc(cc1)n1c(nc2c1cccc2)c1ccc(cc1)Oc1ccc(cc1)C(=O)c1ccc(cc1)C(=O)c1ccc(cc1)Oc1ccc(cc1)c1nc2c(n1*)cccc2,259.0
*c1ccc(cc1)c1ccc(cc1)n1c(nc2c1cccc2)c1ccc(cc1)Oc1ccc(cc1)C(=O)c1ccc(cc1)Oc1ccc(cc1)C(=O)c1ccc(cc1)Oc1ccc(cc1)c1nc2c(n1*)cccc2,243.0
*c1ccc(cc1)c1ccc(cc1)n1c(nc2c1cccc2)c1ccc(cc1)Oc1ccc(cc1)C(=O)c1ccc(cc1)Oc1ccc(cc1)c1nc2c(n1*)cccc2,268.0
*c1ccc(cc1)c1ccc(cc1)n1c(nc2c1cccc2)c1ccc(cc1)Oc1ccc(cc1)C(=O)c1cccc(c1)C(=O)c1ccc(cc1)Oc1ccc(cc1)c1nc2c(n1*)cccc2,240.0
*c1ccc(cc1)c1ccc(cc1)n1c(nc2c1cccc2)c1ccc(cc1)Oc1ccc(cc1)S(=O)(=O)c1ccc(cc1)Oc1ccc(cc1)c1nc2c(n1*)cccc2,289.0
*c1ccc(cc1)c1ccc2c(c1)c(cc(n2)*)c1ccccc1,383.0
*c1ccc(cc1)c1ccc2c(c1)c(cc(n2)Oc1nc2ccc(cc2c(c1)c1ccccc1)*)c1ccccc1,300.0
*c1ccc(cc1)c1cnc(nc1)c1ccc(cc1)N1C(=O)c2c(C1=O)cc(cc2)c1ccc2c(c1)C(=O)N(C2=O)*,288.9
*c1ccc(cc1)c1cnc2c(n1)cc(cc2)Oc1ccc2c(c1)nc(cn2)*,306.0
*c1ccc(cc1)c1cnc2c(n1)cc(cc2)S(=O)(=O)c1ccc2c(c1)nc(cn2)*,342.0
*c1ccc(cc1)c1cnc2c(n1)cc(cc2)c1ccc2c(c1)nc(cn2)*,376.0
*c1ccc(cc1)c1cnc2c(n1)cc(cc2)c1ccc2c(c1)ncc(n2)*,376.0
*c1ccc(cc1)c1cnc2c(n1)cc1c(c2)nc(cn1)*,392.0
*c1ccc(cc1)c1cnc2c(n1)cc1c(c2)ncc(n1)*,392.0
*c1ccc(cc1)c1cnc2c(n1)ccc(c2)Oc1ccc2c(c1)ncc(n2)*,306.0
*c1ccc(cc1)c1cnc2c(n1)ccc(c2)S(=O)(=O)c1ccc2c(c1)ncc(n2)*,342.0
*c1ccc(cc1)c1cnc2c(n1)ccc(c2)c1ccc2c(c1)ncc(n2)*,350.0
*c1ccc(cc1)c1nc(cc(c1)c1ccc(cc1)c1ccccc1)c1ccc(cc1)N1C(=O)c2c(C1=O)cc(cc2)NC(=O)Nc1cccc(n1)NC(=O)Nc1ccc2c(c1)C(=O)N(C2=O)*,248.0
*c1ccc(cc1)c1nc(cc(c1)c1ccc(cc1)c1ccccc1)c1ccc(cc1)N1C(=O)c2c(C1=O)cc(cc2)NC(=O)Nc1cccc2c1cccc2NC(=O)Nc1ccc2c(c1)C(=O)N(C2=O)*,254.0
*c1ccc(cc1)c1nc(nnc1c1ccccc1)c1cccc(n1)c1nnc(c(n1)*)c1ccccc1,260.0
*c1ccc(cc1)c1nc2c(o1)ccc(c2)c1ccc2c(c1)nc(o2)*,430.0
*c1ccc(cc1)c1nc2cc(ccc2nc1c1ccc2c(c1)cccc2)c1ccc2c(c1)nc(c(n2)*)c1ccc2c(c1)cccc2,333.0
*c1ccc(cc1)c1nc2cc(ccc2nc1c1ccccc1)C(=O)c1ccc2c(c1)nc(c(n2)c1ccccc1)c1ccc(cc1)N1C(=O)C2C(C1=O)C1C(O2)C(=O)N(C1=O)*,255.0
*c1ccc(cc1)c1nc2cc(ccc2nc1c1ccccc1)C(=O)c1ccc2c(c1)nc(c(n2)c1ccccc1)c1ccc(cc1)n1c(=O)c2c(c1=O)cc1c(c2)c(=O)n(c1=O)*,240.0
*c1ccc(cc1)c1nc2cc(ccc2nc1c1ccccc1)Oc1ccc(cc1)NC(=O)CN1C(=O)c2c(C1=O)ccc(c2)C(C(F)(F)F)(C(F)(F)F)c1ccc2c(c1)C(=O)N(C2=O)CC(=O)Nc1ccc(cc1)Oc1ccc2c(c1)nc(c(n2)c1ccccc1)*,280.0
*c1ccc(cc1)c1nc2cc(ccc2nc1c1ccccc1)Oc1ccc(cc1)NC(=O)c1cc(cc(c1)N1C(=O)c2c(C1=O)c(Cl)c(c(c2Cl)Cl)Cl)C(=O)Nc1ccc(cc1)Oc1ccc2c(c1)nc(c(n2)c1ccccc1)c1ccc(cc1)N1C(=O)c2ccc3c4c2c(C1=O)ccc4C(=O)N(C3=O)*,345.0
*c1ccc(cc1)c1nc2cc(ccc2nc1c1ccccc1)Oc1ccc(cc1)NC(=O)c1cc(cc(c1)N1C(=O)c2c(C1=O)cccc2)C(=O)Nc1ccc(cc1)Oc1ccc2c(c1)nc(c(n2)c1ccccc1)*,302.0
*c1ccc(cc1)c1nc2cc(ccc2nc1c1ccccc1)Oc1ccc(cc1)NC(=O)c1cc(cc(c1)N1C(=O)c2c(C1=O)cccc2)C(=O)Nc1ccc(cc1)Oc1ccc2c(c1)nc(c(n2)c1ccccc1)c1ccc(cc1)N1C(=O)c2ccc3c4c2c(C1=O)ccc4C(=O)N(C3=O)*,345.0
*c1ccc(cc1)c1nc2cc(ccc2nc1c1ccccc1)Oc1ccc(cc1)NC(=O)c1ccc2c(c1)C(=O)N(C2=O)c1ccc(cc1)C(C(F)(F)F)(C(F)(F)F)c1ccc(cc1)N1C(=O)c2c(C1=O)ccc(c2)C(=O)Nc1ccc(cc1)Oc1ccc2c(c1)nc(c(n2)c1ccccc1)*,293.0
*c1ccc(cc1)c1nc2cc(ccc2nc1c1ccccc1)Oc1ccc2c(c1)nc(c(n2)*)c1ccccc1,326.0
*c1ccc(cc1)c1nc2cc(ccc2nc1c1ccccc1)Oc1ccc2c(c1)nc(c(n2)c1ccccc1)*,298.0
*c1ccc(cc1)c1nc2cc(ccc2nc1c1ccccc1)Oc1ccc2c(c1)nc(c(n2)c1ccccc1)c1ccc(cc1)n1c(=O)c2c(c1=O)cc1c(c2)c(=O)n(c1=O)*,274.0
*c1ccc(cc1)c1nc2cc(ccc2nc1c1ccccc1)S(=O)(=O)c1ccc2c(c1)nc(c(n2)*)c1ccccc1,277.5
*c1ccc(cc1)c1nc2cc(ccc2nc1c1ccccc1)S(=O)(=O)c1ccc2c(c1)nc(c(n2)c1ccccc1)*,345.0
*c1ccc(cc1)c1nc2cc(ccc2nc1c1ccccc1)S(=O)(=O)c1ccc2c(c1)nc(c(n2)c1ccccc1)c1ccc(cc1)n1c(=O)c2c(c1=O)cc1c(c2)c(=O)n(c1=O)*,186.0
*c1ccc(cc1)c1nc2cc(ccc2nc1c1ccccc1)c1ccc2c(c1)nc(c(n2)*)c1ccccc1,375.5
*c1ccc(cc1)c1nc2cc(ccc2nc1c1ccccc1)c1ccc2c(c1)nc(c(n2)c1ccccc1)*,368.5
*c1ccc(cc1)c1nc2cc(ccc2nc1c1ccccc1)c1ccc2c(c1)nc(c(n2)c1ccccc1)c1ccc(cc1)N1C(=O)C2C(C1=O)C1C(O2)C(=O)N(C1=O)*,230.0
*c1ccc(cc1)c1nc2cc(ccc2nc1c1ccccc1)c1ccc2c(c1)nc(c(n2)c1ccccc1)c1ccc(cc1)n1c(=O)c2c(c1=O)cc1c(c2)c(=O)n(c1=O)*,217.0
*c1ccc(cc1)c1nc2cc3nc(*)c(nc3cc2nc1c1ccccc1)c1ccccc1,395.0
*c1ccc(cc1)c1nc2cc3nc(c4ccccc4)c(nc3cc2nc1c1ccccc1)*,395.0
*c1ccc(cc1)c1nc2ccc(cc2c(c1)c1ccccc1)c1ccc2c(c1)c(cc(n2)*)c1ccccc1,365.0
*c1ccc(cc1)c1nc2ccc(cc2c(c1c1ccccc1)c1ccccc1)Oc1ccc2c(c1)c(c1ccccc1)c(c(n2)*)c1ccccc1,345.0
*c1ccc(cc1)c1nc2ccc(cc2c(c1c1ccccc1)c1ccccc1)c1ccc2c(c1)c(c1ccccc1)c(c(n2)*)c1ccccc1,370.0
*c1ccc(cc1)c1nc2ccc(cc2nc1c1ccccc1)Oc1ccc(cc1)Oc1ccc(cc1)P(=O)(c1ccc(cc1)Oc1ccc(cc1)Oc1ccc2c(c1)nc(c(n2)*)c1ccccc1)c1ccccc1,248.0
*c1ccc(cc1)c1nc2ccc(cc2nc1c1ccccc1)Oc1ccc2c(c1)nc(c(n2)*)c1ccccc1,304.0
*c1ccc(cc1)c1nc2ccc(cc2nc1c1ccccc1)S(=O)(=O)c1ccc2c(c1)nc(c(n2)*)c1ccccc1,345.0
*c1ccc(cc1)c1nc2ccc(cc2nc1c1ccccc1)c1ccc2c(c1)nc(c(n2)*)c1ccccc1,354.5
*c1ccc(cc1)c1nnc(n1c1ccccc1)c1cccc(c1)c1nnc(n1c1ccccc1)*,265.0
*c1ccc(cc1)c1nnc(o1)c1cccc(c1)c1nnc(o1)*,277.0
*c1ccc(cc1)c1sc(c(c1c1ccccc1)c1ccccc1)c1ccc(cc1)n1c(=O)c2c(c1=O)cc1c(c2)c(=O)n(c1=O)*,460.0
*c1ccc(cc1)n1c(=O)c2c(c1=O)cc1c(c2)c(=O)n(c1=O)*,419.5
*c1ccc(cc1)n1ccc(n1)c1ccc(cc1)c1ccn(n1)*,75.0
*c1ccc(cc1)n1ccc(n1)c1cccc(c1)c1ccn(n1)*,75.0
*c1ccc(cc1C(C)(C)C)Cc1ccc(c(c1)C(C)(C)C)n1c(=O)c2c(c1=O)cc1c(c2)c(=O)n(c1=O)*,217.0
*c1ccc(nc1)Sc1ccc(cn1)n1c(=O)c2c(c1=O)cc1c(c2)c(=O)n(c1=O)*,359.0
*c1ccc(s1)*,89.35
*c1ccc(s1)Oc1ccc(cc1)C(c1ccc(cc1)Oc1ccc(cc1)C(=O)*)(C)C,151.0
*c1ccc(s1)Oc1ccc(cc1)C(c1ccc(cc1)Oc1ccc(cc1)S(=O)(=O)*)(C)C,160.0
*c1ccc(s1)Oc1ccc(cc1)C(c1ccc(cc1)Oc1ccc(s1)C(=O)*)(C)C,124.0
*c1ccc(s1)Oc1ccc(cc1)C(c1ccc(cc1)Oc1ccc(s1)C(=O)c1ccc(cc1)C(=O)*)(C)C,154.0
*c1ccc(s1)Oc1ccc(cc1)C1(c2ccc(cc2)Oc2ccc(cc2)C(=O)*)c2ccccc2-c2c1cccc2,195.0
*c1ccc(s1)[Si](C)(C)*,21.0
*c1ccc(s1)[Si]([Si](C)(C)*)(C)C,15.0
*c1ccc(s1)c1ccc(s1)[Si](C)(C)*,45.0
*c1ccc(s1)c1ccc(s1)[Si]([Si](C)(C)*)(C)C,45.0
*c1ccc(s1)c1ccc(s1)c1ccc(s1)[Si](C)(C)*,45.0
*c1ccc(s1)c1ccc(s1)c1ccc(s1)[Si]([Si](C)(C)*)(C)C,45.0
*c1ccc(s1)c1ccccc1NC(=O)c1ccc(cc1)[Si](c1ccc(cc1)C(=O)Nc1ccccc1*)(C)C,157.0
*c1ccc(s1)c1ccccc1NC(=O)c1ccc(cc1)[Si](c1ccc(cc1)C(=O)Nc1ccccc1*)(c1ccccc1)C,178.0
*c1ccc(s1)c1ccccc1NC(=O)c1ccc(cc1)[Si](c1ccc(cc1)C(=O)Nc1ccccc1*)(c1ccccc1)c1ccccc1,159.0
*c1ccc2-c3c(Cc2c1)cc(cc3)n1c(=O)c2c(c1=O)cc1c(c2)c(=O)n(c1=O)*,322.0
*c1ccc2c(c1)C(*)(C)CC2(C)C,210.0
*c1ccc2c(c1)C(=Nc1ccc(cc1)Oc1ccc(cc1)C(C(F)(F)F)(C(F)(F)F)c1ccc(cc1)Oc1ccc(cc1)N=C1OC(=O)c3c1cc(cc3)C(=O)*)OC2=O,248.0
*c1ccc2c(c1)C(=Nc1cccc(c1)Oc1ccc(cc1)N=C1OC(=O)c3c1cc(cc3)C(=O)*)OC2=O,253.0
*c1ccc2c(c1)C(=Nc1cccc(c1)Oc1cccc(c1)Oc1cccc(c1)N=C1OC(=O)c3c1cc(cc3)C(=O)*)OC2=O,190.0
*c1ccc2c(c1)C(=O)N(C2=O)C1CC(=O)N(C1=O)c1cccc2c1c(ccc2)NC(=O)*,193.0
*c1ccc2c(c1)C(=O)N(C2=O)C1CC(C)(CN2C(=O)c3c(C2=O)cc(cc3)C(=O)*)CC(C1)(C)C,275.0
*c1ccc2c(c1)C(=O)N(C2=O)C1CC(C)(CN2C(=O)c3c(C2=O)cc(cc3)C(C(F)(F)F)(C(F)(F)F)*)CC(C1)(C)C,278.0
*c1ccc2c(c1)C(=O)N(C2=O)C1CCC(CC1)CC1CCC(CC1)N1C(=O)c2c(C1=O)cc(cc2)C(=O)*,254.0
*c1ccc2c(c1)C(=O)N(C2=O)C1CCC(CC1)CC1CCC(CC1)N1C(=O)c2c(C1=O)cc(cc2)C(C(F)(F)F)(C(F)(F)F)*,265.0
*c1ccc2c(c1)C(=O)N(C2=O)C1CCC(CC1)N1C(=O)c2c(C1=O)cc(cc2)C(C(F)(F)F)(C(F)(F)F)*,346.5
*c1ccc2c(c1)C(=O)N(C2=O)C1CCC(CC1C)CC1CCC(C(C1)C)N1C(=O)c2c(C1=O)cc(cc2)C(=O)*,240.0
*c1ccc2c(c1)C(=O)N(C2=O)C1CCC(CC1C)CC1CCC(C(C1)C)N1C(=O)c2c(C1=O)cc(cc2)C(C(F)(F)F)(C(F)(F)F)*,225.0
*c1ccc2c(c1)C(=O)N(C2=O)c1c(C)c(C)c(c(c1C)C)N1C(=O)c2c(C1=O)cc(cc2)C(C(F)(F)F)(C(F)(F)F)*,420.0
*c1ccc2c(c1)C(=O)N(C2=O)c1c(C)cc(c(c1C)C(=O)c1cccc(c1)N1C(=O)c2c(C1=O)cc(cc2)C(=O)*)C,300.0
*c1ccc2c(c1)C(=O)N(C2=O)c1c(C)cc(c(c1C)C(=O)c1cccc(c1)N1C(=O)c2c(C1=O)cc(cc2)C(C(F)(F)F)(C(F)(F)F)*)C,280.0
*c1ccc2c(c1)C(=O)N(C2=O)c1c(C)cc(c(c1C)N1C(=O)c2c(C1=O)cc(cc2)C(=O)*)C,397.0
*c1ccc2c(c1)C(=O)N(C2=O)c1c(C)cc(c(c1C)N1C(=O)c2c(C1=O)cc(cc2)C(=O)Nc1c(C)cc(c(c1C)NC(=O)*)C)C,288.0
*c1ccc2c(c1)C(=O)N(C2=O)c1c(C)cc(c(c1C)N1C(=O)c2c(C1=O)cc(cc2)C(C(F)(F)F)(C(F)(F)F)*)C,377.0
*c1ccc2c(c1)C(=O)N(C2=O)c1c(C)cc(c2c1cccc2)c1cc(C)c(c2c1cccc2)N1C(=O)c2c(C1=O)cc(cc2)C(C(F)(F)F)(C(F)(F)F)*,403.0
*c1ccc2c(c1)C(=O)N(C2=O)c1c(C)cc(cc1C(C)C)C(C(F)(F)F)(c1cc(C)c(c(c1)C(C)C)N1C(=O)c2c(C1=O)cc(cc2)C(C(F)(F)F)(C(F)(F)F)*)c1ccccc1,289.0
*c1ccc2c(c1)C(=O)N(C2=O)c1c(C)cc(cc1C(C)C)C1(c2cc(C)c(c(c2)C(C)C)N2C(=O)c3c(C2=O)cc(cc3)C(C(F)(F)F)(C(F)(F)F)*)c2ccccc2-c2c1cccc2,335.0
*c1ccc2c(c1)C(=O)N(C2=O)c1c(C)cc(cc1C(C)C)Cc1cc(C)c(c(c1)C(C)C)N1C(=O)c2c(C1=O)cc(cc2)C(C(F)(F)F)(C(F)(F)F)*,276.0
*c1ccc2c(c1)C(=O)N(C2=O)c1c(C)cc(cc1C)C(c1cc(cc(c1)C(F)(F)F)C(F)(F)F)c1cc(C)c(c(c1)C)N1C(=O)c2c(C1=O)cc(cc2)C(=O)*,301.1
*c1ccc2c(c1)C(=O)N(C2=O)c1c(C)cc(cc1C)C(c1cc(cc(c1)C(F)(F)F)C(F)(F)F)c1cc(C)c(c(c1)C)N1C(=O)c2c(C1=O)cc(cc2)C(C(F)(F)F)(C(F)(F)F)*,288.0
*c1ccc2c(c1)C(=O)N(C2=O)c1c(C)cc(cc1C)C(c1cccc(c1)C(F)(F)F)c1cc(C)c(c(c1)C)N1C(=O)c2c(C1=O)cc(cc2)C(=O)*,285.0
*c1ccc2c(c1)C(=O)N(C2=O)c1c(C)cc(cc1C)C(c1cccc(c1)C(F)(F)F)c1cc(C)c(c(c1)C)N1C(=O)c2c(C1=O)cc(cc2)C(C(F)(F)F)(C(F)(F)F)*,286.1
*c1ccc2c(c1)C(=O)N(C2=O)c1c(C)cc(cc1C)C(c1cccc2c1cccc2)c1cc(C)c(c(c1)C)N1C(=O)c2c(C1=O)cc(cc2)C(=O)*,304.0
*c1ccc2c(c1)C(=O)N(C2=O)c1c(C)cc(cc1C)C(c1cccc2c1cccc2)c1cc(C)c(c(c1)C)N1C(=O)c2c(C1=O)cc(cc2)C(C(F)(F)F)(C(F)(F)F)*,286.0
*c1ccc2c(c1)C(=O)N(C2=O)c1c(C)cc(cc1C)C1(c2cc(C)c(c(c2)C)N2C(=O)c3c(C2=O)cc(cc3)C(C(F)(F)F)(C(F)(F)F)*)c2ccccc2-c2c1cccc2,361.0
*c1ccc2c(c1)C(=O)N(C2=O)c1c(C)cc(cc1C)Cc1cc(C)c(c(c1)C)N1C(=O)c2c(C1=O)cc(cc2)C(=O)*,331.0
*c1ccc2c(c1)C(=O)N(C2=O)c1c(C)cc(cc1C)Cc1cc(C)c(c(c1)C)N1C(=O)c2c(C1=O)cc(cc2)C(C(F)(F)F)(C(F)(F)F)*,307.5
*c1ccc2c(c1)C(=O)N(C2=O)c1c(C)cc(cc1C)c1cc(C)c(c(c1)C)N1C(=O)c2c(C1=O)cc(cc2)C(=O)*,310.0
*c1ccc2c(c1)C(=O)N(C2=O)c1c(C)cc(cc1C)c1cc(C)c(c(c1)C)N1C(=O)c2c(C1=O)cc(cc2)C(C(F)(F)F)(C(F)(F)F)*,366.0
*c1ccc2c(c1)C(=O)N(C2=O)c1c(cc(cc1C(C)C)Cc1cc(C(C)C)c(c(c1)C(C)C)N1C(=O)c2c(C1=O)cc(cc2)C(=O)*)C(C)C,263.0
*c1ccc2c(c1)C(=O)N(C2=O)c1c(cc(cc1C(C)C)Cc1cc(C(C)C)c(c(c1)C(C)C)N1C(=O)c2c(C1=O)cc(cc2)C(C(F)(F)F)(C(F)(F)F)*)C(C)C,278.5
*c1ccc2c(c1)C(=O)N(C2=O)c1c(cc(cc1c1ccccc1)c1ccc(cc1)c1cc(c2ccccc2)c(c(c1)c1ccccc1)N1C(=O)c2c(C1=O)cc(cc2)C(=O)*)c1ccccc1,265.0
*c1ccc2c(c1)C(=O)N(C2=O)c1cc(Br)c(c(c1)Br)Oc1c(Br)cc(cc1Br)N1C(=O)c2c(C1=O)cc(cc2)C(=O)*,323.0
*c1ccc2c(c1)C(=O)N(C2=O)c1cc(Br)c(c(c1)Br)Oc1c(Br)cc(cc1Br)N1C(=O)c2c(C1=O)cc(cc2)C(C(F)(F)F)(C(F)(F)F)*,303.0
*c1ccc2c(c1)C(=O)N(C2=O)c1cc(Br)c(c(c1)Br)Oc1ccc(cc1Br)N1C(=O)c2c(C1=O)cc(cc2)C(C(F)(F)F)(C(F)(F)F)*,309.0
*c1ccc2c(c1)C(=O)N(C2=O)c1cc(C)c(c(c1)C)c1c(C)cc(cc1C)N1C(=O)c2c(C1=O)cc(cc2)C(C(F)(F)F)(C(F)(F)F)*,346.0
*c1ccc2c(c1)C(=O)N(C2=O)c1cc(C)c(cc1C)N1C(=O)c2c(C1=O)cc(cc2)C(C(F)(F)F)(C(F)(F)F)*,355.0
*c1ccc2c(c1)C(=O)N(C2=O)c1cc(Oc2c(C)cc(cc2C)c2cc(C)c(c(c2)C)Oc2cc(cc(c2)C(F)(F)F)N2C(=O)c3c(C2=O)cc(cc3)C(=O)*)cc(c1)C(F)(F)F,265.4
*c1ccc2c(c1)C(=O)N(C2=O)c1cc(Oc2c(C)cc(cc2C)c2cc(C)c(c(c2)C)Oc2cc(cc(c2)C(F)(F)F)N2C(=O)c3c(C2=O)cc(cc3)C(C(F)(F)F)(C(F)(F)F)*)cc(c1)C(F)(F)F,264.8
*c1ccc2c(c1)C(=O)N(C2=O)c1cc(c(cc1C)C)N1C(=O)c2c(C1=O)cc(cc2)C(=O)*,305.0
*c1ccc2c(c1)C(=O)N(C2=O)c1cc(c(cc1O)O)N1C(=O)c2c(C1=O)cc(cc2)C(=O)*,324.0
*c1ccc2c(c1)C(=O)N(C2=O)c1cc(c(cc1O)O)N1C(=O)c2c(C1=O)cc(cc2)C(C(F)(F)F)(C(F)(F)F)*,324.0
*c1ccc2c(c1)C(=O)N(C2=O)c1cc(c2ccccc2)c(c(c1)c1ccccc1)Oc1c(cc(cc1c1ccccc1)N1C(=O)c2c(C1=O)cc(cc2)C(C(F)(F)F)(C(F)(F)F)*)c1ccccc1,298.0
*c1ccc2c(c1)C(=O)N(C2=O)c1cc(c2ccccc2)c(c(c1)c1ccccc1)Oc1ccc(cc1c1ccccc1)N1C(=O)c2c(C1=O)cc(cc2)C(C(F)(F)F)(C(F)(F)F)*,306.0
*c1ccc2c(c1)C(=O)N(C2=O)c1cc(cc(c1)C(=O)c1ccccc1)N1C(=O)c2c(C1=O)cc(cc2)C(=O)*,282.0
*c1ccc2c(c1)C(=O)N(C2=O)c1cc(cc(c1)C(F)(F)F)N1C(=O)c2c(C1=O)cc(cc2)C(=O)*,274.0
*c1ccc2c(c1)C(=O)N(C2=O)c1cc(cc(c1)C(F)(F)F)N1C(=O)c2c(C1=O)cc(cc2)C(C(F)(F)F)(C(F)(F)F)*,284.0
*c1ccc2c(c1)C(=O)N(C2=O)c1cc(cc(c1)N1C(=O)c2c(C1=O)cc(cc2)C(=O)*)C(=O)O,294.0
*c1ccc2c(c1)C(=O)N(C2=O)c1cc(cc(c1)N1C(=O)c2c(C1=O)cc(cc2)C(=O)*)c1nnc(o1)c1ccccn1,255.0
*c1ccc2c(c1)C(=O)N(C2=O)c1cc(cc(c1)N1C(=O)c2c(C1=O)cc(cc2)C(C(F)(F)F)(C(F)(F)F)*)C(=O)O,363.0
*c1ccc2c(c1)C(=O)N(C2=O)c1cc(cc(c1)N1C(=O)c2c(C1=O)ccc(c2)C(C(F)(F)F)(C(F)(F)F)*)C(=O)OCCC(C(C(C(C(C(F)(F)F)(F)F)(F)F)(F)F)(F)F)(F)F,205.0
*c1ccc2c(c1)C(=O)N(C2=O)c1cc(cc(c1)c1[nH]c2c(n1)cccc2)N1C(=O)c2c(C1=O)cc(cc2)C(=O)*,197.0
*c1ccc2c(c1)C(=O)N(C2=O)c1cc(cc(c1)c1nc2ccccc2oc1=O)N1C(=O)c2c(C1=O)cc(cc2)C(=O)*,95.0
*c1ccc2c(c1)C(=O)N(C2=O)c1cc(ccc1C)C(=O)Nc1c(C)cc(cc1C)c1cc(C)c(c(c1)C)NC(=O)c1ccc(c(c1)N1C(=O)c2c(C1=O)cc(cc2)C(C(F)(F)F)(C(F)(F)F)*)C,250.0
*c1ccc2c(c1)C(=O)N(C2=O)c1cc(ccc1C)C(=O)Nc1ccc(cc1)C(C(F)(F)F)(C(F)(F)F)c1ccc(cc1)NC(=O)c1ccc(c(c1)N1C(=O)c2c(C1=O)cc(cc2)C(C(F)(F)F)(C(F)(F)F)*)C,337.0
*c1ccc2c(c1)C(=O)N(C2=O)c1cc(ccc1C)C(=O)Nc1cccc2c1cccc2NC(=O)c1ccc(c(c1)N1C(=O)c2c(C1=O)cc(cc2)C(C(F)(F)F)(C(F)(F)F)*)C,250.0
*c1ccc2c(c1)C(=O)N(C2=O)c1cc(ccc1C)C(=O)Oc1ccc(cc1)C(C(F)(F)F)(C(F)(F)F)c1ccc(cc1)OC(=O)c1ccc(c(c1)N1C(=O)c2c(C1=O)cc(cc2)C(C(F)(F)F)(C(F)(F)F)*)C,289.0
*c1ccc2c(c1)C(=O)N(C2=O)c1cc(ccc1C)N1C(=O)c2c(C1=O)cc(cc2)C(=O)*,315.5
*c1ccc2c(c1)C(=O)N(C2=O)c1cc(ccc1C)N1C(=O)c2c(C1=O)cc(cc2)C(C(F)(F)F)(C(F)(F)F)*,323.0
*c1ccc2c(c1)C(=O)N(C2=O)c1cc(ccc1Cl)N1C(=O)c2c(C1=O)cc(cc2)C(=O)*,305.0
*c1ccc2c(c1)C(=O)N(C2=O)c1cc(ccc1N=Nc1ccc(cc1)OC(F)(F)F)N1C(=O)c2c(C1=O)ccc(c2)C(=O)Nc1c(C)cc(cc1C)Cc1cc(C)c(c(c1)C)NC(=O)*,278.0
*c1ccc2c(c1)C(=O)N(C2=O)c1cc(ccc1N=Nc1ccc(cc1)[N+](=O)[O-])N1C(=O)c2c(C1=O)ccc(c2)C(=O)Nc1c(C)cc(cc1C)Cc1cc(C)c(c(c1)C)NC(=O)*,280.0
*c1ccc2c(c1)C(=O)N(C2=O)c1cc(ccc1N=Nc1ccccc1C)N1C(=O)c2c(C1=O)cc(cc2)C(=O)*,223.0
*c1ccc2c(c1)C(=O)N(C2=O)c1cc(ccc1N=Nc1ccccc1C)N1C(=O)c2c(C1=O)cc(cc2)C(C(F)(F)F)(C(F)(F)F)*,191.0
*c1ccc2c(c1)C(=O)N(C2=O)c1cc(ccc1O)C(C(F)(F)F)(C(F)(F)F)c1ccc(c(c1)N1C(=O)c2c(C1=O)cc(cc2)C(=O)*)O,322.68
*c1ccc2c(c1)C(=O)N(C2=O)c1cc(ccc1O)C(C(F)(F)F)(C(F)(F)F)c1ccc(c(c1)N1C(=O)c2c(C1=O)cc(cc2)C(C(F)(F)F)(C(F)(F)F)*)O,301.0
*c1ccc2c(c1)C(=O)N(C2=O)c1cc(ccc1O)c1ccc(c(c1)N1C(=O)c2c(C1=O)cc(cc2)C(C(F)(F)F)(C(F)(F)F)*)O,350.0
*c1ccc2c(c1)C(=O)N(C2=O)c1cc(ccc1OC(=O)C12CC3CC(C2)CC(C1)C3)C(C(F)(F)F)(C(F)(F)F)c1ccc(c(c1)N1C(=O)c2c(C1=O)cc(cc2)C(C(F)(F)F)(C(F)(F)F)*)OC(=O)C12CC3CC(C2)CC(C1)C3,305.0
*c1ccc2c(c1)C(=O)N(C2=O)c1cc(ccc1Oc1ccc(cc1)C(c1ccccc1)(C)C)N1C(=O)c2c(C1=O)cc(cc2)C(=O)*,267.0
*c1ccc2c(c1)C(=O)N(C2=O)c1cc(ccc1Oc1ccc(cc1)c1cc(nc(c1)c1ccccc1)c1ccccc1)N1C(=O)c2c(C1=O)cc(cc2)C(=O)*,278.0
*c1ccc2c(c1)C(=O)N(C2=O)c1cc(ccc1Oc1ccc2c(c1c1c(ccc3c1cccc3)Oc1ccc(cc1N1C(=O)c3c(C1=O)cc(cc3)C(=O)*)C(F)(F)F)cccc2)C(F)(F)F,282.0
*c1ccc2c(c1)C(=O)N(C2=O)c1cc(ccc1Oc1ccc2c(c1c1c(ccc3c1cccc3)Oc1ccc(cc1N1C(=O)c3c(C1=O)cc(cc3)C(C(F)(F)F)(C(F)(F)F)*)C(F)(F)F)cccc2)C(F)(F)F,286.0
*c1ccc2c(c1)C(=O)N(C2=O)c1ccc(c(c1)Br)Oc1ccc(cc1)N1C(=O)c2c(C1=O)cc(cc2)C(C(F)(F)F)(C(F)(F)F)*,297.0
*c1ccc2c(c1)C(=O)N(C2=O)c1ccc(c(c1)Br)Oc1ccc(cc1Br)N1C(=O)c2c(C1=O)cc(cc2)C(=O)*,296.0
*c1ccc2c(c1)C(=O)N(C2=O)c1ccc(c(c1)Br)Oc1ccc(cc1Br)N1C(=O)c2c(C1=O)cc(cc2)C(C(F)(F)F)(C(F)(F)F)*,299.0
*c1ccc2c(c1)C(=O)N(C2=O)c1ccc(c(c1)C(F)(F)F)OCC1(C)CCC(C1(C)C)COc1ccc(cc1C(F)(F)F)N1C(=O)c2c(C1=O)cc(cc2)C(=O)*,264.5
*c1ccc2c(c1)C(=O)N(C2=O)c1ccc(c(c1)C(F)(F)F)Oc1c(cc(cc1C(C)(C)C)c1ccc(cc1)N1C(=O)c2c(C1=O)cc(cc2)C(=O)*)C(C)(C)C,362.0
*c1ccc2c(c1)C(=O)N(C2=O)c1ccc(c(c1)C(F)(F)F)Oc1c(cc(cc1C(C)(C)C)c1ccc(cc1)N1C(=O)c2c(C1=O)cc(cc2)C(C(F)(F)F)(C(F)(F)F)*)C(C)(C)C,362.5
*c1ccc2c(c1)C(=O)N(C2=O)c1ccc(c(c1)C(F)(F)F)Oc1ccc(cc1)C(=O)c1cccc(c1)N1C(=O)c2c(C1=O)cc(cc2)C(=O)*,242.0
*c1ccc2c(c1)C(=O)N(C2=O)c1ccc(c(c1)C(F)(F)F)Oc1ccc(cc1)C(=O)c1cccc(n1)C(=O)c1ccc(cc1)Oc1ccc(cc1C(F)(F)F)N1C(=O)c2c(C1=O)cc(cc2)C(=O)*,225.2
*c1ccc2c(c1)C(=O)N(C2=O)c1ccc(c(c1)C(F)(F)F)Oc1ccc(cc1)C(=O)c1cccc(n1)C(=O)c1ccc(cc1)Oc1ccc(cc1C(F)(F)F)N1C(=O)c2c(C1=O)cc(cc2)C(C(F)(F)F)(C(F)(F)F)*,206.4
*c1ccc2c(c1)C(=O)N(C2=O)c1ccc(c(c1)C(F)(F)F)Oc1ccc(cc1)C(C(F)(F)F)(C(F)(F)F)c1ccc(cc1)Oc1ccc(cc1C(F)(F)F)N1C(=O)c2c(C1=O)cc(cc2)C(=O)*,220.0
*c1ccc2c(c1)C(=O)N(C2=O)c1ccc(c(c1)C(F)(F)F)Oc1ccc(cc1)C(C(F)(F)F)(C(F)(F)F)c1ccc(cc1)Oc1ccc(cc1C(F)(F)F)N1C(=O)c2c(C1=O)cc(cc2)C(C(F)(F)F)(C(F)(F)F)*,234.0
*c1ccc2c(c1)C(=O)N(C2=O)c1ccc(c(c1)C(F)(F)F)Oc1ccc(cc1)Oc1ccc(cc1)N1C(=O)c2c(C1=O)cc(cc2)C(=O)*,237.1
*c1ccc2c(c1)C(=O)N(C2=O)c1ccc(c(c1)C(F)(F)F)Oc1ccc(cc1)c1[nH]c(nc1c1ccc(cc1)Oc1ccc(cc1C(F)(F)F)N1C(=O)c2c(C1=O)cc(cc2)C(=O)*)c1ccc(cc1)C(F)(F)F,235.0
*c1ccc2c(c1)C(=O)N(C2=O)c1ccc(c(c1)C(F)(F)F)Oc1ccc(cc1)c1[nH]c(nc1c1ccc(cc1)Oc1ccc(cc1C(F)(F)F)N1C(=O)c2c(C1=O)cc(cc2)C(C(F)(F)F)(C(F)(F)F)*)c1ccc(cc1)C(F)(F)F,230.0
*c1ccc2c(c1)C(=O)N(C2=O)c1ccc(c(c1)C(F)(F)F)Oc1ccccc1Oc1ccc(cc1C(F)(F)F)N1C(=O)c2c(C1=O)cc(cc2)C(=O)*,236.0
*c1ccc2c(c1)C(=O)N(C2=O)c1ccc(c(c1)C(F)(F)F)c1ccc(cc1C(F)(F)F)N1C(=O)c2c(C1=O)cc(cc2)C(C(F)(F)F)(C(F)(F)F)*,322.5
*c1ccc2c(c1)C(=O)N(C2=O)c1ccc(c(c1)C(F)(F)F)c1ccc(cc1C(F)(F)F)N1C(=O)c2c(C1=O)cc(cc2)C(C(F)(F)F)(c1ccccc1)*,280.0
*c1ccc2c(c1)C(=O)N(C2=O)c1ccc(c(c1)C)c1ccc(cc1C)N1C(=O)c2c(C1=O)cc(cc2)C(=O)*,385.0
*c1ccc2c(c1)C(=O)N(C2=O)c1ccc(c(c1)O)Oc1ccc(cc1)N1C(=O)c2c(C1=O)cc(cc2)C(C(F)(F)F)(C(F)(F)F)*,270.0
*c1ccc2c(c1)C(=O)N(C2=O)c1ccc(c(c1)c1cc(F)c(c(c1)F)F)Oc1ccc(cc1c1cc(F)c(c(c1)F)F)N1C(=O)c2c(C1=O)cc(cc2)C(=O)*,342.0
*c1ccc2c(c1)C(=O)N(C2=O)c1ccc(c(c1)c1ccccc1)Oc1ccc(cc1)N1C(=O)c2c(C1=O)cc(cc2)C(C(F)(F)F)(C(F)(F)F)*,297.0
*c1ccc2c(c1)C(=O)N(C2=O)c1ccc(c(c1)c1nc(c([nH]1)c1ccccc1)c1ccccc1)Oc1ccc(cc1)C(=O)c1ccc(cc1)Oc1ccc(cc1c1nc(c([nH]1)c1ccccc1)c1ccccc1)N1C(=O)c2c(C1=O)ccc(c2)C(=O)*,274.0
*c1ccc2c(c1)C(=O)N(C2=O)c1ccc(c(c1)c1nc(c([nH]1)c1ccccc1)c1ccccc1)Oc1ccc(cc1)C(C(F)(F)F)(C(F)(F)F)c1ccc(cc1)Oc1ccc(cc1c1nc(c([nH]1)c1ccccc1)c1ccccc1)N1C(=O)c2c(C1=O)ccc(c2)C(=O)*,251.0
*c1ccc2c(c1)C(=O)N(C2=O)c1ccc(cc1)C(=O)Nc1ccc(cc1)C(C(F)(F)F)(C(F)(F)F)c1ccc(cc1)NC(=O)c1ccc(cc1)N1C(=O)c2c(C1=O)cc(cc2)C(C(F)(F)F)(C(F)(F)F)*,351.0
*c1ccc2c(c1)C(=O)N(C2=O)c1ccc(cc1)C(=O)Nc1ccc(cc1)Oc1ccc(cc1)C(C(F)(F)F)(C(F)(F)F)c1ccc(cc1)Oc1ccc(cc1)NC(=O)c1ccc(cc1)N1C(=O)c2c(C1=O)cc(cc2)C(C(F)(F)F)(C(F)(F)F)*,293.0
*c1ccc2c(c1)C(=O)N(C2=O)c1ccc(cc1)C(=O)Nc1ccc(cc1)Oc1ccc(cc1)C(c1ccc(cc1)Oc1ccc(cc1)NC(=O)c1ccc(cc1)N1C(=O)c2c(C1=O)cc(cc2)C(C(F)(F)F)(C(F)(F)F)*)(C)C,266.0
*c1ccc2c(c1)C(=O)N(C2=O)c1ccc(cc1)C(=O)Nc1ccc(cc1)Oc1ccc(cc1)NC(=O)c1ccc(cc1)N1C(=O)c2c(C1=O)cc(cc2)C(C(F)(F)F)(C(F)(F)F)*,322.0
*c1ccc2c(c1)C(=O)N(C2=O)c1ccc(cc1)C(=O)Nc1ccc(cc1)Oc1ccc(cc1)Oc1ccc(cc1)NC(=O)c1ccc(cc1)N1C(=O)c2c(C1=O)cc(cc2)C(C(F)(F)F)(C(F)(F)F)*,303.0
*c1ccc2c(c1)C(=O)N(C2=O)c1ccc(cc1)C(=O)Nc1ccc(cc1)Oc1ccc(cc1)c1ccc(cc1)Oc1ccc(cc1)NC(=O)c1ccc(cc1)N1C(=O)c2c(C1=O)cc(cc2)C(C(F)(F)F)(C(F)(F)F)*,296.0
*c1ccc2c(c1)C(=O)N(C2=O)c1ccc(cc1)C(=O)Nc1ccc(cc1)Oc1cccc(c1)Oc1ccc(cc1)NC(=O)c1ccc(cc1)N1C(=O)c2c(C1=O)cc(cc2)C(C(F)(F)F)(C(F)(F)F)*,286.0
*c1ccc2c(c1)C(=O)N(C2=O)c1ccc(cc1)C(=O)Nc1ccc(cc1)Oc1ccccc1Oc1ccc(cc1)NC(=O)c1ccc(cc1)N1C(=O)c2c(C1=O)cc(cc2)C(C(F)(F)F)(C(F)(F)F)*,281.0
*c1ccc2c(c1)C(=O)N(C2=O)c1ccc(cc1)C(=O)c1ccc(cc1)C(=O)c1ccc(cc1)N1C(=O)c2c(C1=O)cc(cc2)C(=O)*,286.0
*c1ccc2c(c1)C(=O)N(C2=O)c1ccc(cc1)C(=O)c1ccc(cc1)C(=O)c1ccc(cc1)N1C(=O)c2c(C1=O)cc(cc2)C(=O)c1ccc(cc1)C(=O)*,260.0
*c1ccc2c(c1)C(=O)N(C2=O)c1ccc(cc1)C(=O)c1ccc(cc1)Cc1ccc(cc1)C(=O)c1ccc(cc1)N1C(=O)c2c(C1=O)cc(cc2)C(=O)*,285.5
*c1ccc2c(c1)C(=O)N(C2=O)c1ccc(cc1)C(=O)c1ccc(cc1)Cc1ccc(cc1)N1C(=O)c2c(C1=O)cc(cc2)C(=O)*,307.0
*c1ccc2c(c1)C(=O)N(C2=O)c1ccc(cc1)C(=O)c1ccc(cc1)Cc1cccc(c1)N1C(=O)c2c(C1=O)cc(cc2)C(=O)*,254.0
*c1ccc2c(c1)C(=O)N(C2=O)c1ccc(cc1)C(=O)c1ccc(cc1)N1C(=O)c2c(C1=O)cc(cc2)C(=O)*,290.5
*c1ccc2c(c1)C(=O)N(C2=O)c1ccc(cc1)C(=O)c1cccc(c1)C(=O)c1ccc(cc1)N1C(=O)c2c(C1=O)cc(cc2)C(=O)*,276.0
*c1ccc2c(c1)C(=O)N(C2=O)c1ccc(cc1)C(C(F)(F)F)(C(F)(F)F)c1ccc(cc1)N1C(=O)c2c(C1=O)cc(cc2)C(=O)*,304.0
*c1ccc2c(c1)C(=O)N(C2=O)c1ccc(cc1)C(C(F)(F)F)(C(F)(F)F)c1ccc(cc1)N1C(=O)c2c(C1=O)cc(cc2)C(=O)c1cc(cc(c1)c1ccccc1)C(=O)*,260.5
*c1ccc2c(c1)C(=O)N(C2=O)c1ccc(cc1)C(C(F)(F)F)(C(F)(F)F)c1ccc(cc1)N1C(=O)c2c(C1=O)cc(cc2)C(C(F)(F)F)(C(F)(F)F)*,316.05
*c1ccc2c(c1)C(=O)N(C2=O)c1ccc(cc1)C(C(F)(F)F)(c1ccccc1)c1ccc(cc1)N1C(=O)c2c(C1=O)cc(cc2)C(=O)*,311.0
*c1ccc2c(c1)C(=O)N(C2=O)c1ccc(cc1)C(C(F)(F)F)(c1ccccc1)c1ccc(cc1)N1C(=O)c2c(C1=O)cc(cc2)C(C(F)(F)F)(C(F)(F)F)*,305.0
*c1ccc2c(c1)C(=O)N(C2=O)c1ccc(cc1)C(c1ccc(cc1)C(c1ccc(cc1)N1C(=O)c2c(C1=O)cc(cc2)C(=O)*)(C)C)(C)C,322.0
*c1ccc2c(c1)C(=O)N(C2=O)c1ccc(cc1)C(c1ccc(cc1)C(c1ccc(cc1)N1C(=O)c2c(C1=O)cc(cc2)C(C(F)(F)F)(C(F)(F)F)*)(C)C)(C)C,235.4
*c1ccc2c(c1)C(=O)N(C2=O)c1ccc(cc1)C(c1ccc(cc1)N1C(=O)c2c(C1=O)cc(cc2)C(C(F)(F)F)(C(F)(F)F)*)(C)C,310.0
*c1ccc2c(c1)C(=O)N(C2=O)c1ccc(cc1)C(c1cccc(c1)C(c1ccc(cc1)N1C(=O)c2c(C1=O)cc(cc2)C(=O)*)(C)C)(C)C,309.75
*c1ccc2c(c1)C(=O)N(C2=O)c1ccc(cc1)C(c1ccccc1)c1ccc(cc1)N1C(=O)c2c(C1=O)cc(cc2)C(=O)*,282.0
*c1ccc2c(c1)C(=O)N(C2=O)c1ccc(cc1)C1(c2ccc(cc2)N2C(=O)c3c(C2=O)cc(cc3)C(=O)*)c2ccccc2-c2c1cccc2,372.0
*c1ccc2c(c1)C(=O)N(C2=O)c1ccc(cc1)C1(c2ccc(cc2)N2C(=O)c3c(C2=O)cc(cc3)C(C(F)(F)F)(C(F)(F)F)*)c2ccccc2-c2c1cccc2,367.0
*c1ccc2c(c1)C(=O)N(C2=O)c1ccc(cc1)C=Cc1ccc(cc1)N1C(=O)c2c(C1=O)cc(cc2)C(=O)*,303.0
*c1ccc2c(c1)C(=O)N(C2=O)c1ccc(cc1)Cc1ccc(cc1)Cc1ccc(cc1)Cc1ccc(cc1)N1C(=O)c2c(C1=O)cc(cc2)C(=O)*,302.0
*c1ccc2c(c1)C(=O)N(C2=O)c1ccc(cc1)Cc1ccc(cc1)Cc1ccc(cc1)N1C(=O)c2c(C1=O)cc(cc2)C(=O)*,337.0
*c1ccc2c(c1)C(=O)N(C2=O)c1ccc(cc1)Cc1ccc(cc1)N1C(=O)c2c(C1=O)cc(cc2)C(=O)*,295.5
*c1ccc2c(c1)C(=O)N(C2=O)c1ccc(cc1)Cc1ccc(cc1)N1C(=O)c2c(C1=O)cc(cc2)C(C(C(F)(F)*)(F)F)(F)F,280.0
*c1ccc2c(c1)C(=O)N(C2=O)c1ccc(cc1)Cc1ccc(cc1)N1C(=O)c2c(C1=O)cc(cc2)C(C(F)(F)F)(C(F)(F)F)*,300.5
*c1ccc2c(c1)C(=O)N(C2=O)c1ccc(cc1)Cc1ccc(cc1)N1C(=O)c2c(C1=O)cc(cc2)C(CCCCC(C)(C)*)(C)C,169.9
*c1ccc2c(c1)C(=O)N(C2=O)c1ccc(cc1)Cc1ccc(cc1)N1C(=O)c2c(C1=O)ccc(c2)C(=O)c1ccc(cc1)Oc1ccc(cc1)C1(OC(=O)c2c1cccc2)c1ccc(cc1)Oc1ccc(cc1)C(=O)*,268.0
*c1ccc2c(c1)C(=O)N(C2=O)c1ccc(cc1)Cc1ccc(cc1)N1C(=O)c2c(C1=O)ccc(c2)C(=O)c1ccc(cc1)Oc1ccc(cc1)Oc1ccc(cc1)C(=O)*,225.0
*c1ccc2c(c1)C(=O)N(C2=O)c1ccc(cc1)Cc1ccc(cc1)N1C(=O)c2c(C1=O)ccc(c2)C(=O)c1ccc(cc1)Oc1ccc(cc1)S(=O)(=O)c1ccc(cc1)Oc1ccc(cc1)C(=O)*,245.0
*c1ccc2c(c1)C(=O)N(C2=O)c1ccc(cc1)Cc1ccc(cc1)N1C(=O)c2c(C1=O)ccc(c2)C(=O)c1ccc(cc1)Oc1ccc(cc1)c1ccc(cc1)Oc1ccc(cc1)C(=O)*,241.0
*c1ccc2c(c1)C(=O)N(C2=O)c1ccc(cc1)Cc1ccc(cc1)N1C(=O)c2c(C1=O)ccc(c2)C(=O)c1ccc(cc1)c1ccc(cc1)C(c1ccc(cc1)c1ccc(cc1)C(=O)*)(C)C,216.0
*c1ccc2c(c1)C(=O)N(C2=O)c1ccc(cc1)N(C(=O)c1ccc(cc1)N1C(=O)c2c(C1=O)cc(cc2)C(=O)*)C,313.0
*c1ccc2c(c1)C(=O)N(C2=O)c1ccc(cc1)N(C(=O)c1cccc(c1)N1C(=O)c2c(C1=O)cc(cc2)C(=O)*)C,260.5
*c1ccc2c(c1)C(=O)N(C2=O)c1ccc(cc1)N(CCN(c1ccc(cc1)N1C(=O)c2c(C1=O)cc(cc2)C(C(F)(F)F)(C(F)(F)F)*)C)C,227.0
*c1ccc2c(c1)C(=O)N(C2=O)c1ccc(cc1)N(c1ccc(cc1)N1C(=O)c2c(C1=O)ccc(c2)C(C(F)(F)F)(C(F)(F)F)*)c1ccc(cc1)C=Cc1ccc(cc1)[N+](=O)[O-],290.0
*c1ccc2c(c1)C(=O)N(C2=O)c1ccc(cc1)N(c1ccccc1)c1ccc(cc1)N1C(=O)c2c(C1=O)cc(cc2)C(=O)*,270.0
*c1ccc2c(c1)C(=O)N(C2=O)c1ccc(cc1)N1C(=O)c2c(C1=O)cc(cc2)C(=O)*,317.0
*c1ccc2c(c1)C(=O)N(C2=O)c1ccc(cc1)N1C(=O)c2c(C1=O)cc(cc2)C(C(F)(F)F)(C(F)(F)F)*,351.0
*c1ccc2c(c1)C(=O)N(C2=O)c1ccc(cc1)N1C(=O)c2c(C1=O)ccc(c2)C(=O)c1ccc(cc1)Oc1ccc(cc1)Oc1ccc(cc1)C(=O)*,236.0
*c1ccc2c(c1)C(=O)N(C2=O)c1ccc(cc1)N1C(=O)c2c(C1=O)ccc(c2)C(=O)c1ccc(cc1)Oc1ccc(cc1)c1ccc(cc1)Oc1ccc(cc1)C(=O)*,229.0
*c1ccc2c(c1)C(=O)N(C2=O)c1ccc(cc1)N1C(=O)c2c(C1=O)ccc(c2)c1c(c2ccccc2)c(c2ccccc2)c(c(c1c1ccccc1)c1ccccc1)c1ccc(cc1)Oc1ccc(cc1)c1c(c2ccccc2)c(c2ccccc2)c(c(c1c1ccccc1)c1ccccc1)*,353.0
*c1ccc2c(c1)C(=O)N(C2=O)c1ccc(cc1)N1C(=O)c2c(C1=O)ccc(c2)c1c(c2ccccc2)c(c2ccccc2)c(c(c1c1ccccc1)c1ccccc1)c1ccc(cc1)Sc1ccc(cc1)c1c(c2ccccc2)c(c2ccccc2)c(c(c1c1ccccc1)c1ccccc1)*,344.0
*c1ccc2c(c1)C(=O)N(C2=O)c1ccc(cc1)N=Nc1ccc(cc1)Oc1ccc(cc1)C(c1ccc(cc1)Oc1ccc(cc1)N=Nc1ccc(cc1)N1C(=O)c2c(C1=O)cc(cc2)C(=O)*)(C)C,294.0
*c1ccc2c(c1)C(=O)N(C2=O)c1ccc(cc1)N=Nc1ccc(cc1)Oc1ccc(cc1)C(c1ccc(cc1)Oc1ccc(cc1)N=Nc1ccc(cc1)N1C(=O)c2c(C1=O)cc(cc2)C(C(F)(F)F)(C(F)(F)F)*)(C)C,284.0
*c1ccc2c(c1)C(=O)N(C2=O)c1ccc(cc1)NC(=O)C(C(C(C(C(=O)Nc1ccc(cc1)N1C(=O)c2c(C1=O)cc(cc2)C(C(F)(F)F)(C(F)(F)F)*)(F)F)(F)F)(F)F)(F)F,285.0
*c1ccc2c(c1)C(=O)N(C2=O)c1ccc(cc1)NC(=O)C(C(C(C(C(C(C(=O)Nc1ccc(cc1)N1C(=O)c2c(C1=O)cc(cc2)C(C(F)(F)F)(C(F)(F)F)*)(F)F)(F)F)(F)F)(F)F)(F)F)(F)F,265.0
*c1ccc2c(c1)C(=O)N(C2=O)c1ccc(cc1)NC(=O)c1ccc(cc1)N1C(=O)c2c(C1=O)cc(cc2)C(=O)*,300.0
*c1ccc2c(c1)C(=O)N(C2=O)c1ccc(cc1)NC(=O)c1cccc(c1)C(=O)Nc1ccc(cc1)N1C(=O)c2c(C1=O)cc(cc2)C(=O)*,247.0
*c1ccc2c(c1)C(=O)N(C2=O)c1ccc(cc1)NC(=O)c1cccc(c1)N1C(=O)c2c(C1=O)cc(cc2)C(=O)*,308.0
*c1ccc2c(c1)C(=O)N(C2=O)c1ccc(cc1)OCC(COc1ccc(cc1)N1C(=O)c2c(C1=O)cc(cc2)C(=O)*)(C)C,234.5
*c1ccc2c(c1)C(=O)N(C2=O)c1ccc(cc1)OCCCCCCCCCCOc1ccc(cc1)N1C(=O)c2c(C1=O)cc(cc2)C(C(F)(F)F)(C(F)(F)F)*,143.0
*c1ccc2c(c1)C(=O)N(C2=O)c1ccc(cc1)OCCCCCCOc1ccc(cc1)N1C(=O)c2c(C1=O)cc(cc2)C(C(F)(F)F)(C(F)(F)F)*,167.0
*c1ccc2c(c1)C(=O)N(C2=O)c1ccc(cc1)OCCCCOc1ccc(cc1)N1C(=O)c2c(C1=O)cc(cc2)C(C(F)(F)F)(C(F)(F)F)*,169.0
*c1ccc2c(c1)C(=O)N(C2=O)c1ccc(cc1)OCCN(c1ccccc1)CCOc1ccc(cc1)N1C(=O)c2c(C1=O)cc(cc2)C(C(F)(F)F)(C(F)(F)F)*,170.0
*c1ccc2c(c1)C(=O)N(C2=O)c1ccc(cc1)OCCOCCOCCOCCOc1ccc(cc1)N1C(=O)c2c(C1=O)cc(cc2)C(C(F)(F)F)(C(F)(F)F)*,140.0
*c1ccc2c(c1)C(=O)N(C2=O)c1ccc(cc1)OCCOCCOCCOc1ccc(cc1)N1C(=O)c2c(C1=O)cc(cc2)C(=O)*,200.0
*c1ccc2c(c1)C(=O)N(C2=O)c1ccc(cc1)OCCOCCOc1ccc(cc1)N1C(=O)c2c(C1=O)cc(cc2)C(=O)*,235.0
*c1ccc2c(c1)C(=O)N(C2=O)c1ccc(cc1)OCCOCCOc1ccc(cc1)N1C(=O)c2c(C1=O)cc(cc2)C(C(F)(F)F)(C(F)(F)F)*,187.5
*c1ccc2c(c1)C(=O)N(C2=O)c1ccc(cc1)OCCOc1ccc(cc1)N1C(=O)c2c(C1=O)cc(cc2)C(=O)*,246.0
*c1ccc2c(c1)C(=O)N(C2=O)c1ccc(cc1)OCCOc1ccc(cc1)N1C(=O)c2c(C1=O)cc(cc2)C(C(F)(F)F)(C(F)(F)F)*,254.0
*c1ccc2c(c1)C(=O)N(C2=O)c1ccc(cc1)Oc1c(C)cc(cc1C)C(c1cccc2c1cccc2)c1cc(C)c(c(c1)C)Oc1ccc(cc1)N1C(=O)c2c(C1=O)cc(cc2)C(=O)*,272.0
*c1ccc2c(c1)C(=O)N(C2=O)c1ccc(cc1)Oc1c(C)cc(cc1C)C(c1cccc2c1cccc2)c1cc(C)c(c(c1)C)Oc1ccc(cc1)N1C(=O)c2c(C1=O)cc(cc2)C(C(F)(F)F)(C(F)(F)F)*,270.0
*c1ccc2c(c1)C(=O)N(C2=O)c1ccc(cc1)Oc1c(C)cc(cc1C)Cc1cc(C)c(c(c1)C)Oc1ccc(cc1)N1C(=O)c2c(C1=O)cc(cc2)C(=O)*,289.0
*c1ccc2c(c1)C(=O)N(C2=O)c1ccc(cc1)Oc1c(C)cc(cc1C)Cc1cc(C)c(c(c1)C)Oc1ccc(cc1)N1C(=O)c2c(C1=O)cc(cc2)C(C(F)(F)F)(C(F)(F)F)*,287.0
*c1ccc2c(c1)C(=O)N(C2=O)c1ccc(cc1)Oc1c(cc(cc1C(C)(C)C)c1ccc(cc1)N1C(=O)c2c(C1=O)cc(cc2)C(=O)*)C(C)(C)C,347.5
*c1ccc2c(c1)C(=O)N(C2=O)c1ccc(cc1)Oc1c(cc(cc1C(C)(C)C)c1ccc(cc1)N1C(=O)c2c(C1=O)cc(cc2)C(C(F)(F)F)(C(F)(F)F)*)C(C)(C)C,355.0
*c1ccc2c(c1)C(=O)N(C2=O)c1ccc(cc1)Oc1cc(C(C)(C)C)c(cc1C(C)(C)C)Oc1ccc(cc1)N1C(=O)c2c(C1=O)cc(cc2)C(=O)*,288.0
*c1ccc2c(c1)C(=O)N(C2=O)c1ccc(cc1)Oc1cc(c(cc1C(C)(C)C)Oc1ccc(cc1)N1C(=O)c2c(C1=O)cc(cc2)C(C(F)(F)F)(C(F)(F)F)*)C(C)(C)C,277.0
*c1ccc2c(c1)C(=O)N(C2=O)c1ccc(cc1)Oc1cc2ccccc2cc1Oc1ccc(cc1)N1C(=O)c2c(C1=O)cc(cc2)C(=O)*,246.0
*c1ccc2c(c1)C(=O)N(C2=O)c1ccc(cc1)Oc1ccc(cc1)C(=O)*,297.0
*c1ccc2c(c1)C(=O)N(C2=O)c1ccc(cc1)Oc1ccc(cc1)C(=O)c1ccc(cc1)C(=O)c1ccc(cc1)C(=O)c1ccc(cc1)Oc1ccc(cc1)N1C(=O)c2c(C1=O)cc(cc2)C(=O)*,233.0
*c1ccc2c(c1)C(=O)N(C2=O)c1ccc(cc1)Oc1ccc(cc1)C(=O)c1ccc(cc1)C(=O)c1ccc(cc1)Oc1ccc(cc1)N1C(=O)c2c(C1=O)cc(cc2)C(=O)*,233.0
*c1ccc2c(c1)C(=O)N(C2=O)c1ccc(cc1)Oc1ccc(cc1)C(=O)c1ccc(cc1)Oc1ccc(cc1)C(=O)c1ccc(cc1)Oc1ccc(cc1)N1C(=O)c2c(C1=O)cc(cc2)C(=O)*,215.0
*c1ccc2c(c1)C(=O)N(C2=O)c1ccc(cc1)Oc1ccc(cc1)C(=O)c1ccc(cc1)Oc1ccc(cc1)N1C(=O)c2c(C1=O)cc(cc2)C(=O)*,252.0
*c1ccc2c(c1)C(=O)N(C2=O)c1ccc(cc1)Oc1ccc(cc1)C(=O)c1ccc(cc1)Oc1ccc(cc1)N1C(=O)c2c(C1=O)cc(cc2)C(C(F)(F)F)(C(F)(F)F)*,266.0
*c1ccc2c(c1)C(=O)N(C2=O)c1ccc(cc1)Oc1ccc(cc1)C(=O)c1ccc2c(c1)ccc(c2)C(=O)c1ccc(cc1)Oc1ccc(cc1)N1C(=O)c2c(C1=O)cc(cc2)C(=O)*,246.0
*c1ccc2c(c1)C(=O)N(C2=O)c1ccc(cc1)Oc1ccc(cc1)C(=O)c1cccc(c1)C(=O)c1ccc(cc1)Oc1ccc(cc1)N1C(=O)c2c(C1=O)cc(cc2)C(=O)*,222.0
*c1ccc2c(c1)C(=O)N(C2=O)c1ccc(cc1)Oc1ccc(cc1)C(=O)c1cccc(c1)C(=O)c1ccc(cc1)Oc1ccc(cc1)N1C(=O)c2c(C1=O)cc(cc2)C(C(F)(F)F)(C(F)(F)F)*,236.0
*c1ccc2c(c1)C(=O)N(C2=O)c1ccc(cc1)Oc1ccc(cc1)C(=O)c1cccc(c1)N1C(=O)c2c(C1=O)cc(cc2)C(=O)*,251.0
*c1ccc2c(c1)C(=O)N(C2=O)c1ccc(cc1)Oc1ccc(cc1)C(=O)c1cccc(c1)N1C(=O)c2c(C1=O)cc(cc2)C(C(F)(F)F)(C(F)(F)F)*,242.0
*c1ccc2c(c1)C(=O)N(C2=O)c1ccc(cc1)Oc1ccc(cc1)C(=O)c1cccc(n1)C(=O)c1ccc(cc1)Oc1ccc(cc1)N1C(=O)c2c(C1=O)cc(cc2)C(=O)*,314.5
*c1ccc2c(c1)C(=O)N(C2=O)c1ccc(cc1)Oc1ccc(cc1)C(=O)c1cccc(n1)C(=O)c1ccc(cc1)Oc1ccc(cc1)N1C(=O)c2c(C1=O)cc(cc2)C(C(F)(F)F)(C(F)(F)F)*,226.9
*c1ccc2c(c1)C(=O)N(C2=O)c1ccc(cc1)Oc1ccc(cc1)C(C(F)(F)F)(C(F)(F)F)c1ccc(cc1)Oc1ccc(cc1)N1C(=O)c2c(C1=O)cc(cc2)C(=O)*,251.0
*c1ccc2c(c1)C(=O)N(C2=O)c1ccc(cc1)Oc1ccc(cc1)C(c1ccc(cc1)Oc1ccc(cc1)N1C(=O)c2c(C1=O)cc(cc2)C(=O)*)(C)C,306.0
*c1ccc2c(c1)C(=O)N(C2=O)c1ccc(cc1)Oc1ccc(cc1)N1C(=O)c2c(C1=O)cc(cc2)C(=O)*,275.5
*c1ccc2c(c1)C(=O)N(C2=O)c1ccc(cc1)Oc1ccc(cc1)N1C(=O)c2c(C1=O)cc(cc2)C(=O)N1C(=O)N(C(=O)C1(C)C)C(=O)*,156.0
*c1ccc2c(c1)C(=O)N(C2=O)c1ccc(cc1)Oc1ccc(cc1)N1C(=O)c2c(C1=O)cc(cc2)C(=O)c1cc(cc(c1)C(C)(C)C)C(=O)*,252.5
*c1ccc2c(c1)C(=O)N(C2=O)c1ccc(cc1)Oc1ccc(cc1)N1C(=O)c2c(C1=O)cc(cc2)C(=O)c1cc(cc(c1)c1ccccc1)C(=O)*,258.5
*c1ccc2c(c1)C(=O)N(C2=O)c1ccc(cc1)Oc1ccc(cc1)N1C(=O)c2c(C1=O)cc(cc2)C(=O)c1cccc(c1)C(=O)*,244.0
*c1ccc2c(c1)C(=O)N(C2=O)c1ccc(cc1)Oc1ccc(cc1)N1C(=O)c2c(C1=O)cc(cc2)C(C(C(C(C(C(C(F)(F)*)(F)F)(F)F)(F)F)(F)F)(F)F)(F)F,178.0
*c1ccc2c(c1)C(=O)N(C2=O)c1ccc(cc1)Oc1ccc(cc1)N1C(=O)c2c(C1=O)cc(cc2)C(C(C(C(C(C(F)(F)*)(F)F)(F)F)(F)F)(F)F)(F)F,185.0
*c1ccc2c(c1)C(=O)N(C2=O)c1ccc(cc1)Oc1ccc(cc1)N1C(=O)c2c(C1=O)cc(cc2)C(C(C(C(F)(F)*)(F)F)(F)F)(F)F,212.0
*c1ccc2c(c1)C(=O)N(C2=O)c1ccc(cc1)Oc1ccc(cc1)N1C(=O)c2c(C1=O)cc(cc2)C(C(C(F)(F)*)(F)F)(F)F,222.0
*c1ccc2c(c1)C(=O)N(C2=O)c1ccc(cc1)Oc1ccc(cc1)N1C(=O)c2c(C1=O)cc(cc2)C(C(F)(F)F)(C(F)(F)F)*,303.0
*c1ccc2c(c1)C(=O)N(C2=O)c1ccc(cc1)Oc1ccc(cc1)N1C(=O)c2c(C1=O)cc(cc2)C(CCCCC(C)(C)*)(C)C,168.25
*c1ccc2c(c1)C(=O)N(C2=O)c1ccc(cc1)Oc1ccc(cc1)N1C(=O)c2c(C1=O)cc(cc2)C(CCCCCCCCC(C)(C)*)(C)C,123.65
*c1ccc2c(c1)C(=O)N(C2=O)c1ccc(cc1)Oc1ccc(cc1)N1C(=O)c2c(C1=O)cc(cc2)C(O)*,250.0
*c1ccc2c(c1)C(=O)N(C2=O)c1ccc(cc1)Oc1ccc(cc1)N1C(=O)c2c(C1=O)cc(cc2)C(O[Si](C)(C)C)*,210.0
*c1ccc2c(c1)C(=O)N(C2=O)c1ccc(cc1)Oc1ccc(cc1)N1C(=O)c2c(C1=O)cc(cc2)C(O[Si](O[Si](O[Si](C)(C)C)(C)C)(C)C)*,167.0
*c1ccc2c(c1)C(=O)N(C2=O)c1ccc(cc1)Oc1ccc(cc1)N1C(=O)c2c(C1=O)ccc(c2)C(=O)c1ccc(cc1)Oc1ccc(cc1)C(c1ccc(cc1)Oc1ccc(cc1)C(=O)*)(C)C,217.0
*c1ccc2c(c1)C(=O)N(C2=O)c1ccc(cc1)Oc1ccc(cc1)N1C(=O)c2c(C1=O)ccc(c2)C(=O)c1ccc(cc1)Oc1ccc(cc1)C1(OC(=O)c2c1cccc2)c1ccc(cc1)Oc1ccc(cc1)C(=O)*,260.0
*c1ccc2c(c1)C(=O)N(C2=O)c1ccc(cc1)Oc1ccc(cc1)N1C(=O)c2c(C1=O)ccc(c2)C(=O)c1ccc(cc1)Oc1ccc(cc1)Oc1ccc(cc1)C(=O)*,220.0
*c1ccc2c(c1)C(=O)N(C2=O)c1ccc(cc1)Oc1ccc(cc1)N1C(=O)c2c(C1=O)ccc(c2)C(=O)c1ccc(cc1)Oc1ccc(cc1)S(=O)(=O)c1ccc(cc1)Oc1ccc(cc1)C(=O)*,241.0
*c1ccc2c(c1)C(=O)N(C2=O)c1ccc(cc1)Oc1ccc(cc1)N1C(=O)c2c(C1=O)ccc(c2)C(=O)c1ccc(cc1)Oc1ccc(cc1)c1ccc(cc1)Oc1ccc(cc1)C(=O)*,233.0
*c1ccc2c(c1)C(=O)N(C2=O)c1ccc(cc1)Oc1ccc(cc1)N1C(=O)c2c(C1=O)ccc(c2)c1c(c2ccccc2)c(c2ccccc2)c(c(c1c1ccccc1)c1ccccc1)c1ccc(cc1)Oc1ccc(cc1)c1c(c2ccccc2)c(c2ccccc2)c(c(c1c1ccccc1)c1ccccc1)*,329.0
*c1ccc2c(c1)C(=O)N(C2=O)c1ccc(cc1)Oc1ccc(cc1)N1C(=O)c2c(C1=O)ccc(c2)c1c(c2ccccc2)c(c2ccccc2)c(c(c1c1ccccc1)c1ccccc1)c1ccc(cc1)Sc1ccc(cc1)c1c(c2ccccc2)c(c2ccccc2)c(c(c1c1ccccc1)c1ccccc1)*,322.0
*c1ccc2c(c1)C(=O)N(C2=O)c1ccc(cc1)Oc1ccc(cc1)NC(=O)c1cccc(c1)C(=O)Nc1ccc(cc1)Oc1ccc(cc1)N1C(=O)c2c(C1=O)cc(cc2)C(=O)*,232.0
*c1ccc2c(c1)C(=O)N(C2=O)c1ccc(cc1)Oc1ccc(cc1)Oc1ccc(cc1)N1C(=O)c2c(C1=O)cc(cc2)C(C(F)(F)F)(C(F)(F)F)*,270.0
*c1ccc2c(c1)C(=O)N(C2=O)c1ccc(cc1)Oc1ccc(cc1)Oc1cccc(n1)Oc1ccc(cc1)Oc1ccc(cc1)N1C(=O)c2c(C1=O)cc(cc2)C(=O)*,219.0
*c1ccc2c(c1)C(=O)N(C2=O)c1ccc(cc1)Oc1ccc(cc1)Oc1cccc(n1)Oc1ccc(cc1)Oc1ccc(cc1)N1C(=O)c2c(C1=O)cc(cc2)C(C(F)(F)F)(C(F)(F)F)*,215.0
*c1ccc2c(c1)C(=O)N(C2=O)c1ccc(cc1)Oc1ccc(cc1)S(=O)(=O)c1ccc(cc1)Oc1ccc(cc1)N1C(=O)c2c(C1=O)cc(cc2)C(=O)c1cc(cc(c1)C(C)(C)C)C(=O)*,254.5
*c1ccc2c(c1)C(=O)N(C2=O)c1ccc(cc1)Oc1ccc(cc1)S(=O)(=O)c1ccc(cc1)Oc1ccc(cc1)N1C(=O)c2c(C1=O)cc(cc2)C(=O)c1cc(cc(c1)c1ccccc1)C(=O)*,256.5
*c1ccc2c(c1)C(=O)N(C2=O)c1ccc(cc1)Oc1ccc(cc1)S(=O)(=O)c1ccc(cc1)Oc1ccc(cc1)N1C(=O)c2c(C1=O)cc(cc2)C(=O)c1cccc(c1)C(=O)*,249.0
*c1ccc2c(c1)C(=O)N(C2=O)c1ccc(cc1)Oc1ccc(cc1c1cc(cc(c1)C(F)(F)F)C(F)(F)F)S(=O)(=O)c1ccc(c(c1)c1cc(cc(c1)C(F)(F)F)C(F)(F)F)Oc1ccc(cc1)N1C(=O)c2c(C1=O)cc(cc2)C(=O)*,225.0
*c1ccc2c(c1)C(=O)N(C2=O)c1ccc(cc1)Oc1ccc(cn1)C(=O)Nc1ccc(cc1)NC(=O)c1ccc(nc1)Oc1ccc(cc1)N1C(=O)c2c(C1=O)cc(cc2)C(C(F)(F)F)(C(F)(F)F)*,290.0
*c1ccc2c(c1)C(=O)N(C2=O)c1ccc(cc1)Oc1ccc2c(c1)cc(cc2)Oc1ccc(cc1)N1C(=O)c2c(C1=O)cc(cc2)C(C(F)(F)F)(C(F)(F)F)*,302.3
*c1ccc2c(c1)C(=O)N(C2=O)c1ccc(cc1)Oc1cccc(c1)Oc1ccc(cc1)N1C(=O)c2c(C1=O)cc(cc2)C(C(F)(F)F)(C(F)(F)F)*,246.0
*c1ccc2c(c1)C(=O)N(C2=O)c1ccc(cc1)Oc1cccc(c1)c1nc(cc(c1)c1ccccc1)c1cccc(c1)Oc1ccc(cc1)N1C(=O)c2c(C1=O)cc(cc2)C(=O)*,260.0
*c1ccc2c(c1)C(=O)N(C2=O)c1ccc(cc1)Oc1cccc(c1)c1nc(cc(c1)c1ccccc1)c1cccc(c1)Oc1ccc(cc1)N1C(=O)c2c(C1=O)cc(cc2)C(C(F)(F)F)(C(F)(F)F)*,180.0
*c1ccc2c(c1)C(=O)N(C2=O)c1ccc(cc1)Oc1cccc2c1cccc2Oc1ccc(cc1)N1C(=O)c2c(C1=O)cc(cc2)C(=O)*,229.5
*c1ccc2c(c1)C(=O)N(C2=O)c1ccc(cc1)Oc1ccccc1c1ccccc1Oc1ccc(cc1)N1C(=O)c2c(C1=O)cc(cc2)C(C(F)(F)F)(C(F)(F)F)*,220.0
*c1ccc2c(c1)C(=O)N(C2=O)c1ccc(cc1)S(=O)(=O)c1ccc(cc1)N1C(=O)c2c(C1=O)cc(cc2)C(C(C(F)(F)*)(F)F)(F)F,259.0
*c1ccc2c(c1)C(=O)N(C2=O)c1ccc(cc1)S(=O)(=O)c1ccc(cc1)N1C(=O)c2c(C1=O)cc(cc2)C(C(F)(F)F)(C(F)(F)F)*,330.0
*c1ccc2c(c1)C(=O)N(C2=O)c1ccc(cc1)S(=O)(=O)c1ccc(cc1)NC(=O)c1cccc(c1)C(=O)Nc1ccc(cc1)S(=O)(=O)c1ccc(cc1)N1C(=O)c2c(C1=O)cc(cc2)C(=O)*,226.0
*c1ccc2c(c1)C(=O)N(C2=O)c1ccc(cc1)S(=O)(=O)c1ccc(cc1)S(=O)(=O)c1ccc(cc1)N1C(=O)c2c(C1=O)cc(cc2)C(C(F)(F)F)(C(F)(F)F)*,331.0
*c1ccc2c(c1)C(=O)N(C2=O)c1ccc(cc1)S(=O)(=O)c1ccc(cc1)S(=O)(=O)c1ccc(cc1)S(=O)(=O)c1ccc(cc1)N1C(=O)c2c(C1=O)cc(cc2)C(C(F)(F)F)(C(F)(F)F)*,327.0
*c1ccc2c(c1)C(=O)N(C2=O)c1ccc(cc1)Sc1ccc(cc1)N1C(=O)c2c(C1=O)cc(cc2)C(=O)*,276.0
*c1ccc2c(c1)C(=O)N(C2=O)c1ccc(cc1)Sc1ccc(cc1)N1C(=O)c2c(C1=O)cc(cc2)C(C(F)(F)F)(C(F)(F)F)*,292.0
*c1ccc2c(c1)C(=O)N(C2=O)c1ccc(cc1)Sc1ccc(cc1)Oc1ccc(cc1)Sc1ccc(cc1)N1C(=O)c2c(C1=O)cc(cc2)C(C(F)(F)F)(C(F)(F)F)*,232.0
*c1ccc2c(c1)C(=O)N(C2=O)c1ccc(cc1)Sc1ccc(cc1)Sc1ccc(cc1)N1C(=O)c2c(C1=O)cc(cc2)C(C(F)(F)F)(C(F)(F)F)*,257.0
*c1ccc2c(c1)C(=O)N(C2=O)c1ccc(cc1)Sc1ccc(cc1)Sc1ccc(cc1)Sc1ccc(cc1)N1C(=O)c2c(C1=O)cc(cc2)C(C(F)(F)F)(C(F)(F)F)*,233.0
*c1ccc2c(c1)C(=O)N(C2=O)c1ccc(cc1)Sc1ccc(cc1)Sc1ccc(cc1)Sc1ccc(cc1)Sc1ccc(cc1)N1C(=O)c2c(C1=O)cc(cc2)C(C(F)(F)F)(C(F)(F)F)*,216.0
*c1ccc2c(c1)C(=O)N(C2=O)c1ccc(cc1)c1c(cc(cc1c1ccc(cc1)c1ccccc1)c1ccc(cc1)OCCCCCCCCCCOc1ccc(cc1)c1cc(c2ccc(cc2)c2ccccc2)c(c(c1)c1ccc(cc1)c1ccccc1)c1ccc(cc1)N1C(=O)c2c(C1=O)cc(cc2)C(=O)*)c1ccc(cc1)c1ccccc1,103.5
*c1ccc2c(c1)C(=O)N(C2=O)c1ccc(cc1)c1c(cc(cc1c1ccc(cc1)c1ccccc1)c1ccc(cc1)OCCCCCCOc1ccc(cc1)c1cc(c2ccc(cc2)c2ccccc2)c(c(c1)c1ccc(cc1)c1ccccc1)c1ccc(cc1)N1C(=O)c2c(C1=O)cc(cc2)C(=O)*)c1ccc(cc1)c1ccccc1,111.5
*c1ccc2c(c1)C(=O)N(C2=O)c1ccc(cc1)c1ccc(c(c1)C(F)(F)F)Oc1ccc2c(c1)C(C)(CC2(C)C)c1ccc(cc1)Oc1ccc(cc1C(F)(F)F)c1ccc(cc1)N1C(=O)c2c(C1=O)cc(cc2)C(=O)*,252.0
*c1ccc2c(c1)C(=O)N(C2=O)c1ccc(cc1)c1ccc(c(c1)C(F)(F)F)Oc1ccc2c(c1)C(C)(CC2(C)C)c1ccc(cc1)Oc1ccc(cc1C(F)(F)F)c1ccc(cc1)N1C(=O)c2c(C1=O)cc(cc2)C(C(F)(F)F)(C(F)(F)F)*,262.0
*c1ccc2c(c1)C(=O)N(C2=O)c1ccc(cc1)c1ccc(cc1)N1C(=O)c2c(C1=O)cc(cc2)C(=O)*,344.0
*c1ccc2c(c1)C(=O)N(C2=O)c1ccc(cc1)c1ccc(cc1)NC(=O)c1cccc(c1)C(=O)Nc1ccc(cc1)c1ccc(cc1)N1C(=O)c2c(C1=O)cc(cc2)C(=O)*,238.0
*c1ccc2c(c1)C(=O)N(C2=O)c1ccc(cc1)c1nc(nc(n1)c1ccccc1)c1ccc(cc1)N1C(=O)c2c(C1=O)cc(cc2)C(=O)*,355.0
*c1ccc2c(c1)C(=O)N(C2=O)c1ccc(cc1C(C)(C)C)Cc1ccc(c(c1)C(C)(C)C)N1C(=O)c2c(C1=O)cc(cc2)C(=O)*,213.0
*c1ccc2c(c1)C(=O)N(C2=O)c1ccc(cc1C(C)(C)C)Cc1ccc(c(c1)C(C)(C)C)N1C(=O)c2c(C1=O)cc(cc2)C(C(F)(F)F)(C(F)(F)F)*,274.0
*c1ccc2c(c1)C(=O)N(C2=O)c1ccc(cc1C(C)(C)C)c1ccc(c(c1)C(C)(C)C)N1C(=O)c2c(C1=O)cc(cc2)C(C(F)(F)F)(C(F)(F)F)*,336.8
*c1ccc2c(c1)C(=O)N(C2=O)c1ccc(cc1C(C)C)C1(c2ccc(c(c2)C(C)C)N2C(=O)c3c(C2=O)cc(cc3)C(C(F)(F)F)(C(F)(F)F)*)c2ccccc2-c2c1cccc2,299.0
*c1ccc2c(c1)C(=O)N(C2=O)c1ccc(cc1C(F)(F)F)Oc1ccccc1c1ccccc1Oc1ccc(c(c1)C(F)(F)F)N1C(=O)c2c(C1=O)cc(cc2)C(=O)*,226.0
*c1ccc2c(c1)C(=O)N(C2=O)c1ccc(cc1C)C(=O)Nc1ccc(cc1)C(C(F)(F)F)(C(F)(F)F)c1ccc(cc1)NC(=O)c1ccc(c(c1)C)N1C(=O)c2c(C1=O)cc(cc2)C(C(F)(F)F)(C(F)(F)F)*,344.0
*c1ccc2c(c1)C(=O)N(C2=O)c1ccc(cc1C)C(C(F)(F)F)(C(F)(F)F)c1ccc(c(c1)N1C(=O)c2c(C1=O)cc(cc2)C(C(F)(F)F)(C(F)(F)F)*)C,266.0
*c1ccc2c(c1)C(=O)N(C2=O)c1ccc(cc1C)Cc1ccc(c(c1)C)N1C(=O)c2c(C1=O)cc(cc2)C(=O)*,400.0
*c1ccc2c(c1)C(=O)N(C2=O)c1ccc(cc1C)c1ccc(c(c1)C)N1C(=O)c2c(C1=O)cc(cc2)C(=O)*,365.0
*c1ccc2c(c1)C(=O)N(C2=O)c1ccc(cc1C)c1ccc(c(c1)C)N1C(=O)c2c(C1=O)cc(cc2)C(C(F)(F)F)(C(F)(F)F)*,352.0
*c1ccc2c(c1)C(=O)N(C2=O)c1ccc(cc1F)C1(c2ccc(c(c2)F)N2C(=O)c3c(C2=O)cc(cc3)C(C(F)(F)F)(C(F)(F)F)*)c2ccccc2-c2c1cccc2,352.0
*c1ccc2c(c1)C(=O)N(C2=O)c1ccc(cc1O)C(C(F)(F)F)(C(F)(F)F)c1ccc(c(c1)O)N1C(=O)c2c(C1=O)cc(cc2)C(C(F)(F)F)(C(F)(F)F)*,303.0
*c1ccc2c(c1)C(=O)N(C2=O)c1ccc(cc1O)c1ccc(c(c1)O)N1C(=O)c2c(C1=O)cc(cc2)C(C(F)(F)F)(C(F)(F)F)*,356.0
*c1ccc2c(c1)C(=O)N(C2=O)c1ccc(cc1OCCOc1ccc2c(c1)oc(=O)cc2C)c1ccc(c(c1)OCCOc1ccc2c(c1)oc(=O)cc2C)N1C(=O)c2c(C1=O)ccc(c2)C(C(F)(F)F)(C(F)(F)F)*,132.0
*c1ccc2c(c1)C(=O)N(C2=O)c1ccc(nc1)Sc1ccc(cn1)N1C(=O)c2c(C1=O)cc(cc2)C(=O)*,246.0
*c1ccc2c(c1)C(=O)N(C2=O)c1ccc2-c3c(C(=O)c2c1)cc(cc3)N1C(=O)c2c(C1=O)cc(cc2)C(=O)*,331.0
*c1ccc2c(c1)C(=O)N(C2=O)c1ccc2-c3c(Cc2c1)cc(cc3)N1C(=O)c2c(C1=O)cc(cc2)C(=O)*,341.5
*c1ccc2c(c1)C(=O)N(C2=O)c1ccc2-c3c(Cc2c1)cc(cc3)N1C(=O)c2c(C1=O)cc(cc2)C(C(F)(F)F)(C(F)(F)F)*,394.0
*c1ccc2c(c1)C(=O)N(C2=O)c1ccc2c(-c3cc(ccc3C2)N2C(=O)c3c(C2=O)cc(cc3)C(C(F)(F)F)(C(F)(F)F)*)c1,394.0
*c1ccc2c(c1)C(=O)N(C2=O)c1ccc2c(c1)C(C)(C)CC2(C)c1ccc(cc1)N1C(=O)c2c(C1=O)cc(cc2)C(=O)*,340.0
*c1ccc2c(c1)C(=O)N(C2=O)c1ccc2c(c1)C(C)(CC2(C)C)c1ccc(cc1)N1C(=O)c2c(C1=O)cc(cc2)C(=O)*,321.0
*c1ccc2c(c1)C(=O)N(C2=O)c1cccc(c1)C#Cc1cccc(c1)N1C(=O)c2c(C1=O)cc(cc2)C(=O)*,290.0
*c1ccc2c(c1)C(=O)N(C2=O)c1cccc(c1)C(=O)Nc1ccc(cc1)C(C(F)(F)F)(C(F)(F)F)c1ccc(cc1)NC(=O)c1cccc(c1)N1C(=O)c2c(C1=O)cc(cc2)C(C(F)(F)F)(C(F)(F)F)*,297.0
*c1ccc2c(c1)C(=O)N(C2=O)c1cccc(c1)C(=O)Nc1ccc(cc1)NC(=O)c1ccc(cc1)NC(=O)c1cccc(c1)N1C(=O)c2c(C1=O)cc(cc2)C(C(F)(F)F)(C(F)(F)F)*,328.0
*c1ccc2c(c1)C(=O)N(C2=O)c1cccc(c1)C(=O)Nc1ccc(cc1)NC(=O)c1cccc(c1)N1C(=O)c2c(C1=O)cc(cc2)C(C(F)(F)F)(C(F)(F)F)*,311.0
*c1ccc2c(c1)C(=O)N(C2=O)c1cccc(c1)C(=O)Nc1ccc(cc1)Oc1ccc(cc1)C(C(F)(F)F)(C(F)(F)F)c1ccc(cc1)Oc1ccc(cc1)NC(=O)c1cccc(c1)N1C(=O)c2c(C1=O)cc(cc2)C(C(F)(F)F)(C(F)(F)F)*,266.0
*c1ccc2c(c1)C(=O)N(C2=O)c1cccc(c1)C(=O)Nc1ccc(cc1)Oc1ccc(cc1)C(c1ccc(cc1)Oc1ccc(cc1)NC(=O)c1cccc(c1)N1C(=O)c2c(C1=O)cc(cc2)C(C(F)(F)F)(C(F)(F)F)*)(C)C,259.0
*c1ccc2c(c1)C(=O)N(C2=O)c1cccc(c1)C(=O)Nc1ccc(cc1)Oc1ccc(cc1)NC(=O)c1cccc(c1)N1C(=O)c2c(C1=O)cc(cc2)C(C(F)(F)F)(C(F)(F)F)*,298.0
*c1ccc2c(c1)C(=O)N(C2=O)c1cccc(c1)C(=O)Nc1ccc(cc1)Oc1ccc(cc1)Oc1ccc(cc1)NC(=O)c1cccc(c1)N1C(=O)c2c(C1=O)cc(cc2)C(C(F)(F)F)(C(F)(F)F)*,283.0
*c1ccc2c(c1)C(=O)N(C2=O)c1cccc(c1)C(=O)Nc1ccc(cc1)Oc1ccc(cc1)c1ccc(cc1)Oc1ccc(cc1)NC(=O)c1cccc(c1)N1C(=O)c2c(C1=O)cc(cc2)C(C(F)(F)F)(C(F)(F)F)*,280.0
*c1ccc2c(c1)C(=O)N(C2=O)c1cccc(c1)C(=O)Nc1ccc(cc1)Oc1cccc(c1)Oc1ccc(cc1)NC(=O)c1cccc(c1)N1C(=O)c2c(C1=O)cc(cc2)C(C(F)(F)F)(C(F)(F)F)*,264.0
*c1ccc2c(c1)C(=O)N(C2=O)c1cccc(c1)C(=O)Nc1ccc(cc1)Oc1ccccc1Oc1ccc(cc1)NC(=O)c1cccc(c1)N1C(=O)c2c(C1=O)cc(cc2)C(C(F)(F)F)(C(F)(F)F)*,265.0
*c1ccc2c(c1)C(=O)N(C2=O)c1cccc(c1)C(=O)Nc1ccc(cc1)c1ccc(cc1)NC(=O)c1cccc(c1)N1C(=O)c2c(C1=O)cc(cc2)C(C(F)(F)F)(C(F)(F)F)*,324.0
*c1ccc2c(c1)C(=O)N(C2=O)c1cccc(c1)C(=O)c1ccc(cc1)C(=O)c1cccc(c1)N1C(=O)c2c(C1=O)cc(cc2)C(=O)*,240.0
*c1ccc2c(c1)C(=O)N(C2=O)c1cccc(c1)C(=O)c1ccc(cc1)Cc1ccc(cc1)C(=O)c1cccc(c1)N1C(=O)c2c(C1=O)cc(cc2)C(=O)*,260.5
*c1ccc2c(c1)C(=O)N(C2=O)c1cccc(c1)C(=O)c1ccc(cc1)Cc1ccc(cc1)N1C(=O)c2c(C1=O)cc(cc2)C(=O)*,290.0
*c1ccc2c(c1)C(=O)N(C2=O)c1cccc(c1)C(=O)c1ccc(cc1)Cc1cccc(c1)N1C(=O)c2c(C1=O)cc(cc2)C(=O)*,265.5
*c1ccc2c(c1)C(=O)N(C2=O)c1cccc(c1)C(=O)c1ccc(cc1)N1C(=O)c2c(C1=O)cc(cc2)C(=O)*,279.5
*c1ccc2c(c1)C(=O)N(C2=O)c1cccc(c1)C(=O)c1cccc(c1)N1C(=O)c2c(C1=O)cc(cc2)C(=O)*,244.0
*c1ccc2c(c1)C(=O)N(C2=O)c1cccc(c1)C(C(C(C(C(c1cccc(c1)N1C(=O)c2c(C1=O)cc(cc2)C(C(C(C(C(C(C(F)(F)*)(F)F)(F)F)(F)F)(F)F)(F)F)(F)F)(F)F)(F)F)(F)F)(F)F)(F)F,108.5
*c1ccc2c(c1)C(=O)N(C2=O)c1cccc(c1)C(C(C(C(C(c1cccc(c1)N1C(=O)c2c(C1=O)cc(cc2)C(C(C(C(F)(F)*)(F)F)(F)F)(F)F)(F)F)(F)F)(F)F)(F)F)(F)F,144.0
*c1ccc2c(c1)C(=O)N(C2=O)c1cccc(c1)C(C(C(C(C(c1cccc(c1)N1C(=O)c2c(C1=O)cc(cc2)C(C(C(F)(F)*)(F)F)(F)F)(F)F)(F)F)(F)F)(F)F)(F)F,104.5
*c1ccc2c(c1)C(=O)N(C2=O)c1cccc(c1)C(C(C(c1cccc(c1)N1C(=O)c2c(C1=O)cc(cc2)C(C(C(C(C(C(C(F)(F)*)(F)F)(F)F)(F)F)(F)F)(F)F)(F)F)(F)F)(F)F)(F)F,133.5
*c1ccc2c(c1)C(=O)N(C2=O)c1cccc(c1)C(C(C(c1cccc(c1)N1C(=O)c2c(C1=O)cc(cc2)C(C(C(C(F)(F)*)(F)F)(F)F)(F)F)(F)F)(F)F)(F)F,159.0
*c1ccc2c(c1)C(=O)N(C2=O)c1cccc(c1)C(C(C(c1cccc(c1)N1C(=O)c2c(C1=O)cc(cc2)C(C(C(F)(F)*)(F)F)(F)F)(F)F)(F)F)(F)F,151.0
*c1ccc2c(c1)C(=O)N(C2=O)c1cccc(c1)C(C(F)(F)F)(C(F)(F)F)c1cccc(c1)N1C(=O)c2c(C1=O)cc(cc2)C(=O)*,239.0
*c1ccc2c(c1)C(=O)N(C2=O)c1cccc(c1)C(C(F)(F)F)(C(F)(F)F)c1cccc(c1)N1C(=O)c2c(C1=O)cc(cc2)C(C(F)(F)F)(C(F)(F)F)*,254.0
*c1ccc2c(c1)C(=O)N(C2=O)c1cccc(c1)C(c1ccc(cc1)N1C(=O)c2c(C1=O)cc(cc2)C(C(F)(F)F)(C(F)(F)F)*)(C)C,260.0
*c1ccc2c(c1)C(=O)N(C2=O)c1cccc(c1)C(c1cccc(c1)N1C(=O)c2c(C1=O)cc(cc2)C(=O)*)O,292.0
*c1ccc2c(c1)C(=O)N(C2=O)c1cccc(c1)C(c1cccc(c1)N1C(=O)c2c(C1=O)cc(cc2)C(=O)*)O[Si](O[Si](O[Si](C)(C)C)(C)C)(C)C,235.0
*c1ccc2c(c1)C(=O)N(C2=O)c1cccc(c1)C(c1cccc(c1)N1C(=O)c2c(C1=O)cc(cc2)C(C(F)(F)F)(C(F)(F)F)*)O,262.0
*c1ccc2c(c1)C(=O)N(C2=O)c1cccc(c1)C(c1cccc(c1)N1C(=O)c2c(C1=O)cc(cc2)C(C(F)(F)F)(C(F)(F)F)*)O[Si](O[Si](O[Si](C)(C)C)(C)C)(C)C,211.0
*c1ccc2c(c1)C(=O)N(C2=O)c1cccc(c1)Cc1ccc(cc1)Cc1ccc(cc1)Cc1cccc(c1)N1C(=O)c2c(C1=O)cc(cc2)C(=O)*,235.5
*c1ccc2c(c1)C(=O)N(C2=O)c1cccc(c1)Cc1ccc(cc1)Cc1ccc(cc1)N1C(=O)c2c(C1=O)cc(cc2)C(=O)*,317.0
*c1ccc2c(c1)C(=O)N(C2=O)c1cccc(c1)Cc1ccc(cc1)Cc1cccc(c1)N1C(=O)c2c(C1=O)cc(cc2)C(=O)*,240.0
*c1ccc2c(c1)C(=O)N(C2=O)c1cccc(c1)Cc1ccc(cc1)N1C(=O)c2c(C1=O)cc(cc2)C(=O)*,265.0
*c1ccc2c(c1)C(=O)N(C2=O)c1cccc(c1)Cc1cccc(c1)N1C(=O)c2c(C1=O)cc(cc2)C(=O)*,234.0
*c1ccc2c(c1)C(=O)N(C2=O)c1cccc(c1)N1C(=O)c2c(C1=O)cc(cc2)C(=O)*,290.0
*c1ccc2c(c1)C(=O)N(C2=O)c1cccc(c1)N1C(=O)c2c(C1=O)cc(cc2)C(=O)c1cc(cc(c1)C(C)(C)C)C(=O)*,264.5
*c1ccc2c(c1)C(=O)N(C2=O)c1cccc(c1)N1C(=O)c2c(C1=O)cc(cc2)C(=O)c1cc(cc(c1)c1ccccc1)C(=O)*,266.5
*c1ccc2c(c1)C(=O)N(C2=O)c1cccc(c1)N1C(=O)c2c(C1=O)cc(cc2)C(=O)c1cccc(c1)C(=O)*,259.5
*c1ccc2c(c1)C(=O)N(C2=O)c1cccc(c1)N1C(=O)c2c(C1=O)cc(cc2)C(C(F)(F)F)(C(F)(F)F)*,298.0
*c1ccc2c(c1)C(=O)N(C2=O)c1cccc(c1)NC(=O)C(C(C(C(C(=O)Nc1cccc(c1)N1C(=O)c2c(C1=O)cc(cc2)C(C(F)(F)F)(C(F)(F)F)*)(F)F)(F)F)(F)F)(F)F,232.0
*c1ccc2c(c1)C(=O)N(C2=O)c1cccc(c1)NC(=O)C(C(C(C(C(C(C(=O)Nc1cccc(c1)N1C(=O)c2c(C1=O)cc(cc2)C(C(F)(F)F)(C(F)(F)F)*)(F)F)(F)F)(F)F)(F)F)(F)F)(F)F,218.0
*c1ccc2c(c1)C(=O)N(C2=O)c1cccc(c1)NC(=O)c1ccc(cc1)N1C(=O)c2c(C1=O)cc(cc2)C(=O)*,311.0
*c1ccc2c(c1)C(=O)N(C2=O)c1cccc(c1)NC(=O)c1cccc(c1)C(=O)Nc1cccc(c1)N1C(=O)c2c(C1=O)cc(cc2)C(=O)*,204.0
*c1ccc2c(c1)C(=O)N(C2=O)c1cccc(c1)NC(=O)c1cccc(c1)N1C(=O)c2c(C1=O)cc(cc2)C(=O)*,287.0
*c1ccc2c(c1)C(=O)N(C2=O)c1cccc(c1)Nc1nc(Nc2cccc(c2)N2C(=O)c3c(C2=O)cc(cc3)C(=O)*)nc(n1)N(C)C,294.0
*c1ccc2c(c1)C(=O)N(C2=O)c1cccc(c1)Nc1nc(Nc2cccc(c2)N2C(=O)c3c(C2=O)cc(cc3)C(=O)*)nc(n1)N(c1ccccc1)c1ccccc1,290.0
*c1ccc2c(c1)C(=O)N(C2=O)c1cccc(c1)Nc1nc(Nc2cccc(c2)N2C(=O)c3c(C2=O)cc(cc3)C(=O)*)nc(n1)c1ccccc1,292.0
*c1ccc2c(c1)C(=O)N(C2=O)c1cccc(c1)Nc1ncnc(n1)Nc1cccc(c1)N1C(=O)c2c(C1=O)cc(cc2)C(=O)*,290.0
*c1ccc2c(c1)C(=O)N(C2=O)c1cccc(c1)OCCOCCOc1cccc(c1)N1C(=O)c2c(C1=O)cc(cc2)C(=O)*,152.0
*c1ccc2c(c1)C(=O)N(C2=O)c1cccc(c1)OCCOc1cccc(c1)N1C(=O)c2c(C1=O)cc(cc2)C(=O)*,191.0
*c1ccc2c(c1)C(=O)N(C2=O)c1cccc(c1)OP(=O)(c1ccccc1)Oc1cccc(c1)N1C(=O)c2c(C1=O)cc(cc2)C(=O)*,176.5
*c1ccc2c(c1)C(=O)N(C2=O)c1cccc(c1)Oc1cc(ccc1P(=O)(c1ccccc1)c1ccccc1)Oc1cccc(c1)N1C(=O)c2c(C1=O)cc(cc2)C(C(F)(F)F)(C(F)(F)F)*,230.0
*c1ccc2c(c1)C(=O)N(C2=O)c1cccc(c1)Oc1ccc(cc1)C(C(F)(F)F)(C(F)(F)F)c1ccc(cc1)Oc1cccc(c1)N1C(=O)c2c(C1=O)cc(cc2)C(C(F)(F)F)(C(F)(F)F)*,224.0
*c1ccc2c(c1)C(=O)N(C2=O)c1cccc(c1)Oc1ccc(cc1)N1C(=O)c2c(C1=O)cc(cc2)C(=O)*,280.5
*c1ccc2c(c1)C(=O)N(C2=O)c1cccc(c1)Oc1ccc(cc1)N1C(=O)c2c(C1=O)cc(cc2)C(C(F)(F)F)(C(F)(F)F)*,260.0
*c1ccc2c(c1)C(=O)N(C2=O)c1cccc(c1)Oc1ccc(cc1)N1C(=O)c2c(C1=O)ccc(c2)c1c(c2ccccc2)c(c2ccccc2)c(c(c1c1ccccc1)c1ccccc1)c1ccc(cc1)Oc1ccc(cc1)c1c(c2ccccc2)c(c2ccccc2)c(c(c1c1ccccc1)c1ccccc1)*,309.0
*c1ccc2c(c1)C(=O)N(C2=O)c1cccc(c1)Oc1ccc(cc1)N1C(=O)c2c(C1=O)ccc(c2)c1c(c2ccccc2)c(c2ccccc2)c(c(c1c1ccccc1)c1ccccc1)c1ccc(cc1)Sc1ccc(cc1)c1c(c2ccccc2)c(c2ccccc2)c(c(c1c1ccccc1)c1ccccc1)*,300.0
*c1ccc2c(c1)C(=O)N(C2=O)c1cccc(c1)Oc1ccc(cc1)P(=O)(c1ccccc1)c1ccc(cc1)Oc1cccc(c1)N1C(=O)c2c(C1=O)cc(cc2)C(C(F)(F)F)(C(F)(F)F)*,243.0
*c1ccc2c(c1)C(=O)N(C2=O)c1cccc(c1)Oc1ccc(cc1)S(=O)(=O)c1ccc(cc1)Oc1cccc(c1)N1C(=O)c2c(C1=O)cc(cc2)C(C(F)(F)F)(C(F)(F)F)*,209.5
*c1ccc2c(c1)C(=O)N(C2=O)c1cccc(c1)Oc1cccc(c1)N1C(=O)c2c(C1=O)cc(cc2)C(C(C(F)(F)*)(F)F)(F)F,178.0
*c1ccc2c(c1)C(=O)N(C2=O)c1cccc(c1)Oc1cccc(c1)N1C(=O)c2c(C1=O)cc(cc2)C(C(F)(F)F)(C(F)(F)F)*,244.0
*c1ccc2c(c1)C(=O)N(C2=O)c1cccc(c1)Oc1cccc(c1)Oc1cccc(c1)N1C(=O)c2c(C1=O)cc(cc2)C(=O)*,202.0
*c1ccc2c(c1)C(=O)N(C2=O)c1cccc(c1)Oc1cccc(c1)Oc1cccc(c1)N1C(=O)c2c(C1=O)cc(cc2)C(C(F)(F)F)(C(F)(F)F)*,207.5
*c1ccc2c(c1)C(=O)N(C2=O)c1cccc(c1)P(=O)(c1cc(cc(c1)C(F)(F)F)C(F)(F)F)c1cccc(c1)N1C(=O)c2c(C1=O)cc(cc2)C(=O)*,243.0
*c1ccc2c(c1)C(=O)N(C2=O)c1cccc(c1)P(=O)(c1cc(cc(c1)C(F)(F)F)C(F)(F)F)c1cccc(c1)N1C(=O)c2c(C1=O)cc(cc2)C(C(F)(F)F)(C(F)(F)F)*,247.0
*c1ccc2c(c1)C(=O)N(C2=O)c1cccc(c1)P(=O)(c1ccc(cc1)C(F)(F)F)c1cccc(c1)N1C(=O)c2c(C1=O)cc(cc2)C(=O)*,264.0
*c1ccc2c(c1)C(=O)N(C2=O)c1cccc(c1)P(=O)(c1ccc(cc1)C(F)(F)F)c1cccc(c1)N1C(=O)c2c(C1=O)cc(cc2)C(C(F)(F)F)(C(F)(F)F)*,260.0
*c1ccc2c(c1)C(=O)N(C2=O)c1cccc(c1)P(=O)(c1cccc(c1)N1C(=O)c2c(C1=O)ccc(c2)C(=O)*)c1ccc(cc1)Oc1ccc(cc1)C12CC3CC(C2)CC(C1)C3,305.0
*c1ccc2c(c1)C(=O)N(C2=O)c1cccc(c1)P(=O)(c1cccc(c1)N1C(=O)c2c(C1=O)ccc(c2)C(C(F)(F)F)(C(F)(F)F)*)c1ccc(cc1)Oc1ccc(cc1)C12CC3CC(C2)CC(C1)C3,298.0
*c1ccc2c(c1)C(=O)N(C2=O)c1cccc(c1)P(=O)(c1ccccc1)c1cccc(c1)N1C(=O)c2c(C1=O)cc(cc2)C(=O)*,273.0
*c1ccc2c(c1)C(=O)N(C2=O)c1cccc(c1)S(=O)(=O)c1cccc(c1)N1C(=O)c2c(C1=O)cc(cc2)C(=O)*,257.0
*c1ccc2c(c1)C(=O)N(C2=O)c1cccc(c1)S(=O)(=O)c1cccc(c1)N1C(=O)c2c(C1=O)cc(cc2)C(C(F)(F)F)(C(F)(F)F)*,271.0
*c1ccc2c(c1)C(=O)N(C2=O)c1cccc(c1C)C(=O)Nc1ccc(cc1)C(C(F)(F)F)(C(F)(F)F)c1ccc(cc1)NC(=O)c1cccc(c1C)N1C(=O)c2c(C1=O)cc(cc2)C(C(F)(F)F)(C(F)(F)F)*,250.0
*c1ccc2c(c1)C(=O)N(C2=O)c1cccc(c1C)N1C(=O)c2c(C1=O)cc(cc2)C(C(F)(F)F)(C(F)(F)F)*,353.5
*c1ccc2c(c1)C(=O)N(C2=O)c1cccc2c1cccc2N1C(=O)c2c(C1=O)cc(cc2)C(C(F)(F)F)(C(F)(F)F)*,390.0
*c1ccc2c(c1)C(=O)N(C2=O)c1cccc2c1cccc2N1C(=O)c2c(C1=O)ccc(c2)C(=O)Nc1cc(cc(c1C)C)C(C(F)(F)F)(C(F)(F)F)c1cc(C)c(c(c1)NC(=O)*)C,250.0
*c1ccc2c(c1)C(=O)N(C2=O)c1cccc2c1cccc2Oc1ccc(cc1)N1C(=O)c2c(C1=O)cc(cc2)C(=O)*,280.0
*c1ccc2c(c1)C(=O)N(C2=O)c1cccc2c1cccc2Oc1ccc(cc1)N1C(=O)c2c(C1=O)cc(cc2)C(=O)Nc1cccc2c1cccc2NC(=O)*,299.0
*c1ccc2c(c1)C(=O)N(C2=O)c1cccc2c1cccc2Oc1ccc(cc1)N1C(=O)c2c(C1=O)cc(cc2)C(=O)Oc1ccc2c(c1c1c(ccc3c1cccc3)OC(=O)*)cccc2,245.0
*c1ccc2c(c1)C(=O)N(C2=O)c1cccc2c1cccc2Oc1ccc(cc1)N1C(=O)c2c(C1=O)cc(cc2)C(=O)Oc1cccc2c1cccc2OC(=O)*,231.0
*c1ccc2c(c1)C(=O)N(C2=O)c1ccccc1C(=O)c1ccc(cc1)N1C(=O)c2c(C1=O)cc(cc2)C(=O)*,289.0
*c1ccc2c(c1)C(=O)N(C2=O)c1ccccc1C(=O)c1cccc(c1)N1C(=O)c2c(C1=O)cc(cc2)C(=O)*,259.0
*c1ccc2c(c1)C(=O)N(C2=O)c1ccccc1C(=O)c1ccccc1N1C(=O)c2c(C1=O)cc(cc2)C(=O)*,289.0
*c1ccc2c(c1)C(=O)N(C2=O)c1ccccc1Cc1ccc(cc1)N1C(=O)c2c(C1=O)cc(cc2)C(=O)*,289.0
*c1ccc2c(c1)C(=O)N(C2=O)c1ccccc1Cc1cccc(c1)N1C(=O)c2c(C1=O)cc(cc2)C(=O)*,258.0
*c1ccc2c(c1)C(=O)N(C2=O)c1ccccc1Cc1ccccc1N1C(=O)c2c(C1=O)cc(cc2)C(=O)*,285.0
*c1ccc2c(c1)C(=O)N(C2=O)c1ccccc1Oc1ccc(cc1)N1C(=O)c2c(C1=O)cc(cc2)C(=O)*,282.5
*c1ccc2c(c1)C(=O)N(C2=O)c1ccccc1Oc1ccc(cc1)N1C(=O)c2c(C1=O)cc(cc2)C(C(F)(F)F)(C(F)(F)F)*,276.0
*c1ccc2c(c1)C(=O)N(C2=O)c1ccccc1c1ccc(cc1)N1C(=O)c2c(C1=O)cc(cc2)C(=O)*,305.0
*c1ccc2c(c1)CN(CO2)c1ccc(cc1)Cc1ccc(cc1)N1COc2c(C1)cc(cc2)C(C)(C)*,165.0
*c1ccc2c(c1)CN(CO2)c1ccc(cc1)Oc1ccc(cc1)N1COc2c(C1)cc(cc2)C(C)(C)*,269.0
*c1ccc2c(c1)c(cc(n2)*)c1ccccc1,415.0
*c1ccc2c(c1)c1cc(ccc1o2)S(=O)(=O)*,360.0
*c1ccc2c(c1)c1cc(ccc1o2)S(=O)(=O)c1ccc(cc1)Oc1ccc(cc1)S(=O)(=O)*,290.0
*c1ccc2c(c1)ccc(c2)OC(=O)c1ccc(cc1)C(=O)Oc1ccc2c(c1)ccc(c2)c1nc2ccccc2nc1*,136.0
*c1ccc2c(c1)ccc(c2)OC(=O)c1cccc(c1)C(=O)Oc1ccc2c(c1)ccc(c2)c1nc2ccccc2nc1*,151.0
*c1ccc2c(c1)ccc(c2)c1[nH]c2c(n1)ccc(c2)c1ccc2c(c1)[nH]c(n2)*,403.0
*c1ccc2c(c1)nc([nH]2)*,398.0
*c1ccc2c(c1)nc(c(n2)c1ccc(cc1)c1nc2cc(ccc2nc1c1ccccc1)C(=O)*)c1ccccc1,320.0
*c1ccc2c(c1)nc(c(n2)c1ccc(cc1)c1nc2ccc(cc2nc1c1ccccc1)C(=O)*)c1ccccc1,325.0
*c1ccc2c(c1)nc(c(n2)c1ccccc1)c1ccc(cc1)N1C(=O)c2c(C1=O)ccc(c2)C(=O)c1ccc2c(c1)C(=O)N(C2=O)c1ccc(cc1)c1nc2cc(ccc2nc1c1ccccc1)C(=O)*,255.0
*c1ccc2c(c1)nc(c(n2)c1ccccc1)c1ccc(cc1)Oc1ccc(cc1)c1nc2cc(ccc2nc1c1ccccc1)C(=O)*,271.0
*c1ccc2c(c1)nc(c(n2)c1ccccc1)c1ccc(cc1)c1nc2cc(ccc2nc1c1ccccc1)C(=O)*,325.0
*c1ccc2c(c1)nc(cn2)c1ccc(cc1)c1cnc2c(n1)cc(cc2)C(=O)*,318.0
*c1ccc2c(c1)nc(o2)C1CCC(CC1)c1nc2c(o1)ccc(c2)C(C(F)(F)F)(C(F)(F)F)*,271.0
*c1ccc2c(c1)nc(o2)c1cc(O)c(cc1O)c1nc2c(o1)ccc(c2)C(C(F)(F)F)(C(F)(F)F)*,454.0
*c1ccc2c(c1)nc(o2)c1ccc(cc1)C(C(F)(F)F)(C(F)(F)F)c1ccc(cc1)c1nc2c(o1)ccc(c2)C(C(F)(F)F)(C(F)(F)F)*,320.0
*c1ccc2c(c1)nc(o2)c1ccc(cc1)C(C(F)(F)F)(C(F)(F)F)c1ccc(cc1)c1nc2c(o1)ccc(c2)C(C(F)(F)F)(c1ccccc1)*,334.0
*c1ccc2c(c1)nc(o2)c1ccc(cc1)C(C(F)(F)F)(c1ccccc1)c1ccc(cc1)c1nc2c(o1)ccc(c2)C(C(F)(F)F)(C(F)(F)F)*,310.0
*c1ccc2c(c1)nc(o2)c1ccc(cc1)C(C(F)(F)F)(c1ccccc1)c1ccc(cc1)c1nc2c(o1)ccc(c2)C(C(F)(F)F)(c1ccccc1)*,330.0
*c1ccc2c(c1)nc(o2)c1ccc(cc1)Oc1ccc(cc1)C(c1ccc(cc1)Oc1ccc(cc1)c1nc2c(o1)ccc(c2)C(C(F)(F)F)(C(F)(F)F)*)(C(F)(F)F)C(F)(F)F,227.0
*c1ccc2c(c1)nc(o2)c1ccc(cc1)Oc1ccc(cc1)c1nc2c(o1)ccc(c2)C(C(F)(F)F)(C(F)(F)F)*,303.0
*c1ccc2c(c1)nc(o2)c1ccc(cc1)Oc1ccc(cc1)c1nc2c(o1)ccc(c2)C(C(F)(F)F)(c1ccccc1)*,299.0
*c1ccc2c(c1)nc(o2)c1ccc(cc1)c1nc2c(o1)ccc(c2)C(C(F)(F)F)(C(F)(F)F)*,361.0
*c1ccc2c(c1)nc(o2)c1ccc(cc1)c1nc2c(o1)ccc(c2)C(C(F)(F)F)(c1ccccc1)*,369.0
*c1ccc2c(c1)nc(o2)c1ccc(cc1O)c1nc2c(o1)ccc(c2)C(C(F)(F)F)(C(F)(F)F)*,409.5
*c1ccc2c(c1)nc(o2)c1ccc(cn1)c1nc2c(o1)ccc(c2)C(C(F)(F)F)(C(F)(F)F)*,352.0
*c1ccc2c(c1)nc(o2)c1cccc(c1)c1nc2c(o1)ccc(c2)C(C(F)(F)F)(C(F)(F)F)*,298.0
*c1ccc2c(c1)nc(o2)c1cccc(c1)c1nc2c(o1)ccc(c2)C(C(F)(F)F)(c1ccccc1)*,301.0
*c1ccc2c(c1)nc(o2)c1cccc(n1)c1nc2c(o1)ccc(c2)C(C(F)(F)F)(C(F)(F)F)*,329.0
*c1ccc2c(c1)ncc(n2)c1ccc(cc1)c1cnc2c(n1)ccc(c2)C(=O)*,318.0
*c1ccc2c(c1)oc(n2)c1ccc2c(c1)C(=O)N(C2=O)c1cc(ccc1O)C(C(F)(F)F)(C(F)(F)F)*,329.0
*c1ccc2c(c1)oc(n2)c1cccc(c1)Oc1ccc(cc1)C(C(F)(F)F)(C(F)(F)F)c1ccc(cc1)Oc1ccc(cc1)c1nc2c(o1)cc(cc2)C(C(F)(F)F)(C(F)(F)F)*,244.0
*c1ccc2c(c1OCc1ccccc1[N+](=O)[O-])C(=O)N(C2=O)c1ccc(cc1)Oc1ccc(cc1)N1C(=O)c2c(C1=O)ccc(c2OCc1ccccc1[N+](=O)[O-])C(=O)*,198.0
*c1ccc2c(n1)ccc(c2)C(=O)c1ccc(cc1)Oc1c(C)cc(c(c1C)C)c1cc(C)c(c(c1C)C)Oc1ccc(cc1)C(=O)*,250.0
*c1ccc2c(n1)ccc(c2)C(=O)c1ccc(cc1)Oc1c(C)cc(cc1C)c1cc(C)c(c(c1)C)Oc1ccc(cc1)C(=O)*,180.0
*c1ccc2c(n1)ccc(c2)C(=O)c1ccc(cc1)Oc1ccc(cc1)c1ccc(cc1)Oc1ccc(cc1)C(=O)*,155.0
*c1cccc(c1)*,104.93
*c1cccc(c1)C(=O)Nc1ccc(cc1)Cc1ccc(cc1)N1C(=O)c2c(C1=O)ccc(c2)S(=O)(=O)c1ccc2c(c1)C(=O)N(C2=O)c1ccc(cc1)Cc1ccc(cc1)NC(=O)c1cccc(c1)c1[nH]c2c(n1)cc(cc2)c1ccc2c(c1)nc([nH]2)*,270.0
*c1cccc(c1)C(=O)Nc1ccc(cc1)NC(=O)c1cccc(c1)N1C(=O)c2c(C1=O)cc(cc2)c1cccc2c1C(=O)N(C2=O)*,328.0
*c1cccc(c1)C(=O)Nc1ccc(cc1)Oc1ccc(cc1)C(c1ccc(cc1)Oc1ccc(cc1)NC(=O)c1cccc(c1)N1C(=O)c2c(C1=O)cc(cc2)c1ccc2c(c1)C(=O)N(C2=O)*)(C)C,257.0
*c1cccc(c1)C(=O)Nc1ccc(cc1)Oc1ccc(cc1)C(c1ccc(cc1)Oc1ccc(cc1)NC(=O)c1cccc(c1)N1C(=O)c2c(C1=O)cc(cc2)c1cccc2c1C(=O)N(C2=O)*)(C)C,261.0
*c1cccc(c1)C(=O)Nc1ccc(cc1)Oc1ccc(cc1)NC(=O)c1cccc(c1)N1C(=O)c2c(C1=O)cc(cc2)c1ccc2c(c1)C(=O)N(C2=O)*,253.0
*c1cccc(c1)C(=O)Nc1ccc(cc1)Oc1ccc(cc1)NC(=O)c1cccc(c1)N1C(=O)c2c(C1=O)cc(cc2)c1cccc2c1C(=O)N(C2=O)*,291.0
*c1cccc(c1)C(=O)Nc1ccc(cc1)Oc1ccc(cc1)Oc1ccc(cc1)NC(=O)c1cccc(c1)N1C(=O)c2c(C1=O)cc(cc2)c1ccc2c(c1)C(=O)N(C2=O)*,244.0
*c1cccc(c1)C(=O)Nc1ccc(cc1)Oc1ccc(cc1)Oc1ccc(cc1)NC(=O)c1cccc(c1)N1C(=O)c2c(C1=O)cc(cc2)c1cccc2c1C(=O)N(C2=O)*,268.0
*c1cccc(c1)C(=O)Nc1ccc(cc1)Oc1ccc(cc1)Oc1ccc(cc1)Oc1ccc(cc1)NC(=O)c1cccc(c1)N1C(=O)c2c(C1=O)cc(cc2)c1ccc2c(c1)C(=O)N(C2=O)*,244.0
*c1cccc(c1)C(=O)Nc1ccc(cc1)Oc1ccc(cc1)Oc1ccc(cc1)Oc1ccc(cc1)NC(=O)c1cccc(c1)N1C(=O)c2c(C1=O)cc(cc2)c1cccc2c1C(=O)N(C2=O)*,260.0
*c1cccc(c1)C(=O)Nc1ccc(cc1)Oc1ccc(cc1)S(=O)(=O)c1ccc(cc1)Oc1ccc(cc1)NC(=O)c1cccc(c1)N1C(=O)c2c(C1=O)cc(cc2)c1ccc2c(c1)C(=O)N(C2=O)*,258.0
*c1cccc(c1)C(=O)Nc1ccc(cc1)Oc1ccc(cc1)S(=O)(=O)c1ccc(cc1)Oc1ccc(cc1)NC(=O)c1cccc(c1)N1C(=O)c2c(C1=O)cc(cc2)c1cccc2c1C(=O)N(C2=O)*,263.0
*c1cccc(c1)C(=O)Nc1ccc(cc1)Oc1ccc(cc1)c1ccc(cc1)Oc1ccc(cc1)NC(=O)c1cccc(c1)N1C(=O)c2c(C1=O)cc(cc2)c1ccc2c(c1)C(=O)N(C2=O)*,270.0
*c1cccc(c1)C(=O)Nc1ccc(cc1)Oc1ccc(cc1)c1ccc(cc1)Oc1ccc(cc1)NC(=O)c1cccc(c1)N1C(=O)c2c(C1=O)cc(cc2)c1cccc2c1C(=O)N(C2=O)*,275.0
*c1cccc(c1)C(=O)Nc1ccc(cc1)Oc1cccc(c1)Oc1ccc(cc1)NC(=O)c1cccc(c1)N1C(=O)c2c(C1=O)cc(cc2)c1ccc2c(c1)C(=O)N(C2=O)*,253.0
*c1cccc(c1)C(=O)Nc1ccc(cc1)Oc1cccc(c1)Oc1ccc(cc1)NC(=O)c1cccc(c1)N1C(=O)c2c(C1=O)cc(cc2)c1cccc2c1C(=O)N(C2=O)*,253.0
*c1cccc(c1)C(=O)Nc1cccc(c1)S(=O)(=O)c1cccc(c1)NC(=O)c1cccc(c1)N1C(=O)c2c(C1=O)cc(cc2)c1ccc2c(c1)C(=O)N(C2=O)*,247.0
*c1cccc(c1)C(=O)Nc1cccc(c1)S(=O)(=O)c1cccc(c1)NC(=O)c1cccc(c1)N1C(=O)c2c(C1=O)cc(cc2)c1cccc2c1C(=O)N(C2=O)*,261.0
*c1cccc(c1)C(=O)c1c(C)cc(c(c1C)N1C(=O)c2c(C1=O)cc(cc2)Oc1ccc2c(c1)C(=O)N(C2=O)*)C,287.0
*c1cccc(c1)C(=O)c1c(C)cc(c(c1C)N1C(=O)c2c(C1=O)cc(cc2)c1ccc2c(c1)C(=O)N(C2=O)*)C,320.0
*c1cccc(c1)C(=O)c1ccc(cc1)Oc1ccc(cc1)N1C(=O)c2c(C1=O)cc(cc2)Oc1ccc2c(c1)C(=O)N(C2=O)*,232.0
*c1cccc(c1)C(=O)c1ccc(cc1)Oc1ccc(cc1C(F)(F)F)N1C(=O)c2c(C1=O)cc(cc2)Oc1ccc2c(c1)C(=O)N(C2=O)*,224.0
*c1cccc(c1)C(=O)c1cccc(c1)n1c(=O)c2c(c1=O)cc1c(c2)c(=O)n(c1=O)*,321.0
*c1cccc(c1)C(C(C(C(C(c1cccc(c1)N1C(=O)c2c(C1=O)cc(cc2)Oc1ccc2c(c1)C(=O)N(C2=O)*)(F)F)(F)F)(F)F)(F)F)(F)F,138.5
*c1cccc(c1)C(C(C(F)(F)*)(F)F)(F)F,26.0
*c1cccc(c1)C(C(C(c1cccc(c1)N1C(=O)c2c(C1=O)cc(cc2)Oc1ccc2c(c1)C(=O)N(C2=O)*)(F)F)(F)F)(F)F,183.0
*c1cccc(c1)C(C(F)(F)F)(C(F)(F)F)c1cccc(c1)N1C(=O)c2c(C1=O)ccc(c2)Oc1ccc2c(c1)C(=O)N(C2=O)*,224.5
*c1cccc(c1)C(C(F)(F)F)(C(F)(F)F)c1cccc(c1)N1C(=O)c2c(C1=O)ccc(c2)c1ccc2c(c1)C(=O)N(C2=O)*,267.0
*c1cccc(c1)C(C(F)(F)F)(C(F)(F)F)c1cccc(c1)n1c(=O)c2c(c1=O)cc1c(c2)c(=O)n(c1=O)*,296.0
*c1cccc(c1)C(c1cccc(c1)N1C(=O)c2c(C1=O)cc(cc2)Oc1ccc2c(c1)C(=O)N(C2=O)*)O[Si](O[Si](O[Si](C)(C)C)(C)C)(C)C,219.0
*c1cccc(c1)C(c1cccc(c1)N1C(=O)c2c(C1=O)ccc(c2)Oc1ccc2c(c1)C(=O)N(C2=O)*)O,252.0
*c1cccc(c1)C(c1ccccc1)(c1cccc(c1)N1C(=O)c2c(C1=O)ccc(c2)Oc1ccc2c(c1)C(=O)N(C2=O)*)C(F)(F)F,293.0
*c1cccc(c1)CCCOc1cccc(c1)N1C(=O)c2c(C1=O)cccc2c1ccc2c(c1)C(=O)N(C2=O)*,178.0
*c1cccc(c1)Cc1cccc(c1)N1C(=O)c2c(C1=O)cc(cc2)[Si](O[Si](O[Si](c1ccc2c(c1)C(=O)N(C2=O)*)(C)C)(C)C)(C)C,208.0
*c1cccc(c1)Cc1cccc(c1)N1C(=O)c2c(C1=O)cc(cc2)[Si](O[Si](c1ccc2c(c1)C(=O)N(C2=O)*)(C)C)(C)C,217.0
*c1cccc(c1)Cc1cccc(c1)N1C(=O)c2c(C1=O)cc(cc2)[Si](c1ccc(cc1)[Si](c1ccc2c(c1)C(=O)N(C2=O)*)(C)C)(C)C,246.0
*c1cccc(c1)Cc1cccc(c1)N1C(=O)c2c(C1=O)cc(cc2)[Si](c1ccc(cc1)c1ccc(cc1)[Si](c1ccc2c(c1)C(=O)N(C2=O)*)(C)C)(C)C,285.0
*c1cccc(c1)Cc1cccc(c1)N1C(=O)c2c(C1=O)ccc(c2)[Si](c1ccc2c(c1)C(=O)N(C2=O)*)(C)C,238.0
*c1cccc(c1)Cc1cccc(c1)n1c(=O)c2c(c1=O)cc1c(c2)c(=O)n(c1=O)*,309.0
*c1cccc(c1)N/C=C\C(=O)c1cccc(c1)C(=O)/C=C\Nc1cccc(c1)S(=O)(=O)*,215.0
*c1cccc(c1)N1C(=O)C2C(C1=O)CCC(C2)C1CCC2C(C1)C(=O)N(C2=O)*,263.0
*c1cccc(c1)N1C(=O)c2c(C1=O)c(c1ccccc1)c(c(c2c1ccccc1)c1ccc(cc1)c1c(c2ccccc2)c(c2ccccc2)c2c(c1c1ccccc1)C(=O)N(C2=O)*)c1ccccc1,416.0
*c1cccc(c1)N1C(=O)c2c(C1=O)c(ccc2)Oc1c(C)cc(cc1C)Cc1cc(C)c(c(c1)C)Oc1cccc2c1C(=O)N(C2=O)*,269.0
*c1cccc(c1)N1C(=O)c2c(C1=O)c(ccc2)Oc1c(C)cc(cc1C)c1cc(C)c(c(c1)C)Oc1cccc2c1C(=O)N(C2=O)*,311.0
*c1cccc(c1)N1C(=O)c2c(C1=O)c(ccc2)Oc1ccc(cc1)C(=O)c1ccc(cc1)Oc1cccc2c1C(=O)N(C2=O)*,248.0
*c1cccc(c1)N1C(=O)c2c(C1=O)c(ccc2)Oc1ccc(cc1)C(c1ccc(cc1)Oc1cccc2c1C(=O)N(C2=O)*)(C)C,217.5
*c1cccc(c1)N1C(=O)c2c(C1=O)c(ccc2)Oc1ccc(cc1)Oc1ccc(cc1)Oc1cccc2c1C(=O)N(C2=O)*,238.0
*c1cccc(c1)N1C(=O)c2c(C1=O)c(ccc2)Oc1ccc(cc1)Oc1cccc2c1C(=O)N(C2=O)*,259.0
*c1cccc(c1)N1C(=O)c2c(C1=O)c(ccc2)Oc1ccc(cc1)S(=O)(=O)c1ccc(cc1)Oc1cccc2c1C(=O)N(C2=O)*,266.0
*c1cccc(c1)N1C(=O)c2c(C1=O)c(ccc2)Oc1ccc(cc1)Sc1ccc(cc1)Oc1cccc2c1C(=O)N(C2=O)*,231.0
*c1cccc(c1)N1C(=O)c2c(C1=O)c(ccc2)Oc1ccc(cc1)c1ccc(cc1)Oc1cccc2c1C(=O)N(C2=O)*,275.0
*c1cccc(c1)N1C(=O)c2c(C1=O)c(ccc2)Oc1cccc(c1)Oc1cccc2c1C(=O)N(C2=O)*,241.0
*c1cccc(c1)N1C(=O)c2c(C1=O)cc(cc2)C(C(F)(F)F)(C(F)(F)F)c1ccc2c(c1)C(=O)N(C2=O)c1cccc(c1)n1c(=O)c2c(c1=O)cc1c(c2)c(=O)n(c1=O)*,338.0
*c1cccc(c1)N1C(=O)c2c(C1=O)cc(cc2)Oc1c(C)cc(cc1C)Cc1cc(C)c(c(c1)C)Oc1ccc2c(c1)C(=O)N(C2=O)*,245.0
*c1cccc(c1)N1C(=O)c2c(C1=O)cc(cc2)Oc1c(C)cc(cc1C)c1cc(C)c(c(c1)C)Oc1ccc2c(c1)C(=O)N(C2=O)*,295.0
*c1cccc(c1)N1C(=O)c2c(C1=O)cc(cc2)Oc1cc2ccccc2cc1Oc1ccc2c(c1)C(=O)N(C2=O)*,237.0
*c1cccc(c1)N1C(=O)c2c(C1=O)cc(cc2)Oc1ccc(cc1)C(=O)c1ccc(cc1)Oc1ccc2c(c1)C(=O)N(C2=O)*,239.0
*c1cccc(c1)N1C(=O)c2c(C1=O)cc(cc2)Oc1ccc(cc1)C(c1ccc(cc1)Oc1ccc2c(c1)C(=O)N(C2=O)*)(C)C,218.0
*c1cccc(c1)N1C(=O)c2c(C1=O)cc(cc2)Oc1ccc(cc1)Oc1ccc(cc1)Oc1ccc2c(c1)C(=O)N(C2=O)*,227.0
*c1cccc(c1)N1C(=O)c2c(C1=O)cc(cc2)Oc1ccc(cc1)Oc1ccc2c(c1)C(=O)N(C2=O)*,255.0
*c1cccc(c1)N1C(=O)c2c(C1=O)cc(cc2)Oc1ccc(cc1)S(=O)(=O)c1ccc(cc1)Oc1ccc2c(c1)C(=O)N(C2=O)*,265.0
*c1cccc(c1)N1C(=O)c2c(C1=O)cc(cc2)Oc1ccc(cc1)Sc1ccc(cc1)Oc1ccc2c(c1)C(=O)N(C2=O)*,209.0
*c1cccc(c1)N1C(=O)c2c(C1=O)cc(cc2)Oc1ccc(cc1)c1ccc(cc1)Oc1ccc2c(c1)C(=O)N(C2=O)*,247.0
*c1cccc(c1)N1C(=O)c2c(C1=O)cc(cc2)Oc1ccc2c(c1)C(=O)N(C2=O)*,280.0
*c1cccc(c1)N1C(=O)c2c(C1=O)cc(cc2)Oc1ccc2c(c1)cc(cc2)Oc1ccc2c(c1)C(=O)N(C2=O)*,254.0
*c1cccc(c1)N1C(=O)c2c(C1=O)cc(cc2)Oc1ccc2c(c1)ccc(c2)Oc1ccc2c(c1)C(=O)N(C2=O)*,230.0
*c1cccc(c1)N1C(=O)c2c(C1=O)cc(cc2)Oc1cccc(c1)Oc1ccc2c(c1)C(=O)N(C2=O)*,224.0
*c1cccc(c1)N1C(=O)c2c(C1=O)cc(cc2)Oc1cccc2c1cccc2Oc1ccc2c(c1)C(=O)N(C2=O)*,260.0
*c1cccc(c1)N1C(=O)c2c(C1=O)cc(cc2)c1ccc2c(c1)C(=O)N(C2=O)*,330.0
*c1cccc(c1)N1C(=O)c2c(C1=O)cc(cc2)c1cccc2c1C(=O)N(C2=O)*,341.0
*c1cccc(c1)N1C(=O)c2c(C1=O)ccc(c2)C(C(F)(F)F)(C(F)(F)F)c1ccc2c(c1)C(=O)N(C2=O)c1cccc(c1)N1C(=O)c2c(C1=O)cc(cc2)c1ccc2c(c1)C(=O)N(C2=O)*,308.0
*c1cccc(c1)N1C(=O)c2c(C1=O)ccc(c2)Oc1ccc2c(c1)C1(CC2(C)C)CC(c2c1cc(cc2)Oc1ccc2c(c1)C(=O)N(C2=O)*)(C)C,253.0
*c1cccc(c1)N1C(=O)c2c(C1=O)ccc(c2)Oc1ccccc1Oc1ccc2c(c1)C(=O)N(C2=O)*,224.0
*c1cccc(c1)N1C(=O)c2c(C1=O)ccc(c2)P(=O)(c1ccc2c(c1)C(=O)N(C2=O)*)c1ccccc1,323.0
*c1cccc(c1)N1C(=O)c2c(C1=O)ccc(c2)c1ccc2c(c1)C(=O)N(C2=O)c1ccc2c(c1)nc([nH]2)*,408.0
*c1cccc(c1)N=Nc1cccc(c1)c1ccc(cc1)Oc1ccc(cc1)c1cnc(o1)*,62.0
*c1cccc(c1)NC(=O)C1=C(C(=O)Nc2cccc(c2)S(=O)(=O)*)C2(C(C1(C)C(=C2C)C)(C)Cc1ccccc1)C,83.0
*c1cccc(c1)NC(=O)c1ccc(cc1)OCCOCCOCCOCCOCCOc1ccc(cc1)C(=O)Nc1ccc2c(c1)nc([nH]2)*,140.0
*c1cccc(c1)NC(=O)c1ccc(cc1)OCCOCCOCCOCCOc1ccc(cc1)C(=O)Nc1ccc2c(c1)nc([nH]2)*,155.0
*c1cccc(c1)NC(=O)c1ccc(cc1)OCCOCCOCCOc1ccc(cc1)C(=O)Nc1ccc2c(c1)nc([nH]2)*,180.0
*c1cccc(c1)NC(=O)c1ccc(cc1)OCCOCCOc1ccc(cc1)C(=O)Nc1ccc2c(c1)nc([nH]2)*,215.0
*c1cccc(c1)NC(=O)c1ccc(cc1)OCCOc1ccc(cc1)C(=O)Nc1ccc2c(c1)nc([nH]2)*,250.0
*c1cccc(c1)NC(=O)c1ccc(cc1C)c1ccc(c(c1)C)C(=O)Nc1cccc(c1)S(=O)(=O)*,260.0
*c1cccc(c1)NC(=O)c1cccc(c1)C(=O)Nc1cccc(c1)n1c(=O)c2c(c1=O)cc1c(c2)c(=O)n(c1=O)*,327.0
*c1cccc(c1)OCCCCCCCCCCCCOc1cccc(c1)N1C(=O)c2c(C1=O)cc(cc2)c1ccc2c(c1)C(=O)N(C2=O)*,116.0
*c1cccc(c1)OCCCCCCCCCCCCOc1cccc(c1)N1C(=O)c2c(C1=O)cc(cc2)c1cccc2c1C(=O)N(C2=O)*,116.0
*c1cccc(c1)OCCCCCCCCCCCOC(=O)c1ccc(cc1)C(=O)OCCCCCCCCCCCOc1cccc(c1)c1nnc(s1)*,22.0
*c1cccc(c1)OCCCCCCCCCCCOC(=O)c1cccc(c1)C(=O)OCCCCCCCCCCCOc1cccc(c1)c1nnc(s1)*,15.0
*c1cccc(c1)OCCCCCCCCCCOc1cccc(c1)N1C(=O)c2c(C1=O)cc(cc2)c1ccc2c(c1)C(=O)N(C2=O)*,125.0
*c1cccc(c1)OCCCCCCCCCCOc1cccc(c1)N1C(=O)c2c(C1=O)cc(cc2)c1cccc2c1C(=O)N(C2=O)*,127.0
*c1cccc(c1)OCCCCCCCCCOc1cccc(c1)N1C(=O)c2c(C1=O)cc(cc2)c1ccc2c(c1)C(=O)N(C2=O)*,132.0
*c1cccc(c1)OCCCCCCCCCOc1cccc(c1)N1C(=O)c2c(C1=O)cc(cc2)c1cccc2c1C(=O)N(C2=O)*,134.0
*c1cccc(c1)OCCCCCCCCOc1cccc(c1)N1C(=O)c2c(C1=O)cc(cc2)c1ccc2c(c1)C(=O)N(C2=O)*,138.0
*c1cccc(c1)OCCCCCCCCOc1cccc(c1)N1C(=O)c2c(C1=O)cc(cc2)c1cccc2c1C(=O)N(C2=O)*,142.0
*c1cccc(c1)OCCCCCCOc1cccc(c1)N1C(=O)c2c(C1=O)cc(cc2)c1ccc2c(c1)C(=O)N(C2=O)*,153.0
*c1cccc(c1)OCCCCCCOc1cccc(c1)N1C(=O)c2c(C1=O)cc(cc2)c1cccc2c1C(=O)N(C2=O)*,157.0
*c1cccc(c1)OCCCCCOc1cccc(c1)N1C(=O)c2c(C1=O)cc(cc2)c1ccc2c(c1)C(=O)N(C2=O)*,165.0
*c1cccc(c1)OCCCCCOc1cccc(c1)N1C(=O)c2c(C1=O)cc(cc2)c1cccc2c1C(=O)N(C2=O)*,168.0
*c1cccc(c1)OCCCCOc1cccc(c1)N1C(=O)c2c(C1=O)cc(cc2)c1ccc2c(c1)C(=O)N(C2=O)*,175.0
*c1cccc(c1)OCCCCOc1cccc(c1)N1C(=O)c2c(C1=O)cc(cc2)c1cccc2c1C(=O)N(C2=O)*,178.0
*c1cccc(c1)OCCCOc1cccc(c1)N1C(=O)c2c(C1=O)cc(cc2)c1ccc2c(c1)C(=O)N(C2=O)*,184.0
*c1cccc(c1)OP(=O)(c1ccccc1)Oc1cccc(c1)n1c(=O)c2c(c1=O)cc1c(c2)c(=O)n(c1=O)*,191.0
*c1cccc(c1)Oc1ccc(c(c1)Oc1cccc(c1)N1C(=O)c2c(C1=O)cc(cc2)Oc1ccc(cc1)c1ccc(cc1)Oc1ccc2c(c1)C(=O)N(C2=O)*)P(=O)(c1ccccc1)c1ccccc1,227.0
*c1cccc(c1)Oc1ccc(c(c1)Oc1cccc(c1)N1C(=O)c2c(C1=O)cc(cc2)Oc1ccc2c(c1)C(=O)N(C2=O)*)P(=O)(c1ccccc1)c1ccccc1,212.0
*c1cccc(c1)Oc1ccc(c(c1)Oc1cccc(c1)N1C(=O)c2c(C1=O)cc(cc2)c1ccc2c(c1)C(=O)N(C2=O)*)P(=O)(c1ccccc1)c1ccccc1,234.0
*c1cccc(c1)Oc1ccc(c(c1)Oc1cccc(c1)n1c(=O)c2c(c1=O)cc1c(c2)c(=O)n(c1=O)*)P(=O)(c1ccccc1)c1ccccc1,251.0
*c1cccc(c1)Oc1ccc(cc1)C(C(F)(F)F)(C(F)(F)F)c1ccc(cc1)Oc1cccc(c1)n1c(=O)c2c(c1=O)cc1c(c2)c(=O)n(c1=O)*,235.0
*c1cccc(c1)Oc1ccc(cc1)Oc1cccc(c1)N1C(=O)c2c(C1=O)cc(cc2)Oc1ccc2c(c1)C(=O)N(C2=O)*,204.0
*c1cccc(c1)Oc1ccc(cc1)S(=O)(=O)c1ccc(cc1)Oc1cccc(c1)N1C(=O)c2c(C1=O)ccc(c2)Oc1c(Br)cc(cc1Br)C(c1cc(Br)c(c(c1)Br)Oc1ccc2c(c1)C(=O)N(C2=O)*)(C)C,232.0
*c1cccc(c1)Oc1ccc(cc1)S(=O)(=O)c1ccc(cc1)Oc1cccc(c1)N1C(=O)c2c(C1=O)ccc(c2)Oc1ccc(cc1)C(c1ccc(cc1)Oc1ccc2c(c1)C(=O)N(C2=O)*)(C)C,182.0
*c1cccc(c1)Oc1ccc(cc1)S(=O)(=O)c1ccc(cc1)Oc1cccc(c1)n1c(=O)c2c(c1=O)cc1c(c2)c(=O)n(c1=O)*,223.15
*c1cccc(c1)Oc1ccc(cc1)c1ccc(cc1)Oc1cccc(c1)n1c(=O)c2c(c1=O)cc1c(c2)c(=O)n(c1=O)*,251.0
*c1cccc(c1)Oc1ccc2c(c1)C(=O)N(C2=O)*,204.5
*c1cccc(c1)Oc1cccc(c1)N1C(=O)c2c(C1=O)ccc(c2)Oc1ccc2c(c1)C(=O)N(C2=O)*,207.0
*c1cccc(c1)Oc1cccc(c1)Oc1cccc(c1)N1C(=O)C2C(C1=O)C1C=CC2C2C1C(=O)N(C2=O)*,162.0
*c1cccc(c1)Oc1cccc(c1)Oc1cccc(c1)N1C(=O)c2c(C1=O)c(c1ccccc1)c(c(c2c1ccccc1)c1ccc(cc1)Oc1ccc(cc1)Oc1ccc(cc1)c1c(c2ccccc2)c(c2ccccc2)c2c(c1c1ccccc1)C(=O)N(C2=O)*)c1ccccc1,238.0
*c1cccc(c1)Oc1cccc(c1)Oc1cccc(c1)N1C(=O)c2c(C1=O)c(c1ccccc1)c(c(c2c1ccccc1)c1ccc(cc1)Oc1ccc(cc1)c1c(c2ccccc2)c(c2ccccc2)c2c(c1c1ccccc1)C(=O)N(C2=O)*)c1ccccc1,261.0
*c1cccc(c1)Oc1cccc(c1)Oc1cccc(c1)N1C(=O)c2c(C1=O)c(c1ccccc1)c(c(c2c1ccccc1)c1ccccc1)c1ccc(cc1)c1c(c2ccccc2)c(c2ccccc2)c2c(c1c1ccccc1)C(=O)N(C2=O)*,280.0
*c1cccc(c1)Oc1cccc(c1)Oc1cccc(c1)N1C(=O)c2c(C1=O)cc(cc2)Oc1ccc(cc1)Sc1ccc(cc1)Oc1ccc2c(c1)C(=O)N(C2=O)*,190.5
*c1cccc(c1)Oc1cccc(c1)Oc1cccc(c1)N1C(=O)c2c(C1=O)cc(cc2)Oc1ccc2c(c1)C(=O)N(C2=O)*,187.0
*c1cccc(c1)Oc1cccc(c1)Oc1cccc(c1)N1C(=O)c2c(C1=O)cc(cc2)c1ccc2c(c1)C(=O)N(C2=O)*,208.0
*c1cccc(c1)Oc1cccc(c1)Oc1cccc(c1)N1C(=O)c2c(C1=O)cc(cc2)c1cccc2c1C(=O)N(C2=O)*,213.0
*c1cccc(c1)Oc1cccc(c1)Oc1cccc(c1)n1c(=O)c2c(c1=O)cc1c(c2)c(=O)n(c1=O)*,220.5
*c1cccc(c1)Oc1cccc(c1)n1c(=O)c2c(c1=O)cc1c(c2)c(=O)n(c1=O)*,283.5
*c1cccc(c1)P(=O)(c1cc(cc(c1)C(F)(F)F)C(F)(F)F)c1cccc(c1)N1C(=O)c2c(C1=O)cc(cc2)Oc1ccc2c(c1)C(=O)N(C2=O)*,228.0
*c1cccc(c1)P(=O)(c1cc(cc(c1)C(F)(F)F)C(F)(F)F)c1cccc(c1)n1c(=O)c2c(c1=O)c(c1cc(cc(c1)C(F)(F)F)C(F)(F)F)c1c(c2)c(=O)n(c1=O)*,280.0
*c1cccc(c1)P(=O)(c1cc(cc(c1)C(F)(F)F)C(F)(F)F)c1cccc(c1)n1c(=O)c2c(c1=O)c(c1cc(cc(c1)C(F)(F)F)C(F)(F)F)c1c(c2c2cc(cc(c2)C(F)(F)F)C(F)(F)F)c(=O)n(c1=O)*,293.0
*c1cccc(c1)P(=O)(c1cc(cc(c1)C(F)(F)F)C(F)(F)F)c1cccc(c1)n1c(=O)c2c(c1=O)c(c1ccc(cc1)C(F)(F)F)c1c(c2c2ccc(cc2)C(F)(F)F)c(=O)n(c1=O)*,310.0
*c1cccc(c1)P(=O)(c1cc(cc(c1)C(F)(F)F)C(F)(F)F)c1cccc(c1)n1c(=O)c2c(c1=O)c(c1ccccc1)c1c(c2c2ccccc2)c(=O)n(c1=O)*,320.0
*c1cccc(c1)P(=O)(c1cc(cc(c1)C(F)(F)F)C(F)(F)F)c1cccc(c1)n1c(=O)c2c(c1=O)cc1c(c2)c(=O)n(c1=O)*,281.0
*c1cccc(c1)P(=O)(c1cc(cc(c1)C(F)(F)F)C(F)(F)F)c1cccc(c1)n1c(=O)c2c(c1=O)cc1c(c2c2ccc(cc2)C(F)(F)F)c(=O)n(c1=O)*,292.0
*c1cccc(c1)P(=O)(c1cc(cc(c1)C(F)(F)F)C(F)(F)F)c1cccc(c1)n1c(=O)c2c(c1=O)cc1c(c2c2ccccc2)c(=O)n(c1=O)*,300.0
*c1cccc(c1)P(=O)(c1ccc(cc1)C(F)(F)F)c1cccc(c1)N1C(=O)c2c(C1=O)cc(cc2)Oc1ccc2c(c1)C(=O)N(C2=O)*,248.0
*c1cccc(c1)P(=O)(c1ccc(cc1)C(F)(F)F)c1cccc(c1)n1c(=O)c2c(c1=O)c(c1cc(cc(c1)C(F)(F)F)C(F)(F)F)c1c(c2c2cc(cc(c2)C(F)(F)F)C(F)(F)F)c(=O)n(c1=O)*,311.0
*c1cccc(c1)P(=O)(c1ccc(cc1)C(F)(F)F)c1cccc(c1)n1c(=O)c2c(c1=O)c(c1ccc(cc1)C(F)(F)F)c1c(c2)c(=O)n(c1=O)*,303.0
*c1cccc(c1)P(=O)(c1ccc(cc1)C(F)(F)F)c1cccc(c1)n1c(=O)c2c(c1=O)c(c1ccc(cc1)C(F)(F)F)c1c(c2c2ccc(cc2)C(F)(F)F)c(=O)n(c1=O)*,324.0
*c1cccc(c1)P(=O)(c1ccc(cc1)C(F)(F)F)c1cccc(c1)n1c(=O)c2c(c1=O)c(c1ccccc1)c1c(c2c2ccccc2)c(=O)n(c1=O)*,337.0
*c1cccc(c1)P(=O)(c1ccc(cc1)C(F)(F)F)c1cccc(c1)n1c(=O)c2c(c1=O)cc1c(c2)c(=O)n(c1=O)*,311.0
*c1cccc(c1)P(=O)(c1ccc(cc1)C(F)(F)F)c1cccc(c1)n1c(=O)c2c(c1=O)cc1c(c2c2cc(cc(c2)C(F)(F)F)C(F)(F)F)c(=O)n(c1=O)*,290.0
*c1cccc(c1)P(=O)(c1ccc(cc1)C(F)(F)F)c1cccc(c1)n1c(=O)c2c(c1=O)cc1c(c2c2ccccc2)c(=O)n(c1=O)*,311.0
*c1cccc(c1)P(=O)(c1ccc(cc1)Oc1ccc(cc1)C12CC3CC(C2)CC(C1)C3)c1cccc(c1)N1C(=O)c2c(C1=O)cc(cc2)Oc1ccc2c(c1)C(=O)N(C2=O)*,290.0
*c1cccc(c1)P(=O)(c1cccc(c1)N1C(=O)c2c(C1=O)cc(cc2)Oc1ccc(cc1)C(c1ccc(cc1)Oc1ccc2c(c1)C(=O)N(C2=O)*)(C)C)C,228.0
*c1cccc(c1)P(=O)(c1cccc(c1)n1c(=O)c2c(c1=O)cc1c(c2)c(=O)n(c1=O)*)c1ccc(cc1)Oc1ccc(cc1)C12CC3CC(C2)CC(C1)C3,330.0
*c1cccc(c1)P(=O)(c1ccccc1)c1cccc(c1)N1C(=O)c2c(C1=O)cc(cc2)Oc1ccc(cc1)C(c1ccc(cc1)Oc1ccc2c(c1)C(=O)N(C2=O)*)(C)C,213.0
*c1cccc(c1)P(=O)(c1ccccc1)c1cccc(c1)N1C(=O)c2c(C1=O)ccc(c2)Oc1ccc2c(c1)C(=O)N(C2=O)*,251.0
*c1cccc(c1)P(=O)(c1ccccc1)c1cccc(c1)n1c(=O)c2c(c1=O)c(c1cc(cc(c1)C(F)(F)F)C(F)(F)F)c1c(c2c2cc(cc(c2)C(F)(F)F)C(F)(F)F)c(=O)n(c1=O)*,324.0
*c1cccc(c1)P(=O)(c1ccccc1)c1cccc(c1)n1c(=O)c2c(c1=O)c(c1ccc(cc1)C(F)(F)F)c1c(c2c2ccc(cc2)C(F)(F)F)c(=O)n(c1=O)*,334.0
*c1cccc(c1)P(=O)(c1ccccc1)c1cccc(c1)n1c(=O)c2c(c1=O)c(c1ccccc1)c1c(c2)c(=O)n(c1=O)*,322.0
*c1cccc(c1)P(=O)(c1ccccc1)c1cccc(c1)n1c(=O)c2c(c1=O)c(c1ccccc1)c1c(c2c2ccccc2)c(=O)n(c1=O)*,342.0
*c1cccc(c1)P(=O)(c1ccccc1)c1cccc(c1)n1c(=O)c2c(c1=O)cc1c(c2)c(=O)n(c1=O)*,331.0
*c1cccc(c1)P(=O)(c1ccccc1)c1cccc(c1)n1c(=O)c2c(c1=O)cc1c(c2c2cc(cc(c2)C(F)(F)F)C(F)(F)F)c(=O)n(c1=O)*,299.0
*c1cccc(c1)P(=O)(c1ccccc1)c1cccc(c1)n1c(=O)c2c(c1=O)cc1c(c2c2ccc(cc2)C(F)(F)F)c(=O)n(c1=O)*,318.0
*c1cccc(c1)S(=O)(=O)NCCCCCCNS(=O)(=O)*,67.0
*c1cccc(c1)S(=O)(=O)NCCCCCNS(=O)(=O)*,74.0
*c1cccc(c1)S(=O)(=O)NCCCCNS(=O)(=O)*,82.0
*c1cccc(c1)S(=O)(=O)NCCCNS(=O)(=O)*,92.0
*c1cccc(c1)S(=O)(=O)NCCNS(=O)(=O)*,107.0
*c1cccc(c1)S(=O)(=O)c1cccc(c1)N1C(=O)c2c(C1=O)cc(cc2)Oc1c(Br)cc(cc1Br)C(c1cc(Br)c(c(c1)Br)Oc1ccc2c(c1)C(=O)N(C2=O)*)(C)C,251.0
*c1cccc(c1)S(=O)(=O)c1cccc(c1)N1C(=O)c2c(C1=O)cc(cc2)Oc1ccc(cc1)C(c1ccc(cc1)Oc1ccc2c(c1)C(=O)N(C2=O)*)(C)C,201.0
*c1cccc(c1)S(=O)(=O)c1cccc(c1)N1C(=O)c2c(C1=O)cc(cc2)Oc1ccc(cc1)S(=O)(=O)c1ccc(cc1)Oc1ccc2c(c1)C(=O)N(C2=O)*,205.0
*c1cccc(c1)S(=O)(=O)c1cccc(c1)N1C(=O)c2c(C1=O)cc(cc2)Oc1ccc(cc1)Sc1ccc(cc1)Oc1ccc2c(c1)C(=O)N(C2=O)*,213.0
*c1cccc(c1)S(=O)(=O)c1cccc(c1)N1C(=O)c2c(C1=O)ccc(c2)Oc1ccc2c(c1)C(=O)N(C2=O)*,246.0
*c1cccc(c1)S(=O)(=O)c1cccc(c1)n1c(=O)c2c(c1=O)cc1c(c2)c(=O)n(c1=O)*,338.0
*c1cccc(c1)c1[nH]c2c(n1)ccc(c2)c1ccc2c(c1)[nH]c(n2)*,415.0
*c1cccc(c1)c1ccc2c(c1)nc([nH]2)S(=O)(=O)c1[nH]c2c(n1)ccc(c2)*,286.5
*c1cccc(c1)c1cccc(c1)C(C(C(F)(F)*)(F)F)(F)F,45.0
*c1cccc(c1)c1nc2c([nH]1)ccc(c2)c1ccc2c(c1)nc([nH]2)*,405.5
*c1cccc(c1)c1nc2c([nH]1)ccc(c2)c1ccc2c(c1)nc(n2C)*,346.66
*c1cccc(c1)c1nc2cc(ccc2nc1c1ccc2c(c1)cccc2)c1ccc2c(c1)nc(c(n2)*)c1ccc2c(c1)cccc2,317.0
*c1cccc(c1)c1nc2cc(ccc2nc1c1ccccc1)Oc1ccc2c(c1)nc(c(n2)c1ccccc1)*,270.0
*c1cccc(c1)c1nc2cc(ccc2nc1c1ccccc1)c1ccc2c(c1)nc(c(n2)*)c1ccccc1,319.0
*c1cccc(c1)c1nc2cc(ccc2nc1c1ccccc1)c1ccc2c(c1)nc(c(n2)c1ccccc1)*,320.0
*c1cccc(c1)c1nc2cc3nc(*)c(nc3cc2nc1c1ccccc1)c1ccccc1,365.0
*c1cccc(c1)c1nc2cc3nc(c4ccccc4)c(nc3cc2nc1c1ccccc1)*,365.0
*c1cccc(c1)c1nc2ccc(cc2nc1c1ccccc1)Oc1ccc2c(c1)nc(c(n2)*)c1ccccc1,270.0
*c1cccc(c1)c1sc2c(n1)ccc(c2)c1ccc2c(c1)sc(n2)*,495.0
*c1cccc(c1)n1c(=O)c2c(c1=O)cc1c(c2)c(=O)n(c1=O)*,418.0
*c1cccc(n1)N(C(=O)CCCCCCCC=CCCCCCCCC(=O)N(C)*)C,18.0
*c1cccc(n1)N(C(=O)CCCCCCCCCCCCCCCCC(=O)N(C)*)C,17.5
*c1cccc(n1)N1C(=O)C(=O)N(C1=O)CCCCCCN1C(=O)N(C(=O)C1=O)*,169.5
*c1cccc(n1)N1C(=O)N(C(=O)C1=O)c1ccc(cc1)Cc1ccc(cc1)N1C(=O)N(C(=O)C1=O)*,237.0
*c1cccc(n1)n1c(=O)c2c(c1=O)cc1c(c2)c(=O)n(c1=O)*,157.955
*c1nc(C)nc(n1)N(c1ccccc1)CCCCCCCCCCN(c1ccccc1)*,48.0
*c1nc(C)nc(n1)N(c1ccccc1)CCCCCCN(c1ccccc1)*,67.0
*c1nc(C)nc(n1)N(c1ccccc1)CCCCN(c1ccccc1)*,85.0
*c1nc(nc(n1)C(C(C(F)(F)F)(F)F)(F)F)C(C(C(C(C(C(F)(F)*)(F)F)(F)F)(F)F)(F)F)(F)F,-11.0
*c1nc(nc(n1)c1ccccc1)N(c1ccccc1)CCCCCCCCCCN(c1ccccc1)*,62.0
*c1nc(nc(n1)c1ccccc1)N(c1ccccc1)CCCCCCN(c1ccccc1)*,74.0
*c1nc(nc(n1)c1ccccc1)N(c1ccccc1)CCCCN(c1ccccc1)*,94.0
*c1nc(nc(n1)c1ccccc1)N(c1ncnc(n1)N(c1ccccc1)*)c1ccccc1,273.5
*c1nc(nc(n1)c1ccccc1)c1ccc(cc1)C(=O)Nc1ccc(cc1)Cc1ccc(cc1)NC(=O)c1ccc(cc1)*,311.0
*c1nc(nc(n1)c1ccccc1)c1ccc(cc1)C(=O)Nc1ccc(cc1)NC(=O)c1ccc(cc1)*,326.0
*c1nc(nc(n1)c1ccccc1)c1ccc(cc1)C(=O)Nc1ccc(cc1)Oc1ccc(cc1)NC(=O)c1ccc(cc1)*,319.0
*c1nc(nc(n1)c1ccccc1)c1ccc(cc1)C(=O)Nc1ccc(cc1)S(=O)(=O)c1ccc(cc1)NC(=O)c1ccc(cc1)*,330.0
*c1nc(nc(n1)c1ccccc1)c1ccc(cc1)C(=O)Nc1cccc(c1)NC(=O)c1ccc(cc1)*,315.0
*c1nc(nc(n1)c1ccccc1)c1ccc(cc1)Oc1ccc(cc1)C(C(F)(F)F)(C(F)(F)F)c1ccc(cc1)Oc1ccc(cc1)*,241.0
*c1nc(nc(n1)c1ccccc1)c1ccc(cc1)Oc1ccc(cc1)C(c1ccc(cc1)Oc1ccc(cc1)*)(C)C,228.0
*c1nc(nc(n1)c1ccccc1)c1ccc(cc1)Oc1ccc(cc1)Oc1ccc(cc1)*,244.0
*c1nc(nc(n1)c1ccccc1)c1ccc(cc1)Oc1ccc(cc1)Oc1ccc(cc1)Oc1ccc(cc1)*,203.0
*c1nc(nc(n1)c1ccccc1)c1ccc(cc1)Oc1ccc(cc1)Sc1ccc(cc1)Oc1ccc(cc1)*,211.0
*c1nc(nc(n1)c1ccccc1)c1ccc(cc1)Oc1ccc(cc1)c1ccc(cc1)Oc1ccc(cc1)*,241.0
*c1nc(nc(n1)c1ccccc1)c1ccc(cc1)Oc1ccc2c(c1)cc(cc2)Oc1ccc(cc1)*,255.0
*c1nc2ccc(cc2c(c1)c1ccccc1)Oc1ccc2c(c1)c(cc(n2)C(C(C(C(F)(F)*)(F)F)(F)F)(F)F)c1ccccc1,141.0
*c1nc2ccc(cc2c(c1c1ccccc1)c1ccccc1)Oc1ccc2c(c1)c(c1ccccc1)c(c(n2)C(C(C(C(F)(F)*)(F)F)(F)F)(F)F)c1ccccc1,183.0
*c1ncnc(n1)N(c1ccccc1)CCCCCCCCCCN(c1ccccc1)*,55.0
*c1ncnc(n1)N(c1ccccc1)CCCCCCN(c1ccccc1)*,72.0
*c1ncnc(n1)N(c1ccccc1)CCCCN(c1ccccc1)*,91.0
*c1nnc(o1)c1ccc(c2c1cccc2)Oc1ccc(c2c1cccc2)C=Cc1ccc(cc1)Oc1ccc(c2c1cccc2)*,241.0
*c1nnc(o1)c1ccc(c2c1cccc2)Oc1ccc(cc1)C(C(F)(F)F)(C(F)(F)F)c1ccc(cc1)Oc1ccc(c2c1cccc2)*,220.0
*c1nnc(o1)c1ccc(c2c1cccc2)Oc1ccc(cc1)C=Cc1ccc(cc1)Oc1ccc(c2c1cccc2)*,238.0
*c1nnc(o1)c1ccc2c(c1)C(=O)N(C2=O)CCCCCOC(=O)c1ccc(cc1)C(=O)OCCCCCN1C(=O)c2c(C1=O)cc(cc2)*,89.0
*c1nnc(o1)c1ccc2c(c1)C(=O)N(C2=O)CCCCCOC(=O)c1cccc(c1)C(=O)OCCCCCN1C(=O)c2c(C1=O)cc(cc2)*,98.0
*c1sc(c(c1)C(=O)Oc1cccc2c1nccc2)*,154.0
*c1sc(c(c1)C)*,114.2
*c1sc(cc1CC(=O)OCC)*,56.7
*c1sc(cc1CCCC)*,58.7
*c1sc(cc1CCCCBr)*,19.0
*c1sc(cc1CCCCCCBr)c1ccc(s1)*,51.0
*c1sc(cc1CCOC(=O)NCCCC)*,67.5
*c1sc(cc1SCCCCCC)*,32.0
*n1cc(c2c1cccc2)*,65.0
BrCCCCCC(C(=O)OCCCCCC*)C(=O)OCCCCCCOc1ccc(cc1)N1ON1c1ccc(cc1)O*,7.0
BrCCCCCCC1(CCCCCCBr)c2cc(*)ccc2-c2c1cc(cc2)c1ccc(cc1)*,122.0
BrCCOC(=O)C(C*)(C)*,52.0
BrCc1cc(cc(c1Oc1ccc(cc1)C(=O)c1ccc(cc1)*)C)c1cc(C)c(c(c1)CBr)O*,158.17
BrCc1cc(cc(c1Oc1ccc(cc1)C(=O)c1ccc(cc1)*)CBr)c1cc(C)c(c(c1)CBr)O*,163.67
Brc1ccc(c(c1)c1ccc(cc1)NC(=O)c1ccc(cc1)*)NC(=O)c1ccc(cc1)S(=O)(=O)*,288.0
Brc1ccc(cc1)C=Nc1cc(*)c(c(c1O)*)C,171.0
Brc1ccc(cc1)C=Nc1cc(*)cc(c1O)*,206.0
C=CC(=O)Oc1ccc(cc1N1C(=O)c2c(C1=O)cc(cc2)C(=O)*)C(C(F)(F)F)(C(F)(F)F)c1ccc(c(c1)N1C(=O)c2c(C1=O)cc(cc2)*)OC(=O)C=C,250.25
C=CCCCCCCC(CC(=O)*)O*,-50.0
C=CCOC(=O)c1cc(ccc1C(=O)Oc1ccc(cc1)O*)C(=O)Oc1ccc(cc1)OCCCC*,56.0
C=CCOCC(COC(=O)CCC(=O)*)O*,-30.0
C=CCOCC(O*)C*,-75.5
C=CCOCC(S*)C*,-59.0
C=C[Si](O[Si](c1ccc(cc1)[Si](C)(C)*)(C)C)(O[Si](C=C)(O*)C)C,-86.0
CC(=O)Oc1c(cc(cc1C(C)(C)C)C(=C1C=C(C(=O)C(=C1)C(C)(C)C)C(C)(C)C)c1ccc(cc1)c1cc(sc1*)*)C(C)(C)C,-4.3
CC(=O)Oc1cc(ccc1N1C(=O)c2c(C1=O)cc(cc2)C(C(F)(F)F)(C(F)(F)F)*)c1ccc(c(c1)OC(=O)C)N1C(=O)c2c(C1=O)cc(cc2)*,279.0
CC(=O)Oc1ccc(cc1)C(=O)Nc1cc(cc(c1)C(=O)Nc1ccc(cc1)Oc1ccc(cc1)*)C(=O)Nc1ccc(cc1)Oc1ccc(cc1)c1nnc(o1)*,270.0
CC(=O)Oc1ccc(cc1)C(=O)Nc1cc(cc(c1)C(=O)Nc1cccc(c1)Oc1ccc(cc1)*)C(=O)Nc1cccc(c1)Oc1ccc(cc1)c1nnc(o1)*,270.0
CC(=O)Oc1ccc(cc1N1C(=O)c2c(C1=O)cc(cc2)C(C(F)(F)F)(C(F)(F)F)*)C(C(F)(F)F)(C(F)(F)F)c1ccc(c(c1)N1C(=O)c2c(C1=O)cc(cc2)*)OC(=O)C,265.0
CC(C1CCC(CC1)(c1ccc(cc1)Oc1ccc2c(c1)C(=O)N(C2=O)c1ccc(cc1)Oc1ccc(cc1)C1(C2CC3CC1CC(C2)C3)c1ccc(cc1)Oc1ccc(cc1)*)c1ccc(cc1)Oc1ccc2c(c1)C(=O)N(C2=O)*)(C)C,266.0
CC(CC(n1c(=O)c2c(c1=O)cc1c(c2)c(=O)n(c1=O)*)C(=O)Nc1ccc(cc1)Oc1ccc(cc1)NC(=O)NC1CC(C)(C)CC(C1)(C)CNC(=O)Nc1ccc(cc1)Oc1ccc(cc1)NC(=O)C(CC(C)C)*)C,147.5
CC(CC(n1c(=O)c2c(c1=O)cc1c(c2)c(=O)n(c1=O)*)C(=O)Nc1ccc(cc1)Oc1ccc(cc1)NC(=O)Nc1ccc(cc1)Cc1ccc(cc1)NC(=O)Nc1ccc(cc1)Oc1ccc(cc1)NC(=O)C(CC(C)C)*)C,181.4
CC(OC(=O)C(*)*)C,70.0
CC(Oc1ccc(cc1)N1C(=O)c2c(C1=O)cc(cc2)*)COc1ccc(cc1)N1C(=O)c2c(C1=O)cc(cc2)C(C(F)(F)F)(C(F)(F)F)*,234.0
CC(c1cc(c(cc1Oc1ccc(cc1)S(=O)(=O)c1ccc(cc1)Oc1cc(C)c(cc1C(C)C)*)C)C1(*)OC(=O)c2c1cccc2)C,230.0
CC(c1cc(ccc1Oc1ccc(cc1)N1C(=O)c2c(C1=O)cc(cc2)Oc1ccc(cc1)C1(CCC(CC1)c1ccccc1)c1ccc(cc1)Oc1ccc2c(c1)C(=O)N(C2=O)*)Oc1ccc(cc1)*)(C)C,236.0
CC(c1ccc(cc1)OP(=N*)(Oc1ccc(cc1)C(C)C)*)C,0.0
CC1=CC(CC2C1C(=O)N(C2=O)*)C1CC(=O)N(C1=O)c1ccc(cc1)*,327.0
CC1CC(CCC1*)CC1CCC(C(C1)C)N1C(=O)c2c(C1=O)cc(cc2)Oc1ccc2c(c1)C(=O)N(C2=O)*,250.0
CC1CC(CCC1*)CC1CCC(C(C1)C)N1C(=O)c2c(C1=O)cc(cc2)c1ccc2c(c1)C(=O)N(C2=O)*,260.0
CC1CC(CCC1N1C(=O)C2C(C1=O)C1C=CC2C2C1C(=O)N(C2=O)*)CC1CCC(C(C1)C)*,241.0
CC1CC2CC1C(C2*)*,350.0
CC1CCC(CC1)(c1ccc(cc1)N1C(=O)c2c(C1=O)cc(cc2)*)c1ccc(cc1)NC(=O)*,322.0
CC=C1CC2CC1C(C2*)*,57.6
CCC(=*)Nc1ccc(cc1)Cc1ccc(cc1)N=*,130.0
CCC(=C(c1ccccc1)*)*,200.0
CCC(=O)c1cc(ccc1O*)OC(=O)c1ccc(cc1)OCCCCCCCCOc1ccc(cc1)C(=O)*,70.0
CCC(C(=O)Oc1ccccc1C(=O)OC(=O)c1ccccc1O*)(C(=O)*)CC,88.0
CCC(C(C(=O)*)CC)C(=O)Oc1ccccc1C(=O)OC(=O)c1ccccc1O*,23.0
CCC(C(C(=O)OC1COC2C1OCC2*)NC(=O)CCCCC(=O)NC(C(=O)O*)C(CC)C)C,102.0
CCC(C(C(=O)OC1COC2C1OCC2*)NC(=O)CCCCCCCCC(=O)NC(C(=O)O*)C(CC)C)C,91.0
CCC(C(CC)C*)COC(=O)c1ccc(cc1)C(=O)O*,30.5
CCC(C(N1C(=O)c2c(C1=O)cccc2)C(=O)Nc1cc(cc(c1)C(=O)*)C(=O)Nc1ccc(cc1)Cc1ccc(cc1)N*)C,195.0
CCC(C(N1C(=O)c2c(C1=O)cccc2)C(=O)Nc1cc(cc(c1)C(=O)Nc1ccc(c(c1)N*)C)C(=O)*)C,166.0
CCC(C(c1ccc(cc1)O*)c1ccc(cc1)OC(=S)*)CC,148.0
CCC(C1CCC(CC1)(c1ccc(cc1)N1C(=O)c2c(C1=O)cc(cc2)*)c1ccc(cc1)NC(=O)*)(C)C,342.0
CCC(CCc1cc(ccc1O*)OC(=O)c1ccc(cc1)C(=O)*)C,237.0
CCC(COC(=O)c1ccc(cc1)OC(=O)c1ccc(cc1)OCCCCCC[Si](O*)(C)*)C,-10.9
CCC(COc1cc(cc(c1OCC(CC)C)OCC(CC)C)C(=O)Oc1ccc(cc1)c1ccc(cc1)OC(=O)c1ccc(cc1)OCCC[Si](O*)(C)*)C,59.0
CCC(COc1ccc(cc1)C(=O)Oc1cc(OC(=O)CCCC(=O)*)c(cc1O*)OC(=O)c1ccc(cc1)OCC(CC)C)C,60.0
CCC(N1C(=O)C(C(C1=O)*)*)C,205.0
CCC(NC(=O)c1ccc(cc1)*)COC(=O)c1ccc(cc1)N1C(=O)CC(C1=O)SCCCCCSC1CC(=O)N(C1=O)*,91.0
CCC(OC(=O)C(C*)(C)*)C,60.0
CCC(OC(=O)C(Cc1ccc(cc1)O*)NC(=O)CCc1ccc(cc1)OC(=O)CC(CCC(=O)*)C)C,45.0
CCC(OC(=O)C(Cc1ccc(cc1)O*)NC(=O)CCc1ccc(cc1)OC(=O)CCC(=O)*)C,75.0
CCC(OC(=O)C(Cc1ccc(cc1)O*)NC(=O)CCc1ccc(cc1)OC(=O)CCCC(=O)*)C,52.0
CCC(OC(=O)C(Cc1ccc(cc1)O*)NC(=O)CCc1ccc(cc1)OC(=O)CCCCC(=O)*)C,50.0
CCC(OC(=O)C(Cc1ccc(cc1)O*)NC(=O)CCc1ccc(cc1)OC(=O)CCCCCCC(=O)*)C,46.0
CCC(OC(=O)C(Cc1ccc(cc1)O*)NC(=O)CCc1ccc(cc1)OC(=O)CCCCCCCCC(=O)*)C,36.0
CCC(OC(=O)C(Cc1ccc(cc1)O*)NC(=O)CCc1ccc(cc1)OC(=O)COCC(=O)*)C,68.0
CCC(OC(=O)C(Cc1ccc(cc1)O*)NC(=O)CCc1ccc(cc1)OC(=O)COCCOCC(=O)*)C,44.0
CCC(OC(=O)C1CC2CC1C(C2C1C(=O)OC(=O)C1*)*)C,175.0
CCC(OC(=O)c1ccc(cc1)c1ccc(c(c1)C(C*)*)c1ccc(cc1)C(=O)OC(CC)C)C,212.5
CCC(c1cc(ccc1OC(=O)c1ccc(cc1)C(=O)*)C(c1ccc(c(c1)C(CC)C)O*)(C)C)C,90.0
CCC(c1ccc(c(c1)C)O*)(c1ccc(c(c1)C)OC(=O)*)C,119.0
CCC(c1ccc(c(c1)Cl)O*)(c1ccc(c(c1)Cl)OC(=O)*)C,142.0
CCC(c1ccc(c(c1)N1C(=O)c2ccc3c4c2c(C1=O)ccc4C(=O)N(C3=O)*)OCC(CSc1ccc(cc1)Sc1ccc(cc1)SCC(COc1ccc(cc1*)C(CC)(C)C)O)O)(C)C,152.0
CCC(c1ccc(cc1)*)(c1ccc(cc1)OS(=O)(=O)c1cccc(c1)S(=O)(=O)O*)C,136.5
CCC(c1ccc(cc1)C(=O)*)(c1ccc(cc1)C(=O)N1CCN(CC1)*)C,225.5
CCC(c1ccc(cc1)O*)(c1ccc(cc1)OC(=O)*)C,134.0
CCC(c1ccc(cc1)O*)(c1ccc(cc1)OC(=O)OC1C(C)(C)C(C1(C)C)OC(=O)*)C,124.0
CCC(c1ccc(cc1)O*)(c1ccc(cc1)OC(=S)*)C,102.0
CCC(c1ccc(cc1)O*)(c1ccc(cc1)OC(=S)*)CC,121.0
CCC(c1ccc(cc1)O*)c1ccc(cc1)OC(=O)*,128.0
CCC(c1ccc(cc1)O*)c1ccc(cc1)OC(=S)*,94.0
CCC(c1ccc(o1)C*)(c1ccc(o1)Cn1c(=O)c2c(c1=O)cc1c(c2)c(=O)n(c1=O)*)C,143.0
CCC(n1c(=O)c2c(c1=O)cc1c(c2)c(=O)n(c1=O)*)COC(=O)NCCCCCCNC(=O)OCC(CC)*,61.0
CCC1(*)OCCN1*,55.0
CCC1(CC)C(=O)N(C(=O)N1C(=O)c1ccc2c(c1)C(=O)N(C2=O)c1ccc(cc1)Oc1ccc(cc1)N1C(=O)c2c(C1=O)cc(cc2)*)C(=O)*,160.0
CCC1CCC(CC1)(c1ccc(cc1)N1C(=O)c2c(C1=O)cc(cc2)*)c1ccc(cc1)NC(=O)*,312.0
CCC=C(C(C(=O)*)CC)O*,-16.3
CCCC(=*)Nc1ccc(cc1)Cc1ccc(cc1)N=*,110.0
CCCC(=C(C)*)*,200.0
CCCC(=O)OC(C*)*,-10.1
CCCC(=O)OCCCCc1cc(sc1*)*,20.0
CCCC(=O)Oc1ccc(cc1)C(=O)OC(C*)*,61.0
CCCC(=O)c1ccc(cc1)C(C*)*,74.0
CCCC(C(=O)O*)(C*)C,2.0
CCCC(C(=O)OC(C*)*)(C)C,10.0
CCCC(C(=O)OC)(C*)*,75.0
CCCC(C(CCC)C*)COC(=O)c1ccc(cc1)C(=O)O*,15.0
CCCC(C*)(C)*,27.0
CCCC(C*)*,-36.0
CCCC(CCC(C1OCCCO1)C(=O)*)O*,17.4
CCCC(COC(=O)*)O*,-10.0
CCCC(COC(=O)c1ccc(cc1)c1ccc(cc1)C(=O)O*)(C*)C,95.0
CCCC(Oc1ccc(cc1)N1C(=O)c2c(C1=O)cc(cc2)*)COc1ccc(cc1)N1C(=O)c2c(C1=O)cc(cc2)C(C(F)(F)F)(C(F)(F)F)*,204.0
CCCC([Si](c1ccccc1)(C)C)C(=C*)*,110.0
CCCC(c1cc(*)cc(c1O*)C)C,100.0
CCCC(c1ccc(c(c1)C)O*)(c1ccc(c(c1)C)OC(=O)*)CCC,101.0
CCCC(c1ccc(cc1)C(C*)*)(O)C,130.0
CCCC(c1ccc(cc1)O*)(c1ccc(cc1)OC(=O)*)C,137.0
CCCC(c1ccc(cc1)O*)(c1ccc(cc1)OC(=O)*)CCC,148.0
CCCC(c1ccc(cc1)O*)c1ccc(cc1)OC(=O)*,123.0
CCCC(c1ccc(cc1)O*)c1ccc(cc1)OC(=S)*,130.0
CCCC(c1ccc(o1)*)c1ccc(o1)CNC(=O)OC(c1ccco1)COC(=O)NC*,43.0
CCCC(c1ccc(o1)C*)(c1ccc(o1)Cn1c(=O)c2c(c1=O)cc1c(c2)c(=O)n(c1=O)*)C,134.0
CCCC1(C#N)CC(CC1*)C=C*,108.0
CCCC1OC(C*)CC(O1)*,50.5
CCCCC(=*)Nc1ccc(cc1)Cc1ccc(cc1)N=*,106.0
CCCCC(=O)N(C(CC)C*)*,50.0
CCCCC(=O)c1ccc(cc1)C(C*)*,70.0
CCCCC(C(CCCC)C*)COC(=O)c1ccc(cc1)C(=O)O*,16.0
CCCCC(C*)*,-48.3
CCCCC(CC1(CC(CCCC)CC)c2cc(*)ccc2-c2c1cc(*)cc2)CC,29.0
CCCCC(CC1(CC(CCCC)CC)c2cc(*)ccc2-c2c1cc(C=C*)cc2)CC,165.0
CCCCC(CCCCC(=O)*)O*,-58.5
CCCCC(COC(=O)C(C*)(C)*)CC,-10.0
CCCCC(COC(=O)C(C*)*)CC,-63.0
CCCCC(COC(=O)NC(=O)c1cccc(c1)C(=O)NC(=O)O*)C*,64.0
CCCCC(COC(C*)*)CC,-66.0
CCCCC(COCc1ccc(cc1)C(C*)*)CC,-23.0
CCCCC(COc1cc(/C=C(\C#N)/*)c(cc1/C=C(/c1ccc2c(c1)n(CC(CCCC)CC)c1c2ccc(c1)*)\C#N)OCC(CCCC)CC)CC,72.0
CCCCC(COc1cc(/C=C/*)c(cc1/C=C/c1ccc2c(c1)n(CC(CCCC)CC)c1c2ccc(c1)*)OCC(CCCC)CC)CC,61.0
CCCCC(COc1cc(C=C*)c(cc1*)OC)CC,68.0
CCCCC(COc1cc(C=C*)c(cc1*)c1ccc(c(c1)C(F)(F)F)F)CC,122.0
CCCCC(COc1cc(C=C*)c(cc1*)c1ccc(cc1)N(c1ccc(cc1)OC)c1ccc(cc1)OC)CC,163.0
CCCCC(COc1cc(C=C*)c(cc1C=Cc1cc(OC)c(cc1OC)*)OC)CC,110.0
CCCCC(COc1cc(C=Cc2ccc(cc2)*)c(cc1C=Cc1ccc(cc1)N(c1ccccc1)*)OC)CC,147.0
CCCCC(COc1cc(COc2cc(OCc3cc(OCCC(CCCC(C)C)C)cc(c3)OCCC(CCCC(C)C)C)cc(c2)COc2cc(C=C*)ccc2*)cc(c1)OCC(CCCC)CC)CC,223.0
CCCCC(COc1cc(OCCC(CCCC(C)C)C)cc(c1)COc1cc(C=C*)ccc1*)CC,227.0
CCCCC(COc1ccc(c2c1cccc2)c1cc(/C=C/*)ccc1*)CC,135.0
CCCCC(COc1ccc(cc1)N(c1ccc(cc1)/C=C/*)c1ccc(cc1)/C=C/c1ccc2c(c1)n(CC(CCCC)CC)c1c2ccc(c1)*)CC,132.0
CCCCC(COc1ccc(cc1)N(c1ccc(cc1)c1ccc(cc1)*)c1ccc(cc1)c1ccc(cc1)N(c1ccc(cc1)C=C(C#N)C#N)*)CC,212.0
CCCCC(COc1ccc2c(c1c1cc(/C=C/*)ccc1*)ccc(c2)c1ccccc1)CC,141.0
CCCCC(COc1ccc2c(c1c1cc(/C=C/*)ccc1*)cccc2)CC,118.0
CCCCC(Cc1c(/C=C/c2ccc3c(c2)n(CC(CCCC)CC)c2c3ccc(c2)*)sc(c1CC(CCCC)CC)/C=C/*)CC,60.0
CCCCC(Cn1c2ccc(cc2c2c1ccc(c2)*)Nc1ccc(cc1)C(=O)c1ccc(cc1)C(=O)c1ccc(cc1)N*)CC,213.0
CCCCC(Cn1c2ccc(cc2c2c1ccc(c2)*)Nc1ccc(cc1)C(=O)c1ccc(cc1)N*)CC,236.055
CCCCC(Cn1c2ccc(cc2c2c1ccc(c2)*)Nc1ccc(cc1)Oc1ccc(cc1)N*)CC,220.0
CCCCC(Cn1c2ccc(cc2c2c1ccc(c2)*)Nc1ccc(cc1)c1ccc(cc1)N*)CC,231.0
CCCCC(Cn1c2ccc(cc2c2c1ccc(c2)C=Nc1ccc(cc1)C(=O)OCCCCOCCCCOCCCCOC(=O)c1ccc(cc1)N=C*)*)CC,5.2
CCCCC(O*)C*,-69.0
CCCCC(c1cc(*)cc(c1O*)C)C,85.0
CCCCC(c1ccc(cc1)C(C*)*)(O)C,82.5
CCCCC(c1ccc(cc1)O*)(c1ccc(cc1)OC(=O)*)CCCC,113.0
CCCCC1C2CC(C(C1*)C2)*,235.0
CCCCCC(=C(C)*)*,180.0
CCCCCC(=O)c1ccc(cc1)C(C*)*,66.0
CCCCCC(C(=O)OC)(C*)*,42.0
CCCCCC(C*)*,-45.5
CCCCCC(CC(=O)*)O*,-34.5
CCCCCC([Si](C)(C)C)C(=C*)*,170.0
CCCCCC(c1cc(*)cc(c1O*)C)C,60.0
CCCCCC(c1ccc(cc1)C(C*)*)(O)C,92.5
CCCCCC1CCC(CC1)c1ccc(cc1)OCCCCCCCCCCOc1cc(*)ccc1N*,54.0
CCCCCCC(=C(Cl)*)*,150.0
CCCCCCC(=C(c1ccccc1)*)*,200.0
CCCCCCC(C(CCCCCC)C*)COC(=O)c1ccc(cc1)C(=O)O*,-15.5
CCCCCCC(C*)*,-54.0
CCCCCCC(CC(=O)*)O*,-47.0
CCCCCCC(COc1ccc(cc1)C(=O)Oc1ccc(cc1)c1ccc(cc1)OCCCCCCCCCCOC(=O)c1cc(sc1*)*)F,151.0
CCCCCCC(O*)*,-116.0
CCCCCCC(O*)C*,-74.0
CCCCCCC(OC(=O)c1ccc(cc1)c1ccc(c(c1)C(C*)*)c1ccc(cc1)C(=O)OC(CCCCCC)C)C,102.0
CCCCCCC(Oc1ccc(cc1)N1C(=O)c2c(C1=O)cc(cc2)*)COc1ccc(cc1)N1C(=O)c2c(C1=O)cc(cc2)C(C(F)(F)F)(C(F)(F)F)*,182.0
CCCCCCC(Oc1ccc(cc1)c1ccc(cc1)OC(=O)c1ccc(cc1)OCCCCCCCCCCCOC(=O)C(C*)*)C,50.0
CCCCCCC(c1cc(*)cc(c1O*)C)C,54.0
CCCCCCC1(CCCCCC)c2cc(*)ccc2-c2c1cc(*)cc2,103.5
CCCCCCC1(CCCCCC)c2cc(*)ccc2-c2c1cc(C=Cc1ccc3-c4c(C(c3c1)(CCCCCCOc1ccc3c(c1)oc(=O)cc3)CCCCCCOc1ccc3c(c1)oc(=O)cc3)cc(cc4)C=C*)cc2,115.0
CCCCCCC1(CCCCCC)c2cc(*)ccc2-c2c1cc(cc2)c1ccc(cc1)c1cc(cc(c1c1ccc(cc1)OCC(CCCC)CC)c1ccc(cc1)*)c1ccc(cc1)OCC(CCCC)CC,110.0
CCCCCCC1(CCCCCC)c2cc(*)ccc2-c2c1cc(cc2)c1ccc2c(c1)c1cc(*)ccc1n2c1ccc(cc1)C,155.0
CCCCCCC1(CCCCCC)c2cc(*)ccc2-c2c1cc(cc2)c1ccc2c(c1)c1cc(*)ccc1n2c1ccc(cc1)OC,174.0
CCCCCCC1(CCCCCC)c2cc(*)ccc2-c2c1cc(cc2)c1ccc2c(c1)c1cc(*)ccc1n2c1ccccc1,170.0
CCCCCCC1(CCCCCC)c2cc(C=Cc3ccnc(c3)c3nccc(c3)*)ccc2-c2c1cc(C=C*)cc2,125.0
CCCCCCC1(CCCCCC)c2cc(C=Cc3nc(*)c(c(c3C#N)C=Cc3ccc(cc3)N(c3ccccc3)c3ccccc3)C#N)ccc2-c2c1cc(C=C*)cc2,178.0
CCCCCCC1(CCCCCC)c2cc(N=C*)ccc2-c2c1cc(N=Cc1sc(c(c1)CC(CCCC)CC)*)cc2,115.0
CCCCCCC1(CCCCCC)c2cc(ccc2-c2c1cc(*)cc2)c1cc(OCc2ccccc2)c(cc1OCc1ccccc1)*,73.0
CCCCCCC1(CCCCCC)c2cc(ccc2-c2c1cc(*)cc2)c1ccc(cc1)*,106.0
CCCCCCC1(CCCCCC)c2cc(ccc2-c2c1cc(*)cc2)c1ccc2-c3c(C(c2c1)(CC1=NC(CO1)Cc1ccccc1)CC1=NC(CO1)Cc1ccccc1)cc(cc3)*,114.0
CCCCCCC1(CCCCCC)c2cc(ccc2-c2c1cc(N=C*)cc2)N=Cc1sc(c2c1OCCO2)*,148.0
CCCCCCC1(CCCCCC)c2cc(ccc2-c2c1cc(cc2)c1ccc(cc1)*)c1ccc(cc1)C1=C(*)C(=O)N(C1=O)CCCC,155.0
CCCCCCC1(CCCCCC)c2cc(ccc2-c2c1cc(cc2)c1ccc(cc1)*)c1ccc(cc1)C1=C(*)C(=O)N(C1=O)CCCCCCCC,122.0
CCCCCCC1(CCCCCC)c2cc(ccc2-c2c1cc(cc2)c1ccc(cc1)*)c1ccc(cc1)C1=C(*)C(=O)N(C1=O)CCCCCCCCCCCC,100.0
CCCCCCC1(CCCCCC)c2cc(ccc2-c2c1cc(cc2)c1ccc(cc1)*)c1ccc(cc1)N(c1ccc(cc1)n1c2ccc(cc2c2c1ccc(c2)n1c2ccccc2c2c1cccc2)n1c2ccccc2c2c1cccc2)*,276.0
CCCCCCC1(CCCCCC)c2cc(ccc2-c2c1cc(cc2)c1ccc(cc1)C(C*)*)c1ccc2-c3c(C(c2c1)(CCCCCC)CCCCCC)cccc3,78.4
CCCCCCC1(CCCCCC)c2cc(ccc2-c2c1cc(cc2)c1sc(c(c1CCCCCC)CCCCCC)C=CC1=CC(=C(C#N)C#N)C=C(O1)*)c1sc(c(c1CCCCCC)CCCCCC)C=C*,115.0
CCCCCCC1(CCCCCC)c2cc(ccc2-c2c1cccc2)c1ccc(cc1)C(C*)*,77.85
CCCCCCC1=CC(SC1*)*,58.05
CCCCCCC1C2CC(C(C1*)C2)*,252.0
CCCCCCC1C=CC(C(C1CCCCCCCC)CCCCCCCC(=O)NCCCCCC*)CCCCCCCC(=O)N*,-10.0
CCCCCCCC(=C(C)*)*,160.0
CCCCCCCC(=O)c1ccc(cc1)C(C*)*,50.0
CCCCCCCC(C*)*,-47.0
CCCCCCCC(OCCC1(CCOCCCCOc2ccc(cc2)N=Nc2ccccc2)c2cc(*)ccc2-c2c1cc(cc2)c1ccc(s1)*)C,140.0
CCCCCCCC([Si](C)(C)C)C(=C*)*,150.0
CCCCCCCC/C=C\CCCCCCCCOC(=O)C(C*)(C)*,-40.0
CCCCCCCCC(=C(Cl)*)*,90.0
CCCCCCCCC(C(=O)OC)(C*)*,20.0
CCCCCCCCC(C*)*,-35.0
CCCCCCCCC(COC(=O)NC(=O)c1cccc(c1)C(=O)NC(=O)O*)C*,65.0
CCCCCCCCC(Oc1ccc(cc1)c1[nH]c2c(n1)c(c1ccc(s1)c1ccc3c(c1)n(C(CCCCCCCC)CCCCCCCC)c1c3ccc(c1)c1ccc(s1)*)c1c(c2*)nsn1)CCCCCCCC,105.0
CCCCCCCCC(c1cc(*)cc(c1O*)C)C,20.0
CCCCCCCCC(n1c2cc(ccc2c2c1cc(*)cc2)c1ccc(s1)c1ccc(c2c1nccn2)c1ccc(s1)*)CCCCCCCC,116.0
CCCCCCCCC(n1c2cc(ccc2c2c1cc(*)cc2)c1ccc(s1)c1ccc(c2c1nsn2)c1ccc(s1)*)CCCCCCCC,120.0
CCCCCCCCC(n1c2cc(ccc2c2c1cc(*)cc2)c1ccc(s1)c1ncc(c2c1nccn2)c1ccc(s1)*)CCCCCCCC,133.0
CCCCCCCCC(n1c2cc(ccc2c2c1cc(*)cc2)c1ccc(s1)c1ncc(c2c1nsn2)c1ccc(s1)*)CCCCCCCC,111.0
CCCCCCCCC(n1c2cc(ccc2c2c1cc(*)cc2)c1sc(cc1CCCCCC)c1ccc(c2c1nsn2)c1sc(c(c1)CCCCCC)*)CCCCCCCC,77.0
CCCCCCCCC(n1c2cc(ccc2c2c1cc(cc2)c1ccc(s1)*)c1ccc(s1)c1ccc(c2c1non2)*)CCCCCCCC,145.0
CCCCCCCCC(n1c2ccc(cc2c2c1ccc(c2)*)c1ccc(s1)c1ccc(c2c1nsn2)c1ccc(s1)*)CCCCCCCC,132.0
CCCCCCCCC(n1c2ccc(cc2c2c1ccc(c2)*)c1sc(cc1CCCCCC)c1ccc(c2c1nsn2)c1sc(c(c1)CCCCCC)*)CCCCCCCC,81.0
CCCCCCCCC1(CCCCCCCC)c2cc(*)ccc2-c2c1cc(*)cc2,55.0
CCCCCCCCC1(CCCCCCCC)c2cc(*)ccc2-c2c1cc(cc2)C(=Cc1cc(C=C(C#N)*)cc(c1)N(c1ccccc1)c1ccccc1)C#N,136.0
CCCCCCCCC1(CCCCCCCC)c2cc(*)ccc2-c2c1cc(cc2)c1c(F)c(F)c(c(c1F)F)*,29.0
CCCCCCCCC1(CCCCCCCC)c2cc(*)ccc2-c2c1cc(cc2)c1cc(F)c(cc1F)*,34.0
CCCCCCCCC1(CCCCCCCC)c2cc(*)ccc2-c2c1cc(cc2)c1ccc(c2c1nsn2)*,114.5
CCCCCCCCC1(CCCCCCCC)c2cc(*)ccc2-c2c1cc(cc2)c1ccc(cc1)*,81.0
CCCCCCCCC1(CCCCCCCC)c2cc(*)ccc2-c2c1cc(cc2)c1ccc(cc1F)*,34.0
CCCCCCCCC1(CCCCCCCC)c2cc(*)ccc2-c2c1cc(cc2)c1ccc2-c3c(C(c2c1)(c1ccc(cc1)c1nnc(o1)c1ccc(cc1)C(C)(C)C)c1ccc(cc1)c1nnc(o1)c1ccc(cc1)C(C)(C)C)cc(cc3)*,213.0
CCCCCCCCC1(CCCCCCCC)c2cc(C=N*)ccc2-c2c1cc(cc2)C=Nc1sc(c(c1C(=O)OCC)C(=O)OCC)*,146.0
CCCCCCCCC1(CCCCCCCC)c2cc(ccc2-c2c1cc(cc2)c1ccc(cc1)*)c1ccc(cc1)N(c1ccc(cc1)N(c1ccc(cc1)C(c1ccccc1)(C)C)c1ccc(cc1)C(c1ccccc1)(C)C)*,137.0
CCCCCCCCC1(CCCCCCCC)c2cc(ccc2-c2c1cc(cc2)c1ccc(s1)c1c2nc(c3ccccc3)c(nc2c(c2c1nc(c1ccccc1)c(n2)c1ccccc1)*)c1ccccc1)c1ccc(s1)*,177.0
CCCCCCCCC1(CCCCCCCC)c2cc(ccc2-c2c1cc(cc2)c1ccc(s1)c1ccc(c2c1nsn2)*)c1ccc(s1)*,112.0
CCCCCCCCC1(CCCCCCCC)c2cc(ccc2-c2c1cc(cc2)c1ccc(s1)c1ccc(nc1)*)c1ccc(s1)*,127.5
CCCCCCCCCC(C(=O)OCCOCC*)C(=O)O*,-59.0
CCCCCCCCCCC(=CCC*)*,-53.0
CCCCCCCCCCC(C(CCCCCCCCCC)C*)COC(=O)c1ccc(cc1)C(=O)O*,-38.0
CCCCCCCCCCC(C*)*,-107.0
CCCCCCCCCCC(O*)C*,-41.0
CCCCCCCCCCCC(=O)N(CC*)*,10.0
CCCCCCCCCCCCC(C*)*,10.0
CCCCCCCCCCCCC(COC(=O)NC(=O)c1ccc(cc1)C(=O)NC(=O)O*)C*,75.0
CCCCCCCCCCCCC(COC(=O)NC(=O)c1cccc(c1)C(=O)NC(=O)O*)C*,112.0
CCCCCCCCCCCCC(c1cc(*)cc(c1O*)C)C,-10.0
CCCCCCCCCCCCCCC(C*)*,-24.0
CCCCCCCCCCCCCCCCC(C(CCCCCCCCCCCCCCCC)C*)COC(=O)c1ccc(cc1)C(=O)O*,-27.0
CCCCCCCCCCCCCCCCC(C*)*,-40.0
CCCCCCCCCCCCCCCCC(C1C(=O)N(C(=O)C1*)CCCCCCCCCCCC)C*,30.0
CCCCCCCCCCCCCCCCC(C1C(=O)N(C(=O)C1*)CCCCNC(=O)C(C(C(C(C(C(C(F)(F)F)(F)F)(F)F)(F)F)(F)F)(F)F)(F)F)C*,63.0
CCCCCCCCCCCCCCCCCC(=O)N(CC*)*,10.0
CCCCCCCCCCCCCCCCCCC(C*)*,-88.0
CCCCCCCCCCCCCCCCCCN1C(=O)C(C(C1=O)*)CC*,67.1
CCCCCCCCCCCCCCCCCCOC(=O)C(C*)(C)*,-105.0
CCCCCCCCCCCCCCCCCCOC(=O)C(C*)*,-110.0
CCCCCCCCCCCCCCCCCCOC(=O)c1cc(*)cc(c1c1c(Br)cc(cc1C(=O)OCCCCCCCCCCCCCCCCCC)N1C(=O)c2c(C1=O)ccc(c2)c1ccc2c(c1)C(=O)N(C2=O)*)Br,83.5
CCCCCCCCCCCCCCCCCCOC(=O)c1cc(ccc1N*)NC(=O)c1ccc(cc1)NC(=O)CCCCCCC(=O)Nc1ccc(cc1)C(=O)*,305.0
CCCCCCCCCCCCCCCCCCOC(=O)c1cc(ccc1N*)NC(=O)c1ccc(cc1)NC(=O)CCCCCCCCC(=O)Nc1ccc(cc1)C(=O)*,280.0
CCCCCCCCCCCCCCCCCCOC(=O)c1cc(ccc1N*)NC(=O)c1ccc(cc1)NC(=O)CCCCCCCCCCC(=O)Nc1ccc(cc1)C(=O)*,196.5
CCCCCCCCCCCCCCCCCCOC(=O)c1cc(ccc1N*)NC(=O)c1ccc(cc1)NC(=O)CCCCCCCCCCCCC(=O)Nc1ccc(cc1)C(=O)*,191.0
CCCCCCCCCCCCCCCCCCOc1ccc(cc1)OC(=O)c1ccc(c(c1)C(C*)*)C(=O)Oc1ccc(cc1)OCCCCCCCCCCCCCCCCCC,91.5
CCCCCCCCCCCCCCCCCCc1ccc(cc1)C(C*)*,32.0
CCCCCCCCCCCCCCCCN1C(=O)C(C(C1=O)CC*)*,65.6
CCCCCCCCCCCCCCCCN1C(=O)c2c(C1=O)cc(c(c2)Sc1ccc(cc1)N1C(=O)c2c(C1=O)cc(cc2)Oc1ccc2c(c1)C(=O)N(C2=O)*)Sc1ccc(cc1)*,156.0
CCCCCCCCCCCCCCCCOC(=O)c1cc(*)cc(c1c1c(Br)cc(cc1C(=O)OCCCCCCCCCCCCCCCC)N1C(=O)c2c(C1=O)ccc(c2)c1ccc2c(c1)C(=O)N(C2=O)*)Br,92.0
CCCCCCCCCCCCCCCCOC(=O)c1cc(ccc1N*)NC(=O)c1ccc(cc1)NC(=O)CCCCCCCCC(=O)Nc1ccc(cc1)C(=O)*,220.0
CCCCCCCCCCCCCCCCOC(=O)c1cc(ccc1N*)NC(=O)c1ccc(cc1)NC(=O)CCCCCCCCCCC(=O)Nc1ccc(cc1)C(=O)*,199.5
CCCCCCCCCCCCCCCCOC(=O)c1cc(ccc1N*)NC(=O)c1ccc(cc1)NC(=O)CCCCCCCCCCCCC(=O)Nc1ccc(cc1)C(=O)*,250.0
CCCCCCCCCCCCCCCCOc1cc(*)cc(c1)N1C(=O)c2c(C1=O)cc(cc2)Oc1ccc2c(c1)C(=O)N(C2=O)*,159.0
CCCCCCCCCCCCCCCCOc1cc(/C=C/c2ccc(cc2)*)c(cc1/C=C/*)OCCCCCCCCCCCCCCCC,33.0
CCCCCCCCCCCCCCCCOc1cc(c(cc1*)OC)C(=Cc1cc(OC)c(cc1OCCCCCCCCCCCCCCCC)C=C(C#N)*)C#N,190.0
CCCCCCCCCCCCCCCCOc1cc(cc(c1)N1C(=O)c2c(C1=O)ccc(c2)C(=O)*)N1C(=O)c2c(C1=O)ccc(c2)*,179.0
CCCCCCCCCCCCCCCCOc1cc(cc(c1)N1C(=O)c2c(C1=O)ccc(c2)C(C(F)(F)F)(C(F)(F)F)*)N1C(=O)c2c(C1=O)ccc(c2)*,161.0
CCCCCCCCCCCCCCCCOc1ccc(cc1)OC(=O)c1ccc(c(c1)C(C*)*)C(=O)Oc1ccc(cc1)OCCCCCCCCCCCCCCCC,101.0
CCCCCCCCCCCCCCCCOc1ccc(cc1N1C(=O)CC(C1=O)C1C=C(C)C2C(C1)C(=O)N(C2=O)*)*,186.0
CCCCCCCCCCCCCCCCc1cc(C=C*)c(cc1C=Cc1nc(*)c(c(c1C#N)C=Cc1ccc(cc1)N(c1ccccc1)c1ccccc1)C#N)CCCCCCCCCCCCCCCC,165.0
CCCCCCCCCCCCCCCCc1ccc(cc1)C(C*)*,4.5
CCCCCCCCCCCCCCCCn1c2c(C#C*)cc(cc2c2c1c(*)cc(c2)C(C)(C)C)C(C)(C)C,80.0
CCCCCCCCCCCCCCCCn1c2c(C#CC#C*)cc(cc2c2c1c(*)cc(c2)C(C)(C)C)C(C)(C)C,67.0
CCCCCCCCCCCCCCCCn1c2ccc(cc2c2c1cccc2)COC(=O)C(C*)(C)*,23.0
CCCCCCCCCCCCCCCc1cccc(c1)OCCCCCCC1(CCCCCCOc2cccc(c2)CCCCCCCCCCCCCCC)c2cc(*)ccc2-c2c1cc(*)cc2,-24.0
CCCCCCCCCCCCCCN1C(=O)C(C(C1=O)*)CC*,62.4
CCCCCCCCCCCCCCNC(=O)c1cc(*)cc(c1)N1C(=O)c2c(C1=O)cc(cc2)c1ccc2c(c1)C(=O)N(C2=O)*,247.6
CCCCCCCCCCCCCCOC(=O)C(C*)(C)*,-72.0
CCCCCCCCCCCCCCOC(=O)c1cc(*)cc(c1c1c(Br)cc(cc1C(=O)OCCCCCCCCCCCCCC)N1C(=O)c2c(C1=O)ccc(c2)c1ccc2c(c1)C(=O)N(C2=O)*)Br,98.0
CCCCCCCCCCCCCCOC(=O)c1cc(ccc1N*)NC(=O)c1ccc(cc1)NC(=O)CCCCCCCCC(=O)Nc1ccc(cc1)C(=O)*,225.0
CCCCCCCCCCCCCCOC(=O)c1cc(ccc1N*)NC(=O)c1ccc(cc1)NC(=O)CCCCCCCCCCC(=O)Nc1ccc(cc1)C(=O)*,199.5
CCCCCCCCCCCCCCOC(=O)c1cc(ccc1N*)NC(=O)c1ccc(cc1)NC(=O)CCCCCCCCCCCCC(=O)Nc1ccc(cc1)C(=O)*,204.5
CCCCCCCCCCCCCCOc1ccc(cc1)OC(=O)c1ccc(c(c1)C(C*)*)C(=O)Oc1ccc(cc1)OCCCCCCCCCCCCCC,104.0
CCCCCCCCCCCCCCc1cc(sc1*)c1cc(c(s1)c1cc(c2-c1ccccc2)*)CCCCCCCCCCCCCC,-10.0
CCCCCCCCCCCCCCc1ccc(cc1)C(C*)*,-36.0
CCCCCCCCCCCCCCn1c2ccc(cc2c2c1ccc(c2)C=C(C(=O)OCCCCCCCCCCOC(=O)C(=C*)C#N)C#N)*,35.0
CCCCCCCCCCCCCCn1c2ccc(cc2c2c1ccc(c2)C=C(C(=O)OCCCCCCOC(=O)C(=C*)C#N)C#N)*,53.0
CCCCCCCCCCCCCCn1c2ccc(cc2c2c1cccc2)COC(=O)C(C*)(C)*,26.0
CCCCCCCCCCCCCc1cc(O*)cc(c1)OC(=O)c1cccc(c1)C(=O)*,25.5
CCCCCCCCCCCCN1C(=O)C(C(C1=O)*)C(c1ccccc1)C*,70.0
CCCCCCCCCCCCN1C(=O)C(C(C1=O)CC*)*,55.4
CCCCCCCCCCCCN1C(=O)C2C(C1=O)C(CC2*)C=C*,50.0
CCCCCCCCCCCCN1C(=O)c2c(C1=O)c(*)c1c(c2c2ccc(cc2)Oc2ccc(cc2)C(=O)c2ccc(cc2)Oc2ccc(cc2)*)cccc1,147.0
CCCCCCCCCCCCN1C(=O)c2c(C1=O)c(*)c1c(c2c2ccc(cc2)Oc2ccc(cc2)C(=O)c2cccc(c2)C(=O)c2ccc(cc2)Oc2ccc(cc2)*)cccc1,140.0
CCCCCCCCCCCCN1C(=O)c2c(C1=O)c(*)c1c(c2c2ccc(cc2)Oc2ccc(cc2)S(=O)(=O)c2ccc(cc2)Oc2ccc(cc2)*)cccc1,167.0
CCCCCCCCCCCCN1c2ccc(cc2Sc2c1ccc(c2)c1ccc(s1)c1ccc(s1)*)*,150.0
CCCCCCCCCCCCN1c2ccc(cc2Sc2c1ccc(c2)c1sc2c(c1CCCCC)sc(c2)*)*,136.0
CCCCCCCCCCCCNC(=O)c1cc(*)cc(c1)N1C(=O)c2c(C1=O)cc(cc2)c1ccc2c(c1)C(=O)N(C2=O)*,243.1
CCCCCCCCCCCCOC(=O)C(C*)(C)*,-55.0
CCCCCCCCCCCCOC(=O)C(Cc1ccc(cc1)O*)NC(=O)CCc1ccc(cc1)OC(=O)CCC(=O)*,40.0
CCCCCCCCCCCCOC(=O)C(Cc1ccc(cc1)O*)NC(=O)CCc1ccc(cc1)OC(=O)CCCC(=O)*,27.5
CCCCCCCCCCCCOC(=O)C(Cc1ccc(cc1)O*)NC(=O)CCc1ccc(cc1)OC(=O)CCCCC(=O)*,22.0
CCCCCCCCCCCCOC(=O)C(Cc1ccc(cc1)O*)NC(=O)CCc1ccc(cc1)OC(=O)CCCCCCC(=O)*,15.0
CCCCCCCCCCCCOC(=O)C(Cc1ccc(cc1)O*)NC(=O)CCc1ccc(cc1)OC(=O)CCCCCCCCC(=O)*,12.5
CCCCCCCCCCCCOC(=O)C(Cc1ccc(cc1)O*)NC(=O)CCc1ccc(cc1)OC(=O)COCC(=O)*,36.0
CCCCCCCCCCCCOC(=O)C(Cc1ccc(cc1)O*)NC(=O)CCc1ccc(cc1)OC(=O)COCCOCC(=O)*,17.0
CCCCCCCCCCCCOC(=O)c1cc(*)cc(c1c1c(Br)cc(cc1C(=O)OCCCCCCCCCCCC)N1C(=O)c2c(C1=O)ccc(c2)c1ccc2c(c1)C(=O)N(C2=O)*)Br,108.0
CCCCCCCCCCCCOC(=O)c1cc(ccc1N*)NC(=O)c1ccc(cc1)NC(=O)CCCCCCCCC(=O)Nc1ccc(cc1)C(=O)*,228.5
CCCCCCCCCCCCOC(=O)c1cc(ccc1N*)NC(=O)c1ccc(cc1)NC(=O)CCCCCCCCCCC(=O)Nc1ccc(cc1)C(=O)*,205.5
CCCCCCCCCCCCOC(=O)c1cc(ccc1N*)NC(=O)c1ccc(cc1)NC(=O)CCCCCCCCCCCCC(=O)Nc1ccc(cc1)C(=O)*,199.5
CCCCCCCCCCCCOC(=O)c1ccc(c(c1)C(C*)*)c1ccc(cc1)OCCCCCCCC,42.0
CCCCCCCCCCCCOc1c2c(=O)n(c(=O)c2c(c2c1c(=O)n(c2=O)c1ccc(cc1)Cc1ccc(cc1)*)OCCCCCCCCCCCC)*,170.0
CCCCCCCCCCCCOc1c2c(c(c3c1c(=O)n(c3=O)*)OCCCCCCCCCCCC)c(=O)n(c2=O)c1ccc(cc1)Oc1ccc(cc1)C(C(F)(F)F)(C(F)(F)F)c1ccc(cc1)Oc1ccc(cc1)*,117.0
CCCCCCCCCCCCOc1cc(*)cc(c1)N1C(=O)c2c(C1=O)cc(cc2)Oc1ccc2c(c1)C(=O)N(C2=O)*,162.0
CCCCCCCCCCCCOc1cc(/C=C/c2ccc(cc2)*)c(cc1/C=C/*)OCCCCCCCCCCCC,38.0
CCCCCCCCCCCCOc1cc(C(=O)Oc2ccc(c(c2)C)O*)c(cc1C(=O)*)OCCCCCCCCCCCC,112.0
CCCCCCCCCCCCOc1cc(C(=O)Oc2ccc(c(c2)c2ccccc2)O*)c(cc1C(=O)*)OCCCCCCCCCCCC,96.0
CCCCCCCCCCCCOc1cc(C=C*)c(cc1*)OC,36.0
CCCCCCCCCCCCOc1cc(c(cc1*)OC)C(=Cc1cc(OC)c(cc1OCCCCCCCCCCCC)C=C(C#N)*)C#N,181.0
CCCCCCCCCCCCOc1cc(cc(c1)N1C(=O)c2c(C1=O)ccc(c2)C(=O)*)N1C(=O)c2c(C1=O)ccc(c2)*,182.0
CCCCCCCCCCCCOc1cc(cc(c1)N1C(=O)c2c(C1=O)ccc(c2)C(C(F)(F)F)(C(F)(F)F)*)N1C(=O)c2c(C1=O)ccc(c2)*,165.0
CCCCCCCCCCCCOc1cc(cc(c1OCCCCCCCCCCCC)OCCCCCCCCCCCC)C(=O)Oc1ccc(cc1)NC(=O)c1cc(cc(c1)c1cccc(c1)N1C(=O)CC(C1=O)C1C=C(C)C2C(C1)C(=O)N(C2=O)*)c1cccc(c1)*,270.0
CCCCCCCCCCCCOc1cc(cc(c1OCCCCCCCCCCCC)OCCCCCCCCCCCC)C(=O)Oc1ccc(cc1)NC(=O)c1cc(cc(c1)c1cccc(c1)N1C(=O)c2c(C1=O)ccc(c2)S(=O)(=O)c1ccc2c(c1)C(=O)N(C2=O)*)c1cccc(c1)*,268.0
CCCCCCCCCCCCOc1cc(cc(c1OCCCCCCCCCCCC)OCCCCCCCCCCCC)C(=O)Oc1ccc(cc1)c1ccc(cc1)OC(=O)c1ccc(cc1)OCCC[Si](O*)(C)*,40.0
CCCCCCCCCCCCOc1ccc(cc1)C(=O)Oc1cc(OC(=O)CCCC(=O)*)c(cc1O*)OC(=O)c1ccc(cc1)OCCCCCCCCCCCC,23.0
CCCCCCCCCCCCOc1ccc(cc1)C(=O)Oc1ccc(cc1)C(=O)Oc1cccc(c1)c1ccc(cc1)OC(=O)c1ccc(cc1)OCCCCCCCCCCCCOC(=O)C(C*)(C)*,74.5
CCCCCCCCCCCCOc1ccc(cc1)C(=O)Oc1ccc(cc1)C(=O)Oc1cccc(c1)c1ccc(cc1)OC(=O)c1ccc(cc1)OCCCCCCCCCCCCOC(=O)C(C*)*,67.0
CCCCCCCCCCCCOc1ccc(cc1)C(=O)Oc1ccc(cc1)C(=O)Oc1cccc(c1)c1ccc(cc1)OC(=O)c1ccc(cc1)OCCCCCCOC(=O)C(C*)(C)*,73.0
CCCCCCCCCCCCOc1ccc(cc1)C1(O)C2C(Cc3c1cc1CC4C(=O)N(C(=O)C4C(c1c3)(O)c1ccc(cc1)OCCCCCCCCCCCC)c1ccc(cc1)Cc1ccc(cc1)*)C(=O)N(C2=O)*,140.0
CCCCCCCCCCCCOc1ccc(cc1)N1c2ccc(cc2Sc2c1ccc(c2)*)c1ccc(s1)c1ccc(c2c1nsn2)c1ccc(s1)c1ccc2c(c1)Sc1c(N2c2ccc(cc2)OCCCCCCCCCCCC)ccc(c1)C=C*,114.9
CCCCCCCCCCCCOc1ccc(cc1)N1c2ccc(cc2Sc2c1ccc(c2)*)c1ccc(s1)c1ccc(s1)c1ccc2c(c1)Sc1c(N2c2ccc(cc2)OCCCCCCCCCCCC)ccc(c1)C=C*,115.8
CCCCCCCCCCCCOc1ccc(cc1)N1c2ccc(cc2Sc2c1ccc(c2)*)c1ccc2c(c1)Sc1c(N2c2ccc(cc2)OCCCCCCCCCCCC)ccc(c1)C=C*,118.6
CCCCCCCCCCCCOc1ccc(cc1)N1c2ccc(cc2Sc2c1ccc(c2)*)c1sc(c(c1)CCCCCC)c1sc(cc1CCCCCC)c1ccc2c(c1)Sc1c(N2c2ccc(cc2)OCCCCCCCCCCCC)ccc(c1)C=C*,66.4
CCCCCCCCCCCCOc1ccc(cc1)N1c2ccc(cc2Sc2c1ccc(c2)C=C*)*,129.0
CCCCCCCCCCCCOc1ccc(cc1)N1c2ccc(cc2Sc2c1ccc(c2)C=Cc1ccc(cc1)C=C*)*,167.0
CCCCCCCCCCCCOc1ccc(cc1)N1c2ccc(cc2Sc2c1ccc(c2)C=Cc1ccc(s1)C=C*)*,155.0
CCCCCCCCCCCCOc1ccc(cc1)OC(=O)c1ccc(c(c1)C(C*)*)C(=O)Oc1ccc(cc1)OCCCCCCCCCCCC,108.0
CCCCCCCCCCCCOc1ccc(cc1)Oc1c2c(=O)n(c(=O)c2c(c2c1c(=O)n(c2=O)c1ccc(cc1)Oc1ccc(cc1)*)Oc1ccc(cc1)OCCCCCCCCCCCC)*,218.0
CCCCCCCCCCCCOc1ccc(cc1)c1cc(c2ccc(cc2)*)c(c(c1)c1ccc(cc1)c1ccc2-c3c(C(c2c1)(CCCCCC)CCCCCC)cc(cc3)*)c1ccc(cc1)OCCCCCCCCCCCC,79.0
CCCCCCCCCCCCSc1cc(sc1*)*,33.0
CCCCCCCCCCCCSc1cc(sc1*)c1cc(c(s1)c1ccc(cc1)*)SCCCCCCCCCCCC,65.4
CCCCCCCCCCCCc1c2sc(cc2nc2c1sc(c2)*)c1sc(cc1CCCCCC)c1sc(c2c1nc(CC)c(n2)CC)c1sc(c(c1)CCCCCC)*,110.0
CCCCCCCCCCCCc1cc(sc1*)*,-18.75
CCCCCCCCCCCCc1cc(sc1*)c1ccc(cc1)c1sc(c(c1)CCCCCCCCCCCC)c1ccc(cc1)*,-19.2
CCCCCCCCCCCCc1cc(sc1*)c1sc(c(c1)CCCCCCCCCCCC)c1ccc(cc1)*,59.6
CCCCCCCCCCCCc1cc(sc1*)c1sc(c(c1)CCCCCCCCCCCC)c1ccc2c(c1)cc1c(c2)cc(cc1)*,158.0
CCCCCCCCCCCCc1ccc(cc1)C(C*)*,-52.0
CCCCCCCCCCCCn1c(*)ccc1c1ccc(s1)c1ccc(s1)c1ccc(s1)*,52.0
CCCCCCCCCCCCn1c(*)ccc1c1ccc(s1)c1ccc(s1)c1ccc(s1)c1ccc(s1)*,54.0
CCCCCCCCCCCCn1c2cc(sc2c2c1cc(s2)*)c1sc(cc1CCCCCC)c1sc(c2c1nc(CC)c(n2)CC)c1sc(c(c1)CCCCCC)*,102.0
CCCCCCCCCCCCn1c2ccc(cc2c2c1cccc2)COC(=O)C(C*)(C)*,25.0
CCCCCCCCCCCc1cc(O*)cc(c1)OC(=O)c1cccc(c1)C(=O)*,34.5
CCCCCCCCCCN1C(=O)C2C(C1=O)C(CC2*)C=C*,46.0
CCCCCCCCCCN1c2ccc(cc2Sc2c1ccc(c2)*)c1ccc(s1)c1ccc(s1)*,142.0
CCCCCCCCCCN1c2ccc(cc2Sc2c1ccc(c2)*)c1sc2c(c1CCCCC)sc(c2)*,131.0
CCCCCCCCCCNC(=O)c1cc(*)cc(c1)N1C(=O)c2c(C1=O)cc(cc2)c1ccc2c(c1)C(=O)N(C2=O)*,245.1
CCCCCCCCCCOC(=O)C(C*)(C)*,-64.5
CCCCCCCCCCOC(=O)CCC(C(=O)*)N*,-62.0
CCCCCCCCCCOC(=O)c1cc(cc(c1c1c(Br)cc(cc1C(=O)OCCCCCCCCCC)*)Br)N1C(=O)c2c(C1=O)cc(cc2)c1ccc2c(c1)C(=O)N(C2=O)*,116.0
CCCCCCCCCCOC(=O)c1ccc(c(c1)C(C*)*)c1ccc(cc1)OCCCCCCCC,44.0
CCCCCCCCCCOC(C*)*,-62.0
CCCCCCCCCCOP(=N*)(OCCCCCCCCCC)*,-44.0
CCCCCCCCCCOc1cc(*)ccc1c1nnc(o1)*,165.0
CCCCCCCCCCOc1cc(c(cc1*)OC)C(=Cc1cc(OC)c(cc1OCCCCCCCCCC)C=C(C#N)*)C#N,198.0
CCCCCCCCCCOc1cc(c(cc1c1oc2c(n1)cc(cc2)*)OCCCCCCCCCC)c1oc2c(n1)cc(cc2)C(C(F)(F)F)(C(F)(F)F)*,94.0
CCCCCCCCCCOc1cc(ccc1C(=O)NN*)C(=O)*,193.0
CCCCCCCCCCOc1cc(ccc1OCCCCCCCCCC)n1c2cc(C=C*)ccc2c2c1cc(*)cc2,95.0
CCCCCCCCCCOc1ccc(cc1)N=Nc1ccc(cc1)OCCCCCCOC(=O)C(C*)(C)*,110.0
CCCCCCCCCCOc1ccc(cc1)OC(=O)c1ccc(c(c1)C(C*)*)C(=O)Oc1ccc(cc1)OCCCCCCCCCC,109.0
CCCCCCCCCCSC(=C(C)*)*,60.0
CCCCCCCCCCc1cc(/C=C/*)c(cc1/C=C/c1ccc(cn1)c1ccc(nc1)*)CCCCCCCCCC,68.0
CCCCCCCCCCc1cc(sc1*)*,-33.0
CCCCCCCCCCc1cc(sc1*)c1cc(c(s1)c1cc(c2-c1ccccc2)*)CCCCCCCCCC,22.5
CCCCCCCCCCc1cc(sc1c1sc(c2c1cccc2)c1sc(cc1CCCCCCCCCC)c1ccc(c2c1nsn2)*)*,65.0
CCCCCCCCCCc1cc(sc1c1sc(cc1CCCCCCCCCC)c1nnc(o1)*)c1nnc(o1)c1cc(OCCCCCCCC)c(cc1OCCCCCCCC)*,53.8
CCCCCCCCCCc1ccc(cc1)C(C*)*,-65.0
CCCCCCCCCCn1c2ccc(cc2c2c1cccc2)COC(=O)C(C*)(C)*,29.0
CCCCCCCCCN1C(=O)C2C(C1=O)C(CC2*)C=C*,52.0
CCCCCCCCCOC(=O)C(C*)*,-89.0
CCCCCCCCCOC(=O)CC(C(=O)OCCCCCCCCC)(C*)*,-13.0
CCCCCCCCCOP(=N*)(OCCCCCCCCC)*,-56.0
CCCCCCCCCOc1cc(/C=C/c2ccc(cc2)*)c(cc1/C=C/*)OCCCCCCCCC,44.0
CCCCCCCCCc1cc(O*)cc(c1)OC(=O)c1cccc(c1)C(=O)*,41.5
CCCCCCCCCc1ccc(cc1)C(C*)*,-53.0
CCCCCCCCN(c1ccc(cc1)C(=O)*)*,30.0
CCCCCCCCN1C(=C2C(=C(N(C2=O)CCCCCCCC)c2ccc(cc2)*)C1=O)c1ccc(cc1)c1ccc2c(c1)c1cc(*)ccc1n2CCCCCCCC,103.0
CCCCCCCCN1C(=O)C2=C(*)N(C(=O)C2=C1c1ccc(cc1)c1ccc2-c3c(C(c2c1)(CCCCCCCC)CCCCCCCC)cc(cc3)c1ccc(cc1)*)CCCCCCCC,105.0
CCCCCCCCN1C(=O)C2C(C1=O)C(CC2*)C=C*,57.0
CCCCCCCCN1C(=O)c2cc(Cl)c3c4c2c(C1=O)cc(c4c1c2c3c(Cl)cc3c2c(cc1Cl)C(=O)N(C3=O)CCC[Si](O*)(C)*)Cl,196.0
CCCCCCCCN1C(=O)c2cc(Cl)c3c4c2c(C1=O)cc(c4c1c2c3c(Cl)cc3c2c(cc1Cl)C(=O)N(C3=O)CCC[Si](O[Si](c1ccc(s1)c1ccc(s1)c1ccc(s1)C)(C)*)(O*)C)Cl,132.0
CCCCCCCCNC(=O)c1cc(*)cc(c1)N1C(=O)c2c(C1=O)cc(cc2)c1ccc2c(c1)C(=O)N(C2=O)*,245.5
CCCCCCCCOC(=O)C(C*)(C)*,-20.0
CCCCCCCCOC(=O)C(C*)*,-65.0
CCCCCCCCOC(=O)C(Cc1ccc(cc1)O*)NC(=O)CCc1ccc(cc1)OC(=O)CCC(=O)*,48.0
CCCCCCCCOC(=O)C(Cc1ccc(cc1)O*)NC(=O)CCc1ccc(cc1)OC(=O)CCCC(=O)*,32.5
CCCCCCCCOC(=O)C(Cc1ccc(cc1)O*)NC(=O)CCc1ccc(cc1)OC(=O)CCCCC(=O)*,28.0
CCCCCCCCOC(=O)C(Cc1ccc(cc1)O*)NC(=O)CCc1ccc(cc1)OC(=O)CCCCCCC(=O)*,21.0
CCCCCCCCOC(=O)C(Cc1ccc(cc1)O*)NC(=O)CCc1ccc(cc1)OC(=O)CCCCCCCCC(=O)*,14.0
CCCCCCCCOC(=O)C(Cc1ccc(cc1)O*)NC(=O)CCc1ccc(cc1)OC(=O)COCC(=O)*,40.0
CCCCCCCCOC(=O)C(Cc1ccc(cc1)O*)NC(=O)CCc1ccc(cc1)OC(=O)COCCOCC(=O)*,16.0
CCCCCCCCOC(=O)C(Cc1ccc(cc1)O*)NC(=O)Cc1ccc(cc1)OC(=O)CC(CCC(=O)*)C,30.0
CCCCCCCCOC(=O)C(Cc1ccc(cc1)O*)NC(=O)Cc1ccc(cc1)OC(=O)CCC(=O)*,51.0
CCCCCCCCOC(=O)C(Cc1ccc(cc1)O*)NC(=O)Cc1ccc(cc1)OC(=O)CCCC(=O)*,38.0
CCCCCCCCOC(=O)C(Cc1ccc(cc1)O*)NC(=O)Cc1ccc(cc1)OC(=O)CCCCC(=O)*,28.0
CCCCCCCCOC(=O)C(Cc1ccc(cc1)O*)NC(=O)Cc1ccc(cc1)OC(=O)CCCCCCC(=O)*,22.0
CCCCCCCCOC(=O)C(Cc1ccc(cc1)O*)NC(=O)Cc1ccc(cc1)OC(=O)CCCCCCCCC(=O)*,16.0
CCCCCCCCOC(=O)C(Cc1ccc(cc1)O*)NC(=O)Cc1ccc(cc1)OC(=O)COCC(=O)*,51.0
CCCCCCCCOC(=O)C(Cc1ccc(cc1)O*)NC(=O)Cc1ccc(cc1)OC(=O)COCCOCC(=O)*,23.0
CCCCCCCCOC(=O)CC(C(=O)OCCCCCCCC)(C*)*,-25.5
CCCCCCCCOC(=O)CCC(C(=O)*)N*,-59.5
CCCCCCCCOC(=O)c1cc(cc(c1c1c(Br)cc(cc1C(=O)OCCCCCCCC)*)Br)N1C(=O)c2c(C1=O)cc(cc2)c1ccc2c(c1)C(=O)N(C2=O)*,135.5
CCCCCCCCOC(=O)c1cc2c(s1)c(sc2c1ccc(cc1)N(c1ccc(cc1)OCC(CCCC)CC)c1ccc(cc1)*)*,118.0
CCCCCCCCOC(C*)*,-80.0
CCCCCCCCOCCOCc1ccc(cc1)C(C*)*,-42.0
CCCCCCCCOCc1ccccc1C(C*)*,13.0
CCCCCCCCOP(=N*)(OCCCCCCCC)*,-84.0
CCCCCCCCOc1c2c(=O)n(c(=O)c2c(c2c1c(=O)n(c2=O)*)OCCCCCCCC)c1ccc(cc1)Cc1ccc(cc1)*,188.0
CCCCCCCCOc1c2c(=O)n(c(=O)c2c(c2c1c(=O)n(c2=O)*)OCCCCCCCC)c1ccc(cc1)Oc1ccc(cc1)*,220.0
CCCCCCCCOc1c2c(=O)n(c(=O)c2c(c2c1c(=O)n(c2=O)*)OCCCCCCCC)c1ccc(cc1)Oc1ccc(cc1)C(C(F)(F)F)(C(F)(F)F)c1ccc(cc1)Oc1ccc(cc1)*,148.0
CCCCCCCCOc1c2c(=O)n(c(=O)c2c(c2c1c(=O)n(c2=O)*)OCCCCCCCC)c1ccc(cc1C)c1ccc(c(c1)C)*,294.0
CCCCCCCCOc1cc(*)c(cc1c1nnc(o1)c1sc(c(c1)CCCCCCCC)c1ccc(s1)c1sc(cc1CCCCCCCC)c1nnc(o1)*)OCCCCCCCC,34.1
CCCCCCCCOc1cc(*)c(cc1c1nnc(o1)c1sc(c(c1)CCCCCCCC)c1nnc(o1)*)OCCCCCCCC,124.3
CCCCCCCCOc1cc(*)cc(c1)N1C(=O)c2c(C1=O)cc(cc2)Oc1ccc2c(c1)C(=O)N(C2=O)*,185.0
CCCCCCCCOc1cc(*)ccc1c1nnc(o1)*,173.0
CCCCCCCCOc1cc(/C=C/c2ccc(c3c2nsn3)*)c(cc1/C=C/*)OCCCCCCCC,153.0
CCCCCCCCOc1cc(C#Cc2ccc(cc2)*)c(cc1C#Cc1ccc(cc1)c1nnc(o1)*)OCCCCCCCC,130.0
CCCCCCCCOc1cc(C=C(c2ccccc2)*)c(cc1C=C(c1ccc2c(c1)Sc1c(S2)cc(cc1)*)c1ccccc1)OCCCCCCCC,93.0
CCCCCCCCOc1cc(C=C*)c(cc1*)OC,58.0
CCCCCCCCOc1cc(C=Cc2ccc(cc2)*)c(cc1C=Cc1ccc(cc1)N(c1ccccc1)*)OCCCCCCCC,74.0
CCCCCCCCOc1cc(C=Cc2ccc(cc2)O*)c(cc1C=Cc1ccc(cc1)OCCCCCCCC*)OCCCCCCCC,130.0
CCCCCCCCOc1cc(C=Cc2ccc(cc2)O*)c(cc1C=Cc1ccc(cc1)Oc1cc2C(=O)N(CCCCCCCC)C(=O)c3c2c2c1c1ccc4c5c1c(c2cc3)c(cc5C(=O)N(C4=O)CCCCCCCC)*)OCCCCCCCC,103.0
CCCCCCCCOc1cc(C=Nc2ccc(cc2)N=*)c(cc1C=*)OCCCCCCCC,32.7
CCCCCCCCOc1cc(OCCCCCCCC)c(cc1C=Cc1ccc(cc1)c1cc(c2ccc(cc2)*)c(cc1OCCCCCCCC)OCCCCCCCC)C=C*,58.8
CCCCCCCCOc1cc(OCCCCCCCC)c(cc1c1ccc(cc1)C=Cc1cc(OCCCCCCCC)c(cc1OCCCCCCCC)C=C*)c1ccc(cc1)*,86.7
CCCCCCCCOc1cc(c(cc1*)OC)C(=Cc1cc(OC)c(cc1OCCCCCCCC)C=C(C#N)*)C#N,174.0
CCCCCCCCOc1cc(c(cc1*)OCCCCCCCC)c1ccc(s1)*,60.0
CCCCCCCCOc1cc(c(cc1*)OCCCCCCCC)c1ccc2-c3c(C(c2c1)(CCCCCC)CCCCCC)cc(cc3)*,58.0
CCCCCCCCOc1cc(c(cc1C(=Cc1ccc(cc1)N(c1ccccc1)*)C#N)OCCCCCCCC)C(=Cc1ccc(cc1)*)C#N,78.0
CCCCCCCCOc1cc(cc(c1)N1C(=O)c2c(C1=O)cc(cc2)*)N1C(=O)c2c(C1=O)cc(cc2)C(C(F)(F)F)(C(F)(F)F)*,195.0
CCCCCCCCOc1cc(cc(c1)N1C(=O)c2c(C1=O)ccc(c2)C(=O)*)N1C(=O)c2c(C1=O)ccc(c2)*,195.0
CCCCCCCCOc1ccc(cc1)C(=O)Oc1ccc(cc1)OCCCC(=C*)*,37.5
CCCCCCCCOc1ccc(cc1)C(=O)Oc1ccc(cc1)OCCCCCCCCCCOC(=O)C(C*)(C)*,12.0
CCCCCCCCOc1ccc(cc1)C(=O)Oc1ccc(cc1)OCCCCCCOC(=O)C(C*)(C)*,-1.0
CCCCCCCCOc1ccc(cc1)C(=O)Oc1ccc(cc1)OCCCCOC(=O)C(C*)(C)*,10.0
CCCCCCCCOc1ccc(cc1)OC(=O)c1ccc(c(c1)C(C*)*)C(=O)Oc1ccc(cc1)OCCCCCCCC,105.0
CCCCCCCCOc1ccc(cc1)Oc1c2c(=O)n(c(=O)c2c(c2c1c(=O)n(c2=O)c1ccc(cc1)Oc1ccc(cc1)*)Oc1ccc(cc1)OCCCCCCCC)*,234.5
CCCCCCCCOc1ccc(cc1)c1ccc(cc1C(C*)*)C(=O)OC,126.0
CCCCCCCCOc1ccc(cc1)c1ccc(cc1C(C*)*)C(=O)OCC,95.0
CCCCCCCCOc1ccc(cc1)c1ccc(cc1C(C*)*)C(=O)OCC(C(C(F)(F)F)(F)F)(F)F,90.0
CCCCCCCCOc1ccc(cc1)c1ccc(cc1C(C*)*)C(=O)OCCCC,74.0
CCCCCCCCOc1ccc(cc1)c1ccc(cc1C(C*)*)C(=O)OCCCCCC,64.0
CCCCCCCCOc1ccc(cc1)c1ccc(cc1C(C*)*)C(=O)OCCCCCCCC,57.0
CCCCCCCCOc1ccc(cc1)n1c(*)nnc1c1cccc(c1)c1ccc2-c3c([Si](c2c1)(CCCCCCCC)CCCCCCCC)cc(cc3)c1cccc(c1)*,111.0
CCCCCCCCOc1ccc(cc1)n1c(*)nnc1c1cccc(c1)c1ccc2c(-c3cc(ccc3[Si]2(CCCCCCCC)CCCCCCCC)c2cccc(c2)*)c1,107.0
CCCCCCCCOc1ccc(cc1C=Cc1ccc(cc1)c1cc(c2ccc(cc2)*)c(cc1OCCCCCCCC)OCCCCCCCC)c1ccc(c(c1)C=C*)OCCCCCCCC,57.3
CCCCCCCCOc1ccc2c(c1*)ccc(c2)c1ccc2c(c1)ccc(c2*)OCCCCCCCC,68.0
CCCCCCCCP(CCC*)CCCNC(=O)CCCCC(=O)N*,12.0
CCCCCCCCS(=O)(=O)c1ccc(cc1)N(CCOc1cc(cc(c1)C(=O)O*)C(=O)OCCN(c1ccc(cc1)S(=O)(=O)C(C(C(C(C(C(C(C(F)(F)F)(F)F)(F)F)(F)F)(F)F)(F)F)(F)F)(F)F)CC*)C,80.0
CCCCCCCCSc1cc(sc1*)c1cc(c(s1)c1ccc(cc1)*)SCCCCCCCC,55.3
CCCCCCCCSc1cc(sc1*)c1ccc(cc1)c1cc(c(s1)c1ccc(cc1)*)SCCCCCCCC,-38.8
CCCCCCCC[NH+]1CC=C(C=C1)C(C*)*,94.5
CCCCCCCC[Si]1(CCCCCCCC)c2cc(ccc2-c2c1cc(*)cc2)c1ccc(cc1)N(c1ccc(cc1)C(CC)C)c1ccc(cc1)*,90.0
CCCCCCCC[Si]1(CCCCCCCC)c2cc(ccc2-c2c1cc(cc2)c1cccc(c1)*)c1cccc(c1)c1nnc(o1)*,67.0
CCCCCCCC[Si]1(CCCCCCCC)c2ccc(cc2-c2c1ccc(c2)*)c1ccc(cc1)N(c1ccc(cc1)C(CC)C)c1ccc(cc1)*,84.0
CCCCCCCC[Si]1(CCCCCCCC)c2ccc(cc2-c2c1ccc(c2)c1cccc(c1)*)c1cccc(c1)c1nnc(o1)*,90.0
CCCCCCCCc1cc(*)c(cc1c1ccc2-c3c(C(c2c1)(CCCCCC)CCCCCC)cc(cc3)*)CCCCCCCC,74.5
CCCCCCCCc1cc(c(cc1c1ccc(c(c1F)F)C(=O)OCC(COc1ccc(cc1)N=Nc1ccc(cc1)C#N)O*)CCCCCCCC)c1ccc(c(c1F)F)C(=O)*,61.0
CCCCCCCCc1cc(cc(c1)O*)OC(=O)c1cccc(c1)C(=O)*,50.5
CCCCCCCCc1cc(sc1*)*,-9.2
CCCCCCCCc1cc(sc1*)c1ccc(cc1)c1sc(c(c1)CCCCCCCC)c1ccc(cc1)*,-4.0
CCCCCCCCc1cc(sc1*)c1sc(c(c1)CCCCCCCC)c1ccc(cc1)*,50.4
CCCCCCCCc1cc(sc1c1ccc(cc1)c1sc(cc1CCCCCCCC)*)c1ccc(cc1)c1ccc(cc1)*,0.6
CCCCCCCCc1cc(sc1c1ccc(cc1)c1sc(cc1CCCCCCCC)c1ccc(nc1)*)*,16.2
CCCCCCCCc1cc(sc1c1ccc(s1)c1ccc(s1)c1sc(cc1CCCCCCCC)c1ccc(s1)*)c1ccc(s1)[Si](CCCC)(CCCC)*,-1.0
CCCCCCCCc1cc(sc1c1ccc(s1)c1ccc(s1)c1sc(cc1CCCCCCCC)c1ccc(s1)*)c1ccc(s1)[Si]([Si](CCCC)(CCCC)*)(CCCC)CCCC,-10.0
CCCCCCCCc1cc(sc1c1ccc(s1)c1ccc(s1)c1sc(cc1CCCCCCCC)c1ccc(s1)*)c1ccc(s1)[Si]([Si]([Si]([Si](C)(C)*)(C)C)(C)C)(C)C,6.0
CCCCCCCCc1cc(sc1c1ccc(s1)c1ccc(s1)c1sc(cc1CCCCCCCC)c1ccc(s1)*)c1ccc(s1)[Si]([Si]([Si]([Si]([Si]([Si]([Si]([Si](C)(C)*)(C)C)(C)C)(C)C)(C)C)(C)C)(C)C)(C)C,13.0
CCCCCCCCc1cc(sc1c1ccc(s1)c1ccc(s1)c1sc(cc1CCCCCCCC)c1ccc(s1)[Si](C)(C)*)c1ccc(s1)*,31.0
CCCCCCCCc1cc(sc1c1ccc(s1)c1ccc(s1)c1sc(cc1CCCCCCCC)c1ccc(s1)[Si]([Si](C)(C)*)(C)C)c1ccc(s1)*,12.0
CCCCCCCCc1ccc(cc1)C(C*)*,-45.0
CCCCCCCCn1c2cc(*)ccc2c2c1cc(cc2)c1c2ccc(cc2c(c2c1cc(C=Cc1ccc(cc1)N(CCCCCC)CCCCCC)cc2)*)C=Cc1ccc(cc1)N(CCCCCC)CCCCCC,152.0
CCCCCCCCn1c2cc(ccc2c2c1cc(*)cc2)N(c1ccc(cc1C)C)*,110.0
CCCCCCCCn1c2cc(ccc2c2c1cc(*)cc2)N(c1ccc(cc1C)OC)*,105.0
CCCCCCCCn1c2ccc(cc2c2c1ccc(c2)*)C=Cc1ccc(cc1)c1nnc(n1c1ccccc1)c1ccc(cc1)C=C*,147.0
CCCCCCCCn1c2ccc(cc2c2c1ccc(c2)*)c1[nH]c(nc1c1ccccc1)c1ccc(cc1)N1C(=O)c2c(C1=O)cc(cc2)C(=O)c1ccc2c(c1)C(=O)N(C2=O)c1ccc(cc1)c1[nH]c(c(n1)c1ccccc1)*,314.0
CCCCCCCCn1c2ccc(cc2c2c1ccc(c2)*)c1[nH]c(nc1c1ccccc1)c1ccc(cc1)N1C(=O)c2c(C1=O)cc(cc2)C(C(F)(F)F)(C(F)(F)F)c1ccc2c(c1)C(=O)N(C2=O)c1ccc(cc1)c1[nH]c(c(n1)c1ccccc1)*,330.0
CCCCCCCCn1c2ccc(cc2c2c1ccc(c2)*)c1[nH]c(nc1c1ccccc1)c1ccc(cc1)N1C(=O)c2c(C1=O)cc(cc2)Oc1ccc2c(c1)C(=O)N(C2=O)c1ccc(cc1)c1[nH]c(c(n1)c1ccccc1)*,312.0
CCCCCCCCn1c2ccc(cc2c2c1ccc(c2)*)c1[nH]c(nc1c1ccccc1)c1ccc(cc1)n1c(=O)c2c(c1=O)cc1c(c2)c(=O)n(c1=O)c1ccc(cc1)c1[nH]c(c(n1)c1ccccc1)*,350.0
CCCCCCCCn1c2ccc(cc2c2c1ccc(c2)*)c1ccc2-c3c([Si](c2c1)(CCCCCCCC)CCCCCCCC)cc(cc3)*,87.0
CCCCCCCCn1c2ccc(cc2c2c1ccc(c2)*)c1ccc2c(-c3cc(*)ccc3[Si]2(CCCCCCCC)CCCCCCCC)c1,76.0
CCCCCCCCn1c2ccc(cc2c2c1ccc(c2)c1c2ccc(cc2c(c2c1cc(C=Cc1ccc(cc1)N(CCCCCC)CCCCCC)cc2)*)C=Cc1ccc(cc1)N(CCCCCC)CCCCCC)*,131.0
CCCCCCCCn1c2ccc(cc2c2c1ccc(c2)c1ccc2c(c1)c1cc(*)ccc1n2CCCCCCCC)C=Cc1ccc(cc1)c1nnc(n1c1ccccc1)c1ccc(cc1)C=C*,157.0
CCCCCCCCn1c2ccccc2c2c1ccc(c2)COC(=O)C(C*)(C)*,45.0
CCCCCCCN(c1ccc(cc1)C(=O)*)*,45.9
CCCCCCCN1C(=O)C2C(C1=O)C(CC2*)C=C*,59.0
CCCCCCCOC(=O)C(C#N)(C*)*,102.0
CCCCCCCOC(=O)C(C*)*,-60.0
CCCCCCCOC(=O)CC(C(=O)OCCCCCCC)(C*)*,-23.0
CCCCCCCOP(=N*)(OCCCCCCC)*,-94.0
CCCCCCCOc1cc(/C=C/c2ccc(cc2)*)c(cc1/C=C/*)OCCCCCCC,46.0
CCCCCCCOc1ccc(cc1)C(=O)Oc1ccc(cc1)c1ccc(cc1)OCCC[Si](O*)(C)*,90.0
CCCCCCCOc1ccc(cc1)OC(=O)CC(C(=O)Oc1ccc(cc1)OCCCCCCC)(C*)*,111.0
CCCCCCC[N+](CCOC(=O)C(C*)(C)*)(C)C,-44.0
CCCCCCCc1cc(sc1*)c1sc(c(c1)CCCCCCC)c1cc(c2-c1ccccc2)*,56.0
CCCCCCCn1c2ccc(cc2c2c1ccc(c2)*)C=C(C(=O)OCCCCCCCCCCOC(=O)C(=C*)C#N)C#N,59.0
CCCCCCCn1c2ccc(cc2c2c1ccc(c2)*)C=C(C(=O)OCCCCCCOC(=O)C(=C*)C#N)C#N,87.0
CCCCCCCn1c2ccc(cc2c2c1ccc(c2)*)C=C(C(=O)OCCN(c1ccc(cc1)N=Nc1ccc(cc1)[N+](=O)[O-])CCOC(=O)C(=C*)C#N)C#N,135.0
CCCCCCCn1c2ccc(cc2c2c1ccc(c2)COC(=O)C(=C*)C#N)COC(=O)C(=Cc1ccc2c(c1)c1cc(*)ccc1n2CCCCCCC)C#N,134.0
CCCCCCN1C(=O)C(C(C1=O)CC*)*,41.5
CCCCCCN1C(=O)C2C(C1=O)C(CC2*)C=C*,85.0
CCCCCCN1c2ccc(cc2Sc2c1ccc(c2)*)c1ccc(s1)c1ccc(s1)*,140.0
CCCCCCN1c2ccc(cc2Sc2c1ccc(c2)*)c1sc2c(c1CCCCC)sc(c2)*,126.0
CCCCCCNC(=O)c1cc(*)cc(c1)N1C(=O)c2c(C1=O)cc(cc2)c1ccc2c(c1)C(=O)N(C2=O)*,256.9
CCCCCCNS(=NP(=NP(=N*)(NCCCCCC)NCCCCCC)(NCCCCCC)NCCCCCC)(=O)*,-18.0
CCCCCCOC(=O)C(C#N)(C*)*,86.0
CCCCCCOC(=O)C(C*)(C)*,-5.0
CCCCCCOC(=O)C(C*)*,-54.0
CCCCCCOC(=O)C(Cc1ccc(cc1)O*)NC(=O)CCc1ccc(cc1)OC(=O)*,51.5
CCCCCCOC(=O)C(Cc1ccc(cc1)O*)NC(=O)CCc1ccc(cc1)OC(=O)CCC(=O)*,53.0
CCCCCCOC(=O)C(Cc1ccc(cc1)O*)NC(=O)CCc1ccc(cc1)OC(=O)CCCC(=O)*,43.0
CCCCCCOC(=O)C(Cc1ccc(cc1)O*)NC(=O)CCc1ccc(cc1)OC(=O)CCCCC(=O)*,37.225
CCCCCCOC(=O)C(Cc1ccc(cc1)O*)NC(=O)CCc1ccc(cc1)OC(=O)CCCCCCC(=O)*,27.0
CCCCCCOC(=O)C(Cc1ccc(cc1)O*)NC(=O)CCc1ccc(cc1)OC(=O)CCCCCCCCC(=O)*,20.0
CCCCCCOC(=O)C(Cc1ccc(cc1)O*)NC(=O)CCc1ccc(cc1)OC(=O)COCC(=O)*,45.0
CCCCCCOC(=O)C(Cc1ccc(cc1)O*)NC(=O)CCc1ccc(cc1)OC(=O)COCCOCC(=O)*,28.0
CCCCCCOC(=O)C(Cc1ccc(cc1)O*)NC(=O)Cc1ccc(cc1)OC(=O)CC(CCC(=O)*)C,38.0
CCCCCCOC(=O)C(Cc1ccc(cc1)O*)NC(=O)Cc1ccc(cc1)OC(=O)CCC(=O)*,59.0
CCCCCCOC(=O)C(Cc1ccc(cc1)O*)NC(=O)Cc1ccc(cc1)OC(=O)CCCC(=O)*,42.0
CCCCCCOC(=O)C(Cc1ccc(cc1)O*)NC(=O)Cc1ccc(cc1)OC(=O)CCCCC(=O)*,36.0
CCCCCCOC(=O)C(Cc1ccc(cc1)O*)NC(=O)Cc1ccc(cc1)OC(=O)CCCCCCC(=O)*,27.0
CCCCCCOC(=O)C(Cc1ccc(cc1)O*)NC(=O)Cc1ccc(cc1)OC(=O)CCCCCCCCC(=O)*,23.0
CCCCCCOC(=O)C(Cc1ccc(cc1)O*)NC(=O)Cc1ccc(cc1)OC(=O)COCC(=O)*,46.0
CCCCCCOC(=O)C(Cc1ccc(cc1)O*)NC(=O)Cc1ccc(cc1)OC(=O)COCCOCC(=O)*,31.0
CCCCCCOC(=O)CC(C(=O)OCCCCCC)(C*)*,-14.5
CCCCCCOC(=O)CCC(C(=O)*)N*,-59.0
CCCCCCOC(=O)c1cc(*)cc(c1)N1C(=O)CC(C1=O)C1Cc2ccccc2C2C1C(=O)N(C2=O)*,187.0
CCCCCCOC(=O)c1cc(cc(c1c1c(Br)cc(cc1C(=O)OCCCCCC)*)Br)N1C(=O)c2c(C1=O)cc(cc2)c1ccc2c(c1)C(=O)N(C2=O)*,154.0
CCCCCCOC(=O)c1ccc(c(c1)C(=C*)*)C(=O)OCCCCCC,-30.0
CCCCCCOC(=O)c1ccc(cc1)C(C*)*,66.0
CCCCCCOC(=O)c1ccccc1C(C*)*,45.0
CCCCCCOC(C*)*,-75.5
CCCCCCOC1COC2C1OCC2Oc1cc(C=C*)c(cc1C=Cc1c2ccccc2c(c2c1cccc2)*)OC,48.0
CCCCCCOCC(O*)C*,-85.5
CCCCCCOCCOCCOCCOCCOCC(CCCCCCCCCC=C*)CCCCCCCCC*,-76.0
CCCCCCOCc1ccc(cc1)C(C*)*,-20.0
CCCCCCOP(=N*)(OCCCCCC)*,-104.0
CCCCCCOc1cc(/C=C/*)c(cc1*)OC,60.0
CCCCCCOc1cc(C(=O)*)c(cc1C(=O)Oc1ccc(cc1)c1ccc(cc1)O*)OCCCCCC,113.0
CCCCCCOc1cc(C=C*)c(cc1*)OC,60.0
CCCCCCOc1cc(C=CC2=C(C#N)C(=C(C#N)C#N)OC2(C)C)ccc1OCCCCCCOC(=O)C(C*)(C)*,80.0
CCCCCCOc1cc(C=Cc2cc(OCCCCCC)c(cc2OCCCCCC)C=Cc2cc(OCCCCCC)c(cc2OCCCCCC)C=Nc2ccc(cc2)C(=O)O*)c(cc1C=Nc1ccc(cc1)C(=O)OCCCCOCCCCOCCCC*)OCCCCCC,14.3
CCCCCCOc1cc(C=Cc2ccc(cc2)*)c(cc1C=Cc1ccc(cc1)C1=C2C(=O)N(C(=C2C(=O)N1CCCCCC)*)CCCCCC)OCCCCCC,88.0
CCCCCCOc1cc(C=Cc2ccc(s2)*)c(cc1C=Cc1ccc(s1)C1=C2C(=O)N(C(=C2C(=O)N1CCCCCC)*)CCCCCC)OCCCCCC,126.0
CCCCCCOc1cc(c(cc1*)OCCCCCC)c1ccc(s1)*,84.5
CCCCCCOc1cc(c(cc1c1ccc(cc1)C=C1CCCC(=C*)C1=O)OCCCCCC)c1ccc(cc1)*,85.0
CCCCCCOc1cc(c(cc1c1ccc(cc1)Oc1ccc(cc1)c1nnc(o1)*)OCCCCCC)c1ccc(cc1)Oc1ccc(cc1)*,103.0
CCCCCCOc1ccc(cc1)C(=O)Oc1ccc(cc1)OC(=O)CCCCCOC(=O)C(C*)(C)*,44.0
CCCCCCOc1ccc(cc1)C(=O)Oc1ccc(cc1)OCCCCCCCCCCOC(=O)C(C*)(C)*,41.0
CCCCCCOc1ccc(cc1)C(=O)Oc1ccc(cc1)OCCCCCCOC(=O)C(C*)(C)*,16.0
CCCCCCOc1ccc(cc1)C(=O)Oc1ccc(cc1)OCCCCOC(=O)C(C*)(C)*,34.0
CCCCCCOc1ccc(cc1)N(c1ccc(cc1)*)c1ccc(cc1)c1ccc(cc1)N(c1ccc(cc1)OCCCCCC)c1ccc(cc1)O*,105.0
CCCCCCOc1ccc(cc1)OC(=O)c1ccc(c(c1)C(C*)*)C(=O)Oc1ccc(cc1)OCCCCCC,100.0
CCCCCCOc1ccc(cc1)c1c(cc(cc1c1ccc(cc1)*)c1ccc(cc1)OCCCCCC)c1ccc(cc1)c1ccc2-c3c(C(c2c1)(CCCCCC)CCCCCC)cc(cc3)*,118.0
CCCCCCOc1ccc(cc1)c1ccc(cc1C(C*)*)C(=O)OCC(C(C(F)(F)F)(F)F)(F)F,108.0
CCCCCCOc1ccc(cc1)c1ccc(cc1C(C*)*)C(=O)OCCCC,94.0
CCCCCCSC(=C(C)*)*,110.0
CCCCCC[Si](C(=C(C)*)*)(C)C,200.0
CCCCCC[Si](C(C(=C*)*)CCC)(C)C,40.0
CCCCCC[Si](C*)(C)*,-77.6
CCCCCC[Si](CCCCCC)(C*)*,-56.0
CCCCCCc1c(*)sc(c1CCCCCCN(c1ccc(cc1)N=Nc1ccc(cc1)[N+](=O)[O-])CC)*,17.0
CCCCCCc1c(C=CC2=CC(=C(C#N)C#N)C=C(O2)C=Cc2sc(c(c2CCCCCC)CCCCCC)*)sc(c1CCCCCC)c1ccc2c(c1)Sc1c(N2CCCCCC)ccc(c1)*,130.0
CCCCCCc1c(sc(c1CCCCCC)C=CC1=CC(=C(C#N)C#N)C=C(O1)*)c1ccc(s1)c1ccc(s1)c1ccc(s1)c1sc(c(c1CCCCCC)CCCCCC)C=C*,134.0
CCCCCCc1c(sc(c1CCCCCC)C=CC1=CC(=C(C#N)C#N)C=C(O1)*)c1ccc(s1)c1ccc(s1)c1sc(c(c1CCCCCC)CCCCCC)C=C*,112.0
CCCCCCc1c(sc(c1CCCCCC)C=CC1=CC(=C(C#N)C#N)C=C(O1)*)c1ccc(s1)c1sc(c(c1CCCCCC)CCCCCC)C=C*,114.0
CCCCCCc1cc(*)c(cc1c1ccc2-c3c(C(c2c1)(CCCCCC)CCCCCC)cc(cc3)*)CCCCCC,78.8
CCCCCCc1cc(C=Cc2cc(OC)c(c(c2)OC)O*)c(cc1C=Cc1cc(OC)c(c(c1)OC)OCCCCCCCC*)CCCCCC,21.0
CCCCCCc1cc(c(cc1c1ccc(cc1)c1ccc2c(n1)c1nc(*)ccc1cc2)CCCCCC)c1ccc(cc1)*,190.0
CCCCCCc1cc(cc(c1)O*)OC(=O)c1cccc(c1)C(=O)*,67.5
CCCCCCc1cc(sc1*)*,20.3
CCCCCCc1cc(sc1*)c1ccc(c2c1nsn2)c1sc(c(c1)CCCCCC)c1sc(c2c1nc(C)c(n2)C)*,171.5
CCCCCCc1cc(sc1*)c1ccc(c2c1nsn2)c1sc(c(c1)CCCCCC)c1sc(c2c1nccn2)*,194.6
CCCCCCc1cc(sc1*)c1sc(c2c1OCCO2)c1sc(c(c1)CCCCCC)c1ccc(c2c1nsn2)*,109.5
CCCCCCc1cc(sc1*)c1sc(c2c1OCCO2)c1sc(c2c1OCCO2)c1sc(c(c1)CCCCCC)c1ccc(c2c1nsn2)*,141.8
CCCCCCc1cc(sc1c1ccc(c2c1nsn2)c1sc(cc1CCCCCC)*)c1sc(c2c1nc(C)c(n2)C)*,107.0
CCCCCCc1cc(sc1c1ccc(c2c1nsn2)c1sc(cc1CCCCCC)c1sc(c2c1nccn2)*)*,151.8
CCCCCCc1cc(sc1c1ccc2c(c1)Sc1c(N2c2ccc(cc2)OC)ccc(c1)*)c1ccc(c2c1nsn2)c1cc(c(s1)c1ccc2c(c1)Sc1c(N2c2ccc(cc2)OC)ccc(c1)C=C*)CCCCCC,151.7
CCCCCCc1cc(sc1c1ccc2c(c1)n(CCCCCCCCCCCC)c1c2ccc(c1)c1sc(cc1CCCCCC)*)c1sc(c2c1nc(CC)c(n2)CC)*,89.0
CCCCCCc1cc(sc1c1sc(c2c1OCCO2)c1sc(c2c1OCCO2)c1sc(cc1CCCCCC)c1ccc(c2c1nsn2)*)*,185.7
CCCCCCc1cc(sc1c1sc(c2c1OCCO2)c1sc(cc1CCCCCC)c1ccc(c2c1nsn2)*)*,118.8
CCCCCCc1ccc(cc1)C(C*)*,-27.0
CCCCCCc1ccc(cc1Oc1ccc(cc1)Oc1ccc(c2c1cccc2)c1ccc(c2c1cccc2)O*)Oc1ccc(cc1)*,150.0
CCCCCCc1ccc(s1)c1ccc(s1)c1ccc(c2c1nsn2)c1ccc(cc1)OCc1ccc(cc1)C(C*)*,122.0
CCCCCCn1c2ccc(cc2c2c1ccc(c2)*)C=Cc1nc(C=C*)c(c(c1C#N)C=Cc1ccc(cc1)N(c1ccccc1)c1ccccc1)C#N,134.0
CCCCCCn1c2ccc(cc2c2c1cccc2)COC(=O)C(C*)(C)*,73.0
CCCCCN(c1ccc(cc1)C(=O)*)*,83.5
CCCCCN1C(=O)C2C(C1=O)C(CC2*)C=C*,72.0
CCCCCOC(=O)C(C*)(C)*,9.5
CCCCCOC(=O)C(C*)*,-57.0
CCCCCOC(=O)CC(C(=O)OCCCCC)(C*)*,2.0
CCCCCOC(=O)CCC(C(=O)*)N*,-20.0
CCCCCOC(=O)c1cc(*)cc(c1)N1C(=O)CC(C1=O)C1Cc2ccccc2C2C1C(=O)N(C2=O)*,219.0
CCCCCOC(=O)c1ccc(c(c1)C(=C*)*)C(=O)OCCCCC,-22.0
CCCCCOC(=O)c1ccccc1C(C*)*,92.0
CCCCCOC(C*)*,-66.0
CCCCCOCc1ccccc1C(C*)*,47.0
CCCCCOP(=N*)(OCCC)*,-100.0
CCCCCOP(=N*)(OCCCCC)*,-104.0
CCCCCOc1c(cccc1C(=O)O*)C(=O)OCC(C(C(C*)(F)F)(F)F)(F)F,17.0
CCCCCOc1cc(*)ccc1c1nnc(o1)*,205.0
CCCCCOc1cc(cc(c1)C(=O)*)C(=O)Oc1ccc(cc1)Cc1ccc(cc1)O*,110.0
CCCCCOc1cc(cc(c1)C(=O)*)C(=O)Oc1ccc(cc1)Oc1ccc(cc1)O*,126.0
CCCCCOc1cc(cc(c1)C(=O)*)C(=O)Oc1cccc(c1)O*,96.0
CCCCCOc1cc(cc(c1)C(=O)O*)C(=O)OCC(C(C(C*)(F)F)(F)F)(F)F,-30.0
CCCCCOc1cc(cc(c1)C(=O)OCC(F)(F)*)C(=O)OCC(O*)(F)F,14.0
CCCCCOc1cc(cc(c1OCCCCC)OCCCCC)C(=O)Oc1ccc(cc1)c1ccc(cc1)OC(=O)c1ccc(cc1)OCCC[Si](O*)(C)*,49.0
CCCCCOc1cc(ccc1C(=O)O*)C(=O)OCCN(c1ccc(cc1)N=Nc1nc(c([nH]1)C#N)C#N)CC*,131.0
CCCCCOc1cc(ccc1C(=O)Oc1ccc(cc1)O*)C(=O)Oc1ccc(cc1)OCC*,95.0
CCCCCOc1ccc(cc1)C(=O)Oc1cc(OC(=O)CCCC(=O)*)c(cc1O*)OC(=O)c1ccc(cc1)OCCCCC,44.0
CCCCCOc1ccc(cc1)C(=O)Oc1ccc(cc1)OC(=O)CCCCCOC(=O)C(C*)(C)*,50.0
CCCCCOc1ccc(cc1)C(=O)Oc1ccc(cc1)OC(=O)c1ccc(cc1)OC(=O)C(C*)*,48.0
CCCCCOc1ccc(cc1)C(=O)Oc1ccc(cc1)OC(=O)c1ccc(cc1)OCCOC(=O)C(C*)*,46.0
CCCCCOc1ccc(cc1)N=Cc1ccc(cc1O)OCCCCCCOC(=O)C(C*)*,36.0
CCCCCOc1ccc(cc1)OC(=O)CC(C(=O)Oc1ccc(cc1)OCCCCC)(C*)*,73.5
CCCCCOc1ccc(cc1C(=O)O*)C(=O)OCC(C(C(C*)(F)F)(F)F)(F)F,9.0
CCCCCOc1ccc(cc1C(C*)*)Br,49.0
CCCCCS(=O)(=O)CC(O*)C*,38.0
CCCCCSCC(O*)C*,-68.0
CCCCC[Si](CCCCC)(C*)*,-55.0
CCCCCc1cc(cc(c1)C(=O)*)C(=O)Oc1ccc(cc1)S(=O)(=O)c1ccc(cc1)O*,170.0
CCCCCc1cc(cc(c1)C(=O)*)C(=O)Oc1ccc(cc1)c1ccc(cc1)O*,138.0
CCCCCc1ccc(cc1)C(=O)Oc1ccc(cc1)OC(=O)c1ccc(cc1)OCCC[Si](O*)(C)*,47.7
CCCCCc1ccc(cc1)N=Nc1ccc(cc1)OCCCCCCCCCCOC(=O)C(C*)(C)*,51.0
CCCCCc1ccc(cc1)N=Nc1ccc(cc1)OCCCCCCCCCCOC(=O)C1C(C=C*)CC(C1C(=O)OCCCCCCCCCCOc1ccc(cc1)N=Nc1ccc(cc1)CCCCC)*,46.0
CCCCN(c1ccc(cc1)C#Cc1ccc(cc1)S(=O)(=O)*)CC(CCC*)O,48.0
CCCCN(c1ccc(cc1)C(=O)*)*,124.0
CCCCN(c1ccc(cc1)N=Nc1ccc(cc1)S(=O)(=O)CCC*)CC(=O)O*,92.4
CCCCN(c1ccc(cc1)N=Nc1ccc(cc1)S(=O)(=O)Nc1nccs1)CCOC(=O)C(C*)(C)*,53.0
CCCCN(c1ccc(cc1)N=Nc1ccc(cc1)S(=O)(=O)Nc1noc(c1)C)CCOC(=O)C(C*)(C)*,105.0
CCCCN1C(=O)C(C(C1=O)C(C*)(C)C)*,80.0
CCCCN1C(=O)C(C(C1=O)CC*)*,67.9
CCCCN1C(=O)C2C(C1=O)C(CC2C=C*)*,131.0
CCCCNC(=O)C(C*)(O)*,96.0
CCCCNC(=O)c1cc(*)cc(c1)N1C(=O)c2c(C1=O)cc(cc2)c1ccc2c(c1)C(=O)N(C2=O)*,291.0
CCCCNS(=NP(=NP(=N*)(NCCCC)NCCCC)(NCCCC)NCCCC)(=O)*,-16.0
CCCCOC(=O)C(C#N)(C*)*,85.0
CCCCOC(=O)C(C(C(=O)OCCCC)(C#N)*)(c1ccc(cc1)*)C#N,108.0
CCCCOC(=O)C(C(C(=O)OCCCC)*)C(OC(=O)C)C*,-12.0
CCCCOC(=O)C(C*)(C)*,25.0
CCCCOC(=O)C(C*)(Cl)*,42.0
CCCCOC(=O)C(C*)*,-49.0
CCCCOC(=O)C(Cc1ccc(cc1)O*)NC(=O)CCc1ccc(cc1)OC(=O)*,67.0
CCCCOC(=O)C(Cc1ccc(cc1)O*)NC(=O)CCc1ccc(cc1)OC(=O)CC(CCC(=O)*)C,35.0
CCCCOC(=O)C(Cc1ccc(cc1)O*)NC(=O)CCc1ccc(cc1)OC(=O)CCC(=O)*,67.0
CCCCOC(=O)C(Cc1ccc(cc1)O*)NC(=O)CCc1ccc(cc1)OC(=O)CCCC(=O)*,55.0
CCCCOC(=O)C(Cc1ccc(cc1)O*)NC(=O)CCc1ccc(cc1)OC(=O)CCCCC(=O)*,46.0
CCCCOC(=O)C(Cc1ccc(cc1)O*)NC(=O)CCc1ccc(cc1)OC(=O)CCCCCCC(=O)*,37.0
CCCCOC(=O)C(Cc1ccc(cc1)O*)NC(=O)CCc1ccc(cc1)OC(=O)CCCCCCCCC(=O)*,30.0
CCCCOC(=O)C(Cc1ccc(cc1)O*)NC(=O)CCc1ccc(cc1)OC(=O)COCC(=O)*,64.0
CCCCOC(=O)C(Cc1ccc(cc1)O*)NC(=O)CCc1ccc(cc1)OC(=O)COCCOCC(=O)*,45.0
CCCCOC(=O)CC(C(=O)OCCCC)(C*)*,20.0
CCCCOC(=O)CCC(C(=O)*)N*,-49.0
CCCCOC(=O)c1cc(*)cc(c1)N1C(=O)CC(C1=O)C1Cc2ccccc2C2C1C(=O)N(C2=O)*,219.0
CCCCOC(=O)c1cc(cc(c1c1c(Br)cc(cc1C(=O)OCCCC)*)Br)N1C(=O)c2c(C1=O)cc(cc2)c1ccc2c(c1)C(=O)N(C2=O)*,196.0
CCCCOC(=O)c1ccc(c(c1)C(=C*)*)C(=O)OCCCC,-11.0
CCCCOC(=O)c1ccc(c(c1)C(C*)*)c1ccc(cc1)OC,141.0
CCCCOC(=O)c1ccc(cc1)C(C*)*,76.0
CCCCOC(=O)c1ccc(cc1)OC(=O)C(C*)*,13.0
CCCCOC(=O)c1ccccc1C(C*)*,66.0
CCCCOC(=O)c1ccccc1N1C(=O)C(C(C1=O)*)*,181.0
CCCCOC(C(C(C(=O)OC)(C)*)(C(=O)OC)C)C*,97.5
CCCCOC(C(C(C(=O)OC)*)C(=O)OC)C*,32.5
CCCCOC(C*)*,-53.5
CCCCOC(C1(C)C(=O)OC(=O)C1(*)C)C*,197.0
CCCCOC(C1C(=O)OC(=O)C1*)C*,118.0
CCCCOCC(COC(=O)*)O*,-24.0
CCCCOCC(O*)C*,-79.0
CCCCOCCOCCOP(=N*)(OCCOCCOCCCC)*,-84.0
CCCCOCCOCc1ccc(cc1)C(C*)*,-38.0
CCCCOCc1ccc(cc1)C(C*)*,10.0
CCCCOCc1ccccc1C(C*)*,67.0
CCCCOP(=N*)(OCCCC)*,-105.0
CCCCOc1cc(*)c(cc1*)OCCCC,37.0
CCCCOc1cc(*)cc(c1)N1C(=O)c2c(C1=O)cc(cc2)Oc1ccc2c(c1)C(=O)N(C2=O)*,237.0
CCCCOc1cc(C=C*)c(cc1*)OC,65.0
CCCCOc1cc(cc(c1)N1C(=O)c2c(C1=O)cc(cc2)*)N1C(=O)c2c(C1=O)cc(cc2)C(=O)*,244.0
CCCCOc1cc(cc(c1)N1C(=O)c2c(C1=O)cc(cc2)*)N1C(=O)c2c(C1=O)cc(cc2)C(C(F)(F)F)(C(F)(F)F)*,246.0
CCCCOc1ccc(cc1)/C=C/c1ccc(cc1)OCCCCCCCCCCC[Si](O*)(C)*,-33.0
CCCCOc1ccc(cc1)C(=O)Oc1cc(O*)c(cc1OC(=O)CCCCCCCC(=O)*)OC(=O)c1ccc(cc1)OCCCC,38.0
CCCCOc1ccc(cc1)C(=O)Oc1cc(OC(=O)C(CCC(=O)*)(C)C)c(cc1O*)OC(=O)c1ccc(cc1)OCCCC,61.0
CCCCOc1ccc(cc1)C(=O)Oc1cc(OC(=O)C(CCC(=O)*)C)c(cc1O*)OC(=O)c1ccc(cc1)OCCCC,55.0
CCCCOc1ccc(cc1)C(=O)Oc1cc(OC(=O)CCCC(=O)*)c(cc1O*)OC(=O)c1ccc(cc1)OCCCC,59.0
CCCCOc1ccc(cc1)C(=O)Oc1cc(OC(=O)CCCCCC(=O)*)c(cc1O*)OC(=O)c1ccc(cc1)OCCCC,45.0
CCCCOc1ccc(cc1)C(=O)Oc1ccc(cc1)OC(=O)CCCCCOC(=O)C(C*)(C)*,40.0
CCCCOc1ccc(cc1)C(=O)Oc1ccc(cc1)OC(=O)c1ccc(cc1)OC(=O)C(C*)*,47.0
CCCCOc1ccc(cc1)C(=O)Oc1ccc(cc1)OC(=O)c1ccc(cc1)OCCOC(=O)C(C*)*,45.0
CCCCOc1ccc(cc1)C(=O)Oc1ccc(cc1)OCCCC(=C*)*,36.0
CCCCOc1ccc(cc1)C(=O)Oc1ccc(cc1)OCCCCCCCCCCOC(=O)C(C*)(C)*,31.0
CCCCOc1ccc(cc1)C(=O)Oc1ccc(cc1)OCCCCCCOC(=O)C(C*)(C)*,36.0
CCCCOc1ccc(cc1)C(=O)Oc1ccc(cc1)OCCCCOC(=O)C(C*)(C)*,51.0
CCCCOc1ccc(cc1)C(C*)*,52.0
CCCCOc1ccc(cc1)C(c1ccc(cc1)*)c1ccc(cc1)N(c1ccc(cc1)C)*,170.0
CCCCOc1ccc(cc1)N=Nc1ccc(cc1)OCCCCCCOC(=O)C(C*)(C)*,79.0
CCCCOc1ccc(cc1)OC(=O)c1ccc(c(c1)C(C*)*)C(=O)Oc1ccc(cc1)OCCCC,103.85
CCCCOc1ccc(cc1)OC(=O)c1ccc(cc1)OCCCCCCOC(=O)C(C*)(C)*,45.5
CCCCOc1ccc(cc1)OC(=O)c1ccc(cc1)OCCCCCCOC(=O)C(C*)(Cl)*,74.0
CCCCOc1ccc(cc1)OC(=O)c1ccc(cc1)OCCOC(=O)C(C*)(C)*,137.0
CCCCOc1ccc(cc1)OC(=O)c1ccc(cc1)OCCOC(=O)C(C*)(Cl)*,153.0
CCCCOc1ccc(cc1)Oc1c2c(=O)n(c(=O)c2c(c2c1c(=O)n(c2=O)*)Oc1ccc(cc1)OCCCC)c1ccc(cc1)Oc1ccc(cc1)*,269.5
CCCCOc1ccc(cc1)c1c(OCCOC(=O)CCCC(=O)OCCO*)nc(nc1*)c1ccc(cc1)OCCCC,37.0
CCCCOc1ccc(cc1)c1ccc(cc1C(C*)*)C(=O)OCC(C(C(F)(F)F)(F)F)(F)F,132.0
CCCCOc1ccc(cc1)c1ccc(cc1C(C*)*)C(=O)OCCCC,109.0
CCCCOc1ccc(cc1)c1nc(OCCOC(=O)CCCC(=O)OCCO*)c(c(n1)*)c1ccc(cc1)OC,46.0
CCCCOc1ccc(cc1)c1nc(OCCOC(=O)CCCCC(=O)OCCO*)c(c(n1)*)c1ccc(cc1)OC,34.0
CCCCOc1ccc(cc1)c1nc(OCCOC(=O)c2ccc(cc2)C(=O)OCCO*)c(c(n1)*)c1ccc(cc1)OC,94.0
CCCCOc1ccc(cc1)c1nc(OCCOC(=O)c2cccc(c2)C(=O)OCCO*)c(c(n1)*)c1ccc(cc1)OC,92.0
CCCCOc1ccc(cc1C(C*)*)Br,47.0
CCCCOc1cccc(c1)N1C(=O)c2ccc3c4c2c(C1=O)ccc4C(=O)N(C3=O)c1cc(ccc1OCC(O*)C*)C(CC)(C)C,147.0
CCCCS(=O)(=O)CC(O*)C*,37.0
CCCCSC(C*)*,-20.0
CCCCSCC(O*)C*,-65.0
CCCCSc1cc(sc1*)c1cc(c(s1)c1ccc(cc1)*)SCCCC,129.0
CCCCSc1cc(sc1*)c1ccc(cc1)c1cc(c(s1)c1ccc(cc1)*)SCCCC,26.4
CCCC[N+]1(CCCC1)CCOC(=O)C(C*)(C)*,129.0
CCCC[N+]1(CCCCCCCCCCCOC(=O)C(C*)*)CCCC1,-4.0
CCCC[NH+]1CC=C(C=C1)C=Cc1ccc(cc1)N(CCOC(=O)Nc1ccc(c(c1)NC(=O)O*)C)CC*,121.0
CCCC[Si](CCCC)(C*)*,-30.0
CCCC[Si]([Si](CCCC)(CCCC)*)(c1ccc(s1)*)CCCC,-53.0
CCCC[Si]([Si](CCCC)(CCCC)*)(c1ccc(s1)c1ccc(s1)*)CCCC,-20.0
CCCC[Si]([Si](CCCC)(CCCC)*)(c1ccc(s1)c1ccc(s1)c1ccc(s1)*)CCCC,-5.0
CCCC[Si]([Si](CCCC)(CCCC)*)(c1ccc(s1)c1ccc(s1)c1ccc(s1)c1ccc(s1)*)CCCC,-1.0
CCCC[Si](c1ccc(cc1)C(=O)NCC*)(c1ccc(cc1)C(=O)NCCN(c1ccc(cc1)/C=C/c1ccc(cc1)[N+](=O)[O-])*)CCCC,115.0
CCCC[Si](c1ccc(s1)c1ccc(s1)*)(CCCC)*,-10.0
CCCC[Si](c1ccc(s1)c1ccc(s1)c1ccc(s1)*)(CCCC)*,30.0
CCCC[Si](c1ccc(s1)c1ccc(s1)c1ccc(s1)c1ccc(s1)*)(CCCC)*,1.0
CCCC[Sn](OC(=O)/C=C/C(=O)*)(CCCC)O*,186.0
CCCC[Sn](OC(=O)CCCCC(=O)*)(CCCC)O*,110.0
CCCC[Sn](OC(=O)c1ccc(cc1)C(=O)*)(CCCC)O*,315.0
CCCCc1c(F)c(F)c(c(c1F)F)C(=C*)*,110.0
CCCCc1cc(cc(c1)O*)OC(=O)c1cccc(c1)C(=O)*,97.5
CCCCc1cc(ccc1OC(=O)c1ccc(cc1)C(=O)*)C(c1ccc(c(c1)CCCC)O*)(C)C,160.0
CCCCc1cc(sc1c1cc(c2-c1ccccc2)*)c1sc(c(c1)CCCC)*,124.0
CCCCc1cc(sc1c1ccc(cc1)*)c1cc(c(s1)*)CCCC,122.3
CCCCc1cc(sc1c1ccc(cc1)*)c1ccc(cc1)c1cc(c(s1)*)CCCC,58.3
CCCCc1ccc(cc1)C(=C(c1ccccc1)*)*,200.0
CCCCc1ccc(cc1)C(C*)*,6.0
CCCCc1ccc(cc1)N(c1ccc(cc1)*)c1ccc(cc1)c1sc(c2c1OCCO2)*,234.0
CCCCc1ccc(cc1)N(c1ccc(cc1)c1ccc(cc1)*)*,180.0
CCCCc1ccc(cc1)N1C(=O)c2ccc3c4c2c(C1=O)ccc4C(=O)N(C3=O)c1cc(ccc1OCC(O*)C*)C(CC)(C)C,175.0
CCCCn1c2ccc(cc2c2c1cccc2)COC(=O)C(C*)(C)*,87.0
CCCCn1c2ccccc2c(c1C=CC(=O)c1ccc(cc1)OC(=O)c1ccc(cc1)OCCCCCCCCCCOC(=O)C(C*)(C)*)C,57.0
CCCCn1c2ccccc2c(c1C=CC(=O)c1ccc(cc1)OC(=O)c1ccc(cc1)OCCCCCCCCOC(=O)C(C*)(C)*)C,69.0
CCCCn1c2ccccc2c(c1C=CC(=O)c1ccc(cc1)OC(=O)c1ccc(cc1)OCCCCCCOC(=O)C(C*)(C)*)C,85.0
CCCN(C(=O)C*)*,77.0
CCCN([Si](C[Si](C)(C)*)(C)C)*,-47.5
CCCN(c1ccc(cc1)C(=O)*)*,136.0
CCCN1C(=O)C2C(C1=O)C(CC2C=C*)*,139.0
CCCN1C(=O)C2C(C1=O)C(OC2C=C*)*,131.0
CCCNS(=NP(=NP(=N*)(NCCC)NCCC)(NCCC)NCCC)(=O)*,6.0
CCCOC(=O)C(*)*,-15.0
CCCOC(=O)C(C*)(C)*,43.0
CCCOC(=O)C(C*)(Cl)*,66.0
CCCOC(=O)C(C*)(F)*,62.0
CCCOC(=O)C(C*)*,-40.0
CCCOC(=O)CC(C(=O)OCCC)(C*)*,42.5
CCCOC(=O)CCC(C(=O)*)N*,-10.0
CCCOC(=O)c1cc(*)cc(c1)N1C(=O)CC(C1=O)C1Cc2ccccc2C2C1C(=O)N(C2=O)*,249.0
CCCOC(=O)c1ccc(c(c1)C(=C*)*)C(=O)OCCC,13.0
CCCOC(=O)c1ccc(cc1)C(C*)*,92.0
CCCOC(=O)c1ccc(cc1)OP1(=NP(=NP(=N1)(*)Oc1ccc(cc1)C(=O)OCCC)(Oc1ccc(cc1)C(=O)OCCC)Oc1ccc(cc1)C(=O)OCCC)Oc1ccc(cc1)C(C(F)(F)F)(C(F)(F)F)c1ccc(cc1)O*,34.0
CCCOC(=O)c1ccc(cc1)OP1(=NP(=NP(=N1)(*)Oc1ccc(cc1)C(=O)OCCC)(Oc1ccc(cc1)C(=O)OCCC)Oc1ccc(cc1)C(=O)OCCC)Oc1ccc(cc1)C(c1ccc(cc1)O*)(C)C,26.0
CCCOC(=O)c1ccc(cc1)c1ccc(cc1)OCCCCCCOC(=O)C(C*)(C)*,77.0
CCCOC(=O)c1ccccc1C(C*)*,108.0
CCCOCC1CC2CC1C(C2C1C(=O)OC(=O)C1*)*,209.0
CCCOCc1ccc(cc1)C(C*)*,22.0
CCCOCc1ccccc1C(C*)*,97.0
CCCOP(=N*)(OCCC)*,-100.0
CCCOS(=O)(=O)c1ccc(cc1)C(C*)*,217.0
CCCOc1cc(ccc1C(=O)O*)C(=O)OCCN(c1ccc(cc1)N=Nc1ccc(cc1)c1[nH]c2c(n1)cc(cc2)[N+](=O)[O-])CC*,152.0
CCCOc1cc(ccc1C(=O)O*)C(=O)OCCN(c1ccc(cc1)N=Nc1ccc(cc1)c1nc2c(o1)cccc2)CC*,117.0
CCCOc1cc(ccc1C(=O)O*)C(=O)OCCN(c1ccc(cc1)N=Nc1nc(c([nH]1)C#N)C#N)CC*,152.0
CCCOc1cc(ccc1C(=O)O*)C(=O)OCCN(c1ccc(cc1)c1oc2c(n1)ccc(c2)[N+](=O)[O-])CC*,119.0
CCCOc1ccc(cc1)C(=O)Oc1cc(O*)c(cc1OC(=O)CCCCCCCCCCCCCCC(=O)*)OC(=O)c1ccc(cc1)OCCC,18.0
CCCOc1ccc(cc1)C(=O)Oc1cc(OC(=O)CCCC(=O)*)c(cc1O*)OC(=O)c1ccc(cc1)OCCC,72.0
CCCOc1ccc(cc1)C(=O)Oc1ccc(cc1)OC(=O)CCCCCOC(=O)C(C*)(C)*,45.0
CCCOc1ccc(cc1)C(C*)*,70.0
CCCOc1ccc(cc1)OC(=O)CC(C(=O)Oc1ccc(cc1)OCCC)(C*)*,94.5
CCCOc1ccc(cc1C(C*)*)Br,54.0
CCCS(=O)(=O)CC(O*)C*,43.0
CCCSCC(O*)C*,-61.0
CCC[Si](CCC)(C*)*,-41.0
CCC[Si](CCC)(O*)*,-77.5
CCC[Si](c1ccccc1)(O*)*,40.6
CCCc1cc(cc(c1)O*)OC(=O)c1cccc(c1)C(=O)*,129.0
CCCc1ccc(cc1)C(=O)C(C*)*,44.0
CCCc1ccc(cc1)C(C*)*,46.75
CCN(CCC[Si](C*)(C)*)CC,-61.2
CCN(CCNC(=O)C(C*)(C)*)CC,90.0
CCN(CCOC(=O)C(C*)(C)*)CC,26.0
CCN(c1ccc(c(c1)C)N=Nc1ccc(cc1)[N+](=O)[O-])CCCN1C(=O)C(C(C1=O)*)C(c1ccccc1)C*,137.0
CCN(c1ccc(c(c1)C)N=Nc1ccc(cc1Cl)[N+](=O)[O-])CCCN1C(=O)C(C(C1=O)*)C(c1ccccc1)C*,149.0
CCN(c1ccc(cc1)/C=C(/C(=O)Nc1cccc(c1)NC(=O)/C(=C/c1ccc(cc1)N(CC)*)/C#N)\C#N)Cc1ccccc1C*,188.0
CCN(c1ccc(cc1)/C=C/c1ccc(cc1)/C=C(/C(=O)NC1CCCCC1NC(=O)/C(=C/c1ccc(cc1)/C=C/c1ccc(cc1)N(CC)*)/C#N)\C#N)Cc1ccccc1C*,201.0
CCN(c1ccc(cc1)/C=C/c1ccc(s1)/C=C(/C(=O)NC1CCCCC1NC(=O)/C(=C/*)/C#N)\C#N)Cc1cccc(c1)CN(c1ccc(cc1)/C=C/c1ccc(s1)*)CC,157.0
CCN(c1ccc(cc1)/C=C/c1ccc(s1)/C=C(/c1cccc(c1)/C(=C/*)/C#N)\C#N)Cc1ccccc1CN(c1ccc(cc1)/C=C/c1ccc(s1)*)CC,178.0
CCN(c1ccc(cc1)C(=C(C#N)C#N)C#N)CCOc1cc(ccc1N1C(=O)c2c(C1=O)ccc(c2)*)c1ccc(c(c1)OCCN(c1ccc(cc1)C(=C(C#N)C#N)C#N)CC)N1C(=O)c2c(C1=O)ccc(c2)C(C(F)(F)F)(C(F)(F)F)*,222.0
CCN(c1ccc(cc1)N=Nc1ccc(c2c1cccc2)[N+](=O)[O-])CCOC(=O)C(C*)(C)*,116.0
CCN(c1ccc(cc1)N=Nc1ccc(cc1)C=C(c1ccc(c(c1)OC)OC)C#N)CCOC(=O)C(C*)(C)*,103.0
CCN(c1ccc(cc1)N=Nc1ccc(cc1)C=C(c1ccc(cc1)Br)C#N)CCOC(=O)C(C*)(C)*,108.0
CCN(c1ccc(cc1)N=Nc1ccc(cc1)N=Nc1ccc(cc1)[N+](=O)[O-])CCOc1cc(ccc1N1C(=O)c2c(C1=O)cc(cc2)*)N1C(=O)c2c(C1=O)cc(cc2)C(C(F)(F)F)(C(F)(F)F)*,218.0
CCN(c1ccc(cc1)N=Nc1ccc(cc1)S(=O)(=O)C)CCOC(=O)C(C*)(C)*,144.0
CCN(c1ccc(cc1)N=Nc1ccc(cc1)S(=O)(=O)CCOC(=O)C(C*)(C)*)CC,142.0
CCN(c1ccc(cc1)N=Nc1ccc(cc1)[N+](=O)[O-])CCN1C(=O)C(C(C1=O)*)C(c1ccccc1)C*,172.0
CCN(c1ccc(cc1)N=Nc1ccc(cc1)[N+](=O)[O-])CCOC(=O)C(C*)(C)*,127.5
CCN(c1ccc(cc1)N=Nc1ccc(cc1)[N+](=O)[O-])CCOC(=O)Cc1cc(sc1*)*,102.0
CCN(c1ccc(cc1)N=Nc1ccc(cc1)[N+](=O)[O-])CCOc1cc(cc(c1)N1C(=O)c2c(C1=O)ccc(c2)C(C(F)(F)F)(C(F)(F)F)*)N1C(=O)c2c(C1=O)ccc(c2)*,210.0
CCN(c1ccc(cc1)N=Nc1ccc(cc1)[N+](=O)[O-])CCOc1cc(ccc1Oc1ccc(cc1)N1C(=O)c2c(C1=O)cc(cc2)C(C(F)(F)F)(C(F)(F)F)*)N1C(=O)c2c(C1=O)cc(cc2)*,202.0
CCN(c1ccc(cc1)N=Nc1ccc(cc1)[N+](=O)[O-])CCOc1ccc(cc1)c1cc(nc(c1)c1ccc(cc1)N1C(=O)c2c(C1=O)ccc(c2)C(C(F)(F)F)(C(F)(F)F)*)c1ccc(cc1)N1C(=O)c2c(C1=O)ccc(c2)*,215.0
CCN(c1ccc(cc1)N=Nc1ccc(cc1)[N+](=O)[O-])CCOc1ccc(cc1N1C(=O)c2c(C1=O)ccc(c2)*)C(C(F)(F)F)(C(F)(F)F)c1ccc(c(c1)N1C(=O)c2c(C1=O)ccc(c2)C(C(F)(F)F)(C(F)(F)F)*)OCCN(c1ccc(cc1)N=Nc1ccc(cc1)[N+](=O)[O-])CC,199.0
CCN(c1ccc(cc1)N=Nc1nc2c(s1)cc(cc2)[N+](=O)[O-])CCOC(=O)C(C*)(C)*,140.0
CCN(c1ccc(cc1)O*)c1ccc(cc1)/C=C(/C(=O)NC1CCCCC1NC(=O)/C(=C/c1ccc(cc1)N(c1ccc(cc1)*)CC)/C#N)\C#N,235.0
CCN(c1ccc(cc1)[N+](=O)[O-])CCOC(=O)C(C*)(C)*,98.0
CCN(c1ccc(cc1)c1ccc(s1)C(=C(C#N)C#N)c1ccc(cc1)N(CC)CC)CCOc1ccc(cc1c1nc2ccc(cc2c(c1)c1ccccc1)Oc1ccc2c(c1)c(cc(n2)*)c1ccccc1)*,215.0
CCN(c1ccc(cc1)c1ccc(s1)C(=C(C#N)C#N)c1ccc(s1)c1ccc(cc1)N(CC)CC)CCOc1ccc(cc1c1nc2ccc(cc2c(c1)c1ccccc1)Oc1ccc2c(c1)c(cc(n2)*)c1ccccc1)*,205.0
CCN(c1ccccc1)CCOC(=O)C(C*)(C)*,36.5
CCNP(=N*)(NCC)*,30.0
CCNS(=NP(=NP(=N*)(NCC)NCC)(NCC)NCC)(=O)*,4.0
CCOC(=O)C(*)*,12.75
CCOC(=O)C(=O)OC(C(OC(=O)C(=O)OCC)C*)COC(=O)O*,53.8
CCOC(=O)C(C#N)(C*)*,115.0
CCOC(=O)C(C(=O)OCC)(Cc1ccc(cc1)*)Cc1ccc(cc1)O*,54.0
CCOC(=O)C(C(C(=O)OCC)(C#N)*)(c1ccc(cc1)*)C#N,108.0
CCOC(=O)C(C(C(=O)OCC)*)C=C*,6.0
CCOC(=O)C(C*)(C)*,67.0
CCOC(=O)C(C*)(Cl)*,84.0
CCOC(=O)C(C*)(F)*,94.0
CCOC(=O)C(C*)*,-20.0
CCOC(=O)C(CC)(C*)*,27.0
CCOC(=O)C(CF)(C*)*,43.0
CCOC(=O)C(Cc1ccc(cc1)O*)NC(=O)CCc1ccc(cc1)OC(=O)*,95.0
CCOC(=O)C(Cc1ccc(cc1)O*)NC(=O)CCc1ccc(cc1)OC(=O)CCC(=O)*,78.0
CCOC(=O)C(Cc1ccc(cc1)O*)NC(=O)CCc1ccc(cc1)OC(=O)CCCC(=O)*,69.0
CCOC(=O)C(Cc1ccc(cc1)O*)NC(=O)CCc1ccc(cc1)OC(=O)CCCCC(=O)*,61.0
CCOC(=O)C(Cc1ccc(cc1)O*)NC(=O)CCc1ccc(cc1)OC(=O)CCCCCCC(=O)*,50.0
CCOC(=O)C(Cc1ccc(cc1)O*)NC(=O)CCc1ccc(cc1)OC(=O)CCCCCCCCC(=O)*,44.0
CCOC(=O)C(Cc1ccc(cc1)O*)NC(=O)CCc1ccc(cc1)OC(=O)COCC(=O)*,79.0
CCOC(=O)C(Cc1ccc(cc1)O*)NC(=O)CCc1ccc(cc1)OC(=O)COCCOCC(=O)*,53.0
CCOC(=O)C(Cc1ccc(cc1)O*)NC(=O)Cc1ccc(cc1)OC(=O)CC(CCC(=O)*)C,63.0
CCOC(=O)C(Cc1ccc(cc1)O*)NC(=O)Cc1ccc(cc1)OC(=O)CCC(=O)*,75.5
CCOC(=O)C(Cc1ccc(cc1)O*)NC(=O)Cc1ccc(cc1)OC(=O)CCCC(=O)*,65.0
CCOC(=O)C(Cc1ccc(cc1)O*)NC(=O)Cc1ccc(cc1)OC(=O)CCCCC(=O)*,63.0
CCOC(=O)C(Cc1ccc(cc1)O*)NC(=O)Cc1ccc(cc1)OC(=O)CCCCCCC(=O)*,54.0
CCOC(=O)C(Cc1ccc(cc1)O*)NC(=O)Cc1ccc(cc1)OC(=O)CCCCCCCCC(=O)*,43.0
CCOC(=O)C(Cc1ccc(cc1)O*)NC(=O)Cc1ccc(cc1)OC(=O)COCC(=O)*,66.0
CCOC(=O)C(Cc1ccc(cc1)O*)NC(=O)Cc1ccc(cc1)OC(=O)COCCOCC(=O)*,50.0
CCOC(=O)C(N1C(=O)c2c(C1=O)cc(cc2)*)CCCCN1C(=O)c2c(C1=O)cc(cc2)C(=O)NNC(=O)C(=O)NNC(=O)*,187.285
CCOC(=O)C(N1C(=O)c2c(C1=O)cc(cc2)*)CCCCN1C(=O)c2c(C1=O)cc(cc2)C(=O)NNC(=O)CC(=O)NNC(=O)*,187.285
CCOC(=O)C(N1C(=O)c2c(C1=O)cc(cc2)*)CCCCN1C(=O)c2c(C1=O)ccc(c2)C(=O)NNC(=O)CCC(=O)NNC(=O)*,187.285
CCOC(=O)C(N1C(=O)c2c(C1=O)cc(cc2)*)CCCCN1C(=O)c2c(C1=O)ccc(c2)C(=O)NNC(=O)CCCC(=O)NNC(=O)*,187.285
CCOC(=O)C(N1C(=O)c2c(C1=O)cc(cc2)*)CCCCN1C(=O)c2c(C1=O)ccc(c2)C(=O)NNC(=O)c1ccc(cc1)C(=O)NNC(=O)*,198.94
CCOC(=O)C(N1C(=O)c2c(C1=O)cc(cc2)*)CCCCN1C(=O)c2c(C1=O)ccc(c2)C(=O)NNC(=O)c1cccc(c1)C(=O)NNC(=O)*,187.285
CCOC(=O)C1(CC(=C(C1)*)C=C*)C(=O)OCC,27.65
CCOC(=O)C1=C(C)N(C(=O)c2ccc3c(c2)C(=O)N(C3=O)c2ccc(cc2)Oc2ccc(cc2)N2C(=O)c3c(C2=O)cc(cc3)*)C(=S)N(C1c1ccc(cc1OC)OC)C(=O)*,165.0
CCOC(=O)C1=C(C)N(C(=O)c2ccc3c(c2)C(=O)N(C3=O)c2ccc(cc2)Oc2ccc(cc2)N2C(=O)c3c(C2=O)cc(cc3)*)C(=S)N(C1c1ccccc1)C(=O)*,155.0
CCOC(=O)CC(C(=O)O)(C*)*,135.0
CCOC(=O)CC(C(=O)OCC)(C*)*,58.5
CCOC(=O)CCC(C(=O)*)N*,-39.0
CCOC(=O)CCCCCCCCC1CC2CC1C(C2*)*,134.0
CCOC(=O)OC(C(OC(=O)OCC)C*)COC(=O)O*,49.8
CCOC(=O)c1cc(*)cc(c1)N1C(=O)CC(C1=O)C1Cc2ccccc2C2C1C(=O)N(C2=O)*,254.0
CCOC(=O)c1cc(C(=O)OCC)c(cc1C(=O)Nc1ccc(cc1)N*)C(=O)*,221.6
CCOC(=O)c1cc(C(=O)OCC)c(cc1C(=O)Nc1ccc(cc1)O*)C(=O)Nc1ccc(cc1)*,208.05
CCOC(=O)c1cc(ccc1C(=O)Nc1ccc(cc1)N*)C(=O)c1ccc(c(c1)C(=O)OCC)C(=O)*,275.0
CCOC(=O)c1cc(ccc1C(=O)Nc1ccc(cc1)N*)C(C(F)(F)F)(C(F)(F)F)c1ccc(c(c1)C(=O)OCC)C(=O)*,270.0
CCOC(=O)c1cc(ccc1NC(=O)c1ccc(cc1)*)n1c(=O)c2c(c1=O)cc1c(c2)c(=O)n(c1=O)*,340.0
CCOC(=O)c1ccc(c(c1)C(=C*)*)C(=O)OCC,58.0
CCOC(=O)c1ccc(cc1)C(C*)*,94.0
CCOC(=O)c1ccc(cc1)OC(=O)C(C*)*,37.0
CCOC(=O)c1ccc(cc1C(=O)Nc1ccc(cc1)N*)c1ccc(c(c1)C(=O)*)C(=O)OCC,231.7
CCOC(=O)c1ccc(cc1C(=O)Nc1ccc(cc1)O*)c1ccc(c(c1)C(=O)Nc1ccc(cc1)*)C(=O)OCC,190.15
CCOC(=O)c1cccc(c1)OC(=O)C(C*)*,24.0
CCOC(=O)c1ccccc1C(C*)*,118.0
CCOC(=O)c1ccccc1N1C(=O)C(C(C1=O)*)*,230.0
CCOC(=O)c1ccccc1OC(=O)C(C*)*,30.0
CCOC(C(C(C(=O)OC)(C)*)(C(=O)OC)C)C*,131.0
CCOC(C(C(C(=O)OC)*)C(=O)OC)C*,50.0
CCOC(C(F)(F)F)OC(=O)C(C*)(C)*,60.0
CCOC(C(F)(F)F)OC(=O)C(C*)*,5.0
CCOC(C*)*,-42.0
CCOC(C1(C)C(=O)OC(=O)C1(*)C)C*,244.0
CCOC(C1C(=O)OC(=O)C1*)C*,146.0
CCOC(OCC(O*)C*)C,-67.0
CCOCC(COC(=O)*)O*,2.5
CCOCC(O*)C*,-61.0
CCOCC1OC(*)C(C(C1O*)OCC)OCC,121.5
CCOCCCOC(=O)C(C*)*,-61.5
CCOCCOC(=O)C(C*)*,-50.0
CCOCCOC(=O)C1CC2CC1C(C2C1C(=O)OC(=O)C1*)*,154.5
CCOCCOCCOC(=O)C(Cc1ccc(cc1)O*)NC(=O)CCc1ccc(cc1)OC(=O)CCC(=O)*,34.0
CCOCCOCCOC(=O)C(Cc1ccc(cc1)O*)NC(=O)CCc1ccc(cc1)OC(=O)CCCC(=O)*,21.0
CCOCCOCCOC(=O)C(Cc1ccc(cc1)O*)NC(=O)CCc1ccc(cc1)OC(=O)CCCCC(=O)*,15.0
CCOCCOCCOC(=O)C(Cc1ccc(cc1)O*)NC(=O)CCc1ccc(cc1)OC(=O)CCCCCCC(=O)*,6.0
CCOCCOCCOC(=O)C(Cc1ccc(cc1)O*)NC(=O)CCc1ccc(cc1)OC(=O)CCCCCCCCC(=O)*,2.0
CCOCCOCCOC(=O)C(Cc1ccc(cc1)O*)NC(=O)CCc1ccc(cc1)OC(=O)COCC(=O)*,27.0
CCOCCOCCOC(=O)C(Cc1ccc(cc1)O*)NC(=O)CCc1ccc(cc1)OC(=O)COCCOCC(=O)*,18.0
CCOCCOCCOCCOc1cc(ccc1OCCOCCOCCOCC)COC(=O)C(C*)(C)*,-92.0
CCOCCOCCOP(=N*)(OCCOCCOCC)*,-78.0
CCOCCOCCOc1cc(ccc1OCCOCCOCC)COC(=O)C(C*)(C)*,-33.0
CCOCCOCc1ccc(cc1)C(C*)*,0.0
CCOCCOc1cc(COC(=O)C(C*)(C)*)ccc1OCCOCC,-2.0
CCOCc1ccccc1C(C*)*,74.0
CCOP(=N*)(OCC)*,-84.0
CCOP(=O)(C(C*)*)N(C)C,32.0
CCOP(=O)(CC1OCC(CO1)OC(=O)C(C*)(C)*)OCC,-36.0
CCOP(=O)(CC1OCC(O1)COC(=O)C(C*)(C)*)OCC,-38.0
CCOP(=O)(Cc1ccc(cc1N1C(=O)c2c(C1=O)cc(cc2)*)N1C(=O)c2c(C1=O)cc(cc2)C(=O)*)OCC,218.0
CCOc1cc(*)ccc1c1nnc(o1)*,231.0
CCOc1ccc(cc1)C(=O)OC(C*)*,70.0
CCOc1ccc(cc1)C(=O)Oc1cc(O*)c(cc1OC(=O)CCCCCCCCCCCCCCC(=O)*)OC(=O)c1ccc(cc1)OCC,31.0
CCOc1ccc(cc1)C(=O)Oc1cc(OC(=O)CCCC(=O)*)c(cc1O*)OC(=O)c1ccc(cc1)OCC,71.0
CCOc1ccc(cc1)C(=O)Oc1ccc(cc1)OC(=O)CCCCCOC(=O)C(C*)(C)*,43.0
CCOc1ccc(cc1)C(=O)Oc1ccc(cc1)c1ccc(cc1)OC(=O)CCCCCCCCCC[Si](O*)(C)*,103.4
CCOc1ccc(cc1)C(C*)*,86.0
CCOc1ccc(cc1)N=Nc1ccc(c(c1)C(=O)*)c1ccc(cc1C(=O)Oc1ccc(cc1)O*)N=Nc1ccc(cc1)OCC,170.0
CCOc1ccc(cc1)N=Nc1ccc(c(c1)C(=O)Oc1ccc(cc1)c1ccc(cc1)O*)c1ccc(cc1C(=O)*)N=Nc1ccc(cc1)OCC,165.0
CCOc1ccc(cc1)N=Nc1ccc(cc1)OCCCCCCOc1ccc(cc1N1C(=O)c2c(C1=O)cc(cc2)*)N1C(=O)c2c(C1=O)cc(cc2)C(C(F)(F)F)(C(F)(F)F)*,198.0
CCOc1ccc(cc1)OC(=O)CC(C(=O)Oc1ccc(cc1)OCC)(C*)*,110.5
CCOc1ccc(cc1)OC(=O)c1ccc(c(c1)C(C*)*)C(=O)Oc1ccc(cc1)OCC,112.0
CCOc1ccc(cc1)OC(=O)c1ccc(cc1)OCCCCCCCCCCCOC(C*)*,37.0
CCOc1ccc(cc1)c1ccc(cc1)OCCCCCCOc1ccc(cc1N1C(=O)c2c(C1=O)cc(cc2)*)N1C(=O)c2c(C1=O)cc(cc2)C(C(F)(F)F)(C(F)(F)F)*,150.3
CCOc1ccc(cc1C(C*)*)Br,80.0
CCOc1ccc(cc1C=Cc1ccc(cc1)c1ccc(cc1)C=Cc1cc(S*)ccc1OCC)*,99.0
CCOc1ccc(cc1C=Cc1ccc(s1)c1ccc(s1)*)Sc1ccc(c(c1)C=C*)OCC,106.0
CCSC(=C(C)*)*,160.0
CCSC(C*)*,-7.0
CCSCC(O*)C*,-57.0
CCSCCCOC(=O)C(C*)*,-76.0
CCSCCOC(=O)C(C*)*,-71.0
CC[Si](CC)(O*)*,-105.5
CC[Si](Oc1c(Br)cc(cc1Br)N1C(=O)C(C(C1=O)*)*)(CC)CC,160.0
CC[Si](Oc1ccc(cc1)N1C(=O)C(C(C1=O)*)*)(CC)CC,165.0
CC[Si](c1ccc(cc1)OC(=O)*)(c1ccc(cc1)OC(=O)c1ccc(s1)*)C,-51.0
CC[Si](c1ccc(cc1)OC(=O)*)(c1ccc(cc1)OC(=O)c1ccc(s1)*)CC,-62.0
CCc1cc(Cc2cc(CC)c(c(c2)CC)N2C(=O)c3c(C2=O)cc(cc3)*)cc(c1N1C(=O)c2c(C1=O)cc(cc2)C(=O)*)CC,296.0
CCc1cc(Cc2cc(CC)c(c(c2)CC)N2C(=O)c3c(C2=O)cc(cc3)*)cc(c1N1C(=O)c2c(C1=O)cc(cc2)C(C(F)(F)F)(C(F)(F)F)*)CC,266.0
CCc1cc(Cc2cc(CC)c(c(c2)CC)NC(=O)*)cc(c1NC(=O)c1ccc2c(c1)C(=O)N(C2=O)c1ccc(c(c1)N1C(=O)c2c(C1=O)cc(cc2)*)N=Nc1ccc(cc1)C)CC,269.0
CCc1cc(cc(c1)O*)OC(=O)c1cccc(c1)C(=O)*,138.0
CCc1cc(ccc1O*)C(=O)c1cccc(c1)C(=O)c1ccc(c(c1)C(C)C)*,136.0
CCc1cc(ccc1O*)C(=O)c1cccc(c1)C(=O)c1ccc(c(c1)CC)*,126.0
CCc1cc(ccc1OC(=O)*)C(c1ccc(c(c1)CC)O*)(C)C,65.0
CCc1ccc(cc1)N1C(=O)c2c(C1=O)cc(c(c2)Sc1ccc(cc1)N1C(=O)C2C(C1=O)C1C=CC2C2C1C(=O)N(C2=O)*)Sc1ccc(cc1)*,320.0
CCc1ccc(cc1)N1C(=O)c2c(C1=O)cc(c(c2)Sc1ccc(cc1)N1C(=O)c2c(C1=O)cc(cc2)Oc1ccc2c(c1)C(=O)N(C2=O)*)Sc1ccc(cc1)*,271.0
CCc1ccc(cc1)OP(=N*)(Oc1ccc(cc1)CC)*,-18.0
CCc1cccc(c1N1C(=O)C(C(C1=O)*)*)CC,288.0
CCc1cccc(c1N1C(=O)C(C(C1=O)C(C*)(C)C)*)CC,210.0
CN(CCN1C(=O)c2c(C1=O)cc(c(c2)Sc1ccc(cc1)*)Sc1ccc(cc1)N1C(=O)C2C(C1=O)C1C=CC2C2C1C(=O)N(C2=O)*)C,310.0
CN(c1ccc(cc1)C(C(c1ccc(cc1)[N+](=O)[O-])*)*)C,139.0
CN1C(=O)C(*)(C)CC(C1=O)(*)C,170.0
CNCC(O*)C*,30.1
CNS(=NP(=NP(=N*)(NC)NC)(NC)NC)(=O)*,22.0
COC(=O)C(*)*,82.5
COC(=O)C(/C=C(\C)/*)(C*)C,20.0
COC(=O)C(=C1C=C(C=Cc2ccc(cc2)N(CCOc2ccc(cc2N2C(=O)c3c(C2=O)cc(cc3)Oc2ccc3c(c2)C(=O)N(C3=O)*)C(C(F)(F)F)(C(F)(F)F)c2ccc(c(c2)*)OCCN(c2ccc(cc2)C=CC2=CC(=C(C(=O)OC)C#N)CC(C2)(C)C)c2ccccc2)C)CC(C1)(C)C)C#N,207.0
COC(=O)C(C(C(=O)OC(C)(C)C)*)*,84.0
COC(=O)C(C(C(=O)OC)(C#N)*)(c1ccc(cc1)*)C#N,108.0
COC(=O)C(CCC(C(=O)OC)(C*)*)C,34.0
COC(=O)C(Cc1ccc(cc1)O*)NC(=O)CCc1ccc(cc1)OC(=O)CCC(=O)*,91.5
COC(=O)C(Cc1ccc(cc1)O*)NC(=O)CCc1ccc(cc1)OC(=O)CCC(CC(=O)*)C,53.0
COC(=O)C(Cc1ccc(cc1)O*)NC(=O)CCc1ccc(cc1)OC(=O)CCCC(=O)*,76.0
COC(=O)C(Cc1ccc(cc1)O*)NC(=O)CCc1ccc(cc1)OC(=O)CCCCC(=O)*,69.0
COC(=O)C(Cc1ccc(cc1)O*)NC(=O)CCc1ccc(cc1)OC(=O)CCCCCCC(=O)*,55.5
COC(=O)C(Cc1ccc(cc1)O*)NC(=O)CCc1ccc(cc1)OC(=O)CCCCCCCCC(=O)*,47.0
COC(=O)C(Cc1ccc(cc1)O*)NC(=O)CCc1ccc(cc1)OC(=O)COCC(=O)*,82.0
COC(=O)C(Cc1ccc(cc1)O*)NC(=O)CCc1ccc(cc1)OC(=O)COCCOCC(=O)*,63.0
COC(=O)C(c1cc(sc1*)*)C(=O)OC,-20.1
COC(=O)CC(C(=O)OC)(C*)*,95.0
COC(=O)CC(C(=O)OC12CC3CC(C2)(CC(C1)(C3)C)C)(C*)*,144.0
COC(=O)CC(C(=O)OC12CC3CC(C2)CC(C1)C3)(C*)*,197.0
COC(=O)c1cc(*)cc(c1)N1C(=O)CC(C1=O)C1Cc2ccccc2C2C1C(=O)N(C2=O)*,258.0
COC(=O)c1cc(cc(c1)N1C(=O)c2c(C1=O)cc(c(c2)*)Cl)N1C(=O)c2c(C1=O)cc(c(c2)Cl)C(=O)*,321.0
COC(=O)c1ccc(cc1)C(c1ccc(cc1)*)c1ccc(cc1)N(c1ccc(cc1)C)*,222.0
COC(=O)c1ccc(cc1)OP(=NC(=*)Oc1ccc(cc1)C(=O)OC)(N=P(Oc1ccc(cc1)C(=O)OC)(Oc1ccc(cc1)C(=O)OC)N=*)Oc1ccc(cc1)C(=O)OC,52.0
COC(=O)c1ccc(cc1C(=O)Nc1ccc(cc1)N*)c1ccc(c(c1)C(=O)*)C(=O)OC,234.2
COC(=O)c1ccccc1N1C(=O)C(C(C1=O)*)*,259.0
COC(C(COC(=O)O*)OC)COC(=O)OC1COC2C1OCC2*,61.0
COCC(=O)OCCCCCCc1cc(sc1*)*,37.0
COCC(O*)C*,-62.0
COCCCC[N+](CCOC(=O)C(C*)*)(C)C,-13.95
COCCN(CC(O*)C*)CCOC,-78.3
COCCOC(=O)CC(C(=O)OCCOC)(C*)*,29.0
COCCOCC(COC(=O)*)O*,-33.5
COCCOCCOC(=O)C(C*)(C)*,-31.0
COCCOCCOC(=O)CC(C(=O)OCCOCCOC)(C*)*,-72.0
COCCOCCOCC(COC(=O)*)O*,-33.0
COCCOCCOCCC[Si](C*)(C)*,-73.3
COCCOCCOCCN(c1nc(nc(n1)C(C*)(C)*)N(c1ccccc1)CCOCCOCCOC)CCOCCOCCOC,-75.0
COCCOCCOCCOC(=O)CC(C(=O)OCCOCCOCCOC)(C*)*,-55.0
COCCOCCOCCOC(C*)*,-71.3
COCCOCCOCCOCCOCCOCCOCCOC(=O)CC(C(=O)OCCOCCOCCOCCOCCOCCOCCOC)(C*)*,-71.0
COCCOCCOCCOCCOCCOCCOCCOCCOC(=O)C(C*)(C)*,-58.0
COCCOCCOCCOCCOCCOCCOCCOCCO[Si](O*)(C)*,-78.0
COCCOCCOCCOP(=N*)(OCCOCCOCCOC)*,-66.0
COCCOCCOCCOP1(=NP(=NP(=N1)(OCCOCCOCCOC)Oc1ccc(cc1)C(C*)*)(OCCOCCOCCOC)OCCOCCOCCOC)OCCOCCOCCOC,-66.5
COCCOCCOP(=N*)(OCCOCCOC)*,-81.0
COCCOCCOP1(=NP(=NP(=N1)(OCCOCCOC)OCCOCCOC)(OCCOCCOC)OCCOCCOC)OCCOCCOCCOP(=N*)(OCCOCCOCCOP1(=NP(=NP(=N1)(OCCOCCOC)OCCOCCOC)(OCCOCCOC)OCCOCCOC)OCCOCCOC)*,-74.0
COCCOCC[N+](CCOC(=O)C(C*)*)(C)C,-17.95
COCCOP(=N*)(OCCOC)*,-75.0
COCCOc1cc(O*)c(cc1OC(=O)c1ccc(cc1OCCOCC)C(=O)*)OCCOC,99.0
COCCOc1cc(O*)c(cc1OC(=O)c1ccc(cc1c1ccccc1)C(=O)*)OCCOC,92.0
COCC[N+](CCOC(=O)C(C*)*)(C)C,-13.0
COCc1ccc(cc1)C(C*)*,77.0
COCc1ccccc1C(C*)*,89.0
COP(=N*)(OC)*,-76.0
COc1cc(*)ccc1N*,90.0
COc1cc(C=C(c2ccc(cc2)C(F)(F)F)c2ccc(cc2)*)c(cc1C=C(c1ccc(cc1)C(F)(F)F)*)OC,208.0
COc1cc(C=C(c2ccc(cc2)F)*)c(cc1C=C(c1ccc(cc1)c1ccc(cc1)*)c1ccc(cc1)F)OC,201.0
COc1cc(C=C(c2ccc(cc2)F)*)c(cc1C=C(c1ccc2c(c1)ccc(c2)*)c1ccc(cc1)F)OC,208.0
COc1cc(C=C(c2ccc(cc2)F)c2ccc(cc2)*)c(cc1C=C(c1ccc(cc1)F)*)OC,193.0
COc1cc(C=C(c2ccccc2)*)c(cc1C=C(c1ccc(cc1)c1ccc(cc1)*)c1ccccc1)OC,223.0
COc1cc(C=C(c2ccccc2)*)c(cc1C=C(c1ccc2c(c1)ccc(c2)*)c1ccccc1)OC,198.0
COc1cc(cc(c1OC(=O)CCCCCCCCC(=O)*)OC)c1cc(OC)c(c(c1)OC)O*,94.0
COc1cc(cc(c1OC(=O)c1cccc(c1)C(=O)*)OC)c1cc(OC)c(c(c1)OC)O*,252.0
COc1cc(ccc1N1C(=O)c2c(C1=O)cc(cc2)C(=O)*)Oc1ccccc1c1ccccc1Oc1ccc(c(c1)OC)N1C(=O)c2c(C1=O)cc(cc2)*,225.0
COc1cc(ccc1N1C(=O)c2c(C1=O)cc(cc2)C(C(F)(F)F)(C(F)(F)F)*)c1ccc(c(c1)OC)N1C(=O)c2c(C1=O)cc(cc2)*,348.0
COc1cc(ccc1N1C(=O)c2c(C1=O)cc(cc2)Oc1ccc(cc1)Oc1ccc2c(c1)C(=O)N(C2=O)*)Cc1ccc(c(c1)OC)*,269.0
COc1cc(ccc1N1C(=O)c2c(C1=O)cc(cc2)Oc1ccc(cc1)Oc1ccc2c(c1)C(=O)N(C2=O)*)c1ccc(c(c1)OC)*,274.0
COc1cc(ccc1N1C(=O)c2c(C1=O)cc(cc2)S(=O)(=O)c1ccc2c(c1)C(=O)N(C2=O)*)Oc1ccccc1c1ccccc1Oc1ccc(c(c1)OC)*,262.0
COc1cc(ccc1N1C(=O)c2c(C1=O)ccc(c2)C(=O)Nc1ccc(cc1)C(C(F)(F)F)(C(F)(F)F)c1ccc(cc1)NC(=O)*)c1ccc(c(c1)OC)N1C(=O)c2c(C1=O)cc(cc2)*,250.0
COc1cc(ccc1N1C(=O)c2c(C1=O)ccc(c2)C(=O)Nc1ccc(cc1)C1(c2ccc(cc2)NC(=O)*)c2ccccc2-c2c1cccc2)c1ccc(c(c1)OC)N1C(=O)c2c(C1=O)cc(cc2)*,181.0
COc1cc(ccc1NC(=O)CCCCCCCCC(=O)*)Cc1ccc(c(c1)OC)N*,88.0
COc1cc(ccc1NC(=O)c1ccc(cc1)C(=O)*)Cc1ccc(c(c1)OC)N*,205.0
COc1cc(ccc1NC(=O)c1ccc2c(c1)C(=O)N(C2=O)c1ccc(cc1)Oc1cccc2c1cccc2N1C(=O)c2c(C1=O)cc(cc2)*)c1ccc(c(c1)OC)NC(=O)*,304.0
COc1cc(ccc1NC(=O)c1cccc(c1)C(=O)*)Cc1ccc(c(c1)OC)N*,205.0
COc1cc(ccc1NC(=O)c1cccc(c1)C(=O)*)c1ccc(c(c1)OC)N*,218.2
COc1cc(ccc1OC(=O)CCCCCCCCC(=O)*)C=C1CCCC(=Cc2ccc(c(c2)OC)O*)C1=O,48.05
COc1cc(ccc1OC(=O)c1ccc(cc1)N=Cc1ccc(cc1)C=Nc1ccc(cc1)C(=O)*)C=C1CCC(=Cc2ccc(c(c2)OC)O*)C1=O,140.0
COc1cc(ccc1OC(=O)c1cccc(c1)C(=O)*)C=C1CCCC(=Cc2ccc(c(c2)OC)O*)C1=O,57.86
COc1cc(ccc1OCc1ccc(cc1)COc1ccc(cc1OC)C=Nc1cc(C)c(cc1C)*)C=Nc1cc(C)c(cc1C)N1C(=O)c2ccc3c4c2c(C1=O)ccc4c1c2c3ccc3c2c(cc1)C(=O)N(C3=O)*,145.0
COc1cc(ccc1OCc1ccccc1COc1ccc(cc1OC)C=Nc1cc(C)c(cc1C)*)C=Nc1cc(C)c(cc1C)N1C(=O)c2ccc3c4c2c(C1=O)ccc4c1c2c3ccc3c2c(cc1)C(=O)N(C3=O)*,143.0
COc1cc(ccc1c1ccc(cc1OC)*)n1c(=O)c2c(c1=O)cc1c(c2)c(=O)n(c1=O)*,328.0
COc1cc(ccc1c1ccc(cc1OC)NC(=O)Oc1ccc(cc1)*)NC(=O)Oc1ccc(cc1)c1nc([nH]c1*)c1ccc(cc1)[N+](=O)[O-],202.0
COc1cc(ccc1c1ccc(cc1OC)NC(=O)Oc1ccc(cc1)*)NC(=O)Oc1ccc(cc1)c1nc([nH]c1*)c1ccc(cc1)c1nc(c([nH]1)c1ccc(cc1)[N+](=O)[O-])c1ccc(cc1)[N+](=O)[O-],223.0
COc1ccc(cc1)/C=C/c1ccc(cc1)OCCCCCCCCCCC[Si](O*)(C)*,55.0
COc1ccc(cc1)/C=C/c1ccc(cc1)OCCCCC[Si](O*)(C)*,52.0
COc1ccc(cc1)C(=Cc1cc(OC)c(cc1OC)C=C(c1ccc(cc1)OC)c1ccc(cc1)*)*,170.0
COc1ccc(cc1)C(=Cc1ccc(cc1)N(c1ccccc1)*)c1ccc(cc1)C(=Cc1ccc(cc1)*)c1ccc(cc1)OC,197.0
COc1ccc(cc1)C(=O)Oc1cc(OC(=O)CCCC(=O)*)c(cc1O*)OC(=O)c1ccc(cc1)OC,88.0
COc1ccc(cc1)C(=O)Oc1ccc(cc1)OCCCC(=C*)*,20.0
COc1ccc(cc1)C1N(c2ccc(cc2)Oc2ccc(cc2)*)C(=O)N2N1C(=O)N(C2c1ccc(cc1)OC)*,163.0
COc1ccc(cc1)N(c1ccc(cc1)*)c1ccc(cc1)N1C(=O)c2c(C1=O)cc(cc2)S(=O)(=O)c1ccc2c(c1)C(=O)N(C2=O)*,304.0
COc1ccc(cc1)N(c1ccc(cc1)NC(=O)c1ccc(cc1)C(=O)Nc1ccc(cc1)*)*,238.0
COc1ccc(cc1)N(c1ccc2c(c1)cc(cc2)N(c1ccc(cc1)OC)*)c1ccc(cc1)c1ccc(cc1)*,232.0
COc1ccc(cc1)N(c1cccc2c1cccc2)c1ccc(cc1)C(C*)*,132.0
COc1ccc(cc1)N=Nc1cc(*)c(c(c1)*)O,134.0
COc1ccc(cc1)N=Nc1ccc(cc1)OCCOC(=O)C(C*)(C)*,109.0
COc1ccc(cc1)N=Nc1ccc(cc1C)N(CCOC(=O)C(C*)(C)*)CC,95.0
COc1ccc(cc1)OC(=O)CC(C(=O)Oc1ccc(cc1)OC)(C*)*,119.5
COc1ccc(cc1)OC(=O)c1ccc(c(c1)C(C*)*)C(=O)Oc1ccc(cc1)OC,115.0
COc1ccc(cc1)OC(=O)c1ccc(cc1)OC(=O)c1ccc(cc1)OCCC[Si](O*)(C)*,38.0
COc1ccc(cc1)OC(=O)c1ccc(cc1)OCCC[Si](O*)(C)*,8.7
COc1ccc(cc1)OC(=O)c1ccc(cc1)OCCOC(=O)C(C*)*,70.0
COc1ccc(cc1)OP(=NC(=*)Oc1ccc(cc1)OC)(N=P(Oc1ccc(cc1)OC)(Oc1ccc(cc1)OC)N=*)Oc1ccc(cc1)OC,37.0
COc1ccc(cc1)OP(=O)(Oc1c(Br)cc(cc1Br)C(C(F)(F)F)(C(F)(F)F)c1cc(Br)c(c(c1)Br)*)O*,151.0
COc1ccc(cc1)OP(=O)(Oc1c(C)cc(cc1C)S(=O)(=O)c1cc(C)c(c(c1)C)*)O*,147.0
COc1ccc(cc1)OP(=O)(Oc1ccc(cc1)S(=O)(=O)c1ccc(cc1)*)O*,81.0
COc1ccc(cc1)Oc1c2c(=O)n(c(=O)c2c(c2c1c(=O)n(c2=O)*)Oc1ccc(cc1)OC)c1ccc(cc1)Oc1ccc(cc1)*,303.5
COc1ccc(cc1)c1cc(nc(c1)c1ccc(cc1)N1C(=O)c2c(C1=O)cc(cc2)*)c1ccc(cc1)N1C(=O)c2c(C1=O)cc(cc2)C(=O)*,331.0
COc1ccc(cc1)c1ccc(c2c1cccn2)OB(c1ccc(cc1)C(C)(C)C)c1ccc(cc1)C(C*)*,220.0
COc1ccc(cc1)c1ccc(cc1)C(=O)Oc1ccc(cc1)OCCCCCCOC(=O)C(C*)(C)*,57.0
COc1cccc(c1)N(c1ccc(cc1)NC(=O)c1ccc(cc1)C(=O)Nc1ccc(cc1)*)*,231.0
COc1ccccc1N(c1ccc(cc1)NC(=O)c1ccc(cc1)C(=O)Nc1ccc(cc1)*)*,235.0
CSCC(O*)C*,-37.0
CSCCC(C(=O)OC1COC2C1OCC2*)NC(=O)CCCCC(=O)NC(C(=O)O*)CCSC,71.0
CSCCC(C(=O)OC1COC2C1OCC2*)NC(=O)CCCCCCCCC(=O)NC(C(=O)O*)CCSC,61.0
CSCCC(N1C(=O)c2c(C1=O)cccc2)C(=O)Nc1cc(cc(c1)C(=O)Nc1cccc(c1)N*)C(=O)*,196.0
CSCCC(N1C(=O)c2c(C1=O)cccc2)C(=O)Nc1cc(cc(c1)C(=O)Nc1cccc2c1cccc2N*)C(=O)*,198.0
Cc1cc(C)c(c(c1N1C(=O)c2c(C1=O)cc(c(c2)Cl)C(=O)*)C)N1C(=O)c2c(C1=O)cc(c(c2)*)Cl,371.0
Cc1cc(Cc2cc(C)c(c(c2)C)*)cc(c1N1C(=O)c2c(C1=O)cc(cc2)Oc1ccc(cc1)C(c1ccc(cc1)Oc1ccc2c(c1)C(=O)N(C2=O)*)(c1ccccc1)C)C,245.0
Cc1cc(Cc2cc(C)c(c(c2)C)Oc2ccc3c(c2)C(=O)N(C3=O)*)cc(c1Oc1ccc2c(c1)C(=O)N(C2=O)c1c(C)cc(cc1C)Cc1cc(C)c(c(c1)C)*)C,264.0
Cc1cc(Cc2cc(C)c(c(c2)C)Oc2cccc3c2C(=O)N(C3=O)*)cc(c1Oc1cccc2c1C(=O)N(C2=O)c1c(C)cc(c(c1C)*)C)C,287.0
Cc1cc(Cc2cc(C)c(c(c2)C)Oc2cccc3c2C(=O)N(C3=O)*)cc(c1Oc1cccc2c1C(=O)N(C2=O)c1c(C)cc(cc1C)c1cc(C)c(c(c1)C)*)C,276.0
Cc1cc(Cc2cc(C)c(c(c2)C)Oc2cccc3c2C(=O)N(C3=O)*)cc(c1Oc1cccc2c1C(=O)N(C2=O)c1ccc(cc1C)Oc1ccc(cc1)Oc1ccc(c(c1)C)*)C,238.0
Cc1cc(N=Cc2cc(*)c(c(c2)*)O)c2c(n1)cccc2,149.0
Cc1cc(c(cc1N=Cc1ccc(cc1)OCc1ccc(cc1)COc1ccc(cc1)C=Nc1cc(C)c(cc1C)*)C)N1C(=O)c2ccc3c4c2c(C1=O)ccc4c1c2c3ccc3c2c(cc1)C(=O)N(C3=O)*,130.0
Cc1cc(c(cc1N=Cc1ccc(cc1)OCc1ccccc1COc1ccc(cc1)C=Nc1cc(C)c(cc1C)*)C)N1C(=O)c2ccc3c4c2c(C1=O)ccc4c1c2c3ccc3c2c(cc1)C(=O)N(C3=O)*,128.0
Cc1cc(c(cc1Oc1ccc(cc1)S(=O)(=O)c1ccc(cc1)Oc1cc(C)c(cc1C)*)C)C1(*)OC(=O)c2c1cccc2,269.0
Cc1cc(cc(c1Oc1ccc2c(c1)C(=O)N(C2=O)c1c(C)cc(cc1C)Cc1cc(C)c(c(c1)C)*)C)C(c1cc(C)c(c(c1)C)Oc1ccc2c(c1)C(=O)N(C2=O)*)(C)C,274.0
Cc1cc(cc(c1Oc1ccc2c(c1)C(=O)N(C2=O)c1c(C)cc(cc1C)Cc1cc(C)c(c(c1)C)*)C)c1cc(C)c(c(c1)C)Oc1ccc2c(c1)C(=O)N(C2=O)*,420.0
Cc1cc(cc(c1Oc1cccc2c1C(=O)N(C2=O)c1c(C)cc(c(c1C)*)C)C)c1cc(C)c(c(c1)C)Oc1cccc2c1C(=O)N(C2=O)*,325.0
Cc1cc(cc(c1Oc1cccc2c1C(=O)N(C2=O)c1c(C)cc(cc1C)c1cc(C)c(c(c1)C)*)C)c1cc(C)c(c(c1)C)Oc1cccc2c1C(=O)N(C2=O)*,327.0
Cc1cc(cc(c1S(=O)(=O)*)C)C(c1cc(C)c(c(c1)C)*)(C)C,229.0
Cc1cc(cc(c1n1c(=O)c2c(c1=O)cc1c(c2)c(=O)n(c1=O)*)C)c1cc(C)c(c(c1)C)*,340.0
Cc1cc(ccc1N1C(=O)c2c(C1=O)c(ccc2)Oc1ccc(cc1)C(c1ccc(cc1)Oc1cccc2c1C(=O)N(C2=O)*)(C)C)Oc1ccc(cc1)Oc1ccc(c(c1)C)*,222.0
Cc1cc(ccc1N1C(=O)c2c(C1=O)cc(cc2)c1cccc2c1C(=O)N(C2=O)*)c1ccc(c(c1)C)*,384.0
Cc1ccc(c(c1)N1C(=O)CC(C1=O)N1C(=O)c2c(C1=O)cc(cc2)*)NC(=O)*,237.0
Cc1ccc(c(c1)S(=O)c1cc(C)ccc1Oc1ccc(cc1)N1C(=O)c2c(C1=O)cc(cc2)*)Oc1ccc(cc1)N1C(=O)c2c(C1=O)cc(cc2)C(=O)*,286.0
Cc1ccc(c(c1)S(=O)c1cc(C)ccc1Oc1ccc(cc1)N1C(=O)c2c(C1=O)cc(cc2)*)Oc1ccc(cc1)N1C(=O)c2c(C1=O)cc(cc2)C(C(F)(F)F)(C(F)(F)F)*,303.0
Cc1ccc(cc1)C(=O)c1cc(*)ccc1*,202.0
Cc1ccc(cc1)N(c1ccc(cc1)C(c1ccc(cc1)*)c1ccccc1)c1ccc(cc1)c1ccc(cc1)N(c1ccc(cc1)C)*,239.0
Cc1ccc(cc1)N(c1ccc(cc1)Cc1ccc(cc1)*)c1ccc(cc1)c1ccc(cc1)N(c1ccc(cc1)C)*,183.0
Cc1ccc(cc1)N=Nc1ccc(cc1N1C(=O)c2c(C1=O)cc(cc2)*)N1C(=O)c2c(C1=O)cc(cc2)C(=O)*,224.0
Cc1ccc(cc1)N=Nc1ccc(cc1N1C(=O)c2c(C1=O)cc(cc2)*)N1C(=O)c2c(C1=O)cc(cc2)C(C(F)(F)F)(C(F)(F)F)*,228.0
Cc1ccc(cc1)N=Nc1ccc(cc1N1C(=O)c2c(C1=O)cc(cc2)*)N1C(=O)c2c(C1=O)ccc(c2)C(=O)Nc1ccc(cc1C)Cc1ccc(c(c1)C)NC(=O)*,257.0
Cc1ccc(cc1)S(=O)(=O)c1ccc(cc1)Oc1ccc(cc1N1C(=O)c2c(C1=O)cc(cc2)*)N1C(=O)c2c(C1=O)cc(cc2)C(=O)*,293.0
Cc1ccc(cc1)S(=O)(=O)c1ccc(cc1)Oc1ccc(cc1N1C(=O)c2c(C1=O)cc(cc2)c1ccc2c(c1)C(=O)N(C2=O)*)*,281.0
Cc1cccc(c1)N(c1ccccc1)c1ccc(cc1)CCOC(=O)C1CC2CC1C(C2*)*,305.0
Cc1cccc(c1)Oc1cc2C(=O)N(C(=O)c2cc1c1ccc2c(c1)C(=O)N(C2=O)*)c1ccc(cc1)*,282.0
ClCC(COC(=O)C(C*)(C)*)O,80.0
ClCC(COc1ccc(cc1)S(=O)(=O)c1ccc(cc1)OCC(OP(=O)(Oc1ccccc1)O*)CCl)*,48.0
ClCC(OC(=O)c1ccc(cc1)C(=O)*)COC(=O)C1=C(C2CC1C=C2)C(=O)OCC(O*)CCl,72.0
ClCC(OP(=O)(Oc1ccc(cc1)Br)O*)COc1ccc(cc1)S(=O)(=O)c1ccc(cc1)OCC(CCl)*,58.0
ClCC(O[Si](O*)(C)C)COc1ccc(cc1)C(c1ccc(cc1)OCC(CCl)*)(C)C,24.0
ClCCCOC(=O)C(C*)(C)*,50.0
ClCCCOC(=O)CC(C(=O)OCCCCl)(C*)*,47.0
ClCCOC(=O)C(C*)(C)*,61.0
ClCCOC(=O)CC(C(=O)OCCCl)(C*)*,43.0
ClCCOP(=O)(Cc1ccc(cc1N1C(=O)c2c(C1=O)cc(cc2)*)N1C(=O)c2c(C1=O)cc(cc2)C(=O)*)OCCCl,261.0
Clc1cc(c(cc1N1C(=O)c2c(C1=O)cc(c(c2)Cl)C(=O)*)Cl)N1C(=O)c2c(C1=O)cc(c(c2)*)Cl,367.0
Clc1cc(cc(c1)C(=O)Oc1ccc(cc1)*)C(=O)Oc1ccc(cc1)C1(*)OC(=O)c2c1cccc2,313.0
Clc1cc(cc(c1)N1C(=O)c2c(C1=O)cc(c(c2)*)Cl)N1C(=O)c2c(C1=O)cc(c(c2)Cl)C(=O)*,311.0
Clc1ccc(cc1)N=Nc1ccc(cc1N1C(=O)c2c(C1=O)cc(cc2)*)N1C(=O)c2c(C1=O)cc(cc2)C(=O)*,195.0
Clc1ccc(cc1)N=Nc1ccc(cc1N1C(=O)c2c(C1=O)cc(cc2)*)N1C(=O)c2c(C1=O)cc(cc2)C(C(F)(F)F)(C(F)(F)F)*,185.0
FC(C(C(F)(F)F)(c1ccc(cc1)N1C(=O)c2c(C1=O)cc(cc2)*)c1ccc(cc1)N1C(=O)c2c(C1=O)cc(cc2)C(=O)c1cc(cc(c1)C(C)(C)C)C(=O)*)(F)F,267.5
FC(C(C(F)(F)F)(c1ccc(cc1)N1C(=O)c2c(C1=O)cc(cc2)*)c1ccc(cc1)N1C(=O)c2c(C1=O)cc(cc2)C(=O)c1cccc(c1)C(=O)*)(F)F,262.5
FC(C(C(F)(F)F)(c1ccc(cc1)N1C(=O)c2c(C1=O)cc(cc2)C(=O)Nc1ccc(cc1)Oc1ccc2c(c1)nc(c(n2)c1ccccc1)*)c1ccc(cc1)N1C(=O)c2c(C1=O)cc(cc2)C(=O)Nc1ccc(cc1)Oc1ccc2c(c1)nc(c(n2)c1ccccc1)c1ccc(cc1)Oc1ccc(cc1)*)(F)F,289.0
FC(C(C(F)(F)F)(c1ccc(cc1)Oc1ccc(cc1)*)c1ccc(cc1)Oc1ccc(cc1)N1C(=O)c2c(C1=O)cc(cc2)c1ccc2c(c1)C(=O)N(C2=O)*)(F)F,250.0
FC(C(C(F)(F)F)(c1ccc(cc1)Oc1ccc(cc1)N1C(=O)c2c(C1=O)cc(cc2)*)c1ccc(cc1)Oc1ccc(cc1)N1C(=O)c2c(C1=O)cc(cc2)C(C(F)(F)F)(C(F)(F)F)*)(F)F,260.0
FC(C(C(F)(F)F)(c1ccc2c(c1)C(=O)N(C2=O)c1c(C)cc(cc1C)c1cc(C)c(cc1C)c1cc(C)c(c(c1)C)N1C(=O)c2c(C1=O)cc(cc2)*)*)(F)F,361.0
FC(C(C(F)(F)F)(c1ccc2c(c1)C(=O)N(C2=O)c1ccc(cc1)C1(OC(=O)c2c1cccc2)c1ccc(cc1)N1C(=O)c2c(C1=O)cc(cc2)*)*)(F)F,330.0
FC(C(C(F)(F)F)(c1ccc2c(c1)C(=O)N(C2=O)c1ccc(cc1)OCCOCCOCCOc1ccc(cc1)N1C(=O)c2c(C1=O)cc(cc2)*)*)(F)F,166.0
FC(C(C(F)(F)F)(c1ccc2c(c1)C(=O)N(C2=O)c1ccc(cc1)Oc1ccc(cc1)C(c1ccc(cc1)Oc1ccc(cc1)N1C(=O)c2c(C1=O)cc(cc2)*)(C)C)*)(F)F,244.4
FC(C(C(F)(F)F)(c1ccc2c(c1)C(=O)N(C2=O)c1ccc(cc1)Oc1ccc(cc1)Oc1ccc(cc1C(F)(F)F)N1C(=O)c2c(C1=O)cc(cc2)*)*)(F)F,260.8
FC(C(C(F)(F)F)(c1ccc2c(c1)C(=O)N(C2=O)c1ccc(cc1)Oc1ccc(cc1)S(=O)(=O)c1ccc(cc1)Oc1ccc(cc1)N1C(=O)c2c(C1=O)cc(cc2)*)*)(F)F,274.5
FC(C(C(F)(F)F)(c1ccc2c(c1)C(=O)N(C2=O)c1ccc(cc1)Oc1ccc(cc1)c1ccc(cc1)Oc1ccc(cc1)N1C(=O)c2c(C1=O)cc(cc2)*)*)(F)F,288.0
FC(C(C(F)(F)F)(c1ccc2c(c1)C(=O)N(C2=O)c1cccc(c1)Oc1ccc(cc1)Oc1cccc(c1)N1C(=O)c2c(C1=O)cc(cc2)*)*)(F)F,230.0
FC(C(C(F)(F)F)(c1ccc2c(c1)C(=O)N(C2=O)c1cccc(c1)P(=O)(c1cccc(c1)N1C(=O)c2c(C1=O)cc(cc2)*)c1ccccc1)*)(F)F,271.0
FC(C(C1(F)OC(C(O1)(*)F)(*)F)(F)F)(F)F,150.0
FC(C(OC(C(F)(F)*)(F)*)F)F,35.0
FC(C(c1cc(C(C)C)c(c(c1)C(C)C)N1C(=O)c2c(C1=O)cc(cc2)*)(c1cc(C(C)C)c(c(c1)C(C)C)N1C(=O)c2c(C1=O)cc(cc2)C(C(F)(F)F)(C(F)(F)F)*)c1ccccc1)(F)F,274.0
FC(C(c1cccc(c1)N1C(=O)c2c(C1=O)cc(cc2)*)(c1ccccc1)c1cccc(c1)N1C(=O)c2c(C1=O)cc(cc2)C(=O)*)(F)F,311.0
FC(C(c1cccc(c1)N1C(=O)c2c(C1=O)cc(cc2)*)(c1ccccc1)c1cccc(c1)N1C(=O)c2c(C1=O)cc(cc2)C(C(F)(F)F)(C(F)(F)F)*)(F)F,305.0
FC(C1(OC(C(O1)(*)F)(*)F)C(C(F)(F)F)(F)F)(F)F,128.5
FC(C1(OC(C(O1)(*)F)(*)F)C(Cl)(F)F)(F)F,330.0
FC(C1(OC(C(O1)(*)F)(*)F)C(F)(F)F)(F)F,330.0
FC(COC(C(F)(F)*)(F)*)(F)F,29.0
FC(OC(C(F)(F)*)(F)*)(F)F,-5.0
FC(OC(C1(F)OC(OC1(F)F)(*)C(F)(F)*)(F)F)(F)F,101.0
FC(OC1(*)OC(OC1(*)F)(F)F)(F)F,173.0
FC(c1cc(ccc1Oc1ccc(cc1)C(=O)c1cccc(c1)N1C(=O)c2c(C1=O)cc(cc2)C(C(F)(F)F)(C(F)(F)F)*)N1C(=O)c2c(C1=O)cc(cc2)*)(F)F,222.0
FC(c1cc(ccc1Oc1ccccc1Oc1ccc(cc1C(F)(F)F)N1C(=O)c2c(C1=O)cc(cc2)*)N1C(=O)c2c(C1=O)cc(cc2)C(C(F)(F)F)(C(F)(F)F)*)(F)F,247.0
FC1(F)OC(C(O1)(*)F)(*)F,180.0
FC1(OC(C(O1)(*)F)(*)F)C(F)(F)F,212.0
FCCOC(=O)C(C*)(C)*,90.0
FCOC(=O)C(C*)*,15.0
Fc1c(F)c(F)c(c(c1C(C(F)(F)*)(F)*)F)F,194.0
Fc1c(Oc2ccc(c(c2)F)c2nn(*)c(=O)c3c2cccc3)c(F)c(c(c1F)c1c(F)c(F)c(c(c1F)F)*)F,253.0
Fc1ccc(cc1)/C=C/c1ccc(cc1)OCCCCCCOc1cc(ccc1*)c1ccc(c(c1)OCCCCCCOc1ccc(cc1)/C=C/c1ccc(cc1)F)N1C(=O)c2c(C1=O)ccc(c2)Oc1ccc2c(c1)C(=O)N(C2=O)*,124.0
Fc1ccc(cc1)/C=C/c1ccc(cc1)OCCCCCCOc1cc(ccc1N1C(=O)c2c(C1=O)cc(cc2)*)c1ccc(c(c1)OCCCCCCOc1ccc(cc1)/C=C/c1ccc(cc1)F)N1C(=O)c2c(C1=O)cc(cc2)C(=O)*,128.0
Fc1ccc(cc1)/C=C/c1ccc(cc1)OCCCCCCOc1cc(ccc1N1C(=O)c2c(C1=O)cc(cc2)*)c1ccc(c(c1)OCCCCCCOc1ccc(cc1)/C=C/c1ccc(cc1)F)N1C(=O)c2c(C1=O)cc(cc2)C(C(F)(F)F)(C(F)(F)F)*,140.0
Fc1ccc(cc1)C(=O)c1cc(*)ccc1*,194.0
Fc1ccc(cc1)C=Nc1cc(*)c(c(c1O)*)C,156.0
Fc1ccc(cc1)C=Nc1cc(*)cc(c1O)*,154.0
Fc1ccc(cc1)N=Nc1ccc(cc1N1C(=O)c2c(C1=O)cc(cc2)*)N1C(=O)c2c(C1=O)ccc(c2)C(=O)Nc1c(C)cc(cc1C)Cc1cc(C)c(c(c1)C)NC(=O)*,279.0
Fc1ccc(cc1)c1c(c2ccc(cc2)F)c(c2ccc(cc2)F)c(c2c1c(nnc2*)c1ccc(cc1)Oc1ccc(cc1)C(=O)c1ccc(cc1)Oc1ccc(cc1)*)c1ccc(cc1)F,307.0
Fc1ccc(cc1)c1c(c2ccc(cc2)F)c(c2ccc(cc2)F)c(c2c1c(nnc2*)c1ccc(cc1)Oc1ccc(cc1)C(C(F)(F)F)(C(F)(F)F)c1ccc(cc1)Oc1ccc(cc1)*)c1ccc(cc1)F,288.0
Fc1ccc(cc1)c1c(c2ccc(cc2)F)c(c2ccc(cc2)F)c(c2c1c(nnc2*)c1ccc(cc1)Oc1ccc(cc1)C(c1ccc(cc1)Oc1ccc(cc1)*)(C)C)c1ccc(cc1)F,278.0
Fc1ccc(cc1)c1c(c2ccc(cc2)F)c(c2ccc(cc2)F)c(c2c1c(nnc2*)c1ccc(cc1)Oc1ccc(cc1)C1(c2ccc(cc2)Oc2ccc(cc2)*)c2ccccc2-c2c1cccc2)c1ccc(cc1)F,313.0
Fc1ccc(cc1)c1c(c2ccc(cc2)F)c(c2ccc(cc2)F)c(c2c1c(nnc2*)c1ccc(cc1)Oc1ccc(cc1)Oc1ccc(cc1)*)c1ccc(cc1)F,304.0
Fc1ccc(cc1)c1c(c2ccc(cc2)F)c(c2ccc(cc2)F)c(c2c1c(nnc2*)c1ccc(cc1)Oc1ccc(cc1)c1ccc(cc1)Oc1ccc(cc1)*)c1ccc(cc1)F,316.0
ICCC(C*)*,70.0
ICCCC(C*)*,30.0
ICCCCCCCCCC(C*)*,-6.0
N#C/C(=C\c1ccc(cc1)N(Cc1ccccc1CN(c1ccc(cc1)/C=C(/S(=O)(=O)*)\C#N)CC)CC)/*,190.0
N#C/C(=C\c1ccc(cc1)N(c1ccc(cc1)N(c1ccccc1)*)c1ccccc1)/C(=O)NC1CCCCC1NC(=O)/C(=C/c1ccc(cc1)*)/C#N,239.0
N#C/C(=C\c1ccc(s1)/C=C/c1ccc(cc1)N(Cc1ccccc1CN(c1ccc(cc1)/C=C/c1ccc(s1)*)CC)CC)/C(=O)NC1CCCCC1NC(=O)/C(=C/*)/C#N,195.0
N#C/C(=C\c1ccc(s1)/C=C/c1ccc(cc1)N(c1ccc(cc1)N(c1ccc(cc1)/C=C/c1ccc(s1)*)c1ccccc1)c1ccccc1)/C(=O)NC1CCCCC1NC(=O)/C(=C/*)/C#N,240.0
N#C/C(=C\c1ccc(s1)/C=C/c1ccc(cc1)N(c1ccc(cc1)N(c1ccc(cc1)/C=C/c1ccc(s1)*)c1ccccc1)c1ccccc1)/C(=O)Nc1cc(ccc1O)c1ccc(c(c1)NC(=O)/C(=C/*)/C#N)O,221.0
N#C/C(=C\c1ccc(s1)/C=C/c1ccc(cc1)N(c1ccc(cc1)N(c1ccc(cc1)/C=C/c1ccc(s1)*)c1ccccc1)c1ccccc1)/c1cccc(c1)/C(=C/*)/C#N,178.0
N#CC(=C(C#N)*)N1C(=O)c2c(C1=O)cc(cc2)C(=O)c1ccc(cc1)c1ccc2c(c1)C(=O)N(C2=O)*,249.0
N#CC(=C(C#N)*)n1c(=O)c2c(c1=O)cc1c(c2)c(=O)n(c1=O)*,210.0
N#CC(=C(C#N)C#N)c1ccc(cc1)N=Nc1ccc(cc1)N(CCOC(=O)*)CCOC(=O)c1ccc2c(c1)C(=O)N(C2=O)c1ccc(c(c1)N1C(=O)c2c(C1=O)ccc(c2)*)N=Nc1ccc(cc1)C(=C(C#N)C#N)C#N,121.0
N#CC(=C(C#N)N*)NC(=O)c1ccc(cc1)C(=O)*,232.0
N#CC(=C(c1ccc(cc1)C(=C(C#N)C#N)*)Nc1ccc(cc1)C(c1cccc(c1)C(c1ccc(cc1)N*)(C)C)(C)C)C#N,208.0
N#CC(=C(c1ccc(cc1)C(=C(C#N)C#N)Nc1ccc(cc1)*)Nc1ccc(cc1)O*)C#N,274.0
N#CC(=C(c1ccc(cc1)N(CCCCCCOc1ccc(cc1c1nc2ccc(cc2c(c1)c1ccccc1)Oc1ccc2c(c1)c(cc(n2)*)c1ccccc1)*)CC)C#N)C#N,175.0
N#CC(=C(c1ccc(cc1)N(CCOC(=O)c1ccc2c(c1)C(=O)N(C2=O)c1c(C)cc(cc1C)Cc1cc(C)c(c(c1)C)N1C(=O)c2c(C1=O)cc(cc2)*)CCOC(=O)*)C#N)C#N,208.0
N#CC(=C(c1ccc(cc1)N(CCOc1ccc(cc1)*)CCOc1ccc(cc1)c1nc2ccc(cc2c(c1)c1ccccc1)Oc1ccc2c(c1)c(cc(n2)*)c1ccccc1)C#N)C#N,175.0
N#CC(=C(c1ccc(cc1)N(CCOc1ccc(cc1)N1C(=O)c2c(C1=O)cc(cc2)*)CCOc1ccc(cc1)N1C(=O)c2c(C1=O)cc(cc2)C(C(F)(F)F)(C(F)(F)F)*)C#N)C#N,218.0
N#CC(=C(c1ccc(cc1)N(CCOc1ccc(cc1c1nc2ccc(cc2c(c1)c1ccccc1)Oc1ccc2c(c1)c(cc(n2)*)c1ccccc1)*)CC)C#N)C#N,200.0
N#CC(=C(c1ccc(cc1)N=Nc1ccc(cc1N1C(=O)c2c(C1=O)cc(cc2)*)N1C(=O)c2c(C1=O)cc(cc2)C(=O)OCCN(c1ccc(cc1)C(=C(C#N)C#N)C#N)CCOC(=O)*)C#N)C#N,187.0
N#CC(=C(c1ccc(cc1)OC)*)c1ccc(cc1)C(=O)OC1CCN(CC1)*,183.0
N#CC(=C(c1ccc(cc1)c1ccc(cc1)C(=C(C#N)C#N)Nc1ccc(cc1)*)Nc1ccc(cc1)O*)C#N,220.0
N#CC(=C(c1ccc(cc1)c1ccc(cc1)c1ccc(cc1)C(=C(C#N)C#N)Nc1ccc(cc1)*)Nc1ccc(cc1)O*)C#N,240.0
N#CC(=C(c1ccc2c(c1)ccc(c2)C(=C(C#N)C#N)Nc1ccc(cc1)*)Nc1ccc(cc1)O*)C#N,280.0
N#CC(=C(c1cccc(c1)C(=C(C#N)C#N)*)Nc1cccc(c1)N*)C#N,278.0
N#CC(=C(c1cccc(c1)C(=C(C#N)C#N)Nc1ccc(cc1)*)Nc1ccc(cc1)Oc1ccc(cc1)O*)C#N,228.0
N#CC(=C1C=C(C=Cc2ccc(cc2)N(CCOc2cc(COc3ccc(cc3*)C(C(F)(F)F)(C(F)(F)F)c3ccc(c(c3)N3C(=O)c4c(C3=O)ccc(c4)Oc3ccc4c(c3)C(=O)N(C4=O)*)OCc3cc(OCCN(c4ccc(cc4)C=CC4=CC(=C(C#N)C#N)CC(C4)(C)C)C)cc(c3)OCCN(c3ccc(cc3)C=CC3=CC(=C(C#N)C#N)CC(C3)(C)C)C)cc(c2)OCCN(c2ccc(cc2)C=CC2=CC(=C(C#N)C#N)CC(C2)(C)C)C)C)CC(C1)(C)C)C#N,178.0
N#CC(=C1C=C(C=Cc2ccc(cc2)N(CCOc2ccc(cc2*)C(C(F)(F)F)(C(F)(F)F)c2ccc(c(c2)N2C(=O)c3c(C2=O)cc(cc3)Oc2ccc3c(c2)C(=O)N(C3=O)*)OCCN(c2ccc(cc2)C=CC2=CC(=C(C#N)C#N)CC(C2)(C)C)C)C)CC(C1)(C)C)C#N,215.0
N#CC(=C1C=C(C=Cc2ccc(cc2)N(CCOc2ccc(cc2*)C(C(F)(F)F)(C(F)(F)F)c2ccc(c(c2)N2C(=O)c3c(C2=O)cc(cc3)Oc2ccc3c(c2)C(=O)N(C3=O)*)OCCN(c2ccc(cc2)C=CC2=CC(=C(C#N)C#N)CC(C2)(C)C)CC)CC)CC(C1)(C)C)C#N,202.0
N#CC(=C1C=C(C=Cc2ccc(cc2)N(CCOc2ccc(cc2*)C(C(F)(F)F)(C(F)(F)F)c2ccc(c(c2)N2C(=O)c3c(C2=O)cc(cc3)Oc2ccc3c(c2)C(=O)N(C3=O)*)OCCN(c2ccc(cc2)C=CC2=CC(=C(S(=O)(=O)C)C#N)CC(C2)(C)C)C)C)CC(C1)(C)C)S(=O)(=O)C,225.0
N#CC(=C1C=C(C=Cc2ccc(cc2)N(CCOc2ccc(cc2N2C(=O)c3c(C2=O)cc(cc3)Oc2ccc3c(c2)C(=O)N(C3=O)*)C(C(F)(F)F)(C(F)(F)F)c2ccc(c(c2)*)OCCN(c2ccc(cc2)C=CC2=CC(=C(C(=O)OCc3ccc(cc3)Oc3c(F)c(F)c(c(c3F)F)F)C#N)CC(C2)(C)C)c2ccccc2)C)CC(C1)(C)C)C(=O)OCc1ccc(cc1)Oc1c(F)c(F)c(c(c1F)F)F,162.0
N#CC(=C1C=C(C=Cc2ccc(cc2)N(CCOc2ccc(cc2N2C(=O)c3c(C2=O)ccc(c3)Oc2ccc3c(c2)C(=O)N(C3=O)*)C(C(F)(F)F)(C(F)(F)F)c2ccc(c(c2)*)OCCN(c2ccc(cc2)C=CC2=CC(=C(C(=O)OCCc3ccccc3)C#N)CC(C2)(C)C)c2ccccc2)C)CC(C1)(C)C)C(=O)OCCc1ccccc1,177.0
N#CC(=C1C=C(C=Cc2ccc(cc2)N(c2ccccc2)CCOc2ccc(cc2*)C(C(F)(F)F)(C(F)(F)F)c2ccc(c(c2)N2C(=O)c3c(C2=O)cc(cc3)Oc2ccc3c(c2)C(=O)N(C3=O)*)OCCN(c2ccc(cc2)C=CC2=CC(=C(C#N)C#N)CC(C2)(C)C)c2ccccc2)CC(C1)(C)C)C#N,220.0
N#CC(=C1C=C(C=Cc2ccc(cc2)N(c2ccccc2)CCOc2ccc(cc2*)C(C(F)(F)F)(C(F)(F)F)c2ccc(c(c2)N2C(=O)c3c(C2=O)cc(cc3)Oc2ccc3c(c2)C(=O)N(C3=O)*)OCCN(c2ccc(cc2)C=CC2=CC(=C(S(=O)(=O)C)C#N)CC(C2)(C)C)c2ccccc2)CC(C1)(C)C)S(=O)(=O)C,234.0
N#CC(=C1C=C(C=Cc2ccc(s2)N2CCC(CC2)OC(=O)Nc2cc(ccc2C)NC(=O)O*)OC(=C1)C=Cc1ccc(s1)N1CCC(CC1)*)C#N,212.0
N#CC(=C1OC(C(=C1C#N)C=Cc1ccc2c(c1)c1ccccc1n2CCCCCCCCCCOC(=O)C(C*)(C)*)(C)C)C#N,55.0
N#CC(=C1c2ccccc2C(=O)C1=C1C=C(C=Cc2ccc(cc2)N(CCOc2ccc(cc2)c2nc3ccc(cc3nc2c2ccccc2)Oc2ccc3c(c2)nc(c(n3)*)c2ccccc2)C)OC(=C1)C=Cc1ccc(cc1)N(CCOc1ccc(cc1)*)C)C#N,260.0
N#CC(=Cc1ccc(cc1)N=Nc1ccc(cc1)N1CCCC(C1)(C)OC(=O)C(C*)(C)*)S(=O)(=O)C,196.0
N#CC(=Cc1ccc2c(c1)c1cc(*)ccc1n2CCCCCCCCCCCOc1ccc(cc1)C=Cc1ccc(cc1)[N+](=O)[O-])C(=O)OCCCCCCOC(=O)C(=C*)C#N,87.0
N#CC(=Cc1ccc2c(c1)c1cc(*)ccc1n2CCCCCCCCCCCn1c2ccccc2c2c1cccc2)C(=O)OCCCCCCOC(=O)C(=C*)C#N,63.0
N#CC(=Cc1ccc2c(c1)c1ccccc1n2CCCCCCCCCCOC(=O)C(C*)(C)*)C(=O)OC,58.0
N#CC(=Cc1ccc2c(c1)c1ccccc1n2CCCCCCCCCCOC(=O)C(C*)(C)*)c1ccc(cc1)[N+](=O)[O-],40.0
N#CC(C(C(=O)O)(C#N)*)(c1ccc(cc1)*)C(=O)O,108.0
N#CC(C(c1ccc(cc1)*)(C(=O)OCC(C)C)C#N)(C(=O)OCC(C)C)*,108.0
N#CC(Cc1ccc(cc1)*)(Cc1ccc(cc1)O*)C#N,147.0
N#CCCC(c1ccc(c(c1)C)O*)(c1ccc(c(c1)C)OC(=O)*)C,117.0
N#CCCC(c1ccc(cc1)O*)(c1ccc(cc1)OC(=O)*)C,150.0
N#CCCCCCCC1(CCCCCCC#N)c2cc(*)ccc2-c2c1cc(cc2)c1ccc(cc1)*,90.0
N#CCCCCCn1c2ccc(cc2c2c1ccc(c2)c1ccc(cc1)[Si](c1ccc(cc1)*)(c1ccccc1)c1ccccc1)*,165.0
N#CCCCOc1ccc(cc1)c1cc(nc(c1)c1ccc(cc1)*)c1ccc(cc1)N1C(=O)c2c(C1=O)cc(cc2)Oc1ccc2c(c1)C(=O)N(C2=O)*,315.0
N#CCCCOc1ccc(cc1)c1cc(nc(c1)c1ccc(cc1)*)c1ccc(cc1)N1C(=O)c2c(C1=O)cc(cc2)c1ccc2c(c1)C(=O)N(C2=O)*,360.0
N#CCCCOc1ccc(cc1)c1cc(nc(c1)c1ccc(cc1)*)c1ccc(cc1)n1c(=O)c2c(c1=O)cc1c(c2)c(=O)n(c1=O)*,345.0
N#CCCCOc1ccc(cc1)c1cc(nc(c1)c1ccc(cc1)N1C(=O)c2c(C1=O)cc(cc2)*)c1ccc(cc1)N1C(=O)c2c(C1=O)cc(cc2)C(=O)*,342.0
N#CCCCOc1ccc(cc1)c1cc(nc(c1)c1ccc(cc1)N1C(=O)c2c(C1=O)cc(cc2)*)c1ccc(cc1)N1C(=O)c2c(C1=O)cc(cc2)C(C(F)(F)F)(C(F)(F)F)*,339.0
N#CCCSc1cc(NC(=O)c2ccc(cc2)*)c(cc1NC(=O)c1ccc(cc1)O*)SCCC#N,158.0
N#CCSCCCCCCOC(=O)C(C*)*,-59.0
N#Cc1c(*)cccc1n1nc(c2ccccc2)c2c(c1=O)ccc(c2)Oc1ccc(cc1)C(c1ccc(cc1)Oc1ccc2c(c1)c(=O)n(nc2c1ccccc1)*)(C)C,200.0
N#Cc1c(*)cccc1n1nc(c2ccccc2)c2c(c1=O)ccc(c2)Oc1ccc2c(c1)c(=O)n(nc2c1ccccc1)*,301.0
N#Cc1c(Oc2ccc(cc2)C(c2cccc(c2)C(c2ccc(cc2)*)(C)C)(C)C)c(F)c(c(c1F)O*)C#N,131.5
N#Cc1c(cccc1O*)Oc1cccc(c1)*,145.0
N#Cc1c(cccc1Oc1ccc(cc1)*)Oc1ccc(cc1)N1C(=O)c2c(C1=O)cc(cc2)Oc1ccc(cc1)C(c1ccc(cc1)Oc1ccc2c(c1)C(=O)N(C2=O)*)(C)C,213.0
N#Cc1c(cccc1Oc1ccc(cc1)*)Oc1ccc(cc1)N1C(=O)c2c(C1=O)cc(cc2)c1ccc2c(c1)C(=O)N(C2=O)*,271.0
N#Cc1c(cccc1Oc1ccc(cc1)*)Oc1ccc(cc1)n1c(=O)c2c(c1=O)cc1c(c2)c(=O)n(c1=O)*,328.0
N#Cc1c(cccc1Oc1ccc(cc1)N1C(=O)c2c(C1=O)cc(cc2)*)Oc1ccc(cc1)N1C(=O)c2c(C1=O)cc(cc2)C(=O)*,245.0
N#Cc1c(cccc1Oc1ccc(cc1)N1C(=O)c2c(C1=O)cc(cc2)*)Oc1ccc(cc1)N1C(=O)c2c(C1=O)cc(cc2)C(=O)Nc1ccc(cc1)Oc1cccc(c1)Oc1ccc(cc1)NC(=O)*,217.0
N#Cc1c(cccc1Oc1ccc(cc1)N1C(=O)c2c(C1=O)cc(cc2)*)Oc1ccc(cc1)N1C(=O)c2c(C1=O)cc(cc2)C(=O)Nc1ccc(cc1)Oc1cccc(c1C#N)Oc1ccc(cc1)NC(=O)*,220.0
N#Cc1c(cccc1Oc1ccc(cc1)N1C(=O)c2c(C1=O)cc(cc2)*)Oc1ccc(cc1)N1C(=O)c2c(C1=O)cc(cc2)C(C(F)(F)F)(C(F)(F)F)*,280.0
N#Cc1c(cccc1Oc1ccc(cc1)n1c(=O)c2c(c1=O)cc1c(c2)c(=O)n(c1=O)*)Oc1cccc(c1C#N)Oc1cccc(c1C#N)Oc1ccc(cc1)*,341.0
N#Cc1c(cccc1Oc1cccc(c1)*)Oc1cccc(c1)N1C(=O)c2c(C1=O)cc(cc2)Oc1ccc(cc1)C(C(F)(F)F)(C(F)(F)F)c1ccc(cc1)Oc1ccc2c(c1)C(=O)N(C2=O)*,200.0
N#Cc1c(cccc1Oc1cccc(c1)*)Oc1cccc(c1)N1C(=O)c2c(C1=O)cc(cc2)Oc1ccc(cc1)C(c1ccc(cc1)Oc1ccc2c(c1)C(=O)N(C2=O)*)(C)C,193.5
N#Cc1c(cccc1Oc1cccc(c1)*)Oc1cccc(c1)N1C(=O)c2c(C1=O)cc(cc2)Oc1ccc(cc1)C1(CCCCC1)c1ccc(cc1)Oc1ccc2c(c1)C(=O)N(C2=O)*,191.0
N#Cc1c(cccc1Oc1cccc(c1)*)Oc1cccc(c1)N1C(=O)c2c(C1=O)cc(cc2)Oc1ccc2c(c1)C(=O)N(C2=O)*,200.0
N#Cc1c(cccc1Oc1cccc(c1)*)Oc1cccc(c1)N1C(=O)c2c(C1=O)ccc(c2)Oc1ccc(cc1)C1(OC(=O)c2c1cccc2)c1ccc(cc1)Oc1ccc2c(c1)C(=O)N(C2=O)*,232.0
N#Cc1c(cccc1Oc1cccc(c1)N1C(=O)c2c(C1=O)cc(cc2)*)Oc1cccc(c1)N1C(=O)c2c(C1=O)cc(cc2)C(=O)Nc1cccc(c1)Oc1cccc(c1C#N)Oc1cccc(c1)NC(=O)*,214.0
N#Cc1c(cccc1Oc1cccc(c1)N1C(=O)c2c(C1=O)cc(cc2)*)Oc1cccc(c1)N1C(=O)c2c(C1=O)ccc(c2)C(=O)Nc1ccc(cc1)Oc1cccc(c1)Oc1ccc(cc1)NC(=O)*,207.0
N#Cc1c(cccc1Oc1cccc(c1)Oc1cccc(c1C#N)Oc1cccc(c1)*)Oc1cccc(c1)N1C(=O)c2c(C1=O)cc(cc2)Oc1ccc2c(c1)C(=O)N(C2=O)*,176.0
N#Cc1c(cccc1Oc1cccc(c1)Oc1cccc(c1C#N)Oc1cccc(c1)NC(=O)*)Oc1cccc(c1)NC(=O)c1ccc2c(c1)C(=O)N(C2=O)c1ccc(cc1)Oc1cccc(c1C#N)Oc1ccc(cc1)N1C(=O)c2c(C1=O)cc(cc2)*,199.0
N#Cc1c(cccc1Oc1cccc(c1)Oc1cccc(c1C#N)Oc1cccc(c1)NC(=O)*)Oc1cccc(c1)NC(=O)c1ccc2c(c1)C(=O)N(C2=O)c1cccc(c1)Oc1cccc(c1C#N)Oc1cccc(c1)N1C(=O)c2c(C1=O)cc(cc2)*,193.0
N#Cc1c(cccc1Oc1cccc(c1)n1c(=O)c2c(c1=O)cc1c(c2)c(=O)n(c1=O)*)Oc1cccc(c1C#N)Oc1cccc(c1C#N)Oc1cccc(c1)*,305.0
N#Cc1c(cccc1Oc1cccc(c1C#N)Oc1ccc(cc1)N1C(=O)c2c(C1=O)cc(cc2)*)Oc1cccc(c1C#N)Oc1ccc(cc1)N1C(=O)c2c(C1=O)cc(cc2)C(=O)*,238.0
N#Cc1c(cccc1Oc1cccc(c1C#N)Oc1ccc(cc1)N1C(=O)c2c(C1=O)cc(cc2)*)Oc1cccc(c1C#N)Oc1ccc(cc1)N1C(=O)c2c(C1=O)cc(cc2)C(C(F)(F)F)(C(F)(F)F)*,244.0
N#Cc1c(cccc1Oc1cccc(c1C#N)Oc1cccc(c1)N1C(=O)c2c(C1=O)cc(cc2)*)Oc1cccc(c1C#N)Oc1ccc(cc1)N1C(=O)c2c(C1=O)cc(cc2)C(C(F)(F)F)(C(F)(F)F)*,232.0
N#Cc1c(cccc1Oc1cccc(c1C#N)Oc1cccc(c1)N1C(=O)c2c(C1=O)cc(cc2)*)Oc1cccc(c1C#N)Oc1cccc(c1)N1C(=O)c2c(C1=O)cc(cc2)C(=O)*,218.0
N#Cc1c(cccc1Oc1cccc(c1C#N)Oc1cccc(c1)N1C(=O)c2c(C1=O)cc(cc2)*)Oc1cccc(c1C#N)Oc1cccc(c1)N1C(=O)c2c(C1=O)cc(cc2)C(C(F)(F)F)(C(F)(F)F)*,226.0
N#Cc1c(cccc1Oc1cccc(c1C#N)Oc1cccc(c1C#N)Oc1ccc(cc1)*)Oc1ccc(cc1)N1C(=O)c2c(C1=O)cc(cc2)Oc1ccc2c(c1)C(=O)N(C2=O)*,235.0
N#Cc1c(cccc1Oc1cccc(c1C#N)Oc1cccc(c1C#N)Oc1ccc(cc1)*)Oc1cccc(c1)N1C(=O)c2c(C1=O)cc(cc2)Oc1ccc2c(c1)C(=O)N(C2=O)*,229.0
N#Cc1c(cccc1Oc1cccc(c1C#N)Oc1cccc(c1C#N)Oc1cccc(c1)*)Oc1cccc(c1)N1C(=O)c2c(C1=O)cc(cc2)Oc1ccc2c(c1)C(=O)N(C2=O)*,216.0
N#Cc1c(cccc1n1nc(*)c2c(c1=O)cccc2)Oc1ccc(cc1)*,293.0
N#Cc1cc(ccc1N=Nc1ccc(cc1)N(CCOC(=O)c1ccc2c(c1)C(=O)N(C2=O)c1c(C)cc(cc1C)Cc1cc(C)c(c(c1)C)N1C(=O)c2c(C1=O)cc(cc2)*)CCOC(=O)*)[N+](=O)[O-],216.0
N#Cc1ccc(c(c1)C#N)N=Nc1ccc(cc1)N(CCOC(=O)C(C*)(C)*)C,129.0
N#Cc1ccc(c(c1)C#N)N=Nc1ccc(cc1)NC(=O)c1ccc(cc1)OCCOC(=O)C(C*)(C)*,149.0
N#Cc1ccc(c(c1)C)OC(=O)c1ccc(cc1)OCCCCCCCC[Si](O*)(C)*,1.0
N#Cc1ccc(cc1)C(c1ccc(cc1)*)c1ccc(cc1)N(c1ccc(cc1)C)*,230.0
N#Cc1ccc(cc1)N(CCOc1cc(cc(c1)C(=O)*)C(=O)Nc1cc(N*)cc(c1)C(=O)OCCN(c1ccc(cc1)C#N)C)C,167.0
N#Cc1ccc(cc1)N(c1ccc(cc1)*)c1ccc(cc1)N1C(=O)c2c(C1=O)cc(cc2)Oc1ccc2c(c1)C(=O)N(C2=O)*,304.0
N#Cc1ccc(cc1)N(c1ccc(cc1)*)c1ccc(cc1)N1C(=O)c2c(C1=O)cc(cc2)S(=O)(=O)c1ccc2c(c1)C(=O)N(C2=O)*,325.0
N#Cc1ccc(cc1)N(c1ccc(cc1)*)c1ccc(cc1)N1C(=O)c2c(C1=O)cc(cc2)c1ccc2c(c1)C(=O)N(C2=O)*,358.0
N#Cc1ccc(cc1)N(c1ccc(cc1)*)c1ccc(cc1)N1C(=O)c2c(C1=O)ccc(c2)Oc1ccc(cc1)C(C(F)(F)F)(C(F)(F)F)c1ccc(cc1)Oc1ccc2c(c1)C(=O)N(C2=O)*,234.0
N#Cc1ccc(cc1)N(c1ccc(cc1)*)c1ccc(cc1)N1C(=O)c2c(C1=O)ccc(c2)Oc1ccc(cc1)C(c1ccc(cc1)C(c1ccc(cc1)Oc1ccc2c(c1)C(=O)N(C2=O)*)(C)C)(C)C,224.0
N#Cc1ccc(cc1)N(c1ccc(cc1)*)c1ccc(cc1)N1C(=O)c2c(C1=O)ccc(c2)Oc1ccc(cc1)C(c1ccc(cc1)Oc1ccc2c(c1)C(=O)N(C2=O)*)(C)C,230.0
N#Cc1ccc(cc1)N(c1ccc(cc1)*)c1ccc(cc1)N1C(=O)c2c(C1=O)ccc(c2)Oc1ccc(cc1)C1(CCCCC1)c1ccc(cc1)Oc1ccc2c(c1)C(=O)N(C2=O)*,243.0
N#Cc1ccc(cc1)N(c1ccc(cc1)*)c1ccc(cc1)N1C(=O)c2c(C1=O)ccc(c2)Oc1ccc(cc1)C1(c2ccc(cc2)Oc2ccc3c(c2)C(=O)N(C3=O)*)c2ccccc2-c2c1cccc2,279.0
N#Cc1ccc(cc1)N(c1ccc(cc1)*)c1ccc(cc1)n1c(=O)c2c(c1=O)cc1c(c2)c(=O)n(c1=O)*,353.0
N#Cc1ccc(cc1)N(c1ccc(cc1)N1C(=O)c2c(C1=O)cc(cc2)*)c1ccc(cc1)N1C(=O)c2c(C1=O)cc(cc2)C(=O)*,315.0
N#Cc1ccc(cc1)N(c1ccc(cc1)N1C(=O)c2c(C1=O)cc(cc2)*)c1ccc(cc1)N1C(=O)c2c(C1=O)cc(cc2)C(C(F)(F)F)(C(F)(F)F)*,321.0
N#Cc1ccc(cc1)N=Nc1cc(*)c(c(c1)*)O,176.0
N#Cc1ccc(cc1)N=Nc1cc(ccc1O*)OC(=O)c1ccc(cc1)OCCCCCCOc1ccc(cc1)C(=O)*,98.0
N#Cc1ccc(cc1)N=Nc1ccc(c(c1)C)N=Nc1ccc(cc1)N(CCOC(=O)C(C*)(C)*)C,113.5
N#Cc1ccc(cc1)N=Nc1ccc(cc1)N(CCOC(=O)C(C*)(C)*)CC,117.5
N#Cc1ccc(cc1)N=Nc1ccc(cc1)OCC(OC(=O)c1ccc(s1)*)COC(=O)*,119.0
N#Cc1ccc(cc1)N=Nc1ccc(cc1)OCC(OC(=O)c1ncccc1*)COC(=O)*,130.0
N#Cc1ccc(cc1)N=Nc1ccc(cc1)OCCCCCCCCCCCCOC(=O)C(C*)(C)*,8.0
N#Cc1ccc(cc1)N=Nc1ccc(cc1)OCCCCCCOC(=O)Cc1cc(sc1*)*,64.0
N#Cc1ccc(cc1)N=Nc1ccc(cc1)OCCOC(=O)C(C*)(C)*,109.0
N#Cc1ccc(cc1)N=Nc1ccc(cc1)OCCc1cc(sc1*)*,73.0
N#Cc1ccc(cc1)c1ccc(cc1)OCCCCCCCCCCC(=O)OC1C(C*)CC(C1OC(=O)CCCCCCCCCCOc1ccc(cc1)c1ccc(cc1)C#N)*,14.5
N#Cc1ccc(cc1)c1ccc(cc1)OCCCCCCCCCCC(=O)OCC(OC(=O)CCCCCCCCCCOc1ccc(cc1)c1ccc(cc1)C#N)CCC(S(=O)(=O)*)C*,17.0
N#Cc1ccc(cc1)c1ccc(cc1)OCCCCCCCCCCC(=O)OCCCCC(S(=O)(=O)*)C*,14.0
N#Cc1ccc(cc1)c1ccc(cc1)OCCCCCCCCCCCOC(=O)c1cc(O*)ccc1c1ccc(cc1C(=O)OCCCCCCCCCCCOc1ccc(cc1)c1ccc(cc1)C#N)OC(=O)c1ccc(c(c1)C(F)(F)F)c1ccc(cc1C(F)(F)F)C(=O)*,50.0
N#Cc1ccc(cc1)c1ccc(cc1)OCCCN1C(=O)C(C(C1=O)*)C(c1ccccc1)C*,130.0
N#Cc1ccc(cc1Oc1cccc(c1)N1C(=O)c2c(C1=O)cc(cc2)Oc1ccc2c(c1)C(=O)N(C2=O)*)Oc1cccc(c1)*,196.0
N#Cc1nc(*)c(nc1C#N)c1ccc(cc1)NC1CC(=O)N(C1=O)c1ccc(cc1)c1sc(c(c1c1ccccc1)c1ccccc1)c1ccc(cc1)N1C(=O)CC(C1=O)Nc1ccc(cc1)*,231.0
N#Cc1nc(c2ccc(cc2)NC(=O)Nc2ccc(cc2)NC(=O)Nc2ccc(cc2)*)c(nc1C#N)*,248.7
O=C(C(Br)C)OCCc1cc(sc1*)*,49.0
O=C(C(C([2H])([2H])*)(C([2H])([2H])[2H])*)OC([2H])([2H])[2H],115.0
O=C(C(C([2H])([2H])[2H])(C([2H])([2H])*)*)OC(C([2H])([2H])[2H])([2H])[2H],94.0
O=C(C(F)(F)*)NCCCCCCNS(=O)(=O)*,51.0
O=C(C1C(C(=O)OCC2CC3CC2CC3)C2CC1C(C2*)*)OCC1CC2CC1CC2,320.0
O=C(C1C(C(=O)OCCC2CC3CC2CC3)C2CC1C(C2*)*)OCCC1CC2CC1CC2,260.0
O=C(C1CC2CC1C(C2*)*)OCCc1ccc(cc1)N(c1ccccc1)c1ccccc1,307.0
O=C(C1CC2CC1C(C2C1C(=O)OC(=O)C1*)*)OC1CCCCC1,195.0
O=C(C=Cc1ccc(cc1)OCCCCCCCCCCOC(=O)c1ccc(cc1)*)C=Cc1ccc(cc1)OCCCCCCCCCCOC(=O)c1ccc(cc1)c1nnc(o1)*,58.0
O=C(C=Cc1ccc(cc1)OCCCCCCCCOC(=O)c1ccc(cc1)*)C=Cc1ccc(cc1)OCCCCCCCCOC(=O)c1ccc(cc1)c1nnc(o1)*,59.0
O=C(C=Cc1ccc(cc1)OCCCCCCOC(=O)c1ccc(cc1)*)C=Cc1ccc(cc1)OCCCCCCOC(=O)c1ccc(cc1)c1nnc(o1)*,62.0
O=C(C=Cc1cccc(c1)N1C(=O)c2c(C1=O)cc(cc2)*)OCCOC(=O)*,230.0
O=C(C=Cc1cccc(c1)NC(=O)*)C=Cc1cccc(c1)NC(=O)c1ccc(cc1)N1C(=O)c2c(C1=O)cc(cc2)*,237.0
O=C(CN1C(=O)c2c(C1=O)cc(cc2)C(C(F)(F)F)(C(F)(F)F)c1ccc2c(c1)C(=O)N(C2=O)CC(=O)Nc1ccc(cc1)Oc1ccc2c(c1)nc(c(n2)c1ccccc1)c1ccc(cc1)*)Nc1ccc(cc1)Oc1ccc2c(c1)nc(c(n2)c1ccccc1)c1ccc(cc1)N1C(=O)c2ccc3c4c2c(C1=O)ccc4C(=O)N(C3=O)*,306.0
O=C(CN1C(=O)c2c(C1=O)ccc(c2)C(C(F)(F)F)(C(F)(F)F)c1ccc2c(c1)C(=O)N(C2=O)CC(=O)Nc1ccc(cc1)*)Nc1ccc(cc1)c1nnc(o1)*,280.0
O=C(CN1C(=O)c2c(C1=O)ccc(c2)C(C(F)(F)F)(C(F)(F)F)c1ccc2c(c1)C(=O)N(C2=O)CC(=O)Nc1ccc(cc1)Oc1ccc(cc1)*)Nc1ccc(cc1)Oc1ccc(cc1)c1nnc(o1)*,263.0
O=C(CN1C(=O)c2c(C1=O)ccc(c2)C(C(F)(F)F)(C(F)(F)F)c1ccc2c(c1)C(=O)N(C2=O)CC(=O)Nc1ccc(cc1)Oc1ccc2c(c1)nc(c(n2)c1ccccc1)*)Nc1ccc(cc1)Oc1ccc2c(c1)nc(c(n2)c1ccccc1)c1ccc(cc1)Oc1ccc(cc1)*,260.0
O=C(COc1ccccc1)OCCCCCCc1cc(sc1*)*,50.0
O=C(COc1ccccc1)OCCCCCCc1cc(sc1*)c1ccc(s1)*,79.0
O=C(Cc1ccc(cc1)c1sc(c(c1c1ccccc1)c1ccccc1)*)Nc1ccc(cc1)Cc1ccc(cc1)NC(=O)Cc1ccc(cc1)*,227.0
O=C(Cc1ccc(cc1)c1sc(c(c1c1ccccc1)c1ccccc1)*)Nc1ccc(cc1)NC(=O)Cc1ccc(cc1)*,251.0
O=C(Cc1ccc(cc1)c1sc(c(c1c1ccccc1)c1ccccc1)*)Nc1ccc(cc1)Oc1ccc(cc1)NC(=O)Cc1ccc(cc1)*,226.0
O=C(Cc1ccc(cc1)c1sc(c(c1c1ccccc1)c1ccccc1)*)Nc1ccc(cc1)S(=O)(=O)c1ccc(cc1)NC(=O)Cc1ccc(cc1)*,252.0
O=C(Cc1ccc(cc1)c1sc(c(c1c1ccccc1)c1ccccc1)*)Nc1ccc(cc1)c1ccc(cc1)NC(=O)Cc1ccc(cc1)*,272.0
O=C(Cc1ccccc1)OCCCCCCc1cc(sc1*)*,45.0
O=C(N(c1ccccc1)*)c1cccc(c1)C(=O)*,148.0
O=C(NC(C(=O)NCCCCCCCCCCCCNC(=O)C(NC(=O)CNC(=O)C(NC(=O)CNC(=O)*)C)C)C)CNC(=O)C(NC(=O)CNC(=O)c1cc(C)cc2c1Oc1c(*)cc(cc1S2)C)C,148.0
O=C(NC(C(=O)NCCCCCCNC(=O)C(NC(=O)CNC(=O)C(NC(=O)CNC(=O)*)C)C)C)CNC(=O)C(NC(=O)CNC(=O)c1cc(C)cc2c1Oc1c(*)cc(cc1S2)C)C,164.0
O=C(NC(C(=O)NCCOCCOCCNC(=O)C(NC(=O)CNC(=O)C(NC(=O)CNC(=O)*)C)C)C)CNC(=O)C(NC(=O)CNC(=O)c1cc(C)cc2c1Oc1c(*)cc(cc1S2)C)C,152.5
O=C(NC(C(=O)NCCOCCOCCOCCOCCOCCNC(=O)C(NC(=O)CNC(=O)C(NC(=O)CNC(=O)*)C)C)C)CNC(=O)C(NC(=O)CNC(=O)c1cc(C)cc2c1Oc1c(*)cc(cc1S2)C)C,26.8
O=C(Nc1ccc(c(c1)C)NC(=O)OCc1cccc(c1)N1C(=O)c2c(C1=O)cc(cc2)*)OCc1cccc(c1)N1C(=O)c2c(C1=O)cc(cc2)C(=O)*,169.0
O=C(Nc1ccc(c(c1)N1C(=O)c2c(C1=O)cc(cc2)*)C)OCCN(c1ccc(cc1)N=Nc1ccc(cc1)[N+](=O)[O-])CCOC(=O)Nc1cc(ccc1C)N1C(=O)c2c(C1=O)cc(cc2)C(C(F)(F)F)(C(F)(F)F)*,196.0
O=C(Nc1ccc(c(c1)NC(=O)OCCc1ccc(cc1)N1C(=O)c2c(C1=O)cc(cc2)*)C)OCCc1ccc(cc1)N1C(=O)c2c(C1=O)cc(cc2)C(=O)*,136.0
O=C(Nc1ccc(cc1)C(=O)Nc1ccc(cc1)Oc1ccc(cc1)NC(=O)c1ccc(cc1)N1C(=O)c2c(C1=O)cc(cc2)C(=O)*)Nc1ccc(cc1)Cc1ccc(cc1)NC(=O)Nc1ccc(cc1)C(=O)Nc1ccc(cc1)Oc1ccc(cc1)NC(=O)c1ccc(cc1)N1C(=O)c2c(C1=O)cc(cc2)*,229.0
O=C(Nc1ccc(cc1)N1C(=O)c2c(C1=O)cc(cc2)*)CCCCC(=O)Nc1ccc(cc1)NC(=S)NC(=O)*,288.0
O=C(Nc1ccc(cc1)N1C(=O)c2c(C1=O)cc(cc2)*)CCCCCCCCC(=O)Nc1ccc(cc1)NC(=S)NC(=O)*,286.0
O=C(Nc1ccc(cc1)N1C(=O)c2c(C1=O)cc(cc2)*)Nc1ccc(cc1)N1C(=O)c2c(C1=O)cc(cc2)C(=O)Nc1ccc(cc1)C(=O)c1ccc(cc1)NC(=O)*,212.0
O=C(Nc1ccc(cc1)N1C(=O)c2c(C1=O)cc(cc2)*)Nc1ccc(cc1)N1C(=O)c2c(C1=O)cc(cc2)C(=O)Nc1ccc(cc1)Cc1ccc(cc1)NC(=O)*,211.0
O=C(Nc1ccc(cc1)N1C(=O)c2c(C1=O)cc(cc2)*)Nc1ccc(cc1)N1C(=O)c2c(C1=O)cc(cc2)C(=O)Nc1ccc(cc1)NC(=O)*,216.0
O=C(Nc1ccc(cc1)N1C(=O)c2c(C1=O)cc(cc2)*)Nc1ccc(cc1)N1C(=O)c2c(C1=O)cc(cc2)C(=O)Nc1ccc(cc1)NC(=O)Nc1ccc(cc1)NC(=O)*,208.0
O=C(Nc1ccc(cc1)N1C(=O)c2c(C1=O)cc(cc2)*)Nc1ccc(cc1)N1C(=O)c2c(C1=O)cc(cc2)C(=O)Nc1ccc(cc1)Oc1ccc(cc1)NC(=O)*,205.0
O=C(Nc1ccc(cc1)N1C(=O)c2c(C1=O)cc(cc2)*)Nc1ccc(cc1)N1C(=O)c2c(C1=O)cc(cc2)C(=O)Nc1ccc(cc1)S(=O)(=O)c1ccc(cc1)NC(=O)*,205.0
O=C(Nc1ccc(cc1)N1C(=O)c2c(C1=O)cc(cc2)*)Nc1ccc(cc1)N1C(=O)c2c(C1=O)cc(cc2)C(=O)Nc1ccc(cc1)c1cc(cc(n1)c1ccc(cc1)NC(=O)*)c1ccccc1,215.0
O=C(Nc1ccc(cc1)N1C(=O)c2c(C1=O)cc(cc2)*)Nc1ccc(cc1)N1C(=O)c2c(C1=O)cc(cc2)C(=O)Nc1ccc(cc1)c1ccc(cc1)NC(=O)*,233.0
O=C(Nc1ccc(cc1)N1C(=O)c2c(C1=O)cc(cc2)*)Nc1ccc(cc1)N1C(=O)c2c(C1=O)cc(cc2)C(=O)Nc1ccc2-c3c(Cc2c1)cc(cc3)NC(=O)*,224.0
O=C(Nc1ccc(cc1)NC(=O)Nc1ccc(cc1)*)Nc1ccc(cc1)c1nc([nH]c1*)c1ccc(cc1)[N+](=O)[O-],292.0
O=C(Nc1ccc(cc1)NC(=O)Nc1ccc(cc1)*)Nc1ccc(cc1)c1nc([nH]c1*)c1ccc(cc1)c1nc(c([nH]1)c1ccc(cc1)[N+](=O)[O-])c1ccc(cc1)[N+](=O)[O-],272.0
O=C(Nc1ccc(cc1)NC(=O)OCCc1ccc(cc1)N1C(=O)c2c(C1=O)cc(cc2)*)OCCc1ccc(cc1)N1C(=O)c2c(C1=O)cc(cc2)C(=O)*,138.0
O=C(Nc1ccc(cc1)NC(=O)OCc1cccc(c1)N1C(=O)c2c(C1=O)cc(cc2)*)OCc1cccc(c1)N1C(=O)c2c(C1=O)cc(cc2)C(=O)*,135.0
O=C(Nc1ccc(cc1)S(=O)(=O)*)CCCCC(=O)Nc1ccc(cc1)*,194.0
O=C(Nc1ccc(cc1)S(=O)(=O)*)CCCCCC(=O)Nc1ccc(cc1)*,163.0
O=C(Nc1ccc(cc1)S(=O)(=O)*)CCCCCCCC(=O)Nc1ccc(cc1)*,178.0
O=C(Nc1ccc(cc1)S(=O)(=O)*)CCCCCCCCC(=O)Nc1ccc(cc1)*,72.34
O=C(Nc1ccc(cc1)S(=O)(=O)*)CCCCCCCCCCC(=O)Nc1ccc(cc1)*,160.0
O=C(Nc1ccc(cc1)c1nc2ccccc2nc1*)CCCCC(=O)Nc1ccc(cc1)*,196.0
O=C(Nc1ccc(cc1)c1sc(c(c1c1ccccc1)c1ccccc1)*)Cc1ccc(cc1)c1sc(c(c1c1ccccc1)c1ccccc1)c1ccc(cc1)CC(=O)Nc1ccc(cc1)*,273.0
O=C(Nc1ccc2c(c1)C(=O)N(C2=O)c1ccc(cc1)Oc1ccc2c(c1c1c(ccc3c1cccc3)Oc1ccc(cc1)*)cccc2)Nc1ccc(cc1)Oc1ccc(cc1)NC(=O)Nc1ccc2c(c1)C(=O)N(C2=O)*,274.0
O=C(Nc1ccc2c(c1)C(=O)N(C2=O)c1ccc(cc1)Oc1ccc2c(c1c1c(ccc3c1cccc3)Oc1ccc(cc1)*)cccc2)Nc1ccc(cc1)Oc1ccccc1c1ccccc1Oc1ccc(cc1)NC(=O)Nc1ccc2c(c1)C(=O)N(C2=O)*,285.0
O=C(Nc1ccc2c(c1)C(=O)N(C2=O)c1ccc(cc1)Oc1ccc2c(c1c1c(ccc3c1cccc3)Oc1ccc(cc1)*)cccc2)Nc1ccc(cc1)c1cc(cc(n1)c1ccc(cc1)NC(=O)Nc1ccc2c(c1)C(=O)N(C2=O)*)c1ccc(cc1)c1ccccc1,302.0
O=C(Nc1ccc2c(c1)C(=O)N(C2=O)c1ccc(cc1)c1cc(cc(n1)c1ccc(cc1)*)c1ccc(cc1)c1ccccc1)Nc1ccc(cc1)NC(=O)Nc1ccc2c(c1)C(=O)N(C2=O)*,243.0
O=C(Nc1ccc2c(c1)C(=O)N(C2=O)c1ccc(cc1)c1cc(cc(n1)c1ccc(cc1)*)c1ccc(cc1)c1ccccc1)Nc1ccc(cc1)Oc1ccc(cc1)NC(=O)Nc1ccc2c(c1)C(=O)N(C2=O)*,241.0
O=C(Nc1ccc2c(c1)C(=O)N(C2=O)c1ccc(cc1)c1cc(cc(n1)c1ccc(cc1)*)c1ccc(cc1)c1ccccc1)Nc1ccc(cc1)Oc1ccccc1c1ccccc1Oc1ccc(cc1)NC(=O)Nc1ccc2c(c1)C(=O)N(C2=O)*,249.0
O=C(Nc1ccc2c(c1)C(=O)N(C2=O)c1ccc(cc1)c1cc(cc(n1)c1ccc(cc1)*)c1ccc(cc1)c1ccccc1)Nc1ccc(cc1)c1cc(cc(n1)c1ccc(cc1)NC(=O)Nc1ccc2c(c1)C(=O)N(C2=O)*)c1ccc(cc1)c1ccccc1,272.0
O=C(Nc1ccc2c(c1)C(=O)N(C2=O)c1cccc(c1)P(=O)(c1cccc(c1)*)C)OCCOc1c(Br)cc(cc1Br)C(c1cc(Br)c(c(c1)Br)OCCOC(=O)Nc1ccc2c(c1)C(=O)N(C2=O)*)(C)C,191.0
O=C(Nc1ccc2c(c1)C(=O)N(C2=O)c1cccc(c1)P(=O)(c1cccc(c1)*)C)OCCOc1ccc(cc1)C(C(F)(F)F)(C(F)(F)F)c1ccc(cc1)OCCOC(=O)Nc1ccc2c(c1)C(=O)N(C2=O)*,204.0
O=C(Nc1ccc2c(c1)C(=O)N(C2=O)c1cccc(c1)P(=O)(c1cccc(c1)*)C)OCCOc1ccc(cc1)C(c1ccc(cc1)OCCOC(=O)Nc1ccc2c(c1)C(=O)N(C2=O)*)(C)C,211.0
O=C(Nc1ccc2c(c1)C(=O)N(C2=O)c1cccc(c1)P(=O)(c1cccc(c1)*)C)OCCOc1ccc(cc1)P(=O)(c1ccc(cc1)OCCOC(=O)Nc1ccc2c(c1)C(=O)N(C2=O)*)c1ccccc1,201.0
O=C(Nc1ccc2c(c1)C(=O)N(C2=O)c1cccc(c1)P(=O)(c1cccc(c1)*)c1ccccc1)OCCOc1c(Br)cc(cc1Br)C(c1cc(Br)c(c(c1)Br)OCCOC(=O)Nc1ccc2c(c1)C(=O)N(C2=O)*)(C)C,201.0
O=C(Nc1ccc2c(c1)C(=O)N(C2=O)c1cccc(c1)P(=O)(c1cccc(c1)*)c1ccccc1)OCCOc1ccc(cc1)C(C(F)(F)F)(C(F)(F)F)c1ccc(cc1)OCCOC(=O)Nc1ccc2c(c1)C(=O)N(C2=O)*,214.0
O=C(Nc1ccc2c(c1)C(=O)N(C2=O)c1cccc(c1)P(=O)(c1cccc(c1)*)c1ccccc1)OCCOc1ccc(cc1)C(c1ccc(cc1)OCCOC(=O)Nc1ccc2c(c1)C(=O)N(C2=O)*)(C)C,220.0
O=C(Nc1ccc2c(c1)C(=O)N(C2=O)c1cccc(c1)P(=O)(c1cccc(c1)*)c1ccccc1)OCCOc1ccc(cc1)P(=O)(c1ccc(cc1)OCCOC(=O)Nc1ccc2c(c1)C(=O)N(C2=O)*)c1ccccc1,218.0
O=C(Nc1cccc(c1)NC(=O)*)C=Cc1cccc(c1)N1C(=O)c2c(C1=O)cc(cc2)*,245.0
O=C(Nc1cccc(c1)NC(=O)Cc1ccc(cc1)*)Cc1ccc(cc1)c1sc(c(c1c1ccccc1)c1ccccc1)*,228.0
O=C(Nc1cccc(c1)S(=O)(=O)*)CCCCC(=O)Nc1cccc(c1)*,140.0
O=C(Nc1cccc(c1)S(=O)(=O)*)CCCCCCC(=O)Nc1cccc(c1)*,125.0
O=C(Nc1cccc(c1)S(=O)(=O)*)CCCCCCCC(=O)Nc1cccc(c1)*,125.0
O=C(Nc1cccc(c1)S(=O)(=O)*)CCCCCCCCC(=O)Nc1cccc(c1)*,112.0
O=C(Nc1cccc(c1)S(=O)(=O)*)CCCCCCCCCCC(=O)Nc1cccc(c1)*,107.0
O=C(Nc1cccc(n1)NC(=O)Nc1ccc2c(c1)C(=O)N(C2=O)*)Nc1ccc2c(c1)C(=O)N(C2=O)c1ccc(cc1)Oc1ccc2c(c1c1c(ccc3c1cccc3)Oc1ccc(cc1)*)cccc2,283.0
O=C(Nc1cccc2c1cccc2NC(=O)Cc1ccc(cc1)*)Cc1ccc(cc1)c1sc(c(c1c1ccccc1)c1ccccc1)*,255.0
O=C(Nc1cccc2c1cccc2NC(=O)Nc1ccc2c(c1)C(=O)N(C2=O)*)Nc1ccc2c(c1)C(=O)N(C2=O)c1ccc(cc1)Oc1ccc2c(c1c1c(ccc3c1cccc3)Oc1ccc(cc1)*)cccc2,297.0
O=C(OCCCCCCCCCCCOc1ccc(cc1)c1nnc(s1)*)CCCCC(=O)OCCCCCCCCCCCOc1ccc(cc1)*,69.0
O=C(OCCCCCCCCCCCOc1ccc(cc1)c1nnc(s1)*)CCCCCCCCC(=O)OCCCCCCCCCCCOc1ccc(cc1)*,52.0
O=C(OCCCCCN1C(=O)c2c(C1=O)cc(cc2)c1nnc(o1)*)CCCCC(=O)OCCCCCN1C(=O)c2c(C1=O)cc(cc2)*,84.0
O=C(OCCc1ccc(cc1)N1C(=O)c2c(C1=O)cc(cc2)C(=O)*)NCCCCCCNC(=O)OCCc1ccc(cc1)N1C(=O)c2c(C1=O)cc(cc2)*,134.0
O=C(OCc1cccc(c1)N1C(=O)c2c(C1=O)cc(cc2)C(=O)*)NCCCCCCNC(=O)OCc1cccc(c1)N1C(=O)c2c(C1=O)cc(cc2)*,130.0
O=C(Oc1cc(ccc1N1C(=O)c2c(C1=O)cc(cc2)C(C(F)(F)F)(C(F)(F)F)*)c1ccc(c(c1)OC(=O)C=Cc1ccccc1)N1C(=O)c2c(C1=O)cc(cc2)*)C=Cc1ccccc1,181.0
O=C(Oc1ccc(cc1)*)Oc1ccc(cc1)C1(*)OC(=O)c2c1cccc2,252.5
O=C(Oc1ccc(cc1)N1C(=O)c2c(C1=O)ccc(c2)c1ccc2c(c1)C(=O)N(C2=O)*)CCCCCCCCCCCCCCCCCCCCC(=O)Oc1ccc(cc1)*,135.0
O=C(c1cc(sc1*)*)OCC(C(C(F)(F)F)(F)F)(F)F,129.0
O=C(c1ncn(c1*)C)NCC(CNC(=O)*)(C)C,152.0
O=C1C(*)C(C(=O)N1c1ccccc1C)*,335.0
O=C1N(*)C(=O)C2C1CCC1C2C(=O)N(C1=O)c1ccc(cc1C)Cc1ccc(c(c1)C)*,340.0
O=C1N(C(=O)c2c1cc(cc2)Oc1ccc2c(c1)C(=O)N(C2=O)*)c1c(C)cc(cc1C)C(c1cc(cc(c1)C(F)(F)F)C(F)(F)F)c1cc(C)c(c(c1)C)*,281.9
O=C1N(C(=O)c2c1cc(cc2)Oc1ccc2c(c1)C(=O)N(C2=O)*)c1c(C)cc(cc1C)C(c1cccc(c1)C(F)(F)F)c1cc(C)c(c(c1)C)*,264.1
O=C1N(C(=O)c2c1cc(cc2)Oc1ccc2c(c1)C(=O)N(C2=O)*)c1c(C)cc(cc1C)Cc1cc(C)c(c(c1)C)*,420.0
O=C1N(C(=O)c2c1cc(cc2)c1ccc2c(c1)C(=O)N(C2=O)*)c1c(C)cc(cc1C)C(c1cc(cc(c1)C(F)(F)F)C(F)(F)F)c1cc(C)c(c(c1)C)*,317.4
O=C1N(C(=O)c2c1cc(cc2)c1ccc2c(c1)C(=O)N(C2=O)*)c1c(C)cc(cc1C)C(c1cccc(c1)C(F)(F)F)c1cc(C)c(c(c1)C)*,312.9
O=C1N(C(=O)c2c1cc(cc2)c1ccc2c(c1)C(=O)N(C2=O)*)c1c(C)cc(cc1C)C(c1cccc2c1cccc2)c1cc(C)c(c(c1)C)*,315.0
O=C1N(C(=O)c2c1cc(cc2)c1ccc2c(c1)C(=O)N(C2=O)*)c1c(C)cc(cc1C)c1cc(C)c(c(c1)C)*,285.0
O=C1N(C(=O)c2c1cc(cc2)c1ccc2c(c1)C(=O)N(C2=O)*)c1ccc(cc1C)c1ccc(c(c1)C)*,300.0
O=C1N(c2cc(Br)c(c(c2)Br)O[Si](C(C)(C)C)(C)C)C(=O)C(C1*)*,164.0
O=C1N(c2cc(Br)c(c(c2)Br)O[Si](C)(C)C)C(=O)C(C1*)*,167.0
O=C1N(c2cc(Br)c(c(c2)Br)O[Si](c2ccccc2)(c2ccccc2)c2ccccc2)C(=O)C(C1*)*,179.0
O=C1c2cc(C(=O)*)c(cc2C(=O)N1c1cc(cc(c1)C(C)(C)C)N1C(=O)c2c(C1=O)cc(c(c2)*)Cl)Cl,290.0
O=C1c2cc(C(=O)*)c(cc2C(=O)N1c1cc(cc(c1)C(F)(F)F)N1C(=O)c2c(C1=O)cc(c(c2)*)Cl)Cl,305.0
O=C1c2cc(C(=O)*)c(cc2C(=O)N1c1cccc(c1)N1C(=O)c2c(C1=O)cc(c(c2)*)Cl)Cl,313.0
O=C1c2cc(ccc2C(=O)N1c1cc(ccc1Oc1ccc2c(c1c1c(ccc3c1cccc3)Oc1ccc(cc1*)C(F)(F)F)cccc2)C(F)(F)F)Oc1ccc2c(c1)C(=O)N(C2=O)*,270.0
O=C1c2cc(ccc2C(=O)N1c1cc2c(-c3c(S2(=O)=O)cc(c(c3)C)*)cc1C)c1ccc2c(c1)C(=O)N(C2=O)*,490.0
O=C1c2cc(ccc2C(=O)N1c1ccc(cc1C(C)(C)C)Cc1ccc(c(c1)C(C)(C)C)*)Oc1ccc2c(c1)C(=O)N(C2=O)*,216.0
O=C1c2cc(ccc2C(=O)N1c1ccc(cc1C(C)(C)C)Cc1ccc(c(c1)C(C)(C)C)*)S(=O)(=O)c1ccc2c(c1)C(=O)N(C2=O)*,336.0
O=C1c2cc(ccc2C(=O)N1c1ccc(cc1C(C)(C)C)Cc1ccc(c(c1)C(C)(C)C)*)Sc1ccc2c(c1)C(=O)N(C2=O)*,300.5
O=C1c2cc(ccc2C(=O)N1c1ccc(cc1C(C)(C)C)Cc1ccc(c(c1)C(C)(C)C)*)c1ccc2c(c1)C(=O)N(C2=O)*,324.0
O=C1c2cc(ccc2C(=O)N1c1ccc(cc1C(C)(C)C)c1ccc(c(c1)C(C)(C)C)*)c1ccc2c(c1)C(=O)N(C2=O)*,375.4
O=C1c2cc(ccc2C(=O)N1c1ccc(cc1C(F)(F)F)Oc1ccccc1c1ccccc1Oc1ccc(c(c1)C(F)(F)F)*)S(=O)(=O)c1ccc2c(c1)C(=O)N(C2=O)*,236.0
O=C1c2ccc(c3c2c(C(=O)N1c1ccc(cc1C(C)(C)C)Cc1ccc(c(c1)C(C)(C)C)*)ccc3)N1CCC(CC1)CCCC1CCN(CC1)c1ccc2c3c1cccc3C(=O)N(C2=O)*,202.7
O=C1c2ccc(cc2C(=O)N1c1c(C)cc(c(c1C)*)C)Oc1ccc(cc1)Oc1ccc2c(c1)C(=O)N(C2=O)*,345.0
O=C1c2ccc(cc2C(=O)N1c1c(C)cc(c(c1C)*)C)S(=O)(=O)c1ccc2c(c1)C(=O)N(C2=O)*,418.0
O=C1c2ccc(cc2C(=O)N1c1c(C)cc(c(c1C)*)C)Sc1ccc2c(c1)C(=O)N(C2=O)*,378.0
O=C1c2ccc(cc2C(=O)N1c1c(C)cc(c(c1C)*)C)c1ccc2c(c1)C(=O)N(C2=O)*,385.0
O=C1c2cccc(c2C(=O)N1c1c(C)cc(c(c1C)*)C)Oc1ccc(cc1)C(c1ccc(cc1)Oc1cccc2c1C(=O)N(C2=O)*)(C)C,265.0
O=C=NC(C1C(=O)OC(=O)C1*)(C*)C,100.0
O=COC(C(OC=O)C*)COC(=O)O*,54.3
O=Cc1cc(ccc1Oc1c(F)c(F)c(c(c1F)F)c1c(F)c(F)c(c(c1F)F)O*)Cc1ccc(c(c1)C=O)*,198.0
O=Cc1ccc(cc1)N=Nc1ccc(cc1)OC(=O)C(OC(=O)C(C*)(C)*)C,98.0
O=c1ccc2-c(c1)oc1c(c2*)ccc(c1)OC(=O)c1ccccc1*,250.0
OC(=O)c1cc(cc(c1)N1C(=O)c2c(C1=O)cc(c(c2)*)Cl)N1C(=O)c2c(C1=O)cc(c(c2)Cl)C(=O)*,368.0
OC(COc1ccc(cc1)*)COc1ccc(cc1)N1C(=O)c2c(C1=O)cc(cc2)Oc1ccc2c(c1)C(=O)N(C2=O)*,224.0
OCC(COC(=O)C(C*)(C)*)O,95.35
OCC1CCC(C(C1)*)O*,125.0
OCC1OC(NC(=O)CCCCCCCCCCCCCCOC(=O)C(C*)(C)*)C(C(C1OC1OC(CO)C(C(C1O)O)O)O)O,133.1
OCC1OC(O)C(C(C1O)O)NC(=O)C(C*)(C)*,100.0
OCCCCC(C(=O)*)O*,-50.8
OCCCCOCc1ccc(cc1)C(C*)*,20.0
OCCN(CC(C*)O)CC(COc1ccc(cc1)C(c1ccc(cc1)O*)(C)C)O,80.0
OCCN(S(=O)(=O)c1ccc(cc1)c1ccc(cc1)S(=O)(=O)N(CC(C*)O)CCO)CC(COc1ccc(cc1)C(c1ccc(cc1)O*)(C)C)O,76.0
OCCN(c1ccc(cc1)N=Nc1ccc(cc1)[N+](=O)[O-])CCCOC(=O)C(C*)(C)*,131.0
OCCNC(=O)C(C*)(O)*,157.0
OCCOC(=O)C(C*)(C)*,93.0
OCCOC(=O)C(C*)*,3.46
OCCOC(COC(=O)O*)C*,-35.7
OCCOCCOC(=O)C(C*)(C)*,30.25
OCCOCc1ccc(cc1)C(C*)*,46.0
OCCOc1c(Br)cc(cc1Br)S(=O)(=O)c1cc(Br)c(c(c1)Br)OCCOC(=O)NC(=O)C(C*)(C)*,110.0
OCCOc1cc(c(cc1[Si](C)(C)*)OCCO)[Si](O*)(C)C,73.0
OCCOc1ccc(cc1)C(c1ccc(cc1)OCCOC(=O)C(C*)*)(C)C,22.0
OCCOc1ccc(cc1)S(=O)(=O)c1ccc(cc1)OCCOC(=O)NC(=O)C(C*)(C)*,131.0
OCCc1cc(*)ccc1N*,73.0
OCOCC1OC(*)C(C(C1O*)O)O,208.0
Oc1cc(O)c(cc1n1c(=O)c2c(c1=O)cc1c(c2)c(=O)n(c1=O)*)*,362.0
Oc1cc(cc(c1)C(=O)Nc1ccc(cc1)*)C(=O)Nc1ccc(cc1)S(=O)(=O)*,345.0
Oc1cc(cc(c1)C(=O)Nc1cccc(c1)*)C(=O)Nc1cccc(c1)S(=O)(=O)*,286.0
Oc1ccc(cc1)C(c1cc(*)c(c(c1)*)O)(C)C,135.0
Oc1ccc(cc1n1c(=O)c2c(c1=O)cc1c(c2)c(=O)n(c1=O)*)C(C(F)(F)F)(C(F)(F)F)c1ccc(c(c1)*)O,350.0
S=C(Nc1ccc(cc1)N1C(=O)c2c(C1=O)cc(cc2)*)N=Cc1ccc(c(c1)N1C(=O)c2c(C1=O)cc(cc2)C(=O)*)Cl,274.0
S=C(Nc1ccc(cc1)N1C(=O)c2c(C1=O)cc(cc2)*)N=Cc1ccc(c(c1)N1C(=O)c2c(C1=O)cc(cc2)C(C(F)(F)F)(C(F)(F)F)*)Cl,272.0
S=C(Nc1ccc(cc1)NC(=S)N=Cc1ccc(c(c1)*)Cl)N=Cc1ccc(c(c1)N1C(=O)c2c(C1=O)cc(cc2)Oc1ccc2c(c1)C(=O)N(C2=O)*)Cl,285.0
S=C(Nc1ccc(cc1)NC(=S)N=Cc1ccc(c(c1)N1C(=O)c2c(C1=O)cc(cc2)*)Cl)N=Cc1ccc(c(c1)N1C(=O)c2c(C1=O)cc(cc2)C(=O)*)Cl,283.0
S=C(Nc1ccc(cc1)NC(=S)N=Cc1ccc(c(c1)N1C(=O)c2c(C1=O)cc(cc2)*)Cl)N=Cc1ccc(c(c1)N1C(=O)c2c(C1=O)cc(cc2)C(C(F)(F)F)(C(F)(F)F)*)Cl,281.0
S=C(Nc1ccc(cc1)n1c(=O)c2c(c1=O)cc1c(c2)c(=O)n(c1=O)*)N=Cc1ccc(c(c1)*)Cl,276.0
[2H]C(=C(C(C([2H])([2H])*)([2H])*)[2H])[2H],1.0
[2H]C(OC(=O)C(C*)*)([2H])[2H],22.48
[2H]C(OC(=O)OC(C*)*)([2H])[2H],55.0
[2H]c1c([2H])c([2H])c(c(c1[2H])[2H])C(C([2H])([2H])*)([2H])*,97.0
[K]OC(=O)CCC(=O)NCCCOc1cc(OCCCNC(=O)CCC(=O)O[K])cc(c1)C(=O)NCCCOc1cc(OCCCNC(=O)c2cc(OCCCNC(=O)CCC(=O)O[K])cc(c2)OCCCNC(=O)CCC(=O)O[K])cc(c1)COC(=O)C(C*)(C)*,125.0
[N-]([N+]#N)CC(=O)OC(C*)*,21.75
[Na]OS(=O)(=O)c1cc(*)ccc1n1c(=O)c2c(c1=O)cc1c(c2)c(=O)n(c1=O)*,227.0
[Na]OS(=O)(=O)c1cc(ccc1C=Cc1ccc(cc1S(=O)(=O)O[Na])*)n1c(=O)c2c(c1=O)cc1c(c2)c(=O)n(c1=O)*,228.0
[Na]OS(=O)(=O)c1cc(ccc1C=Cc1ccc(cc1S(=O)(=O)O[Na])N1C(=O)c2c(C1=O)cc(cc2)*)N1C(=O)c2c(C1=O)cc(cc2)C(=O)*,229.0
[Na]OS(=O)(=O)c1cc(ccc1N1C(=O)c2c(C1=O)cc(cc2)*)N1C(=O)c2c(C1=O)cc(cc2)C(=O)*,214.0
[O-][N+](=O)OC(C*)*,33.0
[O-][N+](=O)OCCOC(=O)C(C*)(C)*,55.0
c1(ccc2c(c1)C(=O)N(C2=O)c1cccc(Oc2ccc(N3C(=O)c4c(ccc(c4)C(=O)Nc4ccc(cc4)Oc4ccc(c5ccc(Oc6ccc(cc6)NC(=O)*)cc5)cc4)C3=O)cc2)c1)*,262.0
c1(ccc2c(c1)C(=O)N(C2=O)c1cccc(Oc2ccc(N3C(=O)c4c(ccc(c4)C(=O)Nc4ccc(cc4)Oc4ccccc4c4ccccc4Oc4ccc(cc4)NC(=O)*)C3=O)cc2)c1)*,239.0
